Source,Location ID,Latitude,Longitude,Time Zone,Elevation,DNI Units,DHI Units,GHI Units,Temperature Units
NASA Power,34149,-33.5265,149.1588,10,606,w/m2,w/m2,w/m2,c
Year,Month,Day,Hour,Minute,DNI,DHI,GHI,Dew Point,Temperature,Pressure,Wind Direction,Wind Speed,Surface Albedo
2022,1,1,0,0,0.0,0.0,0.0,0,15.18,0,0,3.49,0
2022,1,1,1,0,0.0,0.0,0.0,0,14.53,0,0,3.32,0
2022,1,1,2,0,0.0,0.0,0.0,0,14.05,0,0,3.28,0
2022,1,1,3,0,0.0,0.0,0.0,0,13.82,0,0,3.27,0
2022,1,1,4,0,0.0,0.0,0.0,0,13.64,0,0,3.17,0
2022,1,1,5,0,168.21,43.14,57.62,0,14.1,0,0,2.99,0
2022,1,1,6,0,478.47,109.5,254.38,0,15.86,0,0,3.51,0
2022,1,1,7,0,704.25,177.79,461.75,0,18.52,0,0,3.11,0
2022,1,1,8,0,682.33,226.91,657.97,0,21.33,0,0,2.25,0
2022,1,1,9,0,737.74,229.19,826.2,0,23.78,0,0,1.21,0
2022,1,1,10,0,534.24,246.31,865.92,0,25.62,0,0,0.24,0
2022,1,1,11,0,483.69,422.57,969.88,0,26.91,0,0,0.47,0
2022,1,1,12,0,551.39,341.59,964.97,0,27.71,0,0,0.69,0
2022,1,1,13,0,564.06,324.93,890.88,0,28.02,0,0,0.78,0
2022,1,1,14,0,665.53,237.41,793.75,0,27.97,0,0,0.86,0
2022,1,1,15,0,548.0,219.07,620.47,0,27.76,0,0,0.82,0
2022,1,1,16,0,628.17,118.49,420.33,0,27.04,0,0,0.65,0
2022,1,1,17,0,485.72,81.29,243.15,0,25.83,0,0,0.6,0
2022,1,1,18,0,247.1,39.31,79.75,0,24.08,0,0,1.37,0
2022,1,1,19,0,0.0,0.0,0.0,0,22.2,0,0,2.4,0
2022,1,1,20,0,0.0,0.0,0.0,0,20.59,0,0,3.57,0
2022,1,1,21,0,0.0,0.0,0.0,0,19.6,0,0,4.28,0
2022,1,1,22,0,0.0,0.0,0.0,0,18.86,0,0,4.21,0
2022,1,1,23,0,0.0,0.0,0.0,0,18.07,0,0,3.57,0
2022,1,2,0,0,0.0,0.0,0.0,0,17.17,0,0,3.41,0
2022,1,2,1,0,0.0,0.0,0.0,0,16.46,0,0,3.11,0
2022,1,2,2,0,0.0,0.0,0.0,0,15.85,0,0,2.81,0
2022,1,2,3,0,0.0,0.0,0.0,0,15.41,0,0,2.47,0
2022,1,2,4,0,0.0,0.0,0.0,0,14.98,0,0,2.17,0
2022,1,2,5,0,260.33,27.38,61.8,0,15.21,0,0,1.86,0
2022,1,2,6,0,681.19,57.21,267.1,0,17.54,0,0,1.03,0
2022,1,2,7,0,847.7,70.0,492.7,0,21.19,0,0,1.71,0
2022,1,2,8,0,935.91,73.21,706.47,0,24.38,0,0,1.91,0
2022,1,2,9,0,976.58,78.76,885.67,0,26.44,0,0,1.98,0
2022,1,2,10,0,958.6,109.88,1013.15,0,27.88,0,0,2.25,0
2022,1,2,11,0,857.17,166.38,1064.47,0,28.77,0,0,2.57,0
2022,1,2,12,0,623.15,307.15,1020.05,0,29.0,0,0,2.82,0
2022,1,2,13,0,714.88,248.3,955.72,0,28.95,0,0,3.01,0
2022,1,2,14,0,808.86,128.92,785.15,0,29.13,0,0,3.05,0
2022,1,2,15,0,703.36,169.84,672.65,0,29.07,0,0,2.95,0
2022,1,2,16,0,739.29,93.19,456.73,0,28.58,0,0,2.68,0
2022,1,2,17,0,416.53,90.41,251.0,0,27.5,0,0,1.97,0
2022,1,2,18,0,239.9,44.25,75.57,0,25.26,0,0,1.98,0
2022,1,2,19,0,0.0,0.0,0.0,0,22.69,0,0,3.15,0
2022,1,2,20,0,0.0,0.0,0.0,0,20.93,0,0,4.02,0
2022,1,2,21,0,0.0,0.0,0.0,0,20.02,0,0,4.07,0
2022,1,2,22,0,0.0,0.0,0.0,0,19.1,0,0,3.64,0
2022,1,2,23,0,0.0,0.0,0.0,0,18.27,0,0,3.36,0
2022,1,3,0,0,0.0,0.0,0.0,0,17.54,0,0,3.26,0
2022,1,3,1,0,0.0,0.0,0.0,0,16.99,0,0,3.05,0
2022,1,3,2,0,0.0,0.0,0.0,0,16.59,0,0,2.91,0
2022,1,3,3,0,0.0,0.0,0.0,0,16.32,0,0,2.86,0
2022,1,3,4,0,0.0,0.0,0.0,0,15.98,0,0,2.88,0
2022,1,3,5,0,243.38,24.46,54.15,0,16.08,0,0,2.78,0
2022,1,3,6,0,567.37,75.65,252.52,0,17.45,0,0,2.52,0
2022,1,3,7,0,816.5,78.46,479.92,0,19.9,0,0,2.13,0
2022,1,3,8,0,944.57,66.89,700.72,0,22.96,0,0,1.31,0
2022,1,3,9,0,981.1,74.22,878.67,0,25.63,0,0,1.98,0
2022,1,3,10,0,1004.41,74.81,1007.38,0,27.11,0,0,2.61,0
2022,1,3,11,0,775.42,229.34,1049.62,0,27.99,0,0,3.05,0
2022,1,3,12,0,712.38,260.6,1042.88,0,28.63,0,0,3.32,0
2022,1,3,13,0,870.54,179.36,972.6,0,28.99,0,0,3.6,0
2022,1,3,14,0,792.75,218.82,884.33,0,28.86,0,0,3.83,0
2022,1,3,15,0,741.1,170.33,704.08,0,28.46,0,0,4.01,0
2022,1,3,16,0,868.41,69.66,528.1,0,27.53,0,0,4.27,0
2022,1,3,17,0,728.54,58.42,301.58,0,26.15,0,0,4.62,0
2022,1,3,18,0,403.45,32.53,97.22,0,24.01,0,0,4.82,0
2022,1,3,19,0,0.0,0.0,0.0,0,21.42,0,0,5.25,0
2022,1,3,20,0,0.0,0.0,0.0,0,19.63,0,0,5.23,0
2022,1,3,21,0,0.0,0.0,0.0,0,18.0,0,0,5.0,0
2022,1,3,22,0,0.0,0.0,0.0,0,16.69,0,0,4.72,0
2022,1,3,23,0,0.0,0.0,0.0,0,15.71,0,0,4.6,0
2022,1,4,0,0,0.0,0.0,0.0,0,15.0,0,0,4.51,0
2022,1,4,1,0,0.0,0.0,0.0,0,14.52,0,0,4.33,0
2022,1,4,2,0,0.0,0.0,0.0,0,14.16,0,0,4.25,0
2022,1,4,3,0,0.0,0.0,0.0,0,13.92,0,0,4.45,0
2022,1,4,4,0,0.0,0.0,0.0,0,13.74,0,0,4.58,0
2022,1,4,5,0,329.52,22.61,61.12,0,14.21,0,0,4.16,0
2022,1,4,6,0,723.93,48.61,263.15,0,16.09,0,0,4.05,0
2022,1,4,7,0,836.31,63.4,479.6,0,18.87,0,0,4.19,0
2022,1,4,8,0,911.41,70.11,674.15,0,21.76,0,0,3.78,0
2022,1,4,9,0,704.54,184.95,791.6,0,24.39,0,0,2.94,0
2022,1,4,10,0,959.83,120.08,1009.08,0,26.54,0,0,2.32,0
2022,1,4,11,0,960.06,118.17,1080.15,0,27.99,0,0,2.04,0
2022,1,4,12,0,962.19,117.38,1083.95,0,28.96,0,0,1.94,0
2022,1,4,13,0,972.91,88.83,1024.22,0,29.37,0,0,1.99,0
2022,1,4,14,0,866.15,141.16,897.83,0,29.15,0,0,2.14,0
2022,1,4,15,0,896.92,100.92,734.47,0,28.38,0,0,2.56,0
2022,1,4,16,0,869.73,68.74,528.2,0,27.27,0,0,3.37,0
2022,1,4,17,0,720.75,57.63,308.55,0,26.0,0,0,4.32,0
2022,1,4,18,0,399.78,32.34,102.03,0,24.11,0,0,4.75,0
2022,1,4,19,0,0.0,0.0,0.0,0,21.9,0,0,5.29,0
2022,1,4,20,0,0.0,0.0,0.0,0,20.04,0,0,5.67,0
2022,1,4,21,0,0.0,0.0,0.0,0,18.4,0,0,4.98,0
2022,1,4,22,0,0.0,0.0,0.0,0,17.28,0,0,4.72,0
2022,1,4,23,0,0.0,0.0,0.0,0,16.43,0,0,4.75,0
2022,1,5,0,0,0.0,0.0,0.0,0,15.66,0,0,4.57,0
2022,1,5,1,0,0.0,0.0,0.0,0,15.0,0,0,4.34,0
2022,1,5,2,0,0.0,0.0,0.0,0,14.59,0,0,4.43,0
2022,1,5,3,0,0.0,0.0,0.0,0,14.42,0,0,4.54,0
2022,1,5,4,0,0.0,0.0,0.0,0,14.36,0,0,4.68,0
2022,1,5,5,0,211.27,28.91,53.83,0,15.03,0,0,4.62,0
2022,1,5,6,0,468.08,93.99,242.15,0,16.79,0,0,5.43,0
2022,1,5,7,0,626.25,142.78,451.83,0,19.16,0,0,5.74,0
2022,1,5,8,0,672.21,194.29,650.4,0,21.67,0,0,5.55,0
2022,1,5,9,0,533.02,311.8,807.88,0,23.9,0,0,5.17,0
2022,1,5,10,0,668.56,254.32,911.58,0,25.73,0,0,4.69,0
2022,1,5,11,0,617.86,215.15,792.05,0,27.06,0,0,4.35,0
2022,1,5,12,0,288.71,463.68,883.62,0,27.86,0,0,4.17,0
2022,1,5,13,0,331.75,380.84,798.88,0,28.14,0,0,4.07,0
2022,1,5,14,0,262.86,316.82,576.05,0,27.9,0,0,4.11,0
2022,1,5,15,0,700.9,147.7,567.9,0,27.24,0,0,4.29,0
2022,1,5,16,0,484.55,181.68,432.83,0,26.18,0,0,4.62,0
2022,1,5,17,0,335.29,113.25,243.12,0,24.72,0,0,5.01,0
2022,1,5,18,0,158.03,49.58,80.4,0,22.79,0,0,4.87,0
2022,1,5,19,0,0.0,0.0,0.0,0,20.92,0,0,5.13,0
2022,1,5,20,0,0.0,0.0,0.0,0,19.67,0,0,5.69,0
2022,1,5,21,0,0.0,0.0,0.0,0,18.79,0,0,5.77,0
2022,1,5,22,0,0.0,0.0,0.0,0,18.26,0,0,5.85,0
2022,1,5,23,0,0.0,0.0,0.0,0,17.98,0,0,6.1,0
2022,1,6,0,0,0.0,0.0,0.0,0,17.75,0,0,6.3,0
2022,1,6,1,0,0.0,0.0,0.0,0,17.51,0,0,6.32,0
2022,1,6,2,0,0.0,0.0,0.0,0,17.3,0,0,6.25,0
2022,1,6,3,0,0.0,0.0,0.0,0,17.14,0,0,6.16,0
2022,1,6,4,0,0.0,0.0,0.0,0,17.01,0,0,6.1,0
2022,1,6,5,0,119.13,26.73,40.72,0,17.2,0,0,5.99,0
2022,1,6,6,0,398.41,75.64,207.15,0,18.21,0,0,6.16,0
2022,1,6,7,0,680.71,93.13,398.35,0,20.06,0,0,6.96,0
2022,1,6,8,0,687.69,173.57,617.33,0,22.31,0,0,6.94,0
2022,1,6,9,0,523.48,290.65,667.17,0,24.3,0,0,6.49,0
2022,1,6,10,0,573.27,300.8,932.62,0,25.87,0,0,5.96,0
2022,1,6,11,0,631.34,296.56,995.15,0,27.15,0,0,5.43,0
2022,1,6,12,0,635.15,307.78,1011.25,0,28.07,0,0,4.85,0
2022,1,6,13,0,705.52,251.95,966.35,0,28.45,0,0,4.62,0
2022,1,6,14,0,674.64,233.02,856.3,0,28.0,0,0,4.68,0
2022,1,6,15,0,659.5,207.08,680.1,0,27.23,0,0,4.86,0
2022,1,6,16,0,573.74,99.5,421.9,0,26.08,0,0,5.16,0
2022,1,6,17,0,343.71,113.35,242.0,0,24.65,0,0,5.5,0
2022,1,6,18,0,176.36,55.77,76.12,0,22.83,0,0,5.78,0
2022,1,6,19,0,0.0,0.0,0.0,0,20.9,0,0,6.43,0
2022,1,6,20,0,0.0,0.0,0.0,0,19.54,0,0,6.91,0
2022,1,6,21,0,0.0,0.0,0.0,0,18.64,0,0,7.21,0
2022,1,6,22,0,0.0,0.0,0.0,0,18.09,0,0,7.06,0
2022,1,6,23,0,0.0,0.0,0.0,0,17.78,0,0,6.6,0
2022,1,7,0,0,0.0,0.0,0.0,0,17.6,0,0,6.29,0
2022,1,7,1,0,0.0,0.0,0.0,0,17.52,0,0,6.04,0
2022,1,7,2,0,0.0,0.0,0.0,0,17.53,0,0,5.66,0
2022,1,7,3,0,0.0,0.0,0.0,0,17.52,0,0,5.3,0
2022,1,7,4,0,0.0,0.0,0.0,0,17.53,0,0,5.11,0
2022,1,7,5,0,10.45,18.56,17.83,0,17.7,0,0,4.85,0
2022,1,7,6,0,34.39,68.72,95.6,0,18.25,0,0,4.54,0
2022,1,7,7,0,47.76,163.46,196.65,0,19.04,0,0,4.87,0
2022,1,7,8,0,273.13,207.43,342.02,0,20.09,0,0,5.67,0
2022,1,7,9,0,350.69,334.11,575.78,0,21.18,0,0,6.15,0
2022,1,7,10,0,459.1,366.82,802.38,0,22.08,0,0,6.28,0
2022,1,7,11,0,216.31,533.11,852.22,0,22.35,0,0,6.0,0
2022,1,7,12,0,396.45,380.69,852.12,0,22.9,0,0,5.83,0
2022,1,7,13,0,294.0,425.13,808.78,0,23.85,0,0,5.69,0
2022,1,7,14,0,596.18,166.68,559.7,0,24.97,0,0,5.53,0
2022,1,7,15,0,478.18,262.55,562.78,0,25.36,0,0,5.18,0
2022,1,7,16,0,394.55,164.42,365.1,0,24.88,0,0,4.1,0
2022,1,7,17,0,212.22,120.73,190.05,0,23.92,0,0,3.32,0
2022,1,7,18,0,53.74,50.2,59.1,0,22.64,0,0,3.82,0
2022,1,7,19,0,0.0,0.0,0.0,0,21.52,0,0,4.99,0
2022,1,7,20,0,0.0,0.0,0.0,0,21.03,0,0,5.37,0
2022,1,7,21,0,0.0,0.0,0.0,0,20.5,0,0,5.21,0
2022,1,7,22,0,0.0,0.0,0.0,0,20.16,0,0,4.66,0
2022,1,7,23,0,0.0,0.0,0.0,0,19.95,0,0,3.62,0
2022,1,8,0,0,0.0,0.0,0.0,0,19.74,0,0,1.78,0
2022,1,8,1,0,0.0,0.0,0.0,0,19.33,0,0,1.5,0
2022,1,8,2,0,0.0,0.0,0.0,0,18.15,0,0,2.37,0
2022,1,8,3,0,0.0,0.0,0.0,0,16.8,0,0,2.44,0
2022,1,8,4,0,0.0,0.0,0.0,0,15.81,0,0,1.61,0
2022,1,8,5,0,16.88,26.15,27.6,0,15.57,0,0,1.86,0
2022,1,8,6,0,85.67,96.15,151.25,0,15.99,0,0,1.57,0
2022,1,8,7,0,157.41,221.51,308.75,0,17.47,0,0,1.03,0
2022,1,8,8,0,225.37,263.22,449.25,0,19.45,0,0,0.42,0
2022,1,8,9,0,389.72,277.03,618.67,0,20.61,0,0,1.54,0
2022,1,8,10,0,514.9,287.04,665.55,0,21.26,0,0,2.21,0
2022,1,8,11,0,319.75,337.33,745.53,0,21.45,0,0,2.36,0
2022,1,8,12,0,430.24,416.87,852.83,0,21.3,0,0,2.1,0
2022,1,8,13,0,619.36,246.95,851.2,0,20.85,0,0,1.67,0
2022,1,8,14,0,579.55,217.57,759.1,0,20.64,0,0,1.1,0
2022,1,8,15,0,545.85,225.19,624.42,0,20.61,0,0,0.73,0
2022,1,8,16,0,539.57,129.17,442.42,0,20.5,0,0,1.0,0
2022,1,8,17,0,422.63,110.6,234.15,0,20.21,0,0,1.33,0
2022,1,8,18,0,154.45,42.48,71.68,0,19.51,0,0,1.87,0
2022,1,8,19,0,0.0,0.0,0.0,0,18.5,0,0,2.75,0
2022,1,8,20,0,0.0,0.0,0.0,0,17.88,0,0,3.49,0
2022,1,8,21,0,0.0,0.0,0.0,0,17.59,0,0,3.9,0
2022,1,8,22,0,0.0,0.0,0.0,0,17.39,0,0,3.55,0
2022,1,8,23,0,0.0,0.0,0.0,0,17.3,0,0,3.23,0
2022,1,9,0,0,0.0,0.0,0.0,0,17.27,0,0,2.82,0
2022,1,9,1,0,0.0,0.0,0.0,0,16.8,0,0,3.28,0
2022,1,9,2,0,0.0,0.0,0.0,0,16.45,0,0,3.73,0
2022,1,9,3,0,0.0,0.0,0.0,0,16.25,0,0,3.06,0
2022,1,9,4,0,0.0,0.0,0.0,0,16.07,0,0,2.39,0
2022,1,9,5,0,80.25,26.45,31.33,0,16.11,0,0,2.29,0
2022,1,9,6,0,309.55,65.67,157.85,0,16.37,0,0,2.56,0
2022,1,9,7,0,340.33,142.28,303.52,0,16.9,0,0,3.09,0
2022,1,9,8,0,205.14,233.82,420.33,0,18.01,0,0,2.81,0
2022,1,9,9,0,153.6,302.17,467.42,0,20.07,0,0,2.25,0
2022,1,9,10,0,163.24,422.38,617.88,0,22.46,0,0,1.35,0
2022,1,9,11,0,265.96,339.3,652.25,0,24.7,0,0,1.17,0
2022,1,9,12,0,196.69,363.33,663.83,0,25.85,0,0,1.45,0
2022,1,9,13,0,274.87,373.62,722.65,0,26.33,0,0,1.15,0
2022,1,9,14,0,657.36,157.44,560.58,0,26.5,0,0,0.6,0
2022,1,9,15,0,341.92,259.56,540.53,0,25.83,0,0,1.08,0
2022,1,9,16,0,389.49,151.13,365.65,0,24.94,0,0,2.02,0
2022,1,9,17,0,260.37,122.21,193.77,0,23.76,0,0,2.85,0
2022,1,9,18,0,94.36,45.86,59.85,0,22.18,0,0,3.55,0
2022,1,9,19,0,0.0,0.0,0.0,0,20.66,0,0,4.13,0
2022,1,9,20,0,0.0,0.0,0.0,0,19.76,0,0,4.39,0
2022,1,9,21,0,0.0,0.0,0.0,0,18.93,0,0,4.08,0
2022,1,9,22,0,0.0,0.0,0.0,0,18.25,0,0,4.12,0
2022,1,9,23,0,0.0,0.0,0.0,0,17.85,0,0,4.21,0
2022,1,10,0,0,0.0,0.0,0.0,0,17.57,0,0,4.32,0
2022,1,10,1,0,0.0,0.0,0.0,0,17.35,0,0,4.37,0
2022,1,10,2,0,0.0,0.0,0.0,0,17.17,0,0,4.43,0
2022,1,10,3,0,0.0,0.0,0.0,0,16.97,0,0,4.22,0
2022,1,10,4,0,0.0,0.0,0.0,0,16.81,0,0,4.17,0
2022,1,10,5,0,103.38,27.12,33.88,0,17.08,0,0,3.91,0
2022,1,10,6,0,299.12,68.0,158.02,0,18.11,0,0,3.59,0
2022,1,10,7,0,305.78,162.02,298.17,0,20.01,0,0,3.71,0
2022,1,10,8,0,289.12,206.3,448.33,0,22.7,0,0,3.03,0
2022,1,10,9,0,322.89,263.78,537.28,0,24.81,0,0,1.98,0
2022,1,10,10,0,424.39,287.32,685.8,0,26.6,0,0,0.98,0
2022,1,10,11,0,473.83,371.71,886.05,0,27.9,0,0,1.0,0
2022,1,10,12,0,498.47,364.31,910.67,0,28.16,0,0,1.57,0
2022,1,10,13,0,364.77,389.35,861.1,0,28.12,0,0,1.5,0
2022,1,10,14,0,476.78,303.13,680.8,0,27.95,0,0,1.23,0
2022,1,10,15,0,484.97,282.13,630.8,0,27.53,0,0,1.07,0
2022,1,10,16,0,567.33,142.17,437.62,0,26.77,0,0,1.27,0
2022,1,10,17,0,488.7,108.02,237.38,0,25.8,0,0,1.77,0
2022,1,10,18,0,134.3,44.17,74.95,0,24.18,0,0,2.57,0
2022,1,10,19,0,0.0,0.0,0.0,0,22.03,0,0,3.74,0
2022,1,10,20,0,0.0,0.0,0.0,0,21.16,0,0,4.04,0
2022,1,10,21,0,0.0,0.0,0.0,0,20.57,0,0,3.6,0
2022,1,10,22,0,0.0,0.0,0.0,0,19.95,0,0,3.63,0
2022,1,10,23,0,0.0,0.0,0.0,0,19.45,0,0,3.64,0
2022,1,11,0,0,0.0,0.0,0.0,0,19.03,0,0,3.69,0
2022,1,11,1,0,0.0,0.0,0.0,0,18.59,0,0,3.49,0
2022,1,11,2,0,0.0,0.0,0.0,0,18.09,0,0,3.52,0
2022,1,11,3,0,0.0,0.0,0.0,0,17.71,0,0,3.38,0
2022,1,11,4,0,0.0,0.0,0.0,0,17.39,0,0,3.28,0
2022,1,11,5,0,84.93,23.28,29.85,0,17.55,0,0,3.31,0
2022,1,11,6,0,292.46,77.34,146.55,0,18.84,0,0,3.48,0
2022,1,11,7,0,186.14,174.82,276.67,0,20.93,0,0,3.13,0
2022,1,11,8,0,115.63,331.23,432.9,0,23.23,0,0,2.31,0
2022,1,11,9,0,43.21,386.63,487.58,0,25.22,0,0,1.31,0
2022,1,11,10,0,74.93,351.62,490.85,0,26.15,0,0,0.95,0
2022,1,11,11,0,0.59,149.61,197.9,0,26.43,0,0,0.99,0
2022,1,11,12,0,0.0,226.1,296.25,0,26.38,0,0,1.15,0
2022,1,11,13,0,0.0,146.05,177.45,0,26.64,0,0,1.35,0
2022,1,11,14,0,0.0,252.8,323.8,0,26.94,0,0,1.3,0
2022,1,11,15,0,34.14,337.88,423.02,0,26.58,0,0,1.23,0
2022,1,11,16,0,147.45,234.55,348.52,0,25.62,0,0,1.03,0
2022,1,11,17,0,167.62,155.36,206.9,0,24.44,0,0,0.78,0
2022,1,11,18,0,136.76,47.46,74.62,0,23.24,0,0,1.31,0
2022,1,11,19,0,0.0,0.0,0.0,0,22.07,0,0,1.63,0
2022,1,11,20,0,0.0,0.0,0.0,0,21.23,0,0,2.14,0
2022,1,11,21,0,0.0,0.0,0.0,0,20.5,0,0,2.53,0
2022,1,11,22,0,0.0,0.0,0.0,0,19.91,0,0,2.58,0
2022,1,11,23,0,0.0,0.0,0.0,0,19.52,0,0,2.44,0
2022,1,12,0,0,0.0,0.0,0.0,0,19.16,0,0,2.46,0
2022,1,12,1,0,0.0,0.0,0.0,0,18.8,0,0,2.29,0
2022,1,12,2,0,0.0,0.0,0.0,0,18.44,0,0,2.2,0
2022,1,12,3,0,0.0,0.0,0.0,0,18.06,0,0,2.3,0
2022,1,12,4,0,0.0,0.0,0.0,0,17.64,0,0,2.9,0
2022,1,12,5,0,17.86,30.09,30.83,0,17.41,0,0,3.5,0
2022,1,12,6,0,260.05,126.31,180.0,0,17.58,0,0,4.18,0
2022,1,12,7,0,415.6,146.87,349.88,0,18.44,0,0,4.49,0
2022,1,12,8,0,421.88,224.58,553.17,0,19.99,0,0,4.2,0
2022,1,12,9,0,480.18,307.28,720.05,0,21.53,0,0,3.63,0
2022,1,12,10,0,614.02,194.93,718.55,0,23.02,0,0,3.06,0
2022,1,12,11,0,477.63,319.73,873.45,0,24.23,0,0,2.65,0
2022,1,12,12,0,425.64,337.43,904.55,0,25.12,0,0,2.43,0
2022,1,12,13,0,380.06,430.47,897.6,0,25.56,0,0,2.32,0
2022,1,12,14,0,524.11,248.29,771.95,0,25.64,0,0,2.4,0
2022,1,12,15,0,547.07,251.54,651.33,0,25.18,0,0,2.66,0
2022,1,12,16,0,464.81,193.5,449.52,0,24.04,0,0,3.14,0
2022,1,12,17,0,462.19,104.5,255.32,0,22.66,0,0,3.45,0
2022,1,12,18,0,180.13,52.05,82.47,0,21.02,0,0,3.67,0
2022,1,12,19,0,0.0,0.0,0.0,0,19.45,0,0,4.27,0
2022,1,12,20,0,0.0,0.0,0.0,0,18.31,0,0,4.88,0
2022,1,12,21,0,0.0,0.0,0.0,0,17.3,0,0,5.06,0
2022,1,12,22,0,0.0,0.0,0.0,0,16.47,0,0,5.0,0
2022,1,12,23,0,0.0,0.0,0.0,0,15.81,0,0,4.84,0
2022,1,13,0,0,0.0,0.0,0.0,0,15.32,0,0,4.58,0
2022,1,13,1,0,0.0,0.0,0.0,0,14.94,0,0,4.33,0
2022,1,13,2,0,0.0,0.0,0.0,0,14.65,0,0,3.95,0
2022,1,13,3,0,0.0,0.0,0.0,0,14.42,0,0,3.79,0
2022,1,13,4,0,0.0,0.0,0.0,0,14.27,0,0,3.59,0
2022,1,13,5,0,64.04,27.72,30.48,0,14.52,0,0,3.35,0
2022,1,13,6,0,260.86,99.57,176.65,0,15.79,0,0,3.35,0
2022,1,13,7,0,427.49,147.53,344.45,0,18.03,0,0,4.19,0
2022,1,13,8,0,560.75,187.82,561.03,0,20.34,0,0,3.83,0
2022,1,13,9,0,521.06,247.88,696.05,0,22.2,0,0,3.01,0
2022,1,13,10,0,527.6,256.92,842.88,0,23.7,0,0,2.39,0
2022,1,13,11,0,364.35,436.17,924.4,0,24.74,0,0,2.11,0
2022,1,13,12,0,493.99,400.49,957.75,0,25.3,0,0,2.09,0
2022,1,13,13,0,675.46,186.49,797.17,0,25.55,0,0,2.07,0
2022,1,13,14,0,544.11,302.66,779.17,0,25.58,0,0,2.12,0
2022,1,13,15,0,448.31,272.27,596.45,0,25.16,0,0,2.57,0
2022,1,13,16,0,493.03,172.03,414.7,0,24.15,0,0,3.4,0
2022,1,13,17,0,311.68,140.3,226.3,0,22.77,0,0,2.77,0
2022,1,13,18,0,181.41,56.81,74.28,0,21.22,0,0,2.46,0
2022,1,13,19,0,0.0,0.0,0.0,0,19.89,0,0,3.19,0
2022,1,13,20,0,0.0,0.0,0.0,0,19.22,0,0,3.73,0
2022,1,13,21,0,0.0,0.0,0.0,0,18.51,0,0,4.36,0
2022,1,13,22,0,0.0,0.0,0.0,0,17.64,0,0,4.48,0
2022,1,13,23,0,0.0,0.0,0.0,0,17.19,0,0,4.23,0
2022,1,14,0,0,0.0,0.0,0.0,0,16.84,0,0,3.85,0
2022,1,14,1,0,0.0,0.0,0.0,0,16.54,0,0,3.68,0
2022,1,14,2,0,0.0,0.0,0.0,0,16.3,0,0,3.68,0
2022,1,14,3,0,0.0,0.0,0.0,0,16.11,0,0,3.9,0
2022,1,14,4,0,0.0,0.0,0.0,0,15.99,0,0,4.18,0
2022,1,14,5,0,3.6,20.36,19.58,0,16.03,0,0,4.26,0
2022,1,14,6,0,55.09,100.81,123.55,0,16.72,0,0,4.06,0
2022,1,14,7,0,86.39,199.54,245.9,0,18.54,0,0,4.47,0
2022,1,14,8,0,353.84,212.14,350.02,0,20.89,0,0,4.5,0
2022,1,14,9,0,222.91,342.6,495.23,0,22.79,0,0,4.79,0
2022,1,14,10,0,165.91,363.79,548.28,0,23.9,0,0,4.79,0
2022,1,14,11,0,109.77,459.01,634.8,0,24.96,0,0,4.54,0
2022,1,14,12,0,46.3,513.2,685.45,0,25.68,0,0,4.26,0
2022,1,14,13,0,157.4,517.4,738.78,0,25.5,0,0,4.11,0
2022,1,14,14,0,477.58,312.1,610.17,0,25.04,0,0,3.77,0
2022,1,14,15,0,472.4,261.46,593.9,0,24.39,0,0,3.37,0
2022,1,14,16,0,504.09,160.26,441.98,0,23.7,0,0,2.83,0
2022,1,14,17,0,397.71,123.62,251.6,0,22.78,0,0,2.83,0
2022,1,14,18,0,114.71,51.73,80.05,0,21.56,0,0,3.41,0
2022,1,14,19,0,0.0,0.0,0.0,0,20.57,0,0,4.12,0
2022,1,14,20,0,0.0,0.0,0.0,0,20.07,0,0,4.23,0
2022,1,14,21,0,0.0,0.0,0.0,0,19.41,0,0,3.85,0
2022,1,14,22,0,0.0,0.0,0.0,0,19.0,0,0,3.92,0
2022,1,14,23,0,0.0,0.0,0.0,0,18.76,0,0,4.43,0
2022,1,15,0,0,0.0,0.0,0.0,0,18.58,0,0,4.82,0
2022,1,15,1,0,0.0,0.0,0.0,0,18.25,0,0,4.82,0
2022,1,15,2,0,0.0,0.0,0.0,0,18.31,0,0,5.46,0
2022,1,15,3,0,0.0,0.0,0.0,0,18.49,0,0,5.37,0
2022,1,15,4,0,0.0,0.0,0.0,0,18.33,0,0,4.92,0
2022,1,15,5,0,25.6,20.43,17.88,0,18.37,0,0,4.62,0
2022,1,15,6,0,42.0,81.99,105.45,0,19.79,0,0,4.16,0
2022,1,15,7,0,122.68,165.76,216.12,0,21.33,0,0,5.37,0
2022,1,15,8,0,153.75,149.61,249.75,0,22.08,0,0,6.03,0
2022,1,15,9,0,104.18,243.09,325.95,0,22.51,0,0,5.86,0
2022,1,15,10,0,165.67,309.06,487.92,0,23.41,0,0,5.92,0
2022,1,15,11,0,370.98,330.34,766.15,0,24.45,0,0,6.09,0
2022,1,15,12,0,341.11,378.11,794.9,0,25.12,0,0,6.12,0
2022,1,15,13,0,407.86,376.01,793.3,0,25.71,0,0,6.06,0
2022,1,15,14,0,468.57,281.83,722.0,0,26.11,0,0,5.59,0
2022,1,15,15,0,580.6,232.05,663.08,0,26.22,0,0,4.77,0
2022,1,15,16,0,438.74,219.49,428.52,0,26.02,0,0,3.7,0
2022,1,15,17,0,540.32,100.02,252.23,0,25.35,0,0,2.38,0
2022,1,15,18,0,231.01,39.86,85.0,0,23.86,0,0,1.64,0
2022,1,15,19,0,0.0,0.0,0.0,0,22.37,0,0,1.76,0
2022,1,15,20,0,0.0,0.0,0.0,0,21.02,0,0,2.53,0
2022,1,15,21,0,0.0,0.0,0.0,0,19.63,0,0,3.42,0
2022,1,15,22,0,0.0,0.0,0.0,0,18.55,0,0,3.9,0
2022,1,15,23,0,0.0,0.0,0.0,0,17.56,0,0,3.87,0
2022,1,16,0,0,0.0,0.0,0.0,0,16.53,0,0,4.1,0
2022,1,16,1,0,0.0,0.0,0.0,0,15.62,0,0,4.23,0
2022,1,16,2,0,0.0,0.0,0.0,0,14.86,0,0,4.03,0
2022,1,16,3,0,0.0,0.0,0.0,0,14.4,0,0,4.01,0
2022,1,16,4,0,0.0,0.0,0.0,0,13.93,0,0,4.23,0
2022,1,16,5,0,139.77,19.22,33.7,0,13.99,0,0,4.58,0
2022,1,16,6,0,561.95,62.02,221.23,0,16.79,0,0,3.78,0
2022,1,16,7,0,747.01,88.32,444.85,0,19.89,0,0,2.27,0
2022,1,16,8,0,802.16,121.31,659.03,0,22.96,0,0,1.24,0
2022,1,16,9,0,832.63,159.26,842.12,0,25.11,0,0,0.37,0
2022,1,16,10,0,881.45,152.76,981.45,0,26.59,0,0,1.21,0
2022,1,16,11,0,908.58,158.15,1068.4,0,27.57,0,0,1.63,0
2022,1,16,12,0,959.6,114.42,1089.22,0,28.21,0,0,1.82,0
2022,1,16,13,0,940.54,127.0,1032.3,0,28.56,0,0,1.83,0
2022,1,16,14,0,949.62,103.5,916.8,0,28.61,0,0,1.76,0
2022,1,16,15,0,936.25,83.2,753.5,0,28.29,0,0,1.72,0
2022,1,16,16,0,874.28,72.17,544.05,0,27.53,0,0,1.56,0
2022,1,16,17,0,767.48,53.51,314.05,0,26.2,0,0,1.31,0
2022,1,16,18,0,309.93,44.35,97.6,0,23.9,0,0,1.6,0
2022,1,16,19,0,0.0,0.0,0.0,0,21.34,0,0,2.5,0
2022,1,16,20,0,0.0,0.0,0.0,0,19.99,0,0,3.24,0
2022,1,16,21,0,0.0,0.0,0.0,0,18.77,0,0,4.0,0
2022,1,16,22,0,0.0,0.0,0.0,0,17.95,0,0,4.6,0
2022,1,16,23,0,0.0,0.0,0.0,0,17.98,0,0,4.33,0
2022,1,17,0,0,0.0,0.0,0.0,0,17.85,0,0,3.72,0
2022,1,17,1,0,0.0,0.0,0.0,0,17.58,0,0,3.4,0
2022,1,17,2,0,0.0,0.0,0.0,0,17.43,0,0,3.23,0
2022,1,17,3,0,0.0,0.0,0.0,0,17.25,0,0,3.13,0
2022,1,17,4,0,0.0,0.0,0.0,0,17.0,0,0,2.92,0
2022,1,17,5,0,168.28,18.44,31.7,0,17.15,0,0,2.55,0
2022,1,17,6,0,543.77,64.35,199.98,0,18.27,0,0,2.27,0
2022,1,17,7,0,638.43,135.62,396.62,0,20.61,0,0,2.17,0
2022,1,17,8,0,582.3,224.45,591.12,0,23.97,0,0,1.88,0
2022,1,17,9,0,597.32,306.73,781.53,0,26.12,0,0,1.08,0
2022,1,17,10,0,1010.54,201.47,944.1,0,26.97,0,0,0.46,0
2022,1,17,11,0,337.97,463.07,951.22,0,27.06,0,0,1.16,0
2022,1,17,12,0,71.23,604.29,823.35,0,27.05,0,0,2.03,0
2022,1,17,13,0,9.1,480.73,593.12,0,26.84,0,0,2.8,0
2022,1,17,14,0,53.67,334.03,421.8,0,26.62,0,0,3.62,0
2022,1,17,15,0,28.38,289.24,362.0,0,25.72,0,0,4.11,0
2022,1,17,16,0,6.28,195.08,221.15,0,24.28,0,0,3.77,0
2022,1,17,17,0,25.67,96.18,120.03,0,22.73,0,0,3.11,0
2022,1,17,18,0,0.0,39.53,42.28,0,21.49,0,0,2.25,0
2022,1,17,19,0,0.0,0.0,0.0,0,20.54,0,0,2.2,0
2022,1,17,20,0,0.0,0.0,0.0,0,20.1,0,0,2.51,0
2022,1,17,21,0,0.0,0.0,0.0,0,19.65,0,0,2.47,0
2022,1,17,22,0,0.0,0.0,0.0,0,19.22,0,0,2.33,0
2022,1,17,23,0,0.0,0.0,0.0,0,18.87,0,0,2.04,0
2022,1,18,0,0,0.0,0.0,0.0,0,18.69,0,0,1.56,0
2022,1,18,1,0,0.0,0.0,0.0,0,18.56,0,0,0.84,0
2022,1,18,2,0,0.0,0.0,0.0,0,18.4,0,0,0.16,0
2022,1,18,3,0,0.0,0.0,0.0,0,18.29,0,0,0.42,0
2022,1,18,4,0,0.0,0.0,0.0,0,18.25,0,0,1.24,0
2022,1,18,5,0,0.0,8.57,8.3,0,18.38,0,0,1.85,0
2022,1,18,6,0,0.0,43.36,48.9,0,18.73,0,0,1.97,0
2022,1,18,7,0,3.56,84.82,102.95,0,18.95,0,0,1.15,0
2022,1,18,8,0,6.56,132.84,155.32,0,19.59,0,0,0.49,0
2022,1,18,9,0,23.54,182.47,242.38,0,20.53,0,0,0.22,0
2022,1,18,10,0,34.35,224.26,296.2,0,21.36,0,0,0.55,0
2022,1,18,11,0,73.93,164.66,262.77,0,21.57,0,0,1.66,0
2022,1,18,12,0,63.03,153.66,235.5,0,21.59,0,0,2.24,0
2022,1,18,13,0,48.99,150.89,213.38,0,21.66,0,0,1.76,0
2022,1,18,14,0,103.37,184.88,271.62,0,21.55,0,0,1.3,0
2022,1,18,15,0,46.32,174.43,236.82,0,21.3,0,0,0.77,0
2022,1,18,16,0,25.51,127.39,159.45,0,21.11,0,0,0.13,0
2022,1,18,17,0,42.61,85.8,99.22,0,20.47,0,0,0.75,0
2022,1,18,18,0,24.69,27.46,30.58,0,19.28,0,0,1.69,0
2022,1,18,19,0,0.0,0.0,0.0,0,18.25,0,0,2.68,0
2022,1,18,20,0,0.0,0.0,0.0,0,17.76,0,0,3.28,0
2022,1,18,21,0,0.0,0.0,0.0,0,17.39,0,0,3.83,0
2022,1,18,22,0,0.0,0.0,0.0,0,16.79,0,0,4.1,0
2022,1,18,23,0,0.0,0.0,0.0,0,16.13,0,0,4.16,0
2022,1,19,0,0,0.0,0.0,0.0,0,15.57,0,0,4.08,0
2022,1,19,1,0,0.0,0.0,0.0,0,15.09,0,0,4.28,0
2022,1,19,2,0,0.0,0.0,0.0,0,14.81,0,0,4.48,0
2022,1,19,3,0,0.0,0.0,0.0,0,14.63,0,0,4.67,0
2022,1,19,4,0,0.0,0.0,0.0,0,14.36,0,0,4.9,0
2022,1,19,5,0,0.0,8.6,8.32,0,14.07,0,0,5.12,0
2022,1,19,6,0,25.93,53.96,61.6,0,14.26,0,0,5.71,0
2022,1,19,7,0,19.7,86.8,113.6,0,14.97,0,0,6.1,0
2022,1,19,8,0,28.96,175.32,218.05,0,16.08,0,0,6.35,0
2022,1,19,9,0,54.81,210.06,264.9,0,17.3,0,0,6.3,0
2022,1,19,10,0,61.3,218.44,323.05,0,18.21,0,0,6.0,0
2022,1,19,11,0,31.62,290.56,377.38,0,18.8,0,0,5.81,0
2022,1,19,12,0,26.07,318.29,427.45,0,19.53,0,0,6.03,0
2022,1,19,13,0,30.21,357.18,445.55,0,19.95,0,0,6.39,0
2022,1,19,14,0,48.02,293.8,371.17,0,19.76,0,0,6.69,0
2022,1,19,15,0,38.61,258.41,326.3,0,18.99,0,0,6.83,0
2022,1,19,16,0,35.8,169.2,212.1,0,17.91,0,0,6.94,0
2022,1,19,17,0,34.58,99.97,119.75,0,16.68,0,0,6.63,0
2022,1,19,18,0,5.0,35.23,37.75,0,15.5,0,0,6.32,0
2022,1,19,19,0,0.0,0.0,0.0,0,14.66,0,0,6.69,0
2022,1,19,20,0,0.0,0.0,0.0,0,14.13,0,0,7.22,0
2022,1,19,21,0,0.0,0.0,0.0,0,13.51,0,0,7.49,0
2022,1,19,22,0,0.0,0.0,0.0,0,12.97,0,0,7.41,0
2022,1,19,23,0,0.0,0.0,0.0,0,12.51,0,0,7.29,0
2022,1,20,0,0,0.0,0.0,0.0,0,12.13,0,0,7.39,0
2022,1,20,1,0,0.0,0.0,0.0,0,11.94,0,0,7.49,0
2022,1,20,2,0,0.0,0.0,0.0,0,11.85,0,0,7.56,0
2022,1,20,3,0,0.0,0.0,0.0,0,11.77,0,0,7.66,0
2022,1,20,4,0,0.0,0.0,0.0,0,11.73,0,0,7.78,0
2022,1,20,5,0,100.13,15.66,24.52,0,11.97,0,0,7.77,0
2022,1,20,6,0,425.94,58.04,164.6,0,13.04,0,0,8.09,0
2022,1,20,7,0,558.99,97.3,319.55,0,14.57,0,0,8.84,0
2022,1,20,8,0,481.58,190.31,466.4,0,16.32,0,0,8.94,0
2022,1,20,9,0,376.11,315.94,667.92,0,17.87,0,0,8.66,0
2022,1,20,10,0,678.0,260.42,781.75,0,19.11,0,0,8.3,0
2022,1,20,11,0,479.71,351.51,928.45,0,20.06,0,0,7.99,0
2022,1,20,12,0,564.9,350.37,898.67,0,20.64,0,0,7.59,0
2022,1,20,13,0,631.45,282.06,662.2,0,20.91,0,0,7.4,0
2022,1,20,14,0,295.45,354.52,620.12,0,20.86,0,0,7.37,0
2022,1,20,15,0,454.86,267.08,556.8,0,20.25,0,0,7.4,0
2022,1,20,16,0,297.96,239.67,370.3,0,19.06,0,0,7.43,0
2022,1,20,17,0,307.16,107.52,212.93,0,17.41,0,0,7.31,0
2022,1,20,18,0,177.1,46.87,70.4,0,15.53,0,0,6.73,0
2022,1,20,19,0,0.0,0.0,0.0,0,13.99,0,0,6.22,0
2022,1,20,20,0,0.0,0.0,0.0,0,13.15,0,0,6.32,0
2022,1,20,21,0,0.0,0.0,0.0,0,12.8,0,0,6.6,0
2022,1,20,22,0,0.0,0.0,0.0,0,12.6,0,0,6.48,0
2022,1,20,23,0,0.0,0.0,0.0,0,12.23,0,0,6.4,0
2022,1,21,0,0,0.0,0.0,0.0,0,11.95,0,0,6.33,0
2022,1,21,1,0,0.0,0.0,0.0,0,11.84,0,0,6.14,0
2022,1,21,2,0,0.0,0.0,0.0,0,11.81,0,0,6.08,0
2022,1,21,3,0,0.0,0.0,0.0,0,11.7,0,0,5.83,0
2022,1,21,4,0,0.0,0.0,0.0,0,11.55,0,0,5.66,0
2022,1,21,5,0,78.97,18.94,23.3,0,11.82,0,0,5.63,0
2022,1,21,6,0,340.09,82.1,161.75,0,13.17,0,0,5.82,0
2022,1,21,7,0,405.42,139.13,310.1,0,15.15,0,0,6.77,0
2022,1,21,8,0,494.4,215.43,453.08,0,17.26,0,0,6.6,0
2022,1,21,9,0,610.94,245.45,704.05,0,19.21,0,0,6.05,0
2022,1,21,10,0,771.74,179.91,735.5,0,20.84,0,0,5.58,0
2022,1,21,11,0,582.09,363.9,997.22,0,21.99,0,0,5.29,0
2022,1,21,12,0,809.43,201.98,989.6,0,22.67,0,0,5.16,0
2022,1,21,13,0,792.03,148.52,872.58,0,22.87,0,0,5.25,0
2022,1,21,14,0,763.63,143.9,668.5,0,22.41,0,0,5.42,0
2022,1,21,15,0,610.02,248.36,642.33,0,21.39,0,0,5.56,0
2022,1,21,16,0,730.44,95.25,422.62,0,20.2,0,0,5.59,0
2022,1,21,17,0,594.32,62.73,254.55,0,18.81,0,0,5.33,0
2022,1,21,18,0,261.4,36.42,85.72,0,17.2,0,0,4.69,0
2022,1,21,19,0,0.0,0.0,0.0,0,15.56,0,0,4.49,0
2022,1,21,20,0,0.0,0.0,0.0,0,14.61,0,0,4.81,0
2022,1,21,21,0,0.0,0.0,0.0,0,13.74,0,0,4.9,0
2022,1,21,22,0,0.0,0.0,0.0,0,13.19,0,0,4.81,0
2022,1,21,23,0,0.0,0.0,0.0,0,12.9,0,0,4.48,0
2022,1,22,0,0,0.0,0.0,0.0,0,12.62,0,0,4.32,0
2022,1,22,1,0,0.0,0.0,0.0,0,12.3,0,0,4.09,0
2022,1,22,2,0,0.0,0.0,0.0,0,12.11,0,0,3.86,0
2022,1,22,3,0,0.0,0.0,0.0,0,11.95,0,0,3.58,0
2022,1,22,4,0,0.0,0.0,0.0,0,11.78,0,0,3.42,0
2022,1,22,5,0,168.64,13.9,25.75,0,11.94,0,0,3.34,0
2022,1,22,6,0,506.47,65.69,181.62,0,12.95,0,0,3.34,0
2022,1,22,7,0,451.3,158.24,364.27,0,14.91,0,0,3.93,0
2022,1,22,8,0,593.21,235.02,550.3,0,17.43,0,0,3.2,0
2022,1,22,9,0,198.55,431.94,648.33,0,19.74,0,0,2.44,0
2022,1,22,10,0,465.51,447.91,819.65,0,21.69,0,0,2.07,0
2022,1,22,11,0,438.19,408.99,883.53,0,23.15,0,0,2.05,0
2022,1,22,12,0,440.78,391.08,878.12,0,24.14,0,0,2.28,0
2022,1,22,13,0,579.44,271.94,749.7,0,24.65,0,0,2.74,0
2022,1,22,14,0,642.54,266.13,741.8,0,24.39,0,0,3.28,0
2022,1,22,15,0,506.49,227.42,580.2,0,23.71,0,0,3.75,0
2022,1,22,16,0,624.11,118.15,420.3,0,22.69,0,0,4.11,0
2022,1,22,17,0,420.96,94.8,251.93,0,21.26,0,0,4.18,0
2022,1,22,18,0,185.41,44.81,84.32,0,19.3,0,0,3.86,0
2022,1,22,19,0,0.0,0.0,0.0,0,17.18,0,0,3.65,0
2022,1,22,20,0,0.0,0.0,0.0,0,15.75,0,0,3.67,0
2022,1,22,21,0,0.0,0.0,0.0,0,14.55,0,0,3.77,0
2022,1,22,22,0,0.0,0.0,0.0,0,13.61,0,0,3.73,0
2022,1,22,23,0,0.0,0.0,0.0,0,12.89,0,0,3.72,0
2022,1,23,0,0,0.0,0.0,0.0,0,12.48,0,0,3.58,0
2022,1,23,1,0,0.0,0.0,0.0,0,12.15,0,0,3.35,0
2022,1,23,2,0,0.0,0.0,0.0,0,11.81,0,0,3.31,0
2022,1,23,3,0,0.0,0.0,0.0,0,11.49,0,0,3.36,0
2022,1,23,4,0,0.0,0.0,0.0,0,11.22,0,0,3.37,0
2022,1,23,5,0,131.83,16.97,20.95,0,11.28,0,0,3.39,0
2022,1,23,6,0,285.67,78.86,151.95,0,12.39,0,0,3.46,0
2022,1,23,7,0,444.21,142.59,313.98,0,14.52,0,0,4.11,0
2022,1,23,8,0,302.6,302.73,488.42,0,17.01,0,0,3.71,0
2022,1,23,9,0,149.69,358.79,574.22,0,19.28,0,0,3.1,0
2022,1,23,10,0,688.79,285.61,602.2,0,21.28,0,0,2.81,0
2022,1,23,11,0,257.46,490.12,817.65,0,22.89,0,0,2.76,0
2022,1,23,12,0,297.5,401.58,837.42,0,24.03,0,0,2.81,0
2022,1,23,13,0,352.92,442.58,786.25,0,24.68,0,0,2.93,0
2022,1,23,14,0,548.69,213.67,573.6,0,24.79,0,0,3.19,0
2022,1,23,15,0,531.74,216.18,472.95,0,24.32,0,0,3.55,0
2022,1,23,16,0,251.58,242.79,357.67,0,23.32,0,0,3.93,0
2022,1,23,17,0,248.74,93.77,185.57,0,21.81,0,0,4.2,0
2022,1,23,18,0,356.2,34.84,58.03,0,19.74,0,0,3.83,0
2022,1,23,19,0,0.0,0.0,0.0,0,17.43,0,0,3.67,0
2022,1,23,20,0,0.0,0.0,0.0,0,16.0,0,0,3.54,0
2022,1,23,21,0,0.0,0.0,0.0,0,14.93,0,0,3.61,0
2022,1,23,22,0,0.0,0.0,0.0,0,14.34,0,0,3.76,0
2022,1,23,23,0,0.0,0.0,0.0,0,13.95,0,0,3.84,0
2022,1,24,0,0,0.0,0.0,0.0,0,13.63,0,0,3.75,0
2022,1,24,1,0,0.0,0.0,0.0,0,13.34,0,0,3.49,0
2022,1,24,2,0,0.0,0.0,0.0,0,13.05,0,0,3.29,0
2022,1,24,3,0,0.0,0.0,0.0,0,12.77,0,0,3.15,0
2022,1,24,4,0,0.0,0.0,0.0,0,12.58,0,0,3.19,0
2022,1,24,5,0,34.52,16.8,17.67,0,12.72,0,0,3.23,0
2022,1,24,6,0,209.98,107.92,163.75,0,13.67,0,0,3.31,0
2022,1,24,7,0,409.19,178.18,353.88,0,15.23,0,0,3.36,0
2022,1,24,8,0,516.28,220.24,556.9,0,17.15,0,0,2.85,0
2022,1,24,9,0,364.07,399.01,700.03,0,18.98,0,0,2.28,0
2022,1,24,10,0,367.03,413.68,806.65,0,20.54,0,0,1.93,0
2022,1,24,11,0,186.62,529.62,851.47,0,21.66,0,0,1.84,0
2022,1,24,12,0,127.0,569.27,825.67,0,22.29,0,0,1.78,0
2022,1,24,13,0,137.19,513.59,745.33,0,22.62,0,0,1.77,0
2022,1,24,14,0,17.51,341.88,441.45,0,23.06,0,0,1.85,0
2022,1,24,15,0,6.54,320.21,393.05,0,23.48,0,0,2.05,0
2022,1,24,16,0,148.84,266.86,348.1,0,23.24,0,0,2.34,0
2022,1,24,17,0,158.31,146.11,185.18,0,22.21,0,0,2.63,0
2022,1,24,18,0,83.9,42.22,56.4,0,20.31,0,0,3.16,0
2022,1,24,19,0,0.0,0.0,0.0,0,18.41,0,0,3.81,0
2022,1,24,20,0,0.0,0.0,0.0,0,17.31,0,0,3.78,0
2022,1,24,21,0,0.0,0.0,0.0,0,16.29,0,0,3.52,0
2022,1,24,22,0,0.0,0.0,0.0,0,15.48,0,0,3.48,0
2022,1,24,23,0,0.0,0.0,0.0,0,15.12,0,0,3.59,0
2022,1,25,0,0,0.0,0.0,0.0,0,14.96,0,0,3.45,0
2022,1,25,1,0,0.0,0.0,0.0,0,14.79,0,0,3.36,0
2022,1,25,2,0,0.0,0.0,0.0,0,14.62,0,0,3.38,0
2022,1,25,3,0,0.0,0.0,0.0,0,14.49,0,0,3.36,0
2022,1,25,4,0,0.0,0.0,0.0,0,14.39,0,0,3.02,0
2022,1,25,5,0,14.12,17.04,14.5,0,14.46,0,0,2.81,0
2022,1,25,6,0,125.35,75.62,98.55,0,15.23,0,0,2.79,0
2022,1,25,7,0,132.54,139.29,203.05,0,16.56,0,0,2.55,0
2022,1,25,8,0,240.13,195.89,341.25,0,18.16,0,0,2.06,0
2022,1,25,9,0,365.6,277.03,544.83,0,20.14,0,0,1.34,0
2022,1,25,10,0,212.8,299.02,467.67,0,21.9,0,0,1.24,0
2022,1,25,11,0,297.43,345.85,585.67,0,22.8,0,0,1.51,0
2022,1,25,12,0,160.62,347.81,574.08,0,23.91,0,0,1.58,0
2022,1,25,13,0,148.72,321.15,466.27,0,25.17,0,0,1.56,0
2022,1,25,14,0,58.89,272.83,374.05,0,25.42,0,0,1.4,0
2022,1,25,15,0,28.14,239.87,300.8,0,25.15,0,0,1.11,0
2022,1,25,16,0,77.12,183.59,240.15,0,24.67,0,0,0.72,0
2022,1,25,17,0,63.88,111.01,134.6,0,23.75,0,0,0.42,0
2022,1,25,18,0,7.99,34.83,35.9,0,22.59,0,0,0.71,0
2022,1,25,19,0,0.0,0.0,0.0,0,21.02,0,0,1.44,0
2022,1,25,20,0,0.0,0.0,0.0,0,20.06,0,0,2.19,0
2022,1,25,21,0,0.0,0.0,0.0,0,19.12,0,0,2.72,0
2022,1,25,22,0,0.0,0.0,0.0,0,18.24,0,0,3.32,0
2022,1,25,23,0,0.0,0.0,0.0,0,17.75,0,0,3.49,0
2022,1,26,0,0,0.0,0.0,0.0,0,17.34,0,0,2.99,0
2022,1,26,1,0,0.0,0.0,0.0,0,16.75,0,0,2.69,0
2022,1,26,2,0,0.0,0.0,0.0,0,16.21,0,0,2.55,0
2022,1,26,3,0,0.0,0.0,0.0,0,15.8,0,0,2.51,0
2022,1,26,4,0,0.0,0.0,0.0,0,15.51,0,0,2.43,0
2022,1,26,5,0,4.82,10.99,10.12,0,15.59,0,0,2.22,0
2022,1,26,6,0,98.5,59.63,82.93,0,17.02,0,0,1.6,0
2022,1,26,7,0,132.67,120.28,189.9,0,19.54,0,0,1.07,0
2022,1,26,8,0,307.69,150.8,308.5,0,22.01,0,0,0.96,0
2022,1,26,9,0,363.01,236.05,525.38,0,23.52,0,0,1.33,0
2022,1,26,10,0,399.15,343.95,760.42,0,24.79,0,0,1.75,0
2022,1,26,11,0,379.7,379.72,868.92,0,25.91,0,0,2.1,0
2022,1,26,12,0,537.83,343.4,953.83,0,26.65,0,0,2.35,0
2022,1,26,13,0,622.51,358.5,930.08,0,26.99,0,0,2.65,0
2022,1,26,14,0,625.02,269.84,847.38,0,26.96,0,0,3.01,0
2022,1,26,15,0,644.41,184.27,657.38,0,26.54,0,0,3.52,0
2022,1,26,16,0,618.05,141.72,460.62,0,25.5,0,0,4.11,0
2022,1,26,17,0,552.14,84.73,256.42,0,24.13,0,0,4.38,0
2022,1,26,18,0,297.63,31.52,76.9,0,22.18,0,0,4.2,0
2022,1,26,19,0,0.0,0.0,0.0,0,20.1,0,0,4.14,0
2022,1,26,20,0,0.0,0.0,0.0,0,18.7,0,0,4.4,0
2022,1,26,21,0,0.0,0.0,0.0,0,17.39,0,0,4.31,0
2022,1,26,22,0,0.0,0.0,0.0,0,16.17,0,0,4.37,0
2022,1,26,23,0,0.0,0.0,0.0,0,15.26,0,0,4.59,0
2022,1,27,0,0,0.0,0.0,0.0,0,14.46,0,0,4.68,0
2022,1,27,1,0,0.0,0.0,0.0,0,13.78,0,0,4.66,0
2022,1,27,2,0,0.0,0.0,0.0,0,13.16,0,0,4.55,0
2022,1,27,3,0,0.0,0.0,0.0,0,12.55,0,0,4.35,0
2022,1,27,4,0,0.0,0.0,0.0,0,12.17,0,0,4.11,0
2022,1,27,5,0,43.87,15.46,14.2,0,12.46,0,0,3.95,0
2022,1,27,6,0,181.17,84.12,128.98,0,14.2,0,0,4.1,0
2022,1,27,7,0,262.06,195.14,277.62,0,16.5,0,0,4.32,0
2022,1,27,8,0,276.91,266.22,444.27,0,18.9,0,0,4.0,0
2022,1,27,9,0,85.58,438.8,588.45,0,21.11,0,0,3.56,0
2022,1,27,10,0,360.91,394.19,562.2,0,22.95,0,0,3.21,0
2022,1,27,11,0,146.25,493.72,686.9,0,24.26,0,0,3.18,0
2022,1,27,12,0,111.24,450.26,727.67,0,25.1,0,0,3.24,0
2022,1,27,13,0,259.52,400.28,627.83,0,25.89,0,0,3.4,0
2022,1,27,14,0,300.01,356.46,630.1,0,26.19,0,0,3.62,0
2022,1,27,15,0,417.58,263.93,565.53,0,25.97,0,0,3.89,0
2022,1,27,16,0,502.84,141.95,391.7,0,25.27,0,0,4.21,0
2022,1,27,17,0,392.43,97.09,218.35,0,24.16,0,0,4.37,0
2022,1,27,18,0,204.27,32.83,63.25,0,22.57,0,0,3.93,0
2022,1,27,19,0,0.0,0.0,0.0,0,20.95,0,0,3.67,0
2022,1,27,20,0,0.0,0.0,0.0,0,19.98,0,0,3.88,0
2022,1,27,21,0,0.0,0.0,0.0,0,19.21,0,0,3.8,0
2022,1,27,22,0,0.0,0.0,0.0,0,18.55,0,0,3.68,0
2022,1,27,23,0,0.0,0.0,0.0,0,18.03,0,0,3.61,0
2022,1,28,0,0,0.0,0.0,0.0,0,17.55,0,0,3.49,0
2022,1,28,1,0,0.0,0.0,0.0,0,17.1,0,0,3.41,0
2022,1,28,2,0,0.0,0.0,0.0,0,16.77,0,0,3.59,0
2022,1,28,3,0,0.0,0.0,0.0,0,16.49,0,0,3.26,0
2022,1,28,4,0,0.0,0.0,0.0,0,16.08,0,0,3.19,0
2022,1,28,5,0,35.77,12.36,11.62,0,16.18,0,0,3.15,0
2022,1,28,6,0,244.45,67.79,119.3,0,17.72,0,0,3.33,0
2022,1,28,7,0,343.99,126.22,269.08,0,20.08,0,0,3.45,0
2022,1,28,8,0,401.43,187.53,427.5,0,22.47,0,0,3.36,0
2022,1,28,9,0,364.45,307.81,615.03,0,24.44,0,0,3.14,0
2022,1,28,10,0,443.28,315.4,721.7,0,26.05,0,0,2.91,0
2022,1,28,11,0,370.77,417.26,793.7,0,27.33,0,0,2.64,0
2022,1,28,12,0,346.66,364.34,799.42,0,27.97,0,0,2.44,0
2022,1,28,13,0,362.21,278.64,626.33,0,27.95,0,0,2.42,0
2022,1,28,14,0,310.09,294.78,560.8,0,27.26,0,0,2.36,0
2022,1,28,15,0,394.71,243.68,504.02,0,26.46,0,0,2.09,0
2022,1,28,16,0,491.11,110.55,320.92,0,25.42,0,0,1.77,0
2022,1,28,17,0,264.06,88.0,174.07,0,24.36,0,0,1.35,0
2022,1,28,18,0,92.37,32.49,50.47,0,23.06,0,0,1.37,0
2022,1,28,19,0,0.0,0.0,0.0,0,21.91,0,0,1.89,0
2022,1,28,20,0,0.0,0.0,0.0,0,21.24,0,0,2.25,0
2022,1,28,21,0,0.0,0.0,0.0,0,20.72,0,0,2.57,0
2022,1,28,22,0,0.0,0.0,0.0,0,20.25,0,0,2.93,0
2022,1,28,23,0,0.0,0.0,0.0,0,19.81,0,0,3.26,0
2022,1,29,0,0,0.0,0.0,0.0,0,19.38,0,0,3.31,0
2022,1,29,1,0,0.0,0.0,0.0,0,19.01,0,0,2.85,0
2022,1,29,2,0,0.0,0.0,0.0,0,18.71,0,0,2.59,0
2022,1,29,3,0,0.0,0.0,0.0,0,18.43,0,0,2.52,0
2022,1,29,4,0,0.0,0.0,0.0,0,18.16,0,0,2.19,0
2022,1,29,5,0,7.89,10.83,10.43,0,18.09,0,0,1.98,0
2022,1,29,6,0,54.29,81.77,106.78,0,18.6,0,0,1.39,0
2022,1,29,7,0,126.0,204.89,271.27,0,19.99,0,0,0.58,0
2022,1,29,8,0,161.02,340.6,453.55,0,22.76,0,0,1.21,0
2022,1,29,9,0,426.74,382.07,672.85,0,25.23,0,0,2.02,0
2022,1,29,10,0,63.08,485.45,621.35,0,26.19,0,0,2.17,0
2022,1,29,11,0,62.7,485.29,660.83,0,26.71,0,0,2.37,0
2022,1,29,12,0,146.92,419.05,673.85,0,27.45,0,0,2.46,0
2022,1,29,13,0,100.07,348.44,489.12,0,27.52,0,0,2.41,0
2022,1,29,14,0,39.0,258.69,322.55,0,26.75,0,0,2.48,0
2022,1,29,15,0,0.15,120.2,147.15,0,25.34,0,0,2.38,0
2022,1,29,16,0,38.18,64.36,86.68,0,23.68,0,0,2.02,0
2022,1,29,17,0,0.99,50.17,54.72,0,22.13,0,0,1.86,0
2022,1,29,18,0,0.0,11.92,12.88,0,21.18,0,0,1.89,0
2022,1,29,19,0,0.0,0.0,0.0,0,20.54,0,0,2.16,0
2022,1,29,20,0,0.0,0.0,0.0,0,20.12,0,0,2.43,0
2022,1,29,21,0,0.0,0.0,0.0,0,19.76,0,0,2.72,0
2022,1,29,22,0,0.0,0.0,0.0,0,19.35,0,0,2.85,0
2022,1,29,23,0,0.0,0.0,0.0,0,19.07,0,0,2.94,0
2022,1,30,0,0,0.0,0.0,0.0,0,18.88,0,0,3.06,0
2022,1,30,1,0,0.0,0.0,0.0,0,18.84,0,0,3.18,0
2022,1,30,2,0,0.0,0.0,0.0,0,18.67,0,0,3.21,0
2022,1,30,3,0,0.0,0.0,0.0,0,18.42,0,0,3.29,0
2022,1,30,4,0,0.0,0.0,0.0,0,18.19,0,0,3.18,0
2022,1,30,5,0,12.79,11.33,9.15,0,18.06,0,0,3.03,0
2022,1,30,6,0,166.3,77.66,97.28,0,18.39,0,0,2.84,0
2022,1,30,7,0,225.33,137.7,228.43,0,19.07,0,0,3.32,0
2022,1,30,8,0,321.15,242.25,402.75,0,20.11,0,0,3.19,0
2022,1,30,9,0,397.56,250.86,594.03,0,21.28,0,0,2.89,0
2022,1,30,10,0,449.64,294.47,729.12,0,22.29,0,0,2.66,0
2022,1,30,11,0,521.07,338.59,876.03,0,23.2,0,0,2.62,0
2022,1,30,12,0,394.63,387.59,814.47,0,24.11,0,0,2.65,0
2022,1,30,13,0,594.08,268.99,807.6,0,24.95,0,0,2.72,0
2022,1,30,14,0,209.84,341.08,557.72,0,25.4,0,0,2.73,0
2022,1,30,15,0,237.98,257.95,445.67,0,25.16,0,0,2.77,0
2022,1,30,16,0,199.87,164.95,273.1,0,24.43,0,0,2.97,0
2022,1,30,17,0,104.51,118.26,146.2,0,23.35,0,0,2.88,0
2022,1,30,18,0,21.81,33.11,36.62,0,21.57,0,0,3.23,0
2022,1,30,19,0,0.0,0.0,0.0,0,19.87,0,0,3.89,0
2022,1,30,20,0,0.0,0.0,0.0,0,19.08,0,0,3.97,0
2022,1,30,21,0,0.0,0.0,0.0,0,18.38,0,0,4.02,0
2022,1,30,22,0,0.0,0.0,0.0,0,17.79,0,0,3.94,0
2022,1,30,23,0,0.0,0.0,0.0,0,17.33,0,0,3.9,0
2022,1,31,0,0,0.0,0.0,0.0,0,17.06,0,0,3.84,0
2022,1,31,1,0,0.0,0.0,0.0,0,16.81,0,0,3.23,0
2022,1,31,2,0,0.0,0.0,0.0,0,16.59,0,0,2.77,0
2022,1,31,3,0,0.0,0.0,0.0,0,16.51,0,0,2.77,0
2022,1,31,4,0,0.0,0.0,0.0,0,16.43,0,0,2.68,0
2022,1,31,5,0,24.33,12.53,11.52,0,16.42,0,0,2.46,0
2022,1,31,6,0,264.78,105.24,131.88,0,16.84,0,0,1.98,0
2022,1,31,7,0,441.12,138.65,297.25,0,17.86,0,0,2.16,0
2022,1,31,8,0,531.38,190.95,495.42,0,19.47,0,0,2.14,0
2022,1,31,9,0,471.99,333.55,697.5,0,21.5,0,0,1.67,0
2022,1,31,10,0,547.66,277.86,862.75,0,23.58,0,0,1.1,0
2022,1,31,11,0,604.89,282.46,946.85,0,25.52,0,0,0.45,0
2022,1,31,12,0,591.06,322.7,932.75,0,26.72,0,0,0.6,0
2022,1,31,13,0,703.45,225.44,873.05,0,27.23,0,0,1.14,0
2022,1,31,14,0,633.43,240.4,776.6,0,27.41,0,0,1.47,0
2022,1,31,15,0,639.83,192.0,642.38,0,27.14,0,0,1.63,0
2022,1,31,16,0,528.63,147.14,449.48,0,26.54,0,0,1.62,0
2022,1,31,17,0,455.34,86.64,248.57,0,25.45,0,0,1.48,0
2022,1,31,18,0,267.42,30.67,67.75,0,23.73,0,0,1.42,0
2022,1,31,19,0,0.0,0.0,0.0,0,22.11,0,0,1.79,0
2022,1,31,20,0,0.0,0.0,0.0,0,20.97,0,0,2.41,0
2022,1,31,21,0,0.0,0.0,0.0,0,19.91,0,0,2.93,0
2022,1,31,22,0,0.0,0.0,0.0,0,19.08,0,0,3.05,0
2022,1,31,23,0,0.0,0.0,0.0,0,18.45,0,0,2.95,0
2022,2,1,0,0,0.0,0.0,0.0,0,18.06,0,0,2.77,0
2022,2,1,1,0,0.0,0.0,0.0,0,17.79,0,0,2.53,0
2022,2,1,2,0,0.0,0.0,0.0,0,17.45,0,0,2.4,0
2022,2,1,3,0,0.0,0.0,0.0,0,16.97,0,0,2.48,0
2022,2,1,4,0,0.0,0.0,0.0,0,16.41,0,0,2.72,0
2022,2,1,5,0,50.27,10.96,12.27,0,16.18,0,0,2.97,0
2022,2,1,6,0,477.92,52.56,160.15,0,18.23,0,0,2.57,0
2022,2,1,7,0,668.76,87.25,366.7,0,21.01,0,0,2.38,0
2022,2,1,8,0,807.9,109.09,599.78,0,24.01,0,0,3.42,0
2022,2,1,9,0,638.45,199.4,760.75,0,25.46,0,0,3.6,0
2022,2,1,10,0,729.79,213.54,872.97,0,26.27,0,0,4.18,0
2022,2,1,11,0,316.75,423.54,843.7,0,26.45,0,0,4.97,0
2022,2,1,12,0,311.37,382.32,750.67,0,26.05,0,0,5.35,0
2022,2,1,13,0,327.21,322.16,588.17,0,25.6,0,0,5.26,0
2022,2,1,14,0,152.71,240.46,420.85,0,25.36,0,0,5.33,0
2022,2,1,15,0,28.23,232.76,302.67,0,24.34,0,0,4.8,0
2022,2,1,16,0,34.4,193.25,230.15,0,23.14,0,0,3.84,0
2022,2,1,17,0,10.76,92.25,107.05,0,22.07,0,0,3.16,0
2022,2,1,18,0,1.95,22.78,24.65,0,20.98,0,0,3.34,0
2022,2,1,19,0,0.0,0.0,0.0,0,20.08,0,0,3.17,0
2022,2,1,20,0,0.0,0.0,0.0,0,19.48,0,0,3.15,0
2022,2,1,21,0,0.0,0.0,0.0,0,18.99,0,0,3.2,0
2022,2,1,22,0,0.0,0.0,0.0,0,18.69,0,0,3.16,0
2022,2,1,23,0,0.0,0.0,0.0,0,18.48,0,0,3.09,0
2022,2,2,0,0,0.0,0.0,0.0,0,18.36,0,0,2.96,0
2022,2,2,1,0,0.0,0.0,0.0,0,18.21,0,0,2.68,0
2022,2,2,2,0,0.0,0.0,0.0,0,18.04,0,0,2.36,0
2022,2,2,3,0,0.0,0.0,0.0,0,17.87,0,0,2.1,0
2022,2,2,4,0,0.0,0.0,0.0,0,17.69,0,0,1.85,0
2022,2,2,5,0,0.0,4.84,4.47,0,17.61,0,0,1.6,0
2022,2,2,6,0,5.64,45.37,51.45,0,18.13,0,0,1.09,0
2022,2,2,7,0,9.83,113.77,129.12,0,18.66,0,0,1.29,0
2022,2,2,8,0,39.14,167.85,208.62,0,20.19,0,0,1.38,0
2022,2,2,9,0,90.47,306.92,406.55,0,22.29,0,0,1.46,0
2022,2,2,10,0,168.79,394.55,652.12,0,23.58,0,0,1.8,0
2022,2,2,11,0,231.71,411.06,792.7,0,24.4,0,0,2.27,0
2022,2,2,12,0,342.19,359.92,813.97,0,25.01,0,0,2.68,0
2022,2,2,13,0,540.91,227.2,571.88,0,25.11,0,0,2.84,0
2022,2,2,14,0,576.99,224.3,743.7,0,24.99,0,0,2.82,0
2022,2,2,15,0,287.82,268.45,524.92,0,24.61,0,0,2.61,0
2022,2,2,16,0,266.78,127.29,313.08,0,23.93,0,0,2.23,0
2022,2,2,17,0,461.94,73.24,172.35,0,22.47,0,0,1.51,0
2022,2,2,18,0,160.95,28.0,42.12,0,20.22,0,0,1.24,0
2022,2,2,19,0,0.0,0.0,0.0,0,18.15,0,0,1.6,0
2022,2,2,20,0,0.0,0.0,0.0,0,16.79,0,0,2.01,0
2022,2,2,21,0,0.0,0.0,0.0,0,15.78,0,0,2.56,0
2022,2,2,22,0,0.0,0.0,0.0,0,14.81,0,0,3.06,0
2022,2,2,23,0,0.0,0.0,0.0,0,14.01,0,0,3.46,0
2022,2,3,0,0,0.0,0.0,0.0,0,13.43,0,0,3.35,0
2022,2,3,1,0,0.0,0.0,0.0,0,12.86,0,0,3.04,0
2022,2,3,2,0,0.0,0.0,0.0,0,12.47,0,0,2.76,0
2022,2,3,3,0,0.0,0.0,0.0,0,12.1,0,0,2.57,0
2022,2,3,4,0,0.0,0.0,0.0,0,11.68,0,0,2.42,0
2022,2,3,5,0,39.46,9.47,8.43,0,11.42,0,0,2.42,0
2022,2,3,6,0,196.89,65.46,111.5,0,11.95,0,0,2.19,0
2022,2,3,7,0,247.97,175.08,277.62,0,13.66,0,0,1.5,0
2022,2,3,8,0,370.04,249.94,461.12,0,16.52,0,0,1.6,0
2022,2,3,9,0,463.99,298.78,590.88,0,18.81,0,0,2.39,0
2022,2,3,10,0,424.72,345.96,861.0,0,20.35,0,0,2.92,0
2022,2,3,11,0,586.99,322.92,944.8,0,21.47,0,0,3.38,0
2022,2,3,12,0,760.98,278.12,951.78,0,22.19,0,0,3.86,0
2022,2,3,13,0,864.86,128.34,823.85,0,22.44,0,0,4.38,0
2022,2,3,14,0,878.22,112.52,732.38,0,22.27,0,0,4.74,0
2022,2,3,15,0,515.08,278.09,673.05,0,21.77,0,0,4.84,0
2022,2,3,16,0,741.86,71.26,437.62,0,20.93,0,0,4.74,0
2022,2,3,17,0,580.79,61.53,255.32,0,19.72,0,0,4.21,0
2022,2,3,18,0,370.83,25.15,69.93,0,17.7,0,0,3.48,0
2022,2,3,19,0,0.0,0.0,0.0,0,15.78,0,0,3.55,0
2022,2,3,20,0,0.0,0.0,0.0,0,14.55,0,0,4.31,0
2022,2,3,21,0,0.0,0.0,0.0,0,13.82,0,0,4.83,0
2022,2,3,22,0,0.0,0.0,0.0,0,13.04,0,0,5.09,0
2022,2,3,23,0,0.0,0.0,0.0,0,12.15,0,0,5.36,0
2022,2,4,0,0,0.0,0.0,0.0,0,11.11,0,0,5.7,0
2022,2,4,1,0,0.0,0.0,0.0,0,10.0,0,0,5.3,0
2022,2,4,2,0,0.0,0.0,0.0,0,9.05,0,0,4.92,0
2022,2,4,3,0,0.0,0.0,0.0,0,8.34,0,0,4.74,0
2022,2,4,4,0,0.0,0.0,0.0,0,7.89,0,0,4.8,0
2022,2,4,5,0,57.89,9.07,10.9,0,7.9,0,0,4.92,0
2022,2,4,6,0,553.88,45.14,165.35,0,9.28,0,0,5.26,0
2022,2,4,7,0,764.68,73.27,387.55,0,11.53,0,0,6.27,0
2022,2,4,8,0,784.7,105.3,599.42,0,13.96,0,0,6.59,0
2022,2,4,9,0,685.59,247.63,775.88,0,16.13,0,0,6.27,0
2022,2,4,10,0,536.08,309.41,810.12,0,17.88,0,0,6.1,0
2022,2,4,11,0,518.38,293.71,867.05,0,19.12,0,0,6.08,0
2022,2,4,12,0,654.65,334.58,952.88,0,19.95,0,0,6.16,0
2022,2,4,13,0,664.38,271.01,921.35,0,20.27,0,0,6.33,0
2022,2,4,14,0,767.43,156.76,607.33,0,20.09,0,0,6.47,0
2022,2,4,15,0,375.34,274.83,563.55,0,19.4,0,0,6.6,0
2022,2,4,16,0,388.55,191.42,387.33,0,18.29,0,0,6.71,0
2022,2,4,17,0,398.75,99.5,225.38,0,16.79,0,0,6.35,0
2022,2,4,18,0,304.77,25.29,64.22,0,14.99,0,0,5.63,0
2022,2,4,19,0,0.0,0.0,0.0,0,13.28,0,0,5.33,0
2022,2,4,20,0,0.0,0.0,0.0,0,12.29,0,0,5.42,0
2022,2,4,21,0,0.0,0.0,0.0,0,11.58,0,0,5.43,0
2022,2,4,22,0,0.0,0.0,0.0,0,10.99,0,0,5.2,0
2022,2,4,23,0,0.0,0.0,0.0,0,10.52,0,0,5.06,0
2022,2,5,0,0,0.0,0.0,0.0,0,10.15,0,0,4.9,0
2022,2,5,1,0,0.0,0.0,0.0,0,9.83,0,0,4.68,0
2022,2,5,2,0,0.0,0.0,0.0,0,9.62,0,0,4.81,0
2022,2,5,3,0,0.0,0.0,0.0,0,9.49,0,0,5.03,0
2022,2,5,4,0,0.0,0.0,0.0,0,9.3,0,0,5.29,0
2022,2,5,5,0,50.38,9.38,9.75,0,9.43,0,0,5.55,0
2022,2,5,6,0,282.54,58.14,134.1,0,11.05,0,0,5.74,0
2022,2,5,7,0,527.14,112.96,293.1,0,12.93,0,0,7.03,0
2022,2,5,8,0,665.3,129.63,443.3,0,14.97,0,0,7.21,0
2022,2,5,9,0,380.19,242.77,608.85,0,16.82,0,0,6.91,0
2022,2,5,10,0,492.8,233.49,663.75,0,18.31,0,0,6.53,0
2022,2,5,11,0,192.36,439.79,728.33,0,19.45,0,0,6.2,0
2022,2,5,12,0,140.89,478.5,681.78,0,20.22,0,0,6.03,0
2022,2,5,13,0,532.29,242.02,645.75,0,20.59,0,0,5.99,0
2022,2,5,14,0,365.41,366.67,655.72,0,20.41,0,0,6.04,0
2022,2,5,15,0,408.83,267.25,565.95,0,19.67,0,0,6.21,0
2022,2,5,16,0,698.34,78.08,360.83,0,18.57,0,0,6.3,0
2022,2,5,17,0,284.03,83.07,200.73,0,17.22,0,0,5.9,0
2022,2,5,18,0,209.81,27.2,51.0,0,15.43,0,0,5.33,0
2022,2,5,19,0,0.0,0.0,0.0,0,13.86,0,0,5.24,0
2022,2,5,20,0,0.0,0.0,0.0,0,13.24,0,0,5.54,0
2022,2,5,21,0,0.0,0.0,0.0,0,12.81,0,0,5.57,0
2022,2,5,22,0,0.0,0.0,0.0,0,12.09,0,0,5.51,0
2022,2,5,23,0,0.0,0.0,0.0,0,11.55,0,0,5.43,0
2022,2,6,0,0,0.0,0.0,0.0,0,11.44,0,0,5.44,0
2022,2,6,1,0,0.0,0.0,0.0,0,11.35,0,0,5.63,0
2022,2,6,2,0,0.0,0.0,0.0,0,11.22,0,0,5.68,0
2022,2,6,3,0,0.0,0.0,0.0,0,11.11,0,0,5.75,0
2022,2,6,4,0,0.0,0.0,0.0,0,10.99,0,0,5.75,0
2022,2,6,5,0,29.32,9.75,8.02,0,11.15,0,0,5.83,0
2022,2,6,6,0,196.55,62.51,108.7,0,12.63,0,0,5.69,0
2022,2,6,7,0,296.28,142.85,246.9,0,14.37,0,0,7.05,0
2022,2,6,8,0,330.71,213.52,395.48,0,16.18,0,0,7.5,0
2022,2,6,9,0,197.66,257.75,537.35,0,17.6,0,0,7.35,0
2022,2,6,10,0,208.25,410.38,650.53,0,18.75,0,0,7.06,0
2022,2,6,11,0,330.51,389.52,812.85,0,19.65,0,0,6.77,0
2022,2,6,12,0,295.29,418.59,767.03,0,20.35,0,0,6.67,0
2022,2,6,13,0,395.97,393.02,792.25,0,20.7,0,0,6.58,0
2022,2,6,14,0,408.6,267.48,529.97,0,20.41,0,0,6.63,0
2022,2,6,15,0,417.49,280.48,577.6,0,19.94,0,0,6.77,0
2022,2,6,16,0,460.68,173.36,378.2,0,18.91,0,0,6.86,0
2022,2,6,17,0,245.44,112.45,193.38,0,17.51,0,0,6.45,0
2022,2,6,18,0,207.42,30.08,42.58,0,15.66,0,0,5.62,0
2022,2,6,19,0,0.0,0.0,0.0,0,13.88,0,0,5.27,0
2022,2,6,20,0,0.0,0.0,0.0,0,12.99,0,0,5.36,0
2022,2,6,21,0,0.0,0.0,0.0,0,12.49,0,0,5.3,0
2022,2,6,22,0,0.0,0.0,0.0,0,12.06,0,0,5.21,0
2022,2,6,23,0,0.0,0.0,0.0,0,11.83,0,0,5.0,0
2022,2,7,0,0,0.0,0.0,0.0,0,11.64,0,0,4.81,0
2022,2,7,1,0,0.0,0.0,0.0,0,11.52,0,0,4.61,0
2022,2,7,2,0,0.0,0.0,0.0,0,11.42,0,0,4.49,0
2022,2,7,3,0,0.0,0.0,0.0,0,11.28,0,0,4.41,0
2022,2,7,4,0,0.0,0.0,0.0,0,11.03,0,0,4.24,0
2022,2,7,5,0,66.37,8.59,9.2,0,10.96,0,0,4.15,0
2022,2,7,6,0,376.33,56.06,138.02,0,12.07,0,0,3.83,0
2022,2,7,7,0,438.25,126.68,309.1,0,13.73,0,0,5.4,0
2022,2,7,8,0,461.96,248.06,487.08,0,15.96,0,0,5.71,0
2022,2,7,9,0,188.85,363.23,551.25,0,17.92,0,0,5.32,0
2022,2,7,10,0,396.09,371.95,736.88,0,19.54,0,0,4.98,0
2022,2,7,11,0,438.02,433.16,844.88,0,20.89,0,0,4.78,0
2022,2,7,12,0,456.37,440.23,880.12,0,21.85,0,0,4.65,0
2022,2,7,13,0,536.08,203.5,652.17,0,22.2,0,0,4.62,0
2022,2,7,14,0,303.05,396.54,701.5,0,22.16,0,0,4.62,0
2022,2,7,15,0,424.44,285.78,604.1,0,21.33,0,0,4.68,0
2022,2,7,16,0,438.78,150.76,409.52,0,20.24,0,0,4.8,0
2022,2,7,17,0,518.36,81.74,220.43,0,18.82,0,0,4.95,0
2022,2,7,18,0,308.36,28.08,54.33,0,16.76,0,0,4.65,0
2022,2,7,19,0,0.0,0.0,0.0,0,14.94,0,0,4.39,0
2022,2,7,20,0,0.0,0.0,0.0,0,13.8,0,0,4.2,0
2022,2,7,21,0,0.0,0.0,0.0,0,12.79,0,0,4.05,0
2022,2,7,22,0,0.0,0.0,0.0,0,11.99,0,0,3.6,0
2022,2,7,23,0,0.0,0.0,0.0,0,11.34,0,0,3.49,0
2022,2,8,0,0,0.0,0.0,0.0,0,10.93,0,0,3.23,0
2022,2,8,1,0,0.0,0.0,0.0,0,10.68,0,0,2.95,0
2022,2,8,2,0,0.0,0.0,0.0,0,10.48,0,0,2.87,0
2022,2,8,3,0,0.0,0.0,0.0,0,10.22,0,0,2.71,0
2022,2,8,4,0,0.0,0.0,0.0,0,9.97,0,0,2.5,0
2022,2,8,5,0,91.52,7.06,9.18,0,9.95,0,0,2.22,0
2022,2,8,6,0,649.58,37.03,164.65,0,10.85,0,0,2.44,0
2022,2,8,7,0,816.19,60.32,393.1,0,12.6,0,0,2.41,0
2022,2,8,8,0,905.06,69.6,611.38,0,15.23,0,0,1.57,0
2022,2,8,9,0,694.62,162.34,737.67,0,17.85,0,0,0.71,0
2022,2,8,10,0,687.02,321.7,890.83,0,20.1,0,0,0.06,0
2022,2,8,11,0,473.92,445.92,927.7,0,21.72,0,0,0.38,0
2022,2,8,12,0,322.82,427.03,936.58,0,22.77,0,0,0.71,0
2022,2,8,13,0,437.72,436.91,886.97,0,23.29,0,0,0.84,0
2022,2,8,14,0,485.2,332.66,779.8,0,23.35,0,0,1.02,0
2022,2,8,15,0,718.59,202.3,646.58,0,23.07,0,0,1.25,0
2022,2,8,16,0,681.17,129.95,443.0,0,22.33,0,0,1.46,0
2022,2,8,17,0,553.87,74.88,235.38,0,21.11,0,0,1.36,0
2022,2,8,18,0,263.03,26.03,55.78,0,19.16,0,0,1.2,0
2022,2,8,19,0,0.0,0.0,0.0,0,17.59,0,0,0.99,0
2022,2,8,20,0,0.0,0.0,0.0,0,16.72,0,0,0.65,0
2022,2,8,21,0,0.0,0.0,0.0,0,16.16,0,0,0.42,0
2022,2,8,22,0,0.0,0.0,0.0,0,15.57,0,0,0.66,0
2022,2,8,23,0,0.0,0.0,0.0,0,14.85,0,0,1.1,0
2022,2,9,0,0,0.0,0.0,0.0,0,14.04,0,0,1.46,0
2022,2,9,1,0,0.0,0.0,0.0,0,13.42,0,0,1.74,0
2022,2,9,2,0,0.0,0.0,0.0,0,12.93,0,0,2.1,0
2022,2,9,3,0,0.0,0.0,0.0,0,12.56,0,0,2.39,0
2022,2,9,4,0,0.0,0.0,0.0,0,12.38,0,0,2.47,0
2022,2,9,5,0,92.14,6.17,7.97,0,12.44,0,0,2.37,0
2022,2,9,6,0,532.05,42.68,155.2,0,14.1,0,0,2.04,0
2022,2,9,7,0,786.74,71.21,378.62,0,17.09,0,0,1.83,0
2022,2,9,8,0,916.54,113.96,602.75,0,20.26,0,0,3.08,0
2022,2,9,9,0,934.92,114.08,807.08,0,21.9,0,0,3.44,0
2022,2,9,10,0,855.8,182.38,934.28,0,23.29,0,0,3.74,0
2022,2,9,11,0,805.7,247.65,997.67,0,24.42,0,0,3.97,0
2022,2,9,12,0,641.49,347.32,982.83,0,25.26,0,0,4.13,0
2022,2,9,13,0,440.91,391.1,867.9,0,25.71,0,0,3.97,0
2022,2,9,14,0,543.04,307.74,771.45,0,25.58,0,0,3.69,0
2022,2,9,15,0,556.34,237.27,575.0,0,25.27,0,0,3.45,0
2022,2,9,16,0,628.18,140.6,373.88,0,24.55,0,0,3.13,0
2022,2,9,17,0,376.8,104.35,196.5,0,23.15,0,0,2.42,0
2022,2,9,18,0,203.54,27.24,44.58,0,21.03,0,0,1.99,0
2022,2,9,19,0,0.0,0.0,0.0,0,20.14,0,0,1.68,0
2022,2,9,20,0,0.0,0.0,0.0,0,19.49,0,0,1.66,0
2022,2,9,21,0,0.0,0.0,0.0,0,18.57,0,0,1.93,0
2022,2,9,22,0,0.0,0.0,0.0,0,17.62,0,0,2.27,0
2022,2,9,23,0,0.0,0.0,0.0,0,16.79,0,0,2.55,0
2022,2,10,0,0,0.0,0.0,0.0,0,16.22,0,0,2.71,0
2022,2,10,1,0,0.0,0.0,0.0,0,15.63,0,0,2.82,0
2022,2,10,2,0,0.0,0.0,0.0,0,15.17,0,0,2.92,0
2022,2,10,3,0,0.0,0.0,0.0,0,15.01,0,0,2.92,0
2022,2,10,4,0,0.0,0.0,0.0,0,14.97,0,0,2.93,0
2022,2,10,5,0,61.68,5.94,6.88,0,14.94,0,0,2.99,0
2022,2,10,6,0,529.51,35.63,146.95,0,16.41,0,0,3.05,0
2022,2,10,7,0,755.31,69.4,367.92,0,19.48,0,0,2.26,0
2022,2,10,8,0,817.0,96.13,588.7,0,22.86,0,0,2.71,0
2022,2,10,9,0,781.39,159.67,738.05,0,25.02,0,0,3.32,0
2022,2,10,10,0,626.18,330.56,847.6,0,26.21,0,0,3.55,0
2022,2,10,11,0,532.02,351.71,904.05,0,26.65,0,0,3.9,0
2022,2,10,12,0,498.87,367.86,911.67,0,26.45,0,0,4.3,0
2022,2,10,13,0,487.93,383.54,865.65,0,26.42,0,0,4.31,0
2022,2,10,14,0,649.72,256.07,697.55,0,26.68,0,0,4.29,0
2022,2,10,15,0,586.92,241.27,537.67,0,25.89,0,0,4.01,0
2022,2,10,16,0,262.13,226.43,345.15,0,24.82,0,0,3.14,0
2022,2,10,17,0,183.55,138.04,188.73,0,23.49,0,0,2.62,0
2022,2,10,18,0,37.14,32.67,33.53,0,21.87,0,0,2.43,0
2022,2,10,19,0,0.0,0.0,0.0,0,20.41,0,0,3.23,0
2022,2,10,20,0,0.0,0.0,0.0,0,19.32,0,0,4.17,0
2022,2,10,21,0,0.0,0.0,0.0,0,18.31,0,0,4.5,0
2022,2,10,22,0,0.0,0.0,0.0,0,17.55,0,0,4.37,0
2022,2,10,23,0,0.0,0.0,0.0,0,17.11,0,0,3.91,0
2022,2,11,0,0,0.0,0.0,0.0,0,16.65,0,0,3.49,0
2022,2,11,1,0,0.0,0.0,0.0,0,16.16,0,0,3.42,0
2022,2,11,2,0,0.0,0.0,0.0,0,15.77,0,0,3.31,0
2022,2,11,3,0,0.0,0.0,0.0,0,15.52,0,0,3.21,0
2022,2,11,4,0,0.0,0.0,0.0,0,15.28,0,0,2.97,0
2022,2,11,5,0,20.77,6.56,5.3,0,15.16,0,0,2.98,0
2022,2,11,6,0,357.9,57.29,124.88,0,15.76,0,0,3.12,0
2022,2,11,7,0,545.43,104.02,327.77,0,17.13,0,0,3.47,0
2022,2,11,8,0,703.35,134.48,536.2,0,19.56,0,0,2.91,0
2022,2,11,9,0,807.76,142.98,768.33,0,22.13,0,0,2.02,0
2022,2,11,10,0,815.62,148.34,889.2,0,24.03,0,0,1.46,0
2022,2,11,11,0,585.61,330.9,932.33,0,24.92,0,0,1.57,0
2022,2,11,12,0,589.77,287.78,915.35,0,25.4,0,0,1.88,0
2022,2,11,13,0,546.91,348.4,841.25,0,25.65,0,0,2.04,0
2022,2,11,14,0,699.92,155.89,591.28,0,25.54,0,0,2.03,0
2022,2,11,15,0,479.44,280.42,581.0,0,24.93,0,0,2.34,0
2022,2,11,16,0,483.19,158.36,393.33,0,24.11,0,0,3.03,0
2022,2,11,17,0,370.33,101.83,204.25,0,22.47,0,0,3.77,0
2022,2,11,18,0,159.92,25.67,43.55,0,20.2,0,0,4.43,0
2022,2,11,19,0,0.0,0.0,0.0,0,18.42,0,0,4.87,0
2022,2,11,20,0,0.0,0.0,0.0,0,17.01,0,0,5.4,0
2022,2,11,21,0,0.0,0.0,0.0,0,15.77,0,0,5.41,0
2022,2,11,22,0,0.0,0.0,0.0,0,14.82,0,0,5.08,0
2022,2,11,23,0,0.0,0.0,0.0,0,14.17,0,0,5.15,0
2022,2,12,0,0,0.0,0.0,0.0,0,13.7,0,0,5.35,0
2022,2,12,1,0,0.0,0.0,0.0,0,13.23,0,0,5.38,0
2022,2,12,2,0,0.0,0.0,0.0,0,12.88,0,0,5.39,0
2022,2,12,3,0,0.0,0.0,0.0,0,12.63,0,0,5.35,0
2022,2,12,4,0,0.0,0.0,0.0,0,12.37,0,0,5.23,0
2022,2,12,5,0,23.3,5.72,5.07,0,12.24,0,0,5.03,0
2022,2,12,6,0,227.91,61.43,104.82,0,13.29,0,0,4.92,0
2022,2,12,7,0,278.47,167.99,264.98,0,15.04,0,0,5.7,0
2022,2,12,8,0,372.31,219.26,443.83,0,17.2,0,0,5.38,0
2022,2,12,9,0,384.2,216.96,490.35,0,19.18,0,0,4.78,0
2022,2,12,10,0,654.16,256.33,588.72,0,20.91,0,0,4.21,0
2022,2,12,11,0,342.43,434.98,840.4,0,22.34,0,0,3.79,0
2022,2,12,12,0,481.31,429.29,914.33,0,23.33,0,0,3.45,0
2022,2,12,13,0,637.72,211.89,742.67,0,23.7,0,0,3.23,0
2022,2,12,14,0,507.21,339.6,785.42,0,23.67,0,0,3.24,0
2022,2,12,15,0,487.64,276.87,622.12,0,23.01,0,0,3.51,0
2022,2,12,16,0,501.94,168.67,417.55,0,21.88,0,0,4.06,0
2022,2,12,17,0,390.53,87.01,211.02,0,20.19,0,0,4.66,0
2022,2,12,18,0,155.58,24.69,41.33,0,17.77,0,0,4.57,0
2022,2,12,19,0,0.0,0.0,0.0,0,15.67,0,0,4.49,0
2022,2,12,20,0,0.0,0.0,0.0,0,14.41,0,0,4.58,0
2022,2,12,21,0,0.0,0.0,0.0,0,13.67,0,0,4.82,0
2022,2,12,22,0,0.0,0.0,0.0,0,13.2,0,0,4.82,0
2022,2,12,23,0,0.0,0.0,0.0,0,12.81,0,0,4.73,0
2022,2,13,0,0,0.0,0.0,0.0,0,12.48,0,0,4.67,0
2022,2,13,1,0,0.0,0.0,0.0,0,12.18,0,0,4.84,0
2022,2,13,2,0,0.0,0.0,0.0,0,11.86,0,0,4.74,0
2022,2,13,3,0,0.0,0.0,0.0,0,11.52,0,0,4.58,0
2022,2,13,4,0,0.0,0.0,0.0,0,11.28,0,0,4.5,0
2022,2,13,5,0,40.83,5.15,5.15,0,11.2,0,0,4.25,0
2022,2,13,6,0,445.95,44.01,129.77,0,12.07,0,0,4.08,0
2022,2,13,7,0,531.65,124.63,332.6,0,13.94,0,0,5.16,0
2022,2,13,8,0,700.43,196.48,539.42,0,16.44,0,0,4.68,0
2022,2,13,9,0,745.38,198.19,767.0,0,18.88,0,0,3.49,0
2022,2,13,10,0,833.74,175.42,936.0,0,21.08,0,0,2.26,0
2022,2,13,11,0,748.7,241.92,997.12,0,22.86,0,0,1.41,0
2022,2,13,12,0,588.32,362.88,972.67,0,24.14,0,0,1.04,0
2022,2,13,13,0,610.97,310.28,888.55,0,24.92,0,0,1.05,0
2022,2,13,14,0,701.15,197.54,645.45,0,25.19,0,0,1.3,0
2022,2,13,15,0,747.18,158.42,629.58,0,24.92,0,0,1.75,0
2022,2,13,16,0,773.06,93.4,428.25,0,24.08,0,0,2.35,0
2022,2,13,17,0,507.4,66.39,231.27,0,22.61,0,0,3.04,0
2022,2,13,18,0,255.52,21.08,48.05,0,19.91,0,0,3.75,0
2022,2,13,19,0,0.0,0.0,0.0,0,17.81,0,0,4.36,0
2022,2,13,20,0,0.0,0.0,0.0,0,16.74,0,0,4.3,0
2022,2,13,21,0,0.0,0.0,0.0,0,15.75,0,0,4.05,0
2022,2,13,22,0,0.0,0.0,0.0,0,14.74,0,0,3.62,0
2022,2,13,23,0,0.0,0.0,0.0,0,13.85,0,0,3.44,0
2022,2,14,0,0,0.0,0.0,0.0,0,13.09,0,0,3.39,0
2022,2,14,1,0,0.0,0.0,0.0,0,12.43,0,0,3.22,0
2022,2,14,2,0,0.0,0.0,0.0,0,11.85,0,0,3.19,0
2022,2,14,3,0,0.0,0.0,0.0,0,11.48,0,0,3.18,0
2022,2,14,4,0,0.0,0.0,0.0,0,11.38,0,0,3.07,0
2022,2,14,5,0,11.68,5.97,4.07,0,11.47,0,0,3.1,0
2022,2,14,6,0,294.24,67.26,113.68,0,12.57,0,0,3.18,0
2022,2,14,7,0,344.06,197.1,315.02,0,14.82,0,0,3.31,0
2022,2,14,8,0,643.74,203.84,535.22,0,17.75,0,0,2.97,0
2022,2,14,9,0,694.23,234.03,768.35,0,20.54,0,0,2.37,0
2022,2,14,10,0,885.98,126.32,943.03,0,22.74,0,0,1.95,0
2022,2,14,11,0,956.66,133.56,1030.62,0,24.43,0,0,1.81,0
2022,2,14,12,0,966.97,112.44,1052.93,0,25.68,0,0,1.8,0
2022,2,14,13,0,1004.09,98.75,1004.8,0,26.39,0,0,1.87,0
2022,2,14,14,0,912.67,122.79,881.78,0,26.57,0,0,1.93,0
2022,2,14,15,0,829.93,154.02,692.65,0,26.28,0,0,2.09,0
2022,2,14,16,0,707.38,126.86,480.33,0,25.48,0,0,2.39,0
2022,2,14,17,0,661.26,64.5,253.27,0,23.86,0,0,2.76,0
2022,2,14,18,0,218.04,24.52,46.97,0,20.66,0,0,3.63,0
2022,2,14,19,0,0.0,0.0,0.0,0,18.33,0,0,4.51,0
2022,2,14,20,0,0.0,0.0,0.0,0,17.38,0,0,4.54,0
2022,2,14,21,0,0.0,0.0,0.0,0,16.66,0,0,4.17,0
2022,2,14,22,0,0.0,0.0,0.0,0,15.92,0,0,3.83,0
2022,2,14,23,0,0.0,0.0,0.0,0,15.1,0,0,3.57,0
2022,2,15,0,0,0.0,0.0,0.0,0,14.34,0,0,3.38,0
2022,2,15,1,0,0.0,0.0,0.0,0,13.71,0,0,3.19,0
2022,2,15,2,0,0.0,0.0,0.0,0,13.2,0,0,3.07,0
2022,2,15,3,0,0.0,0.0,0.0,0,12.93,0,0,2.93,0
2022,2,15,4,0,0.0,0.0,0.0,0,12.83,0,0,2.72,0
2022,2,15,5,0,39.02,4.06,4.32,0,12.78,0,0,2.56,0
2022,2,15,6,0,506.66,36.46,137.6,0,14.18,0,0,2.34,0
2022,2,15,7,0,813.5,58.69,371.52,0,16.95,0,0,1.91,0
2022,2,15,8,0,930.41,66.29,602.17,0,20.58,0,0,1.06,0
2022,2,15,9,0,991.12,67.83,799.15,0,23.87,0,0,1.7,0
2022,2,15,10,0,1009.48,72.7,942.42,0,25.72,0,0,2.19,0
2022,2,15,11,0,989.4,96.25,1022.83,0,27.09,0,0,2.44,0
2022,2,15,12,0,981.65,95.76,1041.9,0,28.13,0,0,2.67,0
2022,2,15,13,0,973.12,98.13,991.67,0,28.77,0,0,2.87,0
2022,2,15,14,0,966.11,85.11,876.35,0,28.92,0,0,3.15,0
2022,2,15,15,0,917.28,83.22,705.1,0,28.48,0,0,3.53,0
2022,2,15,16,0,845.2,71.54,489.17,0,27.41,0,0,3.99,0
2022,2,15,17,0,709.65,50.0,257.4,0,25.51,0,0,4.17,0
2022,2,15,18,0,257.5,19.28,46.5,0,22.34,0,0,4.61,0
2022,2,15,19,0,0.0,0.0,0.0,0,20.11,0,0,4.56,0
2022,2,15,20,0,0.0,0.0,0.0,0,18.53,0,0,4.25,0
2022,2,15,21,0,0.0,0.0,0.0,0,17.29,0,0,4.14,0
2022,2,15,22,0,0.0,0.0,0.0,0,16.33,0,0,4.06,0
2022,2,15,23,0,0.0,0.0,0.0,0,15.5,0,0,4.1,0
2022,2,16,0,0,0.0,0.0,0.0,0,14.79,0,0,4.09,0
2022,2,16,1,0,0.0,0.0,0.0,0,14.03,0,0,3.61,0
2022,2,16,2,0,0.0,0.0,0.0,0,13.41,0,0,3.37,0
2022,2,16,3,0,0.0,0.0,0.0,0,13.17,0,0,3.39,0
2022,2,16,4,0,0.0,0.0,0.0,0,12.97,0,0,3.17,0
2022,2,16,5,0,0.0,0.0,0.0,0,12.82,0,0,3.1,0
2022,2,16,6,0,531.03,36.52,144.3,0,13.82,0,0,3.39,0
2022,2,16,7,0,787.19,63.52,368.23,0,16.09,0,0,3.54,0
2022,2,16,8,0,899.56,81.82,596.08,0,19.05,0,0,3.31,0
2022,2,16,9,0,942.82,92.36,793.95,0,21.69,0,0,2.77,0
2022,2,16,10,0,994.26,88.3,941.7,0,23.96,0,0,2.24,0
2022,2,16,11,0,1011.54,87.06,1029.6,0,25.7,0,0,1.98,0
2022,2,16,12,0,1020.08,77.02,1050.28,0,26.93,0,0,1.9,0
2022,2,16,13,0,1037.13,66.09,1001.42,0,27.68,0,0,1.97,0
2022,2,16,14,0,1006.5,67.68,885.78,0,27.97,0,0,2.05,0
2022,2,16,15,0,979.96,63.88,713.97,0,27.76,0,0,2.16,0
2022,2,16,16,0,925.22,52.92,498.8,0,26.81,0,0,2.31,0
2022,2,16,17,0,770.65,41.88,262.5,0,24.9,0,0,2.58,0
2022,2,16,18,0,291.23,18.57,46.58,0,21.79,0,0,3.46,0
2022,2,16,19,0,0.0,0.0,0.0,0,19.48,0,0,4.19,0
2022,2,16,20,0,0.0,0.0,0.0,0,18.0,0,0,4.69,0
2022,2,16,21,0,0.0,0.0,0.0,0,17.04,0,0,5.08,0
2022,2,16,22,0,0.0,0.0,0.0,0,16.48,0,0,5.22,0
2022,2,16,23,0,0.0,0.0,0.0,0,16.12,0,0,4.93,0
2022,2,17,0,0,0.0,0.0,0.0,0,15.74,0,0,4.21,0
2022,2,17,1,0,0.0,0.0,0.0,0,15.18,0,0,3.79,0
2022,2,17,2,0,0.0,0.0,0.0,0,14.62,0,0,3.61,0
2022,2,17,3,0,0.0,0.0,0.0,0,14.08,0,0,3.63,0
2022,2,17,4,0,0.0,0.0,0.0,0,13.68,0,0,3.7,0
2022,2,17,5,0,0.0,0.0,0.0,0,13.65,0,0,3.57,0
2022,2,17,6,0,144.12,88.76,107.97,0,15.38,0,0,2.8,0
2022,2,17,7,0,281.48,221.76,301.0,0,17.48,0,0,1.98,0
2022,2,17,8,0,621.51,198.8,510.1,0,20.18,0,0,3.4,0
2022,2,17,9,0,337.35,363.07,592.6,0,23.51,0,0,5.15,0
2022,2,17,10,0,613.29,263.94,747.1,0,25.95,0,0,5.78,0
2022,2,17,11,0,819.14,176.09,968.8,0,27.18,0,0,5.83,0
2022,2,17,12,0,796.74,219.33,975.55,0,27.65,0,0,5.71,0
2022,2,17,13,0,780.02,214.7,910.08,0,27.46,0,0,5.37,0
2022,2,17,14,0,570.31,259.83,752.62,0,27.3,0,0,4.88,0
2022,2,17,15,0,535.59,221.04,569.88,0,26.7,0,0,4.38,0
2022,2,17,16,0,403.61,157.25,354.8,0,25.88,0,0,3.86,0
2022,2,17,17,0,242.87,100.16,174.23,0,24.54,0,0,3.16,0
2022,2,17,18,0,75.89,25.58,27.75,0,22.24,0,0,3.29,0
2022,2,17,19,0,0.0,0.0,0.0,0,20.51,0,0,3.62,0
2022,2,17,20,0,0.0,0.0,0.0,0,19.47,0,0,3.66,0
2022,2,17,21,0,0.0,0.0,0.0,0,18.58,0,0,3.63,0
2022,2,17,22,0,0.0,0.0,0.0,0,17.81,0,0,3.45,0
2022,2,17,23,0,0.0,0.0,0.0,0,17.17,0,0,3.18,0
2022,2,18,0,0,0.0,0.0,0.0,0,16.54,0,0,3.12,0
2022,2,18,1,0,0.0,0.0,0.0,0,15.93,0,0,3.05,0
2022,2,18,2,0,0.0,0.0,0.0,0,15.35,0,0,2.88,0
2022,2,18,3,0,0.0,0.0,0.0,0,14.91,0,0,2.66,0
2022,2,18,4,0,0.0,0.0,0.0,0,14.59,0,0,2.37,0
2022,2,18,5,0,0.0,0.0,0.0,0,14.32,0,0,2.11,0
2022,2,18,6,0,458.14,37.09,128.68,0,15.69,0,0,1.92,0
2022,2,18,7,0,752.34,64.05,347.75,0,18.73,0,0,2.03,0
2022,2,18,8,0,838.45,91.8,573.45,0,21.61,0,0,3.41,0
2022,2,18,9,0,887.37,118.47,769.67,0,23.29,0,0,4.36,0
2022,2,18,10,0,965.91,88.76,923.05,0,24.49,0,0,4.86,0
2022,2,18,11,0,976.17,92.51,1011.15,0,25.4,0,0,5.05,0
2022,2,18,12,0,980.32,101.16,1030.43,0,26.1,0,0,5.07,0
2022,2,18,13,0,999.54,80.23,981.42,0,26.49,0,0,5.03,0
2022,2,18,14,0,959.69,83.62,862.5,0,26.52,0,0,4.86,0
2022,2,18,15,0,916.2,83.8,690.62,0,26.12,0,0,4.56,0
2022,2,18,16,0,806.96,77.23,475.9,0,25.19,0,0,4.19,0
2022,2,18,17,0,618.44,58.28,238.43,0,23.6,0,0,3.59,0
2022,2,18,18,0,132.49,20.96,35.55,0,20.45,0,0,3.29,0
2022,2,18,19,0,0.0,0.0,0.0,0,18.1,0,0,3.68,0
2022,2,18,20,0,0.0,0.0,0.0,0,16.62,0,0,3.98,0
2022,2,18,21,0,0.0,0.0,0.0,0,15.7,0,0,4.61,0
2022,2,18,22,0,0.0,0.0,0.0,0,15.33,0,0,4.84,0
2022,2,18,23,0,0.0,0.0,0.0,0,14.96,0,0,4.84,0
2022,2,19,0,0,0.0,0.0,0.0,0,15.0,0,0,5.29,0
2022,2,19,1,0,0.0,0.0,0.0,0,14.78,0,0,5.31,0
2022,2,19,2,0,0.0,0.0,0.0,0,14.47,0,0,5.63,0
2022,2,19,3,0,0.0,0.0,0.0,0,14.09,0,0,5.79,0
2022,2,19,4,0,0.0,0.0,0.0,0,13.68,0,0,5.79,0
2022,2,19,5,0,0.0,0.0,0.0,0,13.43,0,0,5.85,0
2022,2,19,6,0,337.33,38.52,84.25,0,14.08,0,0,5.89,0
2022,2,19,7,0,494.71,87.27,237.5,0,15.48,0,0,6.26,0
2022,2,19,8,0,409.18,134.51,396.55,0,17.49,0,0,5.85,0
2022,2,19,9,0,424.6,288.45,578.65,0,19.69,0,0,5.11,0
2022,2,19,10,0,573.07,253.89,714.25,0,21.83,0,0,4.21,0
2022,2,19,11,0,458.24,309.21,790.6,0,23.62,0,0,3.46,0
2022,2,19,12,0,431.85,337.22,815.92,0,24.78,0,0,2.94,0
2022,2,19,13,0,546.08,243.51,668.17,0,25.27,0,0,2.64,0
2022,2,19,14,0,455.05,328.52,688.25,0,25.47,0,0,2.42,0
2022,2,19,15,0,416.54,226.78,513.17,0,25.21,0,0,2.37,0
2022,2,19,16,0,362.73,175.63,335.58,0,24.36,0,0,2.55,0
2022,2,19,17,0,374.3,80.13,165.73,0,22.94,0,0,3.17,0
2022,2,19,18,0,119.26,18.92,26.33,0,20.73,0,0,3.73,0
2022,2,19,19,0,0.0,0.0,0.0,0,19.01,0,0,4.15,0
2022,2,19,20,0,0.0,0.0,0.0,0,17.62,0,0,4.23,0
2022,2,19,21,0,0.0,0.0,0.0,0,16.35,0,0,4.67,0
2022,2,19,22,0,0.0,0.0,0.0,0,15.29,0,0,4.58,0
2022,2,19,23,0,0.0,0.0,0.0,0,14.56,0,0,4.53,0
2022,2,20,0,0,0.0,0.0,0.0,0,14.06,0,0,4.52,0
2022,2,20,1,0,0.0,0.0,0.0,0,13.69,0,0,4.39,0
2022,2,20,2,0,0.0,0.0,0.0,0,13.37,0,0,4.17,0
2022,2,20,3,0,0.0,0.0,0.0,0,13.11,0,0,3.92,0
2022,2,20,4,0,0.0,0.0,0.0,0,12.93,0,0,3.71,0
2022,2,20,5,0,0.0,0.0,0.0,0,12.85,0,0,3.49,0
2022,2,20,6,0,243.64,39.9,87.65,0,13.74,0,0,3.26,0
2022,2,20,7,0,397.63,123.15,242.43,0,15.55,0,0,3.37,0
2022,2,20,8,0,410.14,203.19,420.48,0,17.7,0,0,3.45,0
2022,2,20,9,0,462.83,289.25,633.33,0,19.66,0,0,3.81,0
2022,2,20,10,0,751.36,189.79,766.17,0,21.46,0,0,4.2,0
2022,2,20,11,0,675.06,287.19,923.8,0,23.53,0,0,4.37,0
2022,2,20,12,0,698.48,243.0,921.97,0,25.2,0,0,4.36,0
2022,2,20,13,0,394.86,360.95,853.03,0,26.16,0,0,4.29,0
2022,2,20,14,0,470.78,379.31,761.2,0,26.57,0,0,4.27,0
2022,2,20,15,0,484.48,226.19,590.47,0,26.46,0,0,4.32,0
2022,2,20,16,0,500.21,154.57,392.67,0,25.95,0,0,4.33,0
2022,2,20,17,0,449.79,78.45,196.8,0,24.64,0,0,3.66,0
2022,2,20,18,0,140.0,19.36,29.98,0,22.43,0,0,4.23,0
2022,2,20,19,0,0.0,0.0,0.0,0,21.02,0,0,4.65,0
2022,2,20,20,0,0.0,0.0,0.0,0,20.14,0,0,5.18,0
2022,2,20,21,0,0.0,0.0,0.0,0,19.54,0,0,4.98,0
2022,2,20,22,0,0.0,0.0,0.0,0,18.76,0,0,4.8,0
2022,2,20,23,0,0.0,0.0,0.0,0,18.22,0,0,5.0,0
2022,2,21,0,0,0.0,0.0,0.0,0,17.79,0,0,4.78,0
2022,2,21,1,0,0.0,0.0,0.0,0,17.67,0,0,5.39,0
2022,2,21,2,0,0.0,0.0,0.0,0,17.6,0,0,5.06,0
2022,2,21,3,0,0.0,0.0,0.0,0,17.43,0,0,5.1,0
2022,2,21,4,0,0.0,0.0,0.0,0,17.27,0,0,4.93,0
2022,2,21,5,0,0.0,0.0,0.0,0,17.28,0,0,4.94,0
2022,2,21,6,0,27.65,65.12,70.72,0,17.69,0,0,4.58,0
2022,2,21,7,0,90.56,179.42,223.27,0,18.51,0,0,4.45,0
2022,2,21,8,0,103.36,318.03,407.35,0,20.09,0,0,5.22,0
2022,2,21,9,0,450.16,338.33,647.15,0,21.93,0,0,5.43,0
2022,2,21,10,0,553.49,526.53,773.7,0,23.17,0,0,4.98,0
2022,2,21,11,0,705.91,420.37,843.22,0,24.13,0,0,4.35,0
2022,2,21,12,0,341.11,487.94,845.95,0,24.99,0,0,3.72,0
2022,2,21,13,0,313.58,443.11,754.4,0,25.83,0,0,3.31,0
2022,2,21,14,0,458.85,424.1,693.7,0,26.17,0,0,2.9,0
2022,2,21,15,0,370.51,288.01,531.78,0,25.72,0,0,2.45,0
2022,2,21,16,0,135.9,264.58,340.83,0,24.63,0,0,1.85,0
2022,2,21,17,0,42.5,126.48,155.73,0,23.37,0,0,1.55,0
2022,2,21,18,0,5.74,23.41,21.35,0,21.29,0,0,2.5,0
2022,2,21,19,0,0.0,0.0,0.0,0,19.46,0,0,3.91,0
2022,2,21,20,0,0.0,0.0,0.0,0,18.62,0,0,4.72,0
2022,2,21,21,0,0.0,0.0,0.0,0,18.21,0,0,4.75,0
2022,2,21,22,0,0.0,0.0,0.0,0,17.84,0,0,4.52,0
2022,2,21,23,0,0.0,0.0,0.0,0,17.42,0,0,4.35,0
2022,2,22,0,0,0.0,0.0,0.0,0,17.21,0,0,4.36,0
2022,2,22,1,0,0.0,0.0,0.0,0,17.12,0,0,4.05,0
2022,2,22,2,0,0.0,0.0,0.0,0,16.98,0,0,3.79,0
2022,2,22,3,0,0.0,0.0,0.0,0,16.78,0,0,3.46,0
2022,2,22,4,0,0.0,0.0,0.0,0,16.65,0,0,3.48,0
2022,2,22,5,0,0.0,0.0,0.0,0,16.62,0,0,3.58,0
2022,2,22,6,0,14.84,57.01,61.22,0,16.92,0,0,3.64,0
2022,2,22,7,0,54.38,161.98,182.2,0,17.33,0,0,3.89,0
2022,2,22,8,0,37.48,297.18,341.48,0,17.9,0,0,4.47,0
2022,2,22,9,0,265.58,377.9,573.83,0,18.63,0,0,5.15,0
2022,2,22,10,0,482.0,304.0,681.45,0,19.5,0,0,5.47,0
2022,2,22,11,0,357.14,272.05,741.58,0,20.62,0,0,5.4,0
2022,2,22,12,0,393.19,295.1,698.22,0,21.12,0,0,5.28,0
2022,2,22,13,0,224.97,341.24,601.67,0,21.08,0,0,4.99,0
2022,2,22,14,0,160.83,367.28,546.75,0,20.71,0,0,4.72,0
2022,2,22,15,0,221.88,279.19,460.8,0,20.17,0,0,4.57,0
2022,2,22,16,0,136.52,185.63,279.1,0,19.44,0,0,4.21,0
2022,2,22,17,0,84.59,92.15,121.22,0,18.51,0,0,3.9,0
2022,2,22,18,0,6.67,17.81,15.4,0,17.48,0,0,4.47,0
2022,2,22,19,0,0.0,0.0,0.0,0,16.78,0,0,4.95,0
2022,2,22,20,0,0.0,0.0,0.0,0,16.27,0,0,5.15,0
2022,2,22,21,0,0.0,0.0,0.0,0,15.77,0,0,5.05,0
2022,2,22,22,0,0.0,0.0,0.0,0,15.37,0,0,5.02,0
2022,2,22,23,0,0.0,0.0,0.0,0,15.21,0,0,5.01,0
2022,2,23,0,0,0.0,0.0,0.0,0,15.27,0,0,5.07,0
2022,2,23,1,0,0.0,0.0,0.0,0,15.5,0,0,5.16,0
2022,2,23,2,0,0.0,0.0,0.0,0,15.7,0,0,5.28,0
2022,2,23,3,0,0.0,0.0,0.0,0,15.69,0,0,4.97,0
2022,2,23,4,0,0.0,0.0,0.0,0,15.62,0,0,4.56,0
2022,2,23,5,0,0.0,0.0,0.0,0,15.58,0,0,4.34,0
2022,2,23,6,0,23.05,56.54,61.12,0,16.17,0,0,3.98,0
2022,2,23,7,0,115.11,134.34,174.52,0,17.27,0,0,4.24,0
2022,2,23,8,0,44.99,281.21,331.67,0,18.82,0,0,4.79,0
2022,2,23,9,0,67.9,347.43,439.98,0,20.49,0,0,5.03,0
2022,2,23,10,0,233.94,361.37,567.55,0,22.05,0,0,5.37,0
2022,2,23,11,0,246.95,441.44,742.95,0,23.38,0,0,5.77,0
2022,2,23,12,0,352.93,430.35,795.03,0,24.26,0,0,6.11,0
2022,2,23,13,0,425.54,366.34,684.58,0,24.7,0,0,6.17,0
2022,2,23,14,0,233.08,340.64,602.05,0,24.74,0,0,6.06,0
2022,2,23,15,0,134.65,273.58,385.92,0,24.36,0,0,6.02,0
2022,2,23,16,0,248.11,147.02,223.18,0,23.33,0,0,5.92,0
2022,2,23,17,0,66.57,82.81,102.78,0,21.82,0,0,5.25,0
2022,2,23,18,0,17.3,15.63,15.62,0,19.85,0,0,4.47,0
2022,2,23,19,0,0.0,0.0,0.0,0,18.51,0,0,4.61,0
2022,2,23,20,0,0.0,0.0,0.0,0,17.75,0,0,4.83,0
2022,2,23,21,0,0.0,0.0,0.0,0,17.24,0,0,4.91,0
2022,2,23,22,0,0.0,0.0,0.0,0,16.96,0,0,5.11,0
2022,2,23,23,0,0.0,0.0,0.0,0,16.89,0,0,5.07,0
2022,2,24,0,0,0.0,0.0,0.0,0,16.93,0,0,4.97,0
2022,2,24,1,0,0.0,0.0,0.0,0,16.92,0,0,4.59,0
2022,2,24,2,0,0.0,0.0,0.0,0,16.82,0,0,4.09,0
2022,2,24,3,0,0.0,0.0,0.0,0,16.7,0,0,3.73,0
2022,2,24,4,0,0.0,0.0,0.0,0,16.59,0,0,3.47,0
2022,2,24,5,0,0.0,0.0,0.0,0,16.51,0,0,3.31,0
2022,2,24,6,0,5.88,42.44,45.22,0,17.06,0,0,3.0,0
2022,2,24,7,0,42.32,118.56,133.45,0,18.19,0,0,3.29,0
2022,2,24,8,0,22.58,193.79,231.98,0,19.92,0,0,3.68,0
2022,2,24,9,0,25.41,242.84,304.2,0,21.88,0,0,3.59,0
2022,2,24,10,0,162.58,332.22,449.55,0,23.54,0,0,3.62,0
2022,2,24,11,0,53.43,435.26,571.6,0,24.77,0,0,3.74,0
2022,2,24,12,0,97.75,456.74,629.92,0,25.52,0,0,4.08,0
2022,2,24,13,0,191.51,395.0,683.6,0,25.41,0,0,4.46,0
2022,2,24,14,0,150.77,373.37,544.72,0,24.48,0,0,4.71,0
2022,2,24,15,0,85.49,299.78,390.05,0,23.5,0,0,4.92,0
2022,2,24,16,0,92.03,173.23,232.23,0,22.57,0,0,4.81,0
2022,2,24,17,0,61.85,84.29,101.97,0,21.35,0,0,4.0,0
2022,2,24,18,0,4.5,13.31,12.02,0,19.83,0,0,4.19,0
2022,2,24,19,0,0.0,0.0,0.0,0,18.84,0,0,4.68,0
2022,2,24,20,0,0.0,0.0,0.0,0,18.22,0,0,4.8,0
2022,2,24,21,0,0.0,0.0,0.0,0,17.7,0,0,4.77,0
2022,2,24,22,0,0.0,0.0,0.0,0,17.32,0,0,4.8,0
2022,2,24,23,0,0.0,0.0,0.0,0,17.03,0,0,4.8,0
2022,2,25,0,0,0.0,0.0,0.0,0,16.87,0,0,4.7,0
2022,2,25,1,0,0.0,0.0,0.0,0,16.87,0,0,4.59,0
2022,2,25,2,0,0.0,0.0,0.0,0,16.91,0,0,4.37,0
2022,2,25,3,0,0.0,0.0,0.0,0,16.9,0,0,4.03,0
2022,2,25,4,0,0.0,0.0,0.0,0,16.85,0,0,3.43,0
2022,2,25,5,0,0.0,0.0,0.0,0,16.79,0,0,3.31,0
2022,2,25,6,0,8.79,32.91,35.75,0,17.02,0,0,3.16,0
2022,2,25,7,0,22.93,89.62,109.03,0,17.41,0,0,2.74,0
2022,2,25,8,0,54.14,163.64,208.1,0,18.0,0,0,2.82,0
2022,2,25,9,0,21.39,236.03,289.17,0,18.65,0,0,3.38,0
2022,2,25,10,0,30.36,331.24,409.7,0,19.36,0,0,3.72,0
2022,2,25,11,0,65.38,297.77,435.6,0,20.07,0,0,3.83,0
2022,2,25,12,0,49.04,306.7,423.55,0,20.63,0,0,3.89,0
2022,2,25,13,0,24.87,284.36,354.75,0,21.04,0,0,3.93,0
2022,2,25,14,0,33.0,305.25,393.48,0,21.1,0,0,3.96,0
2022,2,25,15,0,20.24,231.01,272.73,0,20.76,0,0,3.83,0
2022,2,25,16,0,14.11,146.88,179.2,0,19.99,0,0,3.11,0
2022,2,25,17,0,20.25,81.4,94.53,0,18.91,0,0,3.0,0
2022,2,25,18,0,0.0,11.61,11.52,0,17.76,0,0,3.77,0
2022,2,25,19,0,0.0,0.0,0.0,0,17.05,0,0,4.18,0
2022,2,25,20,0,0.0,0.0,0.0,0,16.54,0,0,4.33,0
2022,2,25,21,0,0.0,0.0,0.0,0,16.13,0,0,4.43,0
2022,2,25,22,0,0.0,0.0,0.0,0,15.85,0,0,4.52,0
2022,2,25,23,0,0.0,0.0,0.0,0,15.71,0,0,4.49,0
2022,2,26,0,0,0.0,0.0,0.0,0,15.6,0,0,4.38,0
2022,2,26,1,0,0.0,0.0,0.0,0,15.5,0,0,4.09,0
2022,2,26,2,0,0.0,0.0,0.0,0,15.38,0,0,3.65,0
2022,2,26,3,0,0.0,0.0,0.0,0,15.28,0,0,3.32,0
2022,2,26,4,0,0.0,0.0,0.0,0,15.2,0,0,3.08,0
2022,2,26,5,0,0.0,0.0,0.0,0,15.11,0,0,2.95,0
2022,2,26,6,0,21.59,47.14,54.12,0,15.65,0,0,2.67,0
2022,2,26,7,0,80.55,141.72,184.35,0,16.83,0,0,3.28,0
2022,2,26,8,0,140.87,225.31,339.62,0,18.31,0,0,4.25,0
2022,2,26,9,0,195.14,281.82,478.95,0,19.66,0,0,4.49,0
2022,2,26,10,0,133.63,334.17,556.72,0,20.82,0,0,4.49,0
2022,2,26,11,0,87.48,428.67,587.05,0,21.8,0,0,4.54,0
2022,2,26,12,0,83.98,443.24,615.78,0,22.41,0,0,4.63,0
2022,2,26,13,0,188.43,335.01,588.33,0,22.52,0,0,4.71,0
2022,2,26,14,0,367.64,212.98,431.1,0,22.19,0,0,4.55,0
2022,2,26,15,0,167.69,260.94,393.1,0,21.6,0,0,4.31,0
2022,2,26,16,0,145.41,169.89,234.9,0,20.77,0,0,4.03,0
2022,2,26,17,0,69.93,84.57,105.75,0,19.62,0,0,3.23,0
2022,2,26,18,0,7.38,15.63,12.62,0,18.11,0,0,3.23,0
2022,2,26,19,0,0.0,0.0,0.0,0,17.15,0,0,3.59,0
2022,2,26,20,0,0.0,0.0,0.0,0,16.52,0,0,3.95,0
2022,2,26,21,0,0.0,0.0,0.0,0,16.05,0,0,4.23,0
2022,2,26,22,0,0.0,0.0,0.0,0,15.62,0,0,3.87,0
2022,2,26,23,0,0.0,0.0,0.0,0,15.29,0,0,3.72,0
2022,2,27,0,0,0.0,0.0,0.0,0,15.02,0,0,3.49,0
2022,2,27,1,0,0.0,0.0,0.0,0,14.77,0,0,3.24,0
2022,2,27,2,0,0.0,0.0,0.0,0,14.49,0,0,3.13,0
2022,2,27,3,0,0.0,0.0,0.0,0,14.19,0,0,3.03,0
2022,2,27,4,0,0.0,0.0,0.0,0,13.98,0,0,2.96,0
2022,2,27,5,0,0.0,0.0,0.0,0,13.88,0,0,2.92,0
2022,2,27,6,0,156.4,48.68,77.65,0,14.7,0,0,2.83,0
2022,2,27,7,0,360.04,130.94,255.6,0,16.81,0,0,2.97,0
2022,2,27,8,0,589.79,160.03,452.27,0,19.53,0,0,2.47,0
2022,2,27,9,0,444.04,226.14,591.4,0,21.75,0,0,1.73,0
2022,2,27,10,0,316.59,368.75,684.17,0,23.27,0,0,1.73,0
2022,2,27,11,0,353.84,294.26,677.83,0,24.12,0,0,1.89,0
2022,2,27,12,0,250.88,326.97,680.33,0,24.7,0,0,2.03,0
2022,2,27,13,0,84.82,430.82,670.35,0,24.58,0,0,2.15,0
2022,2,27,14,0,151.78,301.38,471.73,0,24.09,0,0,2.28,0
2022,2,27,15,0,135.86,263.05,366.38,0,23.27,0,0,2.49,0
2022,2,27,16,0,220.08,140.19,211.38,0,22.36,0,0,2.75,0
2022,2,27,17,0,157.67,69.82,98.0,0,21.19,0,0,2.81,0
2022,2,27,18,0,27.69,12.73,12.23,0,19.65,0,0,3.42,0
2022,2,27,19,0,0.0,0.0,0.0,0,18.61,0,0,3.78,0
2022,2,27,20,0,0.0,0.0,0.0,0,17.92,0,0,3.86,0
2022,2,27,21,0,0.0,0.0,0.0,0,17.27,0,0,4.0,0
2022,2,27,22,0,0.0,0.0,0.0,0,16.68,0,0,4.09,0
2022,2,27,23,0,0.0,0.0,0.0,0,16.0,0,0,4.09,0
2022,2,28,0,0,0.0,0.0,0.0,0,15.39,0,0,3.91,0
2022,2,28,1,0,0.0,0.0,0.0,0,14.99,0,0,3.71,0
2022,2,28,2,0,0.0,0.0,0.0,0,14.77,0,0,3.45,0
2022,2,28,3,0,0.0,0.0,0.0,0,14.62,0,0,3.31,0
2022,2,28,4,0,0.0,0.0,0.0,0,14.48,0,0,3.22,0
2022,2,28,5,0,0.0,0.0,0.0,0,14.4,0,0,3.3,0
2022,2,28,6,0,133.12,42.38,78.82,0,14.99,0,0,3.16,0
2022,2,28,7,0,391.66,112.07,257.15,0,16.38,0,0,4.17,0
2022,2,28,8,0,437.68,190.22,457.25,0,18.58,0,0,4.14,0
2022,2,28,9,0,411.17,308.13,627.12,0,20.92,0,0,3.59,0
2022,2,28,10,0,217.44,435.5,684.58,0,22.8,0,0,3.07,0
2022,2,28,11,0,93.89,443.29,634.33,0,23.91,0,0,2.92,0
2022,2,28,12,0,127.85,418.41,621.65,0,24.55,0,0,3.12,0
2022,2,28,13,0,252.59,412.57,642.5,0,24.61,0,0,3.39,0
2022,2,28,14,0,289.72,309.37,584.83,0,24.33,0,0,3.77,0
2022,2,28,15,0,270.59,257.11,441.5,0,23.66,0,0,4.3,0
2022,2,28,16,0,432.25,122.37,247.62,0,22.5,0,0,4.51,0
2022,2,28,17,0,236.49,73.76,114.7,0,21.04,0,0,4.16,0
2022,2,28,18,0,28.31,13.02,11.52,0,19.48,0,0,4.32,0
2022,2,28,19,0,0.0,0.0,0.0,0,18.39,0,0,5.04,0
2022,2,28,20,0,0.0,0.0,0.0,0,17.54,0,0,5.27,0
2022,2,28,21,0,0.0,0.0,0.0,0,16.81,0,0,5.29,0
2022,2,28,22,0,0.0,0.0,0.0,0,16.38,0,0,5.21,0
2022,2,28,23,0,0.0,0.0,0.0,0,16.16,0,0,5.0,0
2022,3,1,0,0,0.0,0.0,0.0,0,16.01,0,0,4.6,0
2022,3,1,1,0,0.0,0.0,0.0,0,15.86,0,0,4.21,0
2022,3,1,2,0,0.0,0.0,0.0,0,15.75,0,0,3.98,0
2022,3,1,3,0,0.0,0.0,0.0,0,15.74,0,0,4.03,0
2022,3,1,4,0,0.0,0.0,0.0,0,15.82,0,0,4.19,0
2022,3,1,5,0,0.0,0.0,0.0,0,15.87,0,0,4.28,0
2022,3,1,6,0,47.38,52.0,63.97,0,16.27,0,0,4.32,0
2022,3,1,7,0,255.7,133.44,199.57,0,16.99,0,0,4.47,0
2022,3,1,8,0,221.12,256.47,405.55,0,17.94,0,0,5.35,0
2022,3,1,9,0,329.03,334.72,549.08,0,19.09,0,0,5.64,0
2022,3,1,10,0,263.35,344.1,613.75,0,20.22,0,0,5.4,0
2022,3,1,11,0,113.71,500.41,656.65,0,21.11,0,0,5.09,0
2022,3,1,12,0,134.78,511.02,709.62,0,21.54,0,0,4.84,0
2022,3,1,13,0,177.54,381.79,642.58,0,21.43,0,0,4.75,0
2022,3,1,14,0,157.53,362.43,493.73,0,20.86,0,0,4.68,0
2022,3,1,15,0,267.59,277.74,401.25,0,20.0,0,0,4.59,0
2022,3,1,16,0,138.82,183.29,250.07,0,19.0,0,0,4.27,0
2022,3,1,17,0,176.82,80.82,113.3,0,17.96,0,0,4.58,0
2022,3,1,18,0,45.63,13.0,11.77,0,16.94,0,0,5.58,0
2022,3,1,19,0,0.0,0.0,0.0,0,16.25,0,0,5.71,0
2022,3,1,20,0,0.0,0.0,0.0,0,15.77,0,0,5.66,0
2022,3,1,21,0,0.0,0.0,0.0,0,15.5,0,0,5.65,0
2022,3,1,22,0,0.0,0.0,0.0,0,15.42,0,0,5.56,0
2022,3,1,23,0,0.0,0.0,0.0,0,15.42,0,0,5.53,0
2022,3,2,0,0,0.0,0.0,0.0,0,15.41,0,0,5.56,0
2022,3,2,1,0,0.0,0.0,0.0,0,15.37,0,0,5.72,0
2022,3,2,2,0,0.0,0.0,0.0,0,15.36,0,0,5.88,0
2022,3,2,3,0,0.0,0.0,0.0,0,15.3,0,0,5.87,0
2022,3,2,4,0,0.0,0.0,0.0,0,15.14,0,0,5.89,0
2022,3,2,5,0,0.0,0.0,0.0,0,14.92,0,0,5.87,0
2022,3,2,6,0,108.76,40.04,62.47,0,15.2,0,0,5.83,0
2022,3,2,7,0,285.02,95.35,191.6,0,16.04,0,0,6.07,0
2022,3,2,8,0,260.86,196.87,317.25,0,17.34,0,0,6.67,0
2022,3,2,9,0,50.45,337.47,425.98,0,18.89,0,0,6.83,0
2022,3,2,10,0,199.1,400.29,572.38,0,20.35,0,0,6.67,0
2022,3,2,11,0,127.98,375.13,593.25,0,21.48,0,0,6.38,0
2022,3,2,12,0,160.86,362.92,536.92,0,21.94,0,0,6.28,0
2022,3,2,13,0,72.29,386.99,481.38,0,21.88,0,0,6.34,0
2022,3,2,14,0,92.14,352.31,463.52,0,21.19,0,0,6.16,0
2022,3,2,15,0,35.26,234.67,292.4,0,20.24,0,0,6.22,0
2022,3,2,16,0,16.77,146.58,178.18,0,19.1,0,0,6.25,0
2022,3,2,17,0,7.43,71.32,78.12,0,17.8,0,0,6.27,0
2022,3,2,18,0,0.0,8.77,8.43,0,16.41,0,0,6.41,0
2022,3,2,19,0,0.0,0.0,0.0,0,15.54,0,0,6.53,0
2022,3,2,20,0,0.0,0.0,0.0,0,15.12,0,0,6.73,0
2022,3,2,21,0,0.0,0.0,0.0,0,14.84,0,0,6.55,0
2022,3,2,22,0,0.0,0.0,0.0,0,14.62,0,0,6.35,0
2022,3,2,23,0,0.0,0.0,0.0,0,14.45,0,0,6.12,0
2022,3,3,0,0,0.0,0.0,0.0,0,14.3,0,0,6.07,0
2022,3,3,1,0,0.0,0.0,0.0,0,14.15,0,0,5.87,0
2022,3,3,2,0,0.0,0.0,0.0,0,14.01,0,0,5.69,0
2022,3,3,3,0,0.0,0.0,0.0,0,13.89,0,0,5.41,0
2022,3,3,4,0,0.0,0.0,0.0,0,13.79,0,0,5.31,0
2022,3,3,5,0,0.0,0.0,0.0,0,13.77,0,0,5.45,0
2022,3,3,6,0,157.64,37.3,64.15,0,14.54,0,0,5.39,0
2022,3,3,7,0,415.95,91.43,234.02,0,15.93,0,0,5.59,0
2022,3,3,8,0,381.64,199.63,440.3,0,17.87,0,0,6.12,0
2022,3,3,9,0,497.87,223.06,496.95,0,19.93,0,0,6.02,0
2022,3,3,10,0,458.09,279.39,669.92,0,21.63,0,0,5.74,0
2022,3,3,11,0,462.46,279.63,751.08,0,22.92,0,0,5.49,0
2022,3,3,12,0,491.54,361.94,770.28,0,23.72,0,0,5.24,0
2022,3,3,13,0,438.65,252.8,695.22,0,24.12,0,0,5.05,0
2022,3,3,14,0,635.22,183.04,485.73,0,24.02,0,0,5.07,0
2022,3,3,15,0,302.81,267.44,438.27,0,23.0,0,0,5.03,0
2022,3,3,16,0,524.4,94.14,264.8,0,21.45,0,0,4.94,0
2022,3,3,17,0,451.3,39.41,125.97,0,20.0,0,0,4.69,0
2022,3,3,18,0,117.84,9.23,12.48,0,18.55,0,0,4.79,0
2022,3,3,19,0,0.0,0.0,0.0,0,17.62,0,0,4.9,0
2022,3,3,20,0,0.0,0.0,0.0,0,16.91,0,0,4.98,0
2022,3,3,21,0,0.0,0.0,0.0,0,16.28,0,0,5.07,0
2022,3,3,22,0,0.0,0.0,0.0,0,15.88,0,0,5.38,0
2022,3,3,23,0,0.0,0.0,0.0,0,15.67,0,0,5.54,0
2022,3,4,0,0,0.0,0.0,0.0,0,15.55,0,0,5.65,0
2022,3,4,1,0,0.0,0.0,0.0,0,15.48,0,0,5.72,0
2022,3,4,2,0,0.0,0.0,0.0,0,15.43,0,0,5.59,0
2022,3,4,3,0,0.0,0.0,0.0,0,15.32,0,0,5.18,0
2022,3,4,4,0,0.0,0.0,0.0,0,15.17,0,0,4.91,0
2022,3,4,5,0,0.0,0.0,0.0,0,15.02,0,0,4.65,0
2022,3,4,6,0,275.01,41.56,75.9,0,15.94,0,0,4.01,0
2022,3,4,7,0,391.66,102.8,253.02,0,17.55,0,0,4.35,0
2022,3,4,8,0,576.9,170.31,431.17,0,19.72,0,0,5.46,0
2022,3,4,9,0,460.57,248.16,563.85,0,21.98,0,0,5.28,0
2022,3,4,10,0,281.63,377.47,643.25,0,23.85,0,0,4.59,0
2022,3,4,11,0,308.27,395.16,707.35,0,25.31,0,0,3.88,0
2022,3,4,12,0,361.04,370.02,703.8,0,26.23,0,0,3.42,0
2022,3,4,13,0,377.56,362.72,687.22,0,26.59,0,0,3.08,0
2022,3,4,14,0,473.55,242.89,645.95,0,26.44,0,0,2.78,0
2022,3,4,15,0,513.46,237.01,519.17,0,25.96,0,0,2.7,0
2022,3,4,16,0,512.75,115.38,316.35,0,24.99,0,0,2.93,0
2022,3,4,17,0,209.12,94.27,137.98,0,23.35,0,0,2.97,0
2022,3,4,18,0,8.97,13.56,10.93,0,21.06,0,0,3.47,0
2022,3,4,19,0,0.0,0.0,0.0,0,19.7,0,0,3.66,0
2022,3,4,20,0,0.0,0.0,0.0,0,18.91,0,0,3.36,0
2022,3,4,21,0,0.0,0.0,0.0,0,18.36,0,0,2.88,0
2022,3,4,22,0,0.0,0.0,0.0,0,17.89,0,0,2.42,0
2022,3,4,23,0,0.0,0.0,0.0,0,17.53,0,0,2.4,0
2022,3,5,0,0,0.0,0.0,0.0,0,17.23,0,0,2.49,0
2022,3,5,1,0,0.0,0.0,0.0,0,16.92,0,0,2.43,0
2022,3,5,2,0,0.0,0.0,0.0,0,16.6,0,0,2.42,0
2022,3,5,3,0,0.0,0.0,0.0,0,16.38,0,0,2.52,0
2022,3,5,4,0,0.0,0.0,0.0,0,16.23,0,0,2.58,0
2022,3,5,5,0,0.0,0.0,0.0,0,16.09,0,0,2.59,0
2022,3,5,6,0,31.29,37.69,41.15,0,16.48,0,0,2.47,0
2022,3,5,7,0,57.24,120.84,147.65,0,17.66,0,0,2.55,0
2022,3,5,8,0,203.69,251.14,303.25,0,18.97,0,0,2.62,0
2022,3,5,9,0,192.37,363.2,512.05,0,19.87,0,0,2.46,0
2022,3,5,10,0,128.54,487.19,610.08,0,20.8,0,0,2.31,0
2022,3,5,11,0,298.35,470.0,613.83,0,22.41,0,0,2.57,0
2022,3,5,12,0,78.03,413.88,589.65,0,23.9,0,0,3.05,0
2022,3,5,13,0,97.06,406.07,520.28,0,24.72,0,0,3.43,0
2022,3,5,14,0,180.28,247.95,439.17,0,24.9,0,0,3.65,0
2022,3,5,15,0,104.77,244.5,352.38,0,24.35,0,0,3.52,0
2022,3,5,16,0,78.48,157.39,212.3,0,23.21,0,0,2.8,0
2022,3,5,17,0,42.62,83.32,88.6,0,21.48,0,0,2.01,0
2022,3,5,18,0,0.0,5.79,5.35,0,19.7,0,0,1.57,0
2022,3,5,19,0,0.0,0.0,0.0,0,18.69,0,0,1.08,0
2022,3,5,20,0,0.0,0.0,0.0,0,17.82,0,0,0.93,0
2022,3,5,21,0,0.0,0.0,0.0,0,16.88,0,0,1.87,0
2022,3,5,22,0,0.0,0.0,0.0,0,15.92,0,0,3.07,0
2022,3,5,23,0,0.0,0.0,0.0,0,15.1,0,0,4.3,0
2022,3,6,0,0,0.0,0.0,0.0,0,14.08,0,0,4.52,0
2022,3,6,1,0,0.0,0.0,0.0,0,13.1,0,0,3.97,0
2022,3,6,2,0,0.0,0.0,0.0,0,12.37,0,0,3.64,0
2022,3,6,3,0,0.0,0.0,0.0,0,12.15,0,0,3.5,0
2022,3,6,4,0,0.0,0.0,0.0,0,12.24,0,0,3.82,0
2022,3,6,5,0,0.0,0.0,0.0,0,12.47,0,0,3.89,0
2022,3,6,6,0,57.61,32.03,38.88,0,13.08,0,0,3.62,0
2022,3,6,7,0,130.14,98.17,121.88,0,14.07,0,0,3.75,0
2022,3,6,8,0,183.4,105.14,214.85,0,15.66,0,0,4.22,0
2022,3,6,9,0,68.96,167.52,226.35,0,17.6,0,0,5.07,0
2022,3,6,10,0,49.47,242.23,310.83,0,19.66,0,0,6.5,0
2022,3,6,11,0,177.29,265.21,485.88,0,21.26,0,0,6.67,0
2022,3,6,12,0,120.96,304.34,476.62,0,22.38,0,0,6.38,0
2022,3,6,13,0,110.98,293.16,385.08,0,23.02,0,0,5.98,0
2022,3,6,14,0,50.38,298.81,379.52,0,23.0,0,0,5.58,0
2022,3,6,15,0,147.13,235.76,337.3,0,22.62,0,0,5.22,0
2022,3,6,16,0,50.42,172.72,201.23,0,21.85,0,0,4.75,0
2022,3,6,17,0,61.1,78.18,82.35,0,20.47,0,0,4.46,0
2022,3,6,18,0,2.84,8.6,6.95,0,18.62,0,0,5.04,0
2022,3,6,19,0,0.0,0.0,0.0,0,17.68,0,0,5.53,0
2022,3,6,20,0,0.0,0.0,0.0,0,17.12,0,0,5.99,0
2022,3,6,21,0,0.0,0.0,0.0,0,16.84,0,0,6.18,0
2022,3,6,22,0,0.0,0.0,0.0,0,16.81,0,0,6.19,0
2022,3,6,23,0,0.0,0.0,0.0,0,16.84,0,0,6.23,0
2022,3,7,0,0,0.0,0.0,0.0,0,16.83,0,0,6.16,0
2022,3,7,1,0,0.0,0.0,0.0,0,16.82,0,0,6.0,0
2022,3,7,2,0,0.0,0.0,0.0,0,16.82,0,0,5.93,0
2022,3,7,3,0,0.0,0.0,0.0,0,16.81,0,0,5.77,0
2022,3,7,4,0,0.0,0.0,0.0,0,16.78,0,0,5.64,0
2022,3,7,5,0,0.0,0.0,0.0,0,16.69,0,0,5.59,0
2022,3,7,6,0,3.87,22.71,24.58,0,17.18,0,0,5.52,0
2022,3,7,7,0,20.61,66.1,79.53,0,18.1,0,0,5.4,0
2022,3,7,8,0,34.57,138.37,165.32,0,19.17,0,0,5.6,0
2022,3,7,9,0,38.84,226.69,282.85,0,20.12,0,0,5.6,0
2022,3,7,10,0,30.87,363.19,447.25,0,20.88,0,0,5.45,0
2022,3,7,11,0,46.56,382.03,480.2,0,21.09,0,0,5.24,0
2022,3,7,12,0,51.66,245.8,363.67,0,20.95,0,0,5.07,0
2022,3,7,13,0,12.37,249.52,322.12,0,20.63,0,0,4.77,0
2022,3,7,14,0,31.23,295.37,359.98,0,20.28,0,0,4.17,0
2022,3,7,15,0,90.73,224.89,322.55,0,19.84,0,0,3.46,0
2022,3,7,16,0,62.92,141.29,189.1,0,19.26,0,0,3.08,0
2022,3,7,17,0,28.3,70.86,76.57,0,18.46,0,0,3.01,0
2022,3,7,18,0,0.0,5.25,4.43,0,17.64,0,0,3.21,0
2022,3,7,19,0,0.0,0.0,0.0,0,17.31,0,0,3.13,0
2022,3,7,20,0,0.0,0.0,0.0,0,17.05,0,0,3.01,0
2022,3,7,21,0,0.0,0.0,0.0,0,16.84,0,0,2.97,0
2022,3,7,22,0,0.0,0.0,0.0,0,16.67,0,0,2.95,0
2022,3,7,23,0,0.0,0.0,0.0,0,16.49,0,0,2.85,0
2022,3,8,0,0,0.0,0.0,0.0,0,16.3,0,0,2.99,0
2022,3,8,1,0,0.0,0.0,0.0,0,16.08,0,0,2.95,0
2022,3,8,2,0,0.0,0.0,0.0,0,15.86,0,0,2.93,0
2022,3,8,3,0,0.0,0.0,0.0,0,15.69,0,0,2.89,0
2022,3,8,4,0,0.0,0.0,0.0,0,15.53,0,0,2.89,0
2022,3,8,5,0,0.0,0.0,0.0,0,15.39,0,0,2.99,0
2022,3,8,6,0,15.52,42.31,44.88,0,15.73,0,0,2.82,0
2022,3,8,7,0,86.79,128.47,161.5,0,16.54,0,0,2.71,0
2022,3,8,8,0,163.24,192.76,291.2,0,17.6,0,0,3.53,0
2022,3,8,9,0,22.13,305.56,393.27,0,19.12,0,0,4.13,0
2022,3,8,10,0,58.84,258.27,352.62,0,20.68,0,0,4.38,0
2022,3,8,11,0,111.8,176.34,266.62,0,21.8,0,0,4.46,0
2022,3,8,12,0,43.03,262.78,338.45,0,22.35,0,0,4.5,0
2022,3,8,13,0,56.02,234.35,302.38,0,22.02,0,0,4.59,0
2022,3,8,14,0,25.37,239.49,291.88,0,21.27,0,0,5.13,0
2022,3,8,15,0,51.1,150.87,187.55,0,20.29,0,0,5.57,0
2022,3,8,16,0,27.81,92.5,117.55,0,18.99,0,0,6.02,0
2022,3,8,17,0,30.12,38.93,48.88,0,17.39,0,0,6.91,0
2022,3,8,18,0,0.0,5.37,4.38,0,15.77,0,0,7.31,0
2022,3,8,19,0,0.0,0.0,0.0,0,14.68,0,0,7.12,0
2022,3,8,20,0,0.0,0.0,0.0,0,14.01,0,0,6.77,0
2022,3,8,21,0,0.0,0.0,0.0,0,13.5,0,0,6.43,0
2022,3,8,22,0,0.0,0.0,0.0,0,13.06,0,0,5.92,0
2022,3,8,23,0,0.0,0.0,0.0,0,12.71,0,0,5.6,0
2022,3,9,0,0,0.0,0.0,0.0,0,12.47,0,0,5.27,0
2022,3,9,1,0,0.0,0.0,0.0,0,12.34,0,0,4.85,0
2022,3,9,2,0,0.0,0.0,0.0,0,12.34,0,0,4.28,0
2022,3,9,3,0,0.0,0.0,0.0,0,12.32,0,0,3.97,0
2022,3,9,4,0,0.0,0.0,0.0,0,12.29,0,0,3.84,0
2022,3,9,5,0,0.0,0.0,0.0,0,12.23,0,0,3.61,0
2022,3,9,6,0,93.24,36.88,47.15,0,12.42,0,0,3.52,0
2022,3,9,7,0,170.88,160.87,200.7,0,13.03,0,0,3.77,0
2022,3,9,8,0,401.39,226.4,381.77,0,14.17,0,0,4.48,0
2022,3,9,9,0,542.26,251.34,539.83,0,15.91,0,0,4.74,0
2022,3,9,10,0,219.08,320.91,671.05,0,18.01,0,0,4.72,0
2022,3,9,11,0,443.81,330.19,756.78,0,19.85,0,0,4.62,0
2022,3,9,12,0,483.08,282.45,770.8,0,21.0,0,0,4.49,0
2022,3,9,13,0,254.7,407.18,669.72,0,21.45,0,0,4.36,0
2022,3,9,14,0,74.13,379.17,473.42,0,21.32,0,0,4.2,0
2022,3,9,15,0,207.86,261.48,396.77,0,20.82,0,0,4.06,0
2022,3,9,16,0,249.7,95.8,215.52,0,19.88,0,0,3.87,0
2022,3,9,17,0,218.21,45.73,100.28,0,18.62,0,0,3.26,0
2022,3,9,18,0,30.57,6.37,6.1,0,16.79,0,0,3.15,0
2022,3,9,19,0,0.0,0.0,0.0,0,15.53,0,0,3.33,0
2022,3,9,20,0,0.0,0.0,0.0,0,14.62,0,0,3.32,0
2022,3,9,21,0,0.0,0.0,0.0,0,13.87,0,0,3.33,0
2022,3,9,22,0,0.0,0.0,0.0,0,13.42,0,0,3.17,0
2022,3,9,23,0,0.0,0.0,0.0,0,12.97,0,0,2.78,0
2022,3,10,0,0,0.0,0.0,0.0,0,12.55,0,0,2.6,0
2022,3,10,1,0,0.0,0.0,0.0,0,12.1,0,0,2.39,0
2022,3,10,2,0,0.0,0.0,0.0,0,11.65,0,0,2.15,0
2022,3,10,3,0,0.0,0.0,0.0,0,11.26,0,0,2.11,0
2022,3,10,4,0,0.0,0.0,0.0,0,10.96,0,0,2.13,0
2022,3,10,5,0,0.0,0.0,0.0,0,10.68,0,0,2.1,0
2022,3,10,6,0,126.45,25.91,32.75,0,11.23,0,0,1.82,0
2022,3,10,7,0,190.18,80.65,138.12,0,12.94,0,0,1.49,0
2022,3,10,8,0,363.33,134.39,247.18,0,15.09,0,0,1.05,0
2022,3,10,9,0,742.15,198.62,346.35,0,17.62,0,0,0.51,0
2022,3,10,10,0,514.59,178.73,442.5,0,19.57,0,0,1.56,0
2022,3,10,11,0,654.29,222.5,589.58,0,20.41,0,0,1.97,0
2022,3,10,12,0,336.88,356.17,734.42,0,21.07,0,0,2.07,0
2022,3,10,13,0,494.67,284.5,719.78,0,21.42,0,0,2.09,0
2022,3,10,14,0,652.66,154.65,554.58,0,21.35,0,0,1.76,0
2022,3,10,15,0,464.91,211.7,488.6,0,20.94,0,0,1.24,0
2022,3,10,16,0,522.98,118.48,309.48,0,20.14,0,0,0.87,0
2022,3,10,17,0,303.32,60.78,125.6,0,18.83,0,0,1.73,0
2022,3,10,18,0,52.89,5.65,6.45,0,17.18,0,0,2.91,0
2022,3,10,19,0,0.0,0.0,0.0,0,16.12,0,0,3.87,0
2022,3,10,20,0,0.0,0.0,0.0,0,15.42,0,0,4.32,0
2022,3,10,21,0,0.0,0.0,0.0,0,14.6,0,0,4.48,0
2022,3,10,22,0,0.0,0.0,0.0,0,13.76,0,0,4.46,0
2022,3,10,23,0,0.0,0.0,0.0,0,13.02,0,0,4.48,0
2022,3,11,0,0,0.0,0.0,0.0,0,12.42,0,0,4.51,0
2022,3,11,1,0,0.0,0.0,0.0,0,11.79,0,0,4.25,0
2022,3,11,2,0,0.0,0.0,0.0,0,11.25,0,0,4.02,0
2022,3,11,3,0,0.0,0.0,0.0,0,10.91,0,0,3.94,0
2022,3,11,4,0,0.0,0.0,0.0,0,10.66,0,0,3.86,0
2022,3,11,5,0,0.0,0.0,0.0,0,10.46,0,0,3.81,0
2022,3,11,6,0,319.27,29.68,61.47,0,10.7,0,0,3.67,0
2022,3,11,7,0,499.57,88.1,254.75,0,12.11,0,0,3.7,0
2022,3,11,8,0,639.25,129.46,461.7,0,14.43,0,0,3.42,0
2022,3,11,9,0,684.84,138.73,533.42,0,16.77,0,0,2.65,0
2022,3,11,10,0,446.45,373.18,740.08,0,18.76,0,0,1.67,0
2022,3,11,11,0,507.88,291.99,742.05,0,20.08,0,0,1.17,0
2022,3,11,12,0,576.04,277.23,720.95,0,20.43,0,0,1.12,0
2022,3,11,13,0,401.16,362.51,768.05,0,20.75,0,0,0.87,0
2022,3,11,14,0,598.25,212.76,642.62,0,21.18,0,0,0.46,0
2022,3,11,15,0,586.12,148.44,461.73,0,20.92,0,0,0.52,0
2022,3,11,16,0,518.4,104.15,289.23,0,20.17,0,0,1.58,0
2022,3,11,17,0,279.81,51.38,116.65,0,18.75,0,0,2.77,0
2022,3,11,18,0,32.7,5.18,5.3,0,16.88,0,0,3.82,0
2022,3,11,19,0,0.0,0.0,0.0,0,15.93,0,0,4.21,0
2022,3,11,20,0,0.0,0.0,0.0,0,15.13,0,0,4.26,0
2022,3,11,21,0,0.0,0.0,0.0,0,14.34,0,0,4.43,0
2022,3,11,22,0,0.0,0.0,0.0,0,13.78,0,0,4.45,0
2022,3,11,23,0,0.0,0.0,0.0,0,13.34,0,0,4.68,0
2022,3,12,0,0,0.0,0.0,0.0,0,12.94,0,0,4.76,0
2022,3,12,1,0,0.0,0.0,0.0,0,12.47,0,0,4.48,0
2022,3,12,2,0,0.0,0.0,0.0,0,12.07,0,0,4.15,0
2022,3,12,3,0,0.0,0.0,0.0,0,11.75,0,0,4.04,0
2022,3,12,4,0,0.0,0.0,0.0,0,11.43,0,0,4.02,0
2022,3,12,5,0,0.0,0.0,0.0,0,11.16,0,0,3.9,0
2022,3,12,6,0,224.61,31.79,57.28,0,11.72,0,0,3.8,0
2022,3,12,7,0,567.56,74.86,247.52,0,13.48,0,0,4.58,0
2022,3,12,8,0,655.06,149.84,466.2,0,15.76,0,0,4.59,0
2022,3,12,9,0,908.93,129.78,610.3,0,17.83,0,0,4.13,0
2022,3,12,10,0,574.44,299.35,717.58,0,19.52,0,0,3.43,0
2022,3,12,11,0,657.15,271.33,784.83,0,20.86,0,0,2.72,0
2022,3,12,12,0,518.0,286.42,776.08,0,21.59,0,0,2.22,0
2022,3,12,13,0,401.2,336.59,697.3,0,21.79,0,0,2.14,0
2022,3,12,14,0,706.91,135.98,525.67,0,21.48,0,0,2.42,0
2022,3,12,15,0,546.18,205.37,504.9,0,20.96,0,0,3.0,0
2022,3,12,16,0,571.08,125.07,286.98,0,20.1,0,0,3.54,0
2022,3,12,17,0,67.37,83.05,107.03,0,18.67,0,0,3.78,0
2022,3,12,18,0,7.63,5.1,4.05,0,16.76,0,0,4.2,0
2022,3,12,19,0,0.0,0.0,0.0,0,15.62,0,0,4.23,0
2022,3,12,20,0,0.0,0.0,0.0,0,14.65,0,0,4.4,0
2022,3,12,21,0,0.0,0.0,0.0,0,13.84,0,0,4.52,0
2022,3,12,22,0,0.0,0.0,0.0,0,13.25,0,0,4.62,0
2022,3,12,23,0,0.0,0.0,0.0,0,12.82,0,0,4.56,0
2022,3,13,0,0,0.0,0.0,0.0,0,12.47,0,0,4.47,0
2022,3,13,1,0,0.0,0.0,0.0,0,12.21,0,0,4.27,0
2022,3,13,2,0,0.0,0.0,0.0,0,12.01,0,0,3.87,0
2022,3,13,3,0,0.0,0.0,0.0,0,11.7,0,0,3.4,0
2022,3,13,4,0,0.0,0.0,0.0,0,11.44,0,0,3.43,0
2022,3,13,5,0,0.0,0.0,0.0,0,11.25,0,0,3.51,0
2022,3,13,6,0,141.19,35.96,45.05,0,11.81,0,0,3.33,0
2022,3,13,7,0,281.29,114.19,215.68,0,13.31,0,0,3.86,0
2022,3,13,8,0,407.6,224.98,418.33,0,15.19,0,0,3.65,0
2022,3,13,9,0,745.71,158.19,667.83,0,17.07,0,0,2.9,0
2022,3,13,10,0,817.96,168.25,783.4,0,18.88,0,0,1.94,0
2022,3,13,11,0,632.24,309.9,833.85,0,20.5,0,0,1.11,0
2022,3,13,12,0,462.02,327.52,778.4,0,21.54,0,0,0.86,0
2022,3,13,13,0,668.21,240.32,709.67,0,22.12,0,0,1.06,0
2022,3,13,14,0,423.79,295.71,592.8,0,22.19,0,0,1.3,0
2022,3,13,15,0,766.27,129.89,386.65,0,21.72,0,0,1.66,0
2022,3,13,16,0,539.33,87.76,245.48,0,20.89,0,0,2.22,0
2022,3,13,17,0,293.85,46.31,95.15,0,19.19,0,0,2.89,0
2022,3,13,18,0,15.3,4.53,3.67,0,16.89,0,0,3.61,0
2022,3,13,19,0,0.0,0.0,0.0,0,15.73,0,0,3.72,0
2022,3,13,20,0,0.0,0.0,0.0,0,14.98,0,0,3.54,0
2022,3,13,21,0,0.0,0.0,0.0,0,14.21,0,0,3.24,0
2022,3,13,22,0,0.0,0.0,0.0,0,13.61,0,0,3.11,0
2022,3,13,23,0,0.0,0.0,0.0,0,13.35,0,0,3.26,0
2022,3,14,0,0,0.0,0.0,0.0,0,13.15,0,0,3.3,0
2022,3,14,1,0,0.0,0.0,0.0,0,12.91,0,0,3.05,0
2022,3,14,2,0,0.0,0.0,0.0,0,12.65,0,0,2.86,0
2022,3,14,3,0,0.0,0.0,0.0,0,12.41,0,0,2.82,0
2022,3,14,4,0,0.0,0.0,0.0,0,12.16,0,0,2.79,0
2022,3,14,5,0,0.0,0.0,0.0,0,11.95,0,0,2.89,0
2022,3,14,6,0,266.83,25.88,60.3,0,12.48,0,0,2.64,0
2022,3,14,7,0,675.74,60.92,272.27,0,14.21,0,0,2.38,0
2022,3,14,8,0,802.4,83.67,489.85,0,16.76,0,0,2.01,0
2022,3,14,9,0,857.17,114.87,678.47,0,19.34,0,0,1.29,0
2022,3,14,10,0,778.24,216.61,791.5,0,21.08,0,0,1.0,0
2022,3,14,11,0,629.8,288.99,795.33,0,22.13,0,0,1.12,0
2022,3,14,12,0,611.06,288.99,773.92,0,22.89,0,0,1.47,0
2022,3,14,13,0,555.43,287.53,713.9,0,23.23,0,0,1.88,0
2022,3,14,14,0,559.24,228.3,577.3,0,23.1,0,0,2.4,0
2022,3,14,15,0,404.49,218.44,453.55,0,22.45,0,0,3.04,0
2022,3,14,16,0,365.29,156.92,277.6,0,21.18,0,0,3.47,0
2022,3,14,17,0,281.68,63.09,111.03,0,19.36,0,0,3.64,0
2022,3,14,18,0,0.0,0.0,0.0,0,17.32,0,0,4.07,0
2022,3,14,19,0,0.0,0.0,0.0,0,16.08,0,0,4.28,0
2022,3,14,20,0,0.0,0.0,0.0,0,15.01,0,0,4.44,0
2022,3,14,21,0,0.0,0.0,0.0,0,14.29,0,0,4.51,0
2022,3,14,22,0,0.0,0.0,0.0,0,13.91,0,0,4.64,0
2022,3,14,23,0,0.0,0.0,0.0,0,13.62,0,0,4.69,0
2022,3,15,0,0,0.0,0.0,0.0,0,13.34,0,0,4.49,0
2022,3,15,1,0,0.0,0.0,0.0,0,13.11,0,0,4.43,0
2022,3,15,2,0,0.0,0.0,0.0,0,12.84,0,0,4.54,0
2022,3,15,3,0,0.0,0.0,0.0,0,12.52,0,0,4.43,0
2022,3,15,4,0,0.0,0.0,0.0,0,12.28,0,0,4.32,0
2022,3,15,5,0,0.0,0.0,0.0,0,12.08,0,0,4.23,0
2022,3,15,6,0,194.76,30.62,52.7,0,12.55,0,0,4.32,0
2022,3,15,7,0,403.06,101.54,242.07,0,13.99,0,0,4.9,0
2022,3,15,8,0,450.73,207.68,443.27,0,16.03,0,0,4.96,0
2022,3,15,9,0,664.24,221.21,611.6,0,17.98,0,0,4.48,0
2022,3,15,10,0,651.29,260.74,716.42,0,19.69,0,0,3.95,0
2022,3,15,11,0,517.04,334.22,784.83,0,20.96,0,0,3.78,0
2022,3,15,12,0,279.6,474.81,778.78,0,21.51,0,0,3.74,0
2022,3,15,13,0,633.33,404.01,693.53,0,21.53,0,0,3.85,0
2022,3,15,14,0,379.3,415.18,595.53,0,21.14,0,0,3.98,0
2022,3,15,15,0,299.06,270.86,426.73,0,20.44,0,0,4.09,0
2022,3,15,16,0,172.58,190.49,256.38,0,19.42,0,0,4.27,0
2022,3,15,17,0,158.03,69.47,98.18,0,17.91,0,0,4.04,0
2022,3,15,18,0,0.0,0.0,0.0,0,15.83,0,0,4.11,0
2022,3,15,19,0,0.0,0.0,0.0,0,14.41,0,0,4.21,0
2022,3,15,20,0,0.0,0.0,0.0,0,13.24,0,0,4.33,0
2022,3,15,21,0,0.0,0.0,0.0,0,12.33,0,0,4.51,0
2022,3,15,22,0,0.0,0.0,0.0,0,11.7,0,0,4.45,0
2022,3,15,23,0,0.0,0.0,0.0,0,11.35,0,0,4.44,0
2022,3,16,0,0,0.0,0.0,0.0,0,11.23,0,0,4.55,0
2022,3,16,1,0,0.0,0.0,0.0,0,11.21,0,0,4.23,0
2022,3,16,2,0,0.0,0.0,0.0,0,11.17,0,0,3.97,0
2022,3,16,3,0,0.0,0.0,0.0,0,11.2,0,0,3.88,0
2022,3,16,4,0,0.0,0.0,0.0,0,11.32,0,0,3.87,0
2022,3,16,5,0,0.0,0.0,0.0,0,11.48,0,0,3.75,0
2022,3,16,6,0,46.56,40.4,40.53,0,12.04,0,0,3.38,0
2022,3,16,7,0,287.44,166.71,205.27,0,13.26,0,0,3.45,0
2022,3,16,8,0,256.62,251.82,388.35,0,15.25,0,0,4.0,0
2022,3,16,9,0,441.74,283.7,549.25,0,17.23,0,0,3.65,0
2022,3,16,10,0,583.99,258.81,674.62,0,18.63,0,0,2.98,0
2022,3,16,11,0,237.59,505.9,732.25,0,20.09,0,0,2.36,0
2022,3,16,12,0,245.96,420.81,721.65,0,21.53,0,0,1.79,0
2022,3,16,13,0,222.83,287.29,627.28,0,22.1,0,0,1.34,0
2022,3,16,14,0,132.59,335.89,468.85,0,21.64,0,0,1.15,0
2022,3,16,15,0,246.44,167.03,306.98,0,20.74,0,0,1.22,0
2022,3,16,16,0,268.09,91.59,181.02,0,19.88,0,0,1.52,0
2022,3,16,17,0,164.83,56.61,68.0,0,18.85,0,0,2.1,0
2022,3,16,18,0,0.0,0.0,0.0,0,17.03,0,0,2.89,0
2022,3,16,19,0,0.0,0.0,0.0,0,15.97,0,0,3.76,0
2022,3,16,20,0,0.0,0.0,0.0,0,15.49,0,0,3.9,0
2022,3,16,21,0,0.0,0.0,0.0,0,15.1,0,0,3.59,0
2022,3,16,22,0,0.0,0.0,0.0,0,14.7,0,0,3.46,0
2022,3,16,23,0,0.0,0.0,0.0,0,14.55,0,0,3.46,0
2022,3,17,0,0,0.0,0.0,0.0,0,14.36,0,0,3.13,0
2022,3,17,1,0,0.0,0.0,0.0,0,14.11,0,0,2.95,0
2022,3,17,2,0,0.0,0.0,0.0,0,13.89,0,0,2.87,0
2022,3,17,3,0,0.0,0.0,0.0,0,13.68,0,0,2.92,0
2022,3,17,4,0,0.0,0.0,0.0,0,13.51,0,0,2.88,0
2022,3,17,5,0,0.0,0.0,0.0,0,13.36,0,0,2.79,0
2022,3,17,6,0,127.16,27.12,41.05,0,13.79,0,0,2.57,0
2022,3,17,7,0,300.07,106.31,192.68,0,15.3,0,0,2.53,0
2022,3,17,8,0,278.52,220.29,356.3,0,17.57,0,0,2.44,0
2022,3,17,9,0,209.7,301.13,445.7,0,19.98,0,0,2.14,0
2022,3,17,10,0,130.7,422.54,527.75,0,21.62,0,0,1.98,0
2022,3,17,11,0,82.61,469.84,618.65,0,22.49,0,0,2.06,0
2022,3,17,12,0,71.27,477.61,616.33,0,22.7,0,0,2.23,0
2022,3,17,13,0,40.31,423.71,522.5,0,22.27,0,0,2.31,0
2022,3,17,14,0,0.0,226.3,277.0,0,21.55,0,0,2.36,0
2022,3,17,15,0,4.45,216.48,251.25,0,20.62,0,0,2.1,0
2022,3,17,16,0,1.21,138.45,151.95,0,19.63,0,0,2.03,0
2022,3,17,17,0,0.0,39.83,40.85,0,18.6,0,0,2.0,0
2022,3,17,18,0,0.0,0.0,0.0,0,17.66,0,0,2.2,0
2022,3,17,19,0,0.0,0.0,0.0,0,17.13,0,0,2.35,0
2022,3,17,20,0,0.0,0.0,0.0,0,16.76,0,0,2.5,0
2022,3,17,21,0,0.0,0.0,0.0,0,16.5,0,0,2.47,0
2022,3,17,22,0,0.0,0.0,0.0,0,16.4,0,0,2.21,0
2022,3,17,23,0,0.0,0.0,0.0,0,16.34,0,0,2.01,0
2022,3,18,0,0,0.0,0.0,0.0,0,16.03,0,0,2.09,0
2022,3,18,1,0,0.0,0.0,0.0,0,15.57,0,0,2.3,0
2022,3,18,2,0,0.0,0.0,0.0,0,15.22,0,0,2.34,0
2022,3,18,3,0,0.0,0.0,0.0,0,14.91,0,0,2.45,0
2022,3,18,4,0,0.0,0.0,0.0,0,14.54,0,0,2.7,0
2022,3,18,5,0,0.0,0.0,0.0,0,14.12,0,0,3.12,0
2022,3,18,6,0,59.08,32.71,37.42,0,14.49,0,0,3.5,0
2022,3,18,7,0,389.44,118.83,218.55,0,16.42,0,0,2.68,0
2022,3,18,8,0,627.41,121.68,415.5,0,18.22,0,0,2.3,0
2022,3,18,9,0,689.6,174.31,632.03,0,20.48,0,0,2.87,0
2022,3,18,10,0,520.06,310.47,700.6,0,21.77,0,0,2.78,0
2022,3,18,11,0,435.8,319.81,728.78,0,22.63,0,0,2.71,0
2022,3,18,12,0,439.7,342.7,704.3,0,23.09,0,0,2.74,0
2022,3,18,13,0,479.51,267.26,678.0,0,23.21,0,0,2.9,0
2022,3,18,14,0,375.44,252.1,497.67,0,23.04,0,0,3.02,0
2022,3,18,15,0,279.19,190.08,332.3,0,22.64,0,0,3.08,0
2022,3,18,16,0,306.83,116.68,197.95,0,21.82,0,0,3.05,0
2022,3,18,17,0,204.51,37.94,73.3,0,20.06,0,0,3.17,0
2022,3,18,18,0,0.0,0.0,0.0,0,17.69,0,0,3.81,0
2022,3,18,19,0,0.0,0.0,0.0,0,16.6,0,0,3.75,0
2022,3,18,20,0,0.0,0.0,0.0,0,15.72,0,0,3.57,0
2022,3,18,21,0,0.0,0.0,0.0,0,15.17,0,0,3.62,0
2022,3,18,22,0,0.0,0.0,0.0,0,14.88,0,0,3.67,0
2022,3,18,23,0,0.0,0.0,0.0,0,14.68,0,0,3.54,0
2022,3,19,0,0,0.0,0.0,0.0,0,14.57,0,0,3.41,0
2022,3,19,1,0,0.0,0.0,0.0,0,14.43,0,0,3.34,0
2022,3,19,2,0,0.0,0.0,0.0,0,14.27,0,0,3.4,0
2022,3,19,3,0,0.0,0.0,0.0,0,14.09,0,0,3.34,0
2022,3,19,4,0,0.0,0.0,0.0,0,13.92,0,0,3.41,0
2022,3,19,5,0,0.0,0.0,0.0,0,13.82,0,0,3.51,0
2022,3,19,6,0,52.39,33.57,32.0,0,14.28,0,0,3.3,0
2022,3,19,7,0,105.13,125.53,153.12,0,15.5,0,0,3.19,0
2022,3,19,8,0,253.49,158.99,296.48,0,17.18,0,0,4.45,0
2022,3,19,9,0,206.55,288.61,424.33,0,19.43,0,0,4.49,0
2022,3,19,10,0,203.65,362.07,538.53,0,21.27,0,0,3.64,0
2022,3,19,11,0,193.09,428.46,637.0,0,22.66,0,0,2.75,0
2022,3,19,12,0,259.56,360.25,634.28,0,23.4,0,0,2.15,0
2022,3,19,13,0,495.34,263.69,625.2,0,23.63,0,0,1.81,0
2022,3,19,14,0,606.06,153.23,517.3,0,23.03,0,0,1.78,0
2022,3,19,15,0,491.03,124.45,376.45,0,22.54,0,0,1.96,0
2022,3,19,16,0,512.37,70.33,237.23,0,21.55,0,0,2.08,0
2022,3,19,17,0,273.95,39.14,89.03,0,20.01,0,0,2.17,0
2022,3,19,18,0,0.0,0.0,0.0,0,18.33,0,0,2.77,0
2022,3,19,19,0,0.0,0.0,0.0,0,17.29,0,0,3.26,0
2022,3,19,20,0,0.0,0.0,0.0,0,16.51,0,0,3.34,0
2022,3,19,21,0,0.0,0.0,0.0,0,15.66,0,0,3.26,0
2022,3,19,22,0,0.0,0.0,0.0,0,14.83,0,0,3.12,0
2022,3,19,23,0,0.0,0.0,0.0,0,14.1,0,0,2.78,0
2022,3,20,0,0,0.0,0.0,0.0,0,13.39,0,0,2.45,0
2022,3,20,1,0,0.0,0.0,0.0,0,12.7,0,0,2.14,0
2022,3,20,2,0,0.0,0.0,0.0,0,12.03,0,0,2.0,0
2022,3,20,3,0,0.0,0.0,0.0,0,11.44,0,0,1.79,0
2022,3,20,4,0,0.0,0.0,0.0,0,11.11,0,0,1.56,0
2022,3,20,5,0,0.0,0.0,0.0,0,10.96,0,0,1.21,0
2022,3,20,6,0,224.37,22.78,47.58,0,11.37,0,0,0.93,0
2022,3,20,7,0,634.16,58.86,254.07,0,13.66,0,0,1.04,0
2022,3,20,8,0,819.99,69.81,471.7,0,17.18,0,0,2.48,0
2022,3,20,9,0,889.29,79.01,660.05,0,19.94,0,0,3.33,0
2022,3,20,10,0,912.37,91.68,798.95,0,21.62,0,0,3.86,0
2022,3,20,11,0,856.9,130.6,858.75,0,22.62,0,0,4.18,0
2022,3,20,12,0,848.7,147.7,837.22,0,23.14,0,0,4.22,0
2022,3,20,13,0,690.43,214.25,776.2,0,23.4,0,0,4.13,0
2022,3,20,14,0,806.12,137.05,669.47,0,23.32,0,0,4.02,0
2022,3,20,15,0,794.27,96.14,506.8,0,23.02,0,0,3.84,0
2022,3,20,16,0,654.31,77.69,304.67,0,22.26,0,0,3.21,0
2022,3,20,17,0,247.41,39.89,104.1,0,20.59,0,0,2.48,0
2022,3,20,18,0,0.0,0.0,0.0,0,18.37,0,0,2.69,0
2022,3,20,19,0,0.0,0.0,0.0,0,16.97,0,0,3.17,0
2022,3,20,20,0,0.0,0.0,0.0,0,15.86,0,0,3.76,0
2022,3,20,21,0,0.0,0.0,0.0,0,15.29,0,0,3.93,0
2022,3,20,22,0,0.0,0.0,0.0,0,15.23,0,0,3.58,0
2022,3,20,23,0,0.0,0.0,0.0,0,15.02,0,0,3.16,0
2022,3,21,0,0,0.0,0.0,0.0,0,14.6,0,0,2.78,0
2022,3,21,1,0,0.0,0.0,0.0,0,14.3,0,0,2.7,0
2022,3,21,2,0,0.0,0.0,0.0,0,14.14,0,0,2.56,0
2022,3,21,3,0,0.0,0.0,0.0,0,13.96,0,0,2.49,0
2022,3,21,4,0,0.0,0.0,0.0,0,13.81,0,0,2.5,0
2022,3,21,5,0,0.0,0.0,0.0,0,13.52,0,0,2.48,0
2022,3,21,6,0,202.9,22.43,45.62,0,13.64,0,0,2.26,0
2022,3,21,7,0,624.69,57.31,247.4,0,14.78,0,0,1.8,0
2022,3,21,8,0,792.08,74.26,458.38,0,16.98,0,0,1.28,0
2022,3,21,9,0,880.35,76.95,632.1,0,20.19,0,0,0.8,0
2022,3,21,10,0,883.74,95.89,791.5,0,22.16,0,0,1.85,0
2022,3,21,11,0,704.48,194.16,822.9,0,23.05,0,0,2.19,0
2022,3,21,12,0,648.37,214.63,776.4,0,23.76,0,0,2.37,0
2022,3,21,13,0,509.68,328.24,713.28,0,24.25,0,0,2.56,0
2022,3,21,14,0,695.19,103.14,573.42,0,24.3,0,0,2.67,0
2022,3,21,15,0,611.21,157.82,474.05,0,24.02,0,0,2.49,0
2022,3,21,16,0,580.89,87.98,282.65,0,23.25,0,0,2.07,0
2022,3,21,17,0,343.01,36.78,95.1,0,21.4,0,0,1.94,0
2022,3,21,18,0,0.0,0.0,0.0,0,18.93,0,0,2.62,0
2022,3,21,19,0,0.0,0.0,0.0,0,17.33,0,0,3.25,0
2022,3,21,20,0,0.0,0.0,0.0,0,16.05,0,0,3.61,0
2022,3,21,21,0,0.0,0.0,0.0,0,15.06,0,0,3.69,0
2022,3,21,22,0,0.0,0.0,0.0,0,14.41,0,0,3.66,0
2022,3,21,23,0,0.0,0.0,0.0,0,13.9,0,0,3.62,0
2022,3,22,0,0,0.0,0.0,0.0,0,13.58,0,0,3.16,0
2022,3,22,1,0,0.0,0.0,0.0,0,13.43,0,0,2.63,0
2022,3,22,2,0,0.0,0.0,0.0,0,13.3,0,0,2.25,0
2022,3,22,3,0,0.0,0.0,0.0,0,13.08,0,0,1.97,0
2022,3,22,4,0,0.0,0.0,0.0,0,12.8,0,0,1.85,0
2022,3,22,5,0,0.0,0.0,0.0,0,12.57,0,0,1.84,0
2022,3,22,6,0,221.56,21.15,44.22,0,12.83,0,0,1.7,0
2022,3,22,7,0,628.39,57.97,247.7,0,14.66,0,0,1.13,0
2022,3,22,8,0,782.28,80.85,464.9,0,17.77,0,0,1.12,0
2022,3,22,9,0,893.43,76.19,654.85,0,21.59,0,0,2.84,0
2022,3,22,10,0,929.67,83.5,794.8,0,23.75,0,0,3.38,0
2022,3,22,11,0,792.36,161.69,850.22,0,24.86,0,0,3.5,0
2022,3,22,12,0,708.78,215.86,825.83,0,25.44,0,0,3.61,0
2022,3,22,13,0,788.29,180.23,724.72,0,25.61,0,0,3.72,0
2022,3,22,14,0,476.87,321.82,602.42,0,25.6,0,0,3.7,0
2022,3,22,15,0,709.5,134.9,428.83,0,25.26,0,0,3.47,0
2022,3,22,16,0,396.26,103.91,243.85,0,24.28,0,0,3.02,0
2022,3,22,17,0,166.99,49.24,77.03,0,22.29,0,0,3.15,0
2022,3,22,18,0,0.0,0.0,0.0,0,20.36,0,0,3.62,0
2022,3,22,19,0,0.0,0.0,0.0,0,19.49,0,0,4.23,0
2022,3,22,20,0,0.0,0.0,0.0,0,18.95,0,0,4.74,0
2022,3,22,21,0,0.0,0.0,0.0,0,18.53,0,0,4.95,0
2022,3,22,22,0,0.0,0.0,0.0,0,18.35,0,0,4.85,0
2022,3,22,23,0,0.0,0.0,0.0,0,18.14,0,0,4.95,0
2022,3,23,0,0,0.0,0.0,0.0,0,18.12,0,0,4.96,0
2022,3,23,1,0,0.0,0.0,0.0,0,18.01,0,0,4.0,0
2022,3,23,2,0,0.0,0.0,0.0,0,17.61,0,0,3.01,0
2022,3,23,3,0,0.0,0.0,0.0,0,17.02,0,0,3.08,0
2022,3,23,4,0,0.0,0.0,0.0,0,16.09,0,0,3.52,0
2022,3,23,5,0,0.0,0.0,0.0,0,15.33,0,0,3.89,0
2022,3,23,6,0,22.34,26.19,25.62,0,15.72,0,0,3.81,0
2022,3,23,7,0,57.27,116.25,160.23,0,16.84,0,0,2.93,0
2022,3,23,8,0,87.45,255.35,310.17,0,17.73,0,0,3.11,0
2022,3,23,9,0,257.1,388.26,495.48,0,19.07,0,0,3.42,0
2022,3,23,10,0,196.73,448.38,608.97,0,19.77,0,0,3.98,0
2022,3,23,11,0,241.55,371.31,645.83,0,20.75,0,0,4.11,0
2022,3,23,12,0,413.74,379.17,737.67,0,22.29,0,0,4.02,0
2022,3,23,13,0,435.86,372.48,695.97,0,23.25,0,0,3.72,0
2022,3,23,14,0,265.39,401.79,564.47,0,23.6,0,0,3.24,0
2022,3,23,15,0,179.35,286.71,405.5,0,23.28,0,0,2.63,0
2022,3,23,16,0,153.74,176.51,222.02,0,22.36,0,0,1.88,0
2022,3,23,17,0,74.44,65.15,67.35,0,20.13,0,0,2.0,0
2022,3,23,18,0,0.0,0.0,0.0,0,17.43,0,0,2.91,0
2022,3,23,19,0,0.0,0.0,0.0,0,15.97,0,0,3.71,0
2022,3,23,20,0,0.0,0.0,0.0,0,15.02,0,0,4.42,0
2022,3,23,21,0,0.0,0.0,0.0,0,15.01,0,0,4.45,0
2022,3,23,22,0,0.0,0.0,0.0,0,14.8,0,0,4.32,0
2022,3,23,23,0,0.0,0.0,0.0,0,14.43,0,0,4.4,0
2022,3,24,0,0,0.0,0.0,0.0,0,14.08,0,0,4.46,0
2022,3,24,1,0,0.0,0.0,0.0,0,13.65,0,0,4.27,0
2022,3,24,2,0,0.0,0.0,0.0,0,13.31,0,0,3.9,0
2022,3,24,3,0,0.0,0.0,0.0,0,13.12,0,0,3.76,0
2022,3,24,4,0,0.0,0.0,0.0,0,13.03,0,0,3.83,0
2022,3,24,5,0,0.0,0.0,0.0,0,12.95,0,0,3.8,0
2022,3,24,6,0,27.2,29.88,28.83,0,12.96,0,0,3.74,0
2022,3,24,7,0,153.68,129.12,172.38,0,13.35,0,0,4.05,0
2022,3,24,8,0,290.28,190.44,325.62,0,14.01,0,0,4.32,0
2022,3,24,9,0,422.33,209.28,484.33,0,14.78,0,0,4.62,0
2022,3,24,10,0,473.99,233.48,638.17,0,15.5,0,0,4.48,0
2022,3,24,11,0,245.4,374.64,620.95,0,16.2,0,0,4.2,0
2022,3,24,12,0,252.8,354.0,615.1,0,16.69,0,0,3.83,0
2022,3,24,13,0,188.08,335.11,518.38,0,17.09,0,0,3.31,0
2022,3,24,14,0,73.08,275.64,388.33,0,17.53,0,0,2.76,0
2022,3,24,15,0,81.88,197.51,274.48,0,17.81,0,0,2.51,0
2022,3,24,16,0,51.12,122.68,155.4,0,17.47,0,0,2.46,0
2022,3,24,17,0,10.77,34.41,41.4,0,16.35,0,0,2.67,0
2022,3,24,18,0,0.0,0.0,0.0,0,15.16,0,0,3.09,0
2022,3,24,19,0,0.0,0.0,0.0,0,14.36,0,0,3.47,0
2022,3,24,20,0,0.0,0.0,0.0,0,13.82,0,0,3.66,0
2022,3,24,21,0,0.0,0.0,0.0,0,13.4,0,0,3.43,0
2022,3,24,22,0,0.0,0.0,0.0,0,13.04,0,0,3.36,0
2022,3,24,23,0,0.0,0.0,0.0,0,12.67,0,0,3.32,0
2022,3,25,0,0,0.0,0.0,0.0,0,12.34,0,0,3.38,0
2022,3,25,1,0,0.0,0.0,0.0,0,12.04,0,0,3.57,0
2022,3,25,2,0,0.0,0.0,0.0,0,11.79,0,0,3.48,0
2022,3,25,3,0,0.0,0.0,0.0,0,11.52,0,0,3.31,0
2022,3,25,4,0,0.0,0.0,0.0,0,11.3,0,0,3.26,0
2022,3,25,5,0,0.0,0.0,0.0,0,11.12,0,0,3.24,0
2022,3,25,6,0,111.03,20.45,27.15,0,11.24,0,0,3.1,0
2022,3,25,7,0,279.41,108.51,156.6,0,12.3,0,0,3.08,0
2022,3,25,8,0,249.67,188.37,294.75,0,14.38,0,0,3.23,0
2022,3,25,9,0,243.9,246.91,436.23,0,16.64,0,0,3.3,0
2022,3,25,10,0,126.6,371.66,531.28,0,18.35,0,0,3.25,0
2022,3,25,11,0,109.48,426.92,610.9,0,19.52,0,0,3.29,0
2022,3,25,12,0,216.63,383.6,620.65,0,19.95,0,0,3.5,0
2022,3,25,13,0,499.3,223.77,604.08,0,19.93,0,0,3.75,0
2022,3,25,14,0,479.88,258.27,569.4,0,19.66,0,0,4.0,0
2022,3,25,15,0,371.19,215.63,403.17,0,18.85,0,0,4.17,0
2022,3,25,16,0,331.23,105.26,209.38,0,17.85,0,0,3.79,0
2022,3,25,17,0,139.78,41.73,56.75,0,16.55,0,0,3.69,0
2022,3,25,18,0,0.0,0.0,0.0,0,14.93,0,0,3.92,0
2022,3,25,19,0,0.0,0.0,0.0,0,14.03,0,0,4.18,0
2022,3,25,20,0,0.0,0.0,0.0,0,13.53,0,0,4.46,0
2022,3,25,21,0,0.0,0.0,0.0,0,13.2,0,0,4.6,0
2022,3,25,22,0,0.0,0.0,0.0,0,12.92,0,0,4.28,0
2022,3,25,23,0,0.0,0.0,0.0,0,12.74,0,0,4.11,0
2022,3,26,0,0,0.0,0.0,0.0,0,12.65,0,0,4.07,0
2022,3,26,1,0,0.0,0.0,0.0,0,12.51,0,0,3.95,0
2022,3,26,2,0,0.0,0.0,0.0,0,12.35,0,0,3.84,0
2022,3,26,3,0,0.0,0.0,0.0,0,12.2,0,0,3.76,0
2022,3,26,4,0,0.0,0.0,0.0,0,12.05,0,0,3.7,0
2022,3,26,5,0,0.0,0.0,0.0,0,11.9,0,0,3.58,0
2022,3,26,6,0,42.8,23.25,21.17,0,12.13,0,0,3.51,0
2022,3,26,7,0,119.74,95.51,118.07,0,13.35,0,0,3.59,0
2022,3,26,8,0,102.77,177.64,234.07,0,15.12,0,0,4.53,0
2022,3,26,9,0,139.14,276.0,351.77,0,17.02,0,0,4.74,0
2022,3,26,10,0,124.26,305.69,446.52,0,18.54,0,0,4.55,0
2022,3,26,11,0,410.38,335.57,476.83,0,19.45,0,0,4.32,0
2022,3,26,12,0,185.57,366.15,538.33,0,19.89,0,0,4.24,0
2022,3,26,13,0,261.42,365.28,543.15,0,19.73,0,0,4.26,0
2022,3,26,14,0,161.13,309.1,390.4,0,18.97,0,0,4.38,0
2022,3,26,15,0,138.75,234.2,298.55,0,18.06,0,0,4.33,0
2022,3,26,16,0,72.51,123.99,152.55,0,16.92,0,0,3.61,0
2022,3,26,17,0,28.63,29.61,34.2,0,15.52,0,0,3.34,0
2022,3,26,18,0,0.0,0.0,0.0,0,14.19,0,0,3.81,0
2022,3,26,19,0,0.0,0.0,0.0,0,13.51,0,0,3.88,0
2022,3,26,20,0,0.0,0.0,0.0,0,12.95,0,0,3.82,0
2022,3,26,21,0,0.0,0.0,0.0,0,12.64,0,0,3.72,0
2022,3,26,22,0,0.0,0.0,0.0,0,12.39,0,0,3.48,0
2022,3,26,23,0,0.0,0.0,0.0,0,12.23,0,0,3.55,0
2022,3,27,0,0,0.0,0.0,0.0,0,12.05,0,0,3.64,0
2022,3,27,1,0,0.0,0.0,0.0,0,11.92,0,0,3.89,0
2022,3,27,2,0,0.0,0.0,0.0,0,11.8,0,0,3.98,0
2022,3,27,3,0,0.0,0.0,0.0,0,11.7,0,0,4.03,0
2022,3,27,4,0,0.0,0.0,0.0,0,11.69,0,0,4.05,0
2022,3,27,5,0,0.0,0.0,0.0,0,11.78,0,0,4.1,0
2022,3,27,6,0,0.0,16.5,15.82,0,12.1,0,0,4.08,0
2022,3,27,7,0,28.28,89.55,107.8,0,13.08,0,0,3.97,0
2022,3,27,8,0,28.65,166.6,201.07,0,14.6,0,0,5.27,0
2022,3,27,9,0,34.18,209.23,261.25,0,16.1,0,0,5.69,0
2022,3,27,10,0,13.87,239.19,298.58,0,17.32,0,0,5.3,0
2022,3,27,11,0,59.38,366.34,466.33,0,18.06,0,0,5.02,0
2022,3,27,12,0,65.62,298.3,423.27,0,17.83,0,0,4.81,0
2022,3,27,13,0,62.2,185.62,248.77,0,17.42,0,0,4.49,0
2022,3,27,14,0,44.97,237.81,286.73,0,17.03,0,0,4.01,0
2022,3,27,15,0,22.19,189.97,221.05,0,16.27,0,0,3.53,0
2022,3,27,16,0,20.14,100.31,116.85,0,15.31,0,0,3.19,0
2022,3,27,17,0,1.26,29.45,30.85,0,14.33,0,0,3.44,0
2022,3,27,18,0,0.0,0.0,0.0,0,13.49,0,0,3.76,0
2022,3,27,19,0,0.0,0.0,0.0,0,13.05,0,0,3.78,0
2022,3,27,20,0,0.0,0.0,0.0,0,12.78,0,0,3.76,0
2022,3,27,21,0,0.0,0.0,0.0,0,12.73,0,0,3.87,0
2022,3,27,22,0,0.0,0.0,0.0,0,12.77,0,0,3.79,0
2022,3,27,23,0,0.0,0.0,0.0,0,12.8,0,0,3.6,0
2022,3,28,0,0,0.0,0.0,0.0,0,12.73,0,0,3.41,0
2022,3,28,1,0,0.0,0.0,0.0,0,12.72,0,0,3.16,0
2022,3,28,2,0,0.0,0.0,0.0,0,12.72,0,0,2.98,0
2022,3,28,3,0,0.0,0.0,0.0,0,12.75,0,0,2.7,0
2022,3,28,4,0,0.0,0.0,0.0,0,12.69,0,0,2.55,0
2022,3,28,5,0,0.0,0.0,0.0,0,12.62,0,0,2.33,0
2022,3,28,6,0,29.21,23.35,21.83,0,12.76,0,0,2.11,0
2022,3,28,7,0,143.14,118.0,157.85,0,13.56,0,0,1.51,0
2022,3,28,8,0,368.15,158.42,315.02,0,15.07,0,0,1.0,0
2022,3,28,9,0,403.15,224.42,480.17,0,17.34,0,0,0.77,0
2022,3,28,10,0,299.8,301.65,576.47,0,19.85,0,0,0.63,0
2022,3,28,11,0,208.9,369.29,578.4,0,21.38,0,0,0.84,0
2022,3,28,12,0,263.05,297.78,575.42,0,22.12,0,0,1.17,0
2022,3,28,13,0,425.21,248.84,479.45,0,22.25,0,0,1.05,0
2022,3,28,14,0,323.94,166.39,334.77,0,21.82,0,0,0.72,0
2022,3,28,15,0,317.69,131.89,245.93,0,21.05,0,0,0.86,0
2022,3,28,16,0,161.01,100.15,132.73,0,19.94,0,0,1.23,0
2022,3,28,17,0,25.15,24.58,26.2,0,18.49,0,0,1.7,0
2022,3,28,18,0,0.0,0.0,0.0,0,17.14,0,0,2.33,0
2022,3,28,19,0,0.0,0.0,0.0,0,16.47,0,0,2.64,0
2022,3,28,20,0,0.0,0.0,0.0,0,16.02,0,0,2.91,0
2022,3,28,21,0,0.0,0.0,0.0,0,15.63,0,0,3.08,0
2022,3,28,22,0,0.0,0.0,0.0,0,15.28,0,0,3.11,0
2022,3,28,23,0,0.0,0.0,0.0,0,15.06,0,0,3.08,0
2022,3,29,0,0,0.0,0.0,0.0,0,14.9,0,0,2.86,0
2022,3,29,1,0,0.0,0.0,0.0,0,14.7,0,0,2.69,0
2022,3,29,2,0,0.0,0.0,0.0,0,14.49,0,0,2.68,0
2022,3,29,3,0,0.0,0.0,0.0,0,14.29,0,0,2.86,0
2022,3,29,4,0,0.0,0.0,0.0,0,14.15,0,0,3.05,0
2022,3,29,5,0,0.0,0.0,0.0,0,14.04,0,0,3.1,0
2022,3,29,6,0,0.0,13.86,13.43,0,14.05,0,0,3.08,0
2022,3,29,7,0,0.0,67.57,82.97,0,14.43,0,0,2.68,0
2022,3,29,8,0,0.22,132.98,160.85,0,15.14,0,0,2.67,0
2022,3,29,9,0,8.87,182.17,220.7,0,16.14,0,0,3.04,0
2022,3,29,10,0,36.33,284.32,350.8,0,17.16,0,0,3.43,0
2022,3,29,11,0,50.84,258.05,320.88,0,18.26,0,0,3.3,0
2022,3,29,12,0,100.04,264.07,351.35,0,19.01,0,0,2.92,0
2022,3,29,13,0,0.13,224.51,276.17,0,19.21,0,0,2.72,0
2022,3,29,14,0,25.35,173.78,209.23,0,18.81,0,0,2.38,0
2022,3,29,15,0,8.8,119.05,147.48,0,18.09,0,0,1.89,0
2022,3,29,16,0,0.89,72.16,81.55,0,17.38,0,0,1.97,0
2022,3,29,17,0,0.0,20.42,21.38,0,16.52,0,0,2.79,0
2022,3,29,18,0,0.0,0.0,0.0,0,15.66,0,0,3.01,0
2022,3,29,19,0,0.0,0.0,0.0,0,14.88,0,0,2.84,0
2022,3,29,20,0,0.0,0.0,0.0,0,14.29,0,0,2.45,0
2022,3,29,21,0,0.0,0.0,0.0,0,13.78,0,0,2.47,0
2022,3,29,22,0,0.0,0.0,0.0,0,13.39,0,0,2.63,0
2022,3,29,23,0,0.0,0.0,0.0,0,13.09,0,0,2.66,0
2022,3,30,0,0,0.0,0.0,0.0,0,12.89,0,0,2.54,0
2022,3,30,1,0,0.0,0.0,0.0,0,12.65,0,0,2.39,0
2022,3,30,2,0,0.0,0.0,0.0,0,12.46,0,0,2.31,0
2022,3,30,3,0,0.0,0.0,0.0,0,12.36,0,0,2.44,0
2022,3,30,4,0,0.0,0.0,0.0,0,12.33,0,0,2.61,0
2022,3,30,5,0,0.0,0.0,0.0,0,12.34,0,0,2.63,0
2022,3,30,6,0,21.6,26.84,23.55,0,12.56,0,0,2.77,0
2022,3,30,7,0,95.24,125.77,170.98,0,13.57,0,0,2.9,0
2022,3,30,8,0,340.3,209.26,344.42,0,15.2,0,0,3.37,0
2022,3,30,9,0,452.52,270.93,499.3,0,17.12,0,0,3.77,0
2022,3,30,10,0,366.18,308.44,600.33,0,18.8,0,0,3.94,0
2022,3,30,11,0,187.27,409.26,628.97,0,20.02,0,0,4.11,0
2022,3,30,12,0,355.88,229.44,483.92,0,20.85,0,0,4.31,0
2022,3,30,13,0,383.28,280.94,511.6,0,21.27,0,0,4.33,0
2022,3,30,14,0,259.06,234.5,420.38,0,21.3,0,0,4.23,0
2022,3,30,15,0,427.21,109.25,293.83,0,20.91,0,0,4.0,0
2022,3,30,16,0,336.94,81.17,176.43,0,20.02,0,0,3.37,0
2022,3,30,17,0,155.76,27.09,46.47,0,18.27,0,0,2.96,0
2022,3,30,18,0,0.0,0.0,0.0,0,16.18,0,0,3.33,0
2022,3,30,19,0,0.0,0.0,0.0,0,15.16,0,0,3.6,0
2022,3,30,20,0,0.0,0.0,0.0,0,14.55,0,0,3.39,0
2022,3,30,21,0,0.0,0.0,0.0,0,14.08,0,0,3.31,0
2022,3,30,22,0,0.0,0.0,0.0,0,13.66,0,0,3.09,0
2022,3,30,23,0,0.0,0.0,0.0,0,13.28,0,0,3.13,0
2022,3,31,0,0,0.0,0.0,0.0,0,12.89,0,0,3.27,0
2022,3,31,1,0,0.0,0.0,0.0,0,12.5,0,0,3.42,0
2022,3,31,2,0,0.0,0.0,0.0,0,12.1,0,0,3.51,0
2022,3,31,3,0,0.0,0.0,0.0,0,11.65,0,0,3.63,0
2022,3,31,4,0,0.0,0.0,0.0,0,11.14,0,0,4.02,0
2022,3,31,5,0,0.0,0.0,0.0,0,10.5,0,0,4.06,0
2022,3,31,6,0,65.43,20.74,22.73,0,10.22,0,0,4.22,0
2022,3,31,7,0,346.45,90.13,186.9,0,11.35,0,0,4.6,0
2022,3,31,8,0,591.37,116.83,389.08,0,13.39,0,0,5.25,0
2022,3,31,9,0,740.88,127.22,580.78,0,15.63,0,0,5.72,0
2022,3,31,10,0,739.7,154.25,701.05,0,17.42,0,0,5.83,0
2022,3,31,11,0,820.94,167.25,784.67,0,18.8,0,0,5.68,0
2022,3,31,12,0,615.77,218.7,674.95,0,19.74,0,0,5.39,0
2022,3,31,13,0,158.28,303.9,468.33,0,20.17,0,0,5.36,0
2022,3,31,14,0,226.51,264.07,408.0,0,20.14,0,0,5.59,0
2022,3,31,15,0,398.65,99.05,268.9,0,19.47,0,0,5.88,0
2022,3,31,16,0,253.55,68.16,153.88,0,17.97,0,0,6.01,0
2022,3,31,17,0,239.96,20.68,35.78,0,15.84,0,0,6.08,0
2022,3,31,18,0,0.0,0.0,0.0,0,13.75,0,0,6.45,0
2022,3,31,19,0,0.0,0.0,0.0,0,12.23,0,0,6.57,0
2022,3,31,20,0,0.0,0.0,0.0,0,10.93,0,0,6.55,0
2022,3,31,21,0,0.0,0.0,0.0,0,9.84,0,0,6.44,0
2022,3,31,22,0,0.0,0.0,0.0,0,9.0,0,0,6.18,0
2022,3,31,23,0,0.0,0.0,0.0,0,8.48,0,0,6.02,0
2022,4,1,0,0,0.0,0.0,0.0,0,8.25,0,0,5.96,0
2022,4,1,1,0,0.0,0.0,0.0,0,7.91,0,0,5.77,0
2022,4,1,2,0,0.0,0.0,0.0,0,7.67,0,0,5.55,0
2022,4,1,3,0,0.0,0.0,0.0,0,7.64,0,0,5.47,0
2022,4,1,4,0,0.0,0.0,0.0,0,7.73,0,0,5.28,0
2022,4,1,5,0,0.0,0.0,0.0,0,7.86,0,0,5.18,0
2022,4,1,6,0,198.83,20.69,26.6,0,8.23,0,0,5.07,0
2022,4,1,7,0,257.08,94.32,155.18,0,9.27,0,0,5.15,0
2022,4,1,8,0,351.36,160.2,285.75,0,10.59,0,0,5.76,0
2022,4,1,9,0,307.17,241.87,405.38,0,12.19,0,0,6.19,0
2022,4,1,10,0,335.43,231.13,504.88,0,13.64,0,0,6.07,0
2022,4,1,11,0,291.1,340.2,577.17,0,14.56,0,0,5.87,0
2022,4,1,12,0,205.36,330.12,522.47,0,14.9,0,0,5.77,0
2022,4,1,13,0,64.93,349.86,433.88,0,14.84,0,0,5.8,0
2022,4,1,14,0,577.29,134.38,305.17,0,14.6,0,0,5.84,0
2022,4,1,15,0,357.22,103.81,245.43,0,14.13,0,0,5.77,0
2022,4,1,16,0,398.93,67.58,146.15,0,13.31,0,0,5.53,0
2022,4,1,17,0,221.92,17.7,32.5,0,12.01,0,0,5.01,0
2022,4,1,18,0,0.0,0.0,0.0,0,10.65,0,0,4.71,0
2022,4,1,19,0,0.0,0.0,0.0,0,9.76,0,0,4.66,0
2022,4,1,20,0,0.0,0.0,0.0,0,9.06,0,0,4.58,0
2022,4,1,21,0,0.0,0.0,0.0,0,8.46,0,0,4.33,0
2022,4,1,22,0,0.0,0.0,0.0,0,7.94,0,0,4.19,0
2022,4,1,23,0,0.0,0.0,0.0,0,7.57,0,0,3.96,0
2022,4,2,0,0,0.0,0.0,0.0,0,7.34,0,0,3.95,0
2022,4,2,1,0,0.0,0.0,0.0,0,7.26,0,0,4.02,0
2022,4,2,2,0,0.0,0.0,0.0,0,7.23,0,0,4.07,0
2022,4,2,3,0,0.0,0.0,0.0,0,7.09,0,0,3.96,0
2022,4,2,4,0,0.0,0.0,0.0,0,6.87,0,0,3.78,0
2022,4,2,5,0,0.0,0.0,0.0,0,6.6,0,0,3.42,0
2022,4,2,6,0,181.98,16.52,26.42,0,6.6,0,0,2.82,0
2022,4,2,7,0,424.46,68.07,182.62,0,8.48,0,0,2.78,0
2022,4,2,8,0,550.95,122.41,350.77,0,10.81,0,0,3.35,0
2022,4,2,9,0,534.0,173.89,494.98,0,12.91,0,0,2.54,0
2022,4,2,10,0,624.09,204.17,647.2,0,14.6,0,0,1.71,0
2022,4,2,11,0,391.67,345.49,627.12,0,15.72,0,0,1.57,0
2022,4,2,12,0,34.7,363.35,441.23,0,16.17,0,0,1.88,0
2022,4,2,13,0,178.8,224.42,355.48,0,16.12,0,0,2.2,0
2022,4,2,14,0,80.5,208.96,284.4,0,15.94,0,0,2.48,0
2022,4,2,15,0,457.97,68.23,238.7,0,15.26,0,0,2.65,0
2022,4,2,16,0,306.26,46.16,148.15,0,14.5,0,0,2.72,0
2022,4,2,17,0,240.99,15.92,35.47,0,13.18,0,0,2.62,0
2022,4,2,18,0,0.0,0.0,0.0,0,11.27,0,0,2.83,0
2022,4,2,19,0,0.0,0.0,0.0,0,9.96,0,0,3.04,0
2022,4,2,20,0,0.0,0.0,0.0,0,9.13,0,0,2.9,0
2022,4,2,21,0,0.0,0.0,0.0,0,8.51,0,0,2.59,0
2022,4,2,22,0,0.0,0.0,0.0,0,8.05,0,0,2.14,0
2022,4,2,23,0,0.0,0.0,0.0,0,7.86,0,0,1.7,0
2022,4,3,0,0,0.0,0.0,0.0,0,7.87,0,0,1.2,0
2022,4,3,1,0,0.0,0.0,0.0,0,7.87,0,0,0.89,0
2022,4,3,2,0,0.0,0.0,0.0,0,7.72,0,0,0.96,0
2022,4,3,3,0,0.0,0.0,0.0,0,7.45,0,0,1.16,0
2022,4,3,4,0,0.0,0.0,0.0,0,7.26,0,0,1.43,0
2022,4,3,5,0,0.0,0.0,0.0,0,7.11,0,0,1.64,0
2022,4,3,6,0,191.96,13.15,27.65,0,7.36,0,0,1.86,0
2022,4,3,7,0,533.75,68.85,198.77,0,8.86,0,0,2.16,0
2022,4,3,8,0,522.37,143.76,384.52,0,11.62,0,0,3.84,0
2022,4,3,9,0,505.67,234.49,546.8,0,14.16,0,0,4.9,0
2022,4,3,10,0,882.86,141.43,731.08,0,15.77,0,0,5.65,0
2022,4,3,11,0,938.95,118.25,804.92,0,16.81,0,0,6.05,0
2022,4,3,12,0,792.02,146.65,816.9,0,17.53,0,0,6.31,0
2022,4,3,13,0,911.74,90.33,737.85,0,18.01,0,0,6.43,0
2022,4,3,14,0,671.79,186.44,595.47,0,18.14,0,0,6.28,0
2022,4,3,15,0,530.48,176.54,429.15,0,17.86,0,0,5.95,0
2022,4,3,16,0,577.84,72.47,240.27,0,17.07,0,0,5.26,0
2022,4,3,17,0,267.97,23.27,48.72,0,14.9,0,0,4.61,0
2022,4,3,18,0,0.0,0.0,0.0,0,12.67,0,0,4.64,0
2022,4,3,19,0,0.0,0.0,0.0,0,11.3,0,0,4.62,0
2022,4,3,20,0,0.0,0.0,0.0,0,10.43,0,0,4.61,0
2022,4,3,21,0,0.0,0.0,0.0,0,9.82,0,0,4.38,0
2022,4,3,22,0,0.0,0.0,0.0,0,9.29,0,0,4.1,0
2022,4,3,23,0,0.0,0.0,0.0,0,8.83,0,0,3.89,0
2022,4,4,0,0,0.0,0.0,0.0,0,8.37,0,0,3.9,0
2022,4,4,1,0,0.0,0.0,0.0,0,7.77,0,0,4.2,0
2022,4,4,2,0,0.0,0.0,0.0,0,7.32,0,0,4.38,0
2022,4,4,3,0,0.0,0.0,0.0,0,7.1,0,0,4.06,0
2022,4,4,4,0,0.0,0.0,0.0,0,6.91,0,0,3.77,0
2022,4,4,5,0,0.0,0.0,0.0,0,6.65,0,0,3.63,0
2022,4,4,6,0,173.8,13.83,25.5,0,6.72,0,0,3.59,0
2022,4,4,7,0,654.46,44.28,208.95,0,9.39,0,0,2.87,0
2022,4,4,8,0,705.79,74.93,412.25,0,12.45,0,0,2.21,0
2022,4,4,9,0,841.6,83.37,603.8,0,15.08,0,0,3.62,0
2022,4,4,10,0,931.56,75.11,736.75,0,16.74,0,0,4.42,0
2022,4,4,11,0,939.53,76.96,810.97,0,18.1,0,0,5.01,0
2022,4,4,12,0,848.84,128.59,799.03,0,19.06,0,0,5.31,0
2022,4,4,13,0,844.05,118.62,736.85,0,19.5,0,0,5.11,0
2022,4,4,14,0,760.85,110.96,591.2,0,19.53,0,0,4.69,0
2022,4,4,15,0,699.49,101.86,432.88,0,19.16,0,0,4.2,0
2022,4,4,16,0,676.05,54.16,234.25,0,18.27,0,0,3.35,0
2022,4,4,17,0,274.25,19.9,42.65,0,15.82,0,0,2.94,0
2022,4,4,18,0,0.0,0.0,0.0,0,13.4,0,0,3.27,0
2022,4,4,19,0,0.0,0.0,0.0,0,12.02,0,0,3.61,0
2022,4,4,20,0,0.0,0.0,0.0,0,10.97,0,0,3.87,0
2022,4,4,21,0,0.0,0.0,0.0,0,10.19,0,0,3.93,0
2022,4,4,22,0,0.0,0.0,0.0,0,9.56,0,0,3.89,0
2022,4,4,23,0,0.0,0.0,0.0,0,8.97,0,0,3.88,0
2022,4,5,0,0,0.0,0.0,0.0,0,8.57,0,0,3.74,0
2022,4,5,1,0,0.0,0.0,0.0,0,8.52,0,0,3.28,0
2022,4,5,2,0,0.0,0.0,0.0,0,8.5,0,0,2.83,0
2022,4,5,3,0,0.0,0.0,0.0,0,8.5,0,0,2.54,0
2022,4,5,4,0,0.0,0.0,0.0,0,8.66,0,0,2.18,0
2022,4,5,5,0,0.0,0.0,0.0,0,8.97,0,0,1.7,0
2022,4,5,6,0,196.45,12.19,26.3,0,9.53,0,0,1.17,0
2022,4,5,7,0,697.82,37.16,214.55,0,11.19,0,0,0.68,0
2022,4,5,8,0,866.89,48.34,427.58,0,14.22,0,0,0.48,0
2022,4,5,9,0,925.53,57.8,610.83,0,17.32,0,0,1.72,0
2022,4,5,10,0,963.79,60.47,743.45,0,18.95,0,0,2.11,0
2022,4,5,11,0,966.65,66.98,812.9,0,20.14,0,0,2.16,0
2022,4,5,12,0,965.41,67.05,816.47,0,20.98,0,0,1.99,0
2022,4,5,13,0,936.83,69.66,750.78,0,21.43,0,0,1.78,0
2022,4,5,14,0,893.78,70.72,622.9,0,21.43,0,0,1.61,0
2022,4,5,15,0,811.1,60.98,446.0,0,20.93,0,0,1.42,0
2022,4,5,16,0,643.36,49.74,235.3,0,19.75,0,0,1.49,0
2022,4,5,17,0,178.28,21.03,39.38,0,17.13,0,0,2.34,0
2022,4,5,18,0,0.0,0.0,0.0,0,14.57,0,0,3.63,0
2022,4,5,19,0,0.0,0.0,0.0,0,13.35,0,0,4.63,0
2022,4,5,20,0,0.0,0.0,0.0,0,13.17,0,0,4.7,0
2022,4,5,21,0,0.0,0.0,0.0,0,13.03,0,0,4.02,0
2022,4,5,22,0,0.0,0.0,0.0,0,12.53,0,0,3.69,0
2022,4,5,23,0,0.0,0.0,0.0,0,12.18,0,0,3.61,0
2022,4,6,0,0,0.0,0.0,0.0,0,12.07,0,0,3.68,0
2022,4,6,1,0,0.0,0.0,0.0,0,12.14,0,0,3.44,0
2022,4,6,2,0,0.0,0.0,0.0,0,12.08,0,0,3.39,0
2022,4,6,3,0,0.0,0.0,0.0,0,12.0,0,0,3.33,0
2022,4,6,4,0,0.0,0.0,0.0,0,11.82,0,0,3.21,0
2022,4,6,5,0,0.0,0.0,0.0,0,11.65,0,0,3.22,0
2022,4,6,6,0,37.23,14.71,17.8,0,11.71,0,0,3.15,0
2022,4,6,7,0,259.56,91.75,162.48,0,12.99,0,0,3.06,0
2022,4,6,8,0,419.61,141.55,335.88,0,14.76,0,0,3.55,0
2022,4,6,9,0,502.31,197.71,502.48,0,16.98,0,0,3.53,0
2022,4,6,10,0,511.5,278.99,654.35,0,18.82,0,0,2.97,0
2022,4,6,11,0,564.49,246.36,689.62,0,20.04,0,0,2.6,0
2022,4,6,12,0,473.08,295.68,609.58,0,20.62,0,0,2.53,0
2022,4,6,13,0,366.58,270.79,534.72,0,20.75,0,0,2.54,0
2022,4,6,14,0,495.53,138.07,387.67,0,20.28,0,0,2.65,0
2022,4,6,15,0,397.56,116.53,274.6,0,19.48,0,0,2.93,0
2022,4,6,16,0,213.04,83.36,142.65,0,18.21,0,0,2.99,0
2022,4,6,17,0,77.4,22.07,24.88,0,16.45,0,0,3.22,0
2022,4,6,18,0,0.0,0.0,0.0,0,14.8,0,0,3.52,0
2022,4,6,19,0,0.0,0.0,0.0,0,13.93,0,0,3.38,0
2022,4,6,20,0,0.0,0.0,0.0,0,13.57,0,0,3.15,0
2022,4,6,21,0,0.0,0.0,0.0,0,13.23,0,0,2.91,0
2022,4,6,22,0,0.0,0.0,0.0,0,12.85,0,0,2.67,0
2022,4,6,23,0,0.0,0.0,0.0,0,12.5,0,0,2.51,0
2022,4,7,0,0,0.0,0.0,0.0,0,12.24,0,0,2.36,0
2022,4,7,1,0,0.0,0.0,0.0,0,12.06,0,0,2.54,0
2022,4,7,2,0,0.0,0.0,0.0,0,11.88,0,0,2.72,0
2022,4,7,3,0,0.0,0.0,0.0,0,11.75,0,0,2.73,0
2022,4,7,4,0,0.0,0.0,0.0,0,11.7,0,0,2.82,0
2022,4,7,5,0,0.0,0.0,0.0,0,11.91,0,0,3.17,0
2022,4,7,6,0,8.15,11.29,9.18,0,12.17,0,0,3.54,0
2022,4,7,7,0,39.71,45.25,59.97,0,13.06,0,0,3.19,0
2022,4,7,8,0,57.88,125.22,152.75,0,14.2,0,0,3.47,0
2022,4,7,9,0,25.41,160.32,194.3,0,15.42,0,0,4.46,0
2022,4,7,10,0,63.83,122.17,173.9,0,16.26,0,0,4.59,0
2022,4,7,11,0,64.49,147.43,200.82,0,16.67,0,0,4.56,0
2022,4,7,12,0,38.87,119.39,156.95,0,16.93,0,0,4.78,0
2022,4,7,13,0,42.52,170.99,231.32,0,16.84,0,0,4.39,0
2022,4,7,14,0,27.9,113.32,136.82,0,16.58,0,0,4.12,0
2022,4,7,15,0,31.86,80.92,95.45,0,16.15,0,0,4.4,0
2022,4,7,16,0,10.66,39.72,49.22,0,15.47,0,0,5.09,0
2022,4,7,17,0,1.93,10.22,9.82,0,14.54,0,0,5.78,0
2022,4,7,18,0,0.0,0.0,0.0,0,13.83,0,0,5.99,0
2022,4,7,19,0,0.0,0.0,0.0,0,13.54,0,0,6.2,0
2022,4,7,20,0,0.0,0.0,0.0,0,13.45,0,0,6.53,0
2022,4,7,21,0,0.0,0.0,0.0,0,13.37,0,0,6.83,0
2022,4,7,22,0,0.0,0.0,0.0,0,13.28,0,0,6.98,0
2022,4,7,23,0,0.0,0.0,0.0,0,13.16,0,0,7.13,0
2022,4,8,0,0,0.0,0.0,0.0,0,12.99,0,0,7.11,0
2022,4,8,1,0,0.0,0.0,0.0,0,12.77,0,0,6.93,0
2022,4,8,2,0,0.0,0.0,0.0,0,12.56,0,0,6.8,0
2022,4,8,3,0,0.0,0.0,0.0,0,12.46,0,0,6.77,0
2022,4,8,4,0,0.0,0.0,0.0,0,12.42,0,0,6.71,0
2022,4,8,5,0,0.0,0.0,0.0,0,12.48,0,0,6.76,0
2022,4,8,6,0,2.63,10.13,10.07,0,12.61,0,0,6.77,0
2022,4,8,7,0,40.58,69.5,88.28,0,13.27,0,0,6.76,0
2022,4,8,8,0,57.29,145.2,187.27,0,14.4,0,0,7.53,0
2022,4,8,9,0,251.68,162.19,248.55,0,15.83,0,0,8.11,0
2022,4,8,10,0,197.39,209.15,349.5,0,17.13,0,0,7.99,0
2022,4,8,11,0,73.86,249.57,321.4,0,18.01,0,0,7.58,0
2022,4,8,12,0,170.66,238.5,302.23,0,18.2,0,0,7.14,0
2022,4,8,13,0,116.64,209.98,276.25,0,18.1,0,0,6.81,0
2022,4,8,14,0,41.55,235.99,287.5,0,17.75,0,0,6.38,0
2022,4,8,15,0,40.98,150.88,188.68,0,17.07,0,0,5.65,0
2022,4,8,16,0,47.4,82.85,99.53,0,16.22,0,0,5.16,0
2022,4,8,17,0,0.0,12.83,12.43,0,14.99,0,0,4.98,0
2022,4,8,18,0,0.0,0.0,0.0,0,13.79,0,0,5.24,0
2022,4,8,19,0,0.0,0.0,0.0,0,13.37,0,0,5.51,0
2022,4,8,20,0,0.0,0.0,0.0,0,13.23,0,0,5.79,0
2022,4,8,21,0,0.0,0.0,0.0,0,13.2,0,0,5.9,0
2022,4,8,22,0,0.0,0.0,0.0,0,13.21,0,0,5.97,0
2022,4,8,23,0,0.0,0.0,0.0,0,13.25,0,0,6.01,0
2022,4,9,0,0,0.0,0.0,0.0,0,13.19,0,0,5.97,0
2022,4,9,1,0,0.0,0.0,0.0,0,13.05,0,0,5.82,0
2022,4,9,2,0,0.0,0.0,0.0,0,12.87,0,0,5.7,0
2022,4,9,3,0,0.0,0.0,0.0,0,12.68,0,0,5.54,0
2022,4,9,4,0,0.0,0.0,0.0,0,12.5,0,0,5.36,0
2022,4,9,5,0,0.0,0.0,0.0,0,12.4,0,0,5.39,0
2022,4,9,6,0,20.5,15.93,13.18,0,12.49,0,0,5.49,0
2022,4,9,7,0,54.0,80.03,103.32,0,13.24,0,0,5.41,0
2022,4,9,8,0,89.85,189.06,216.9,0,14.36,0,0,5.82,0
2022,4,9,9,0,40.13,272.95,329.0,0,15.89,0,0,6.67,0
2022,4,9,10,0,111.08,344.02,434.67,0,17.33,0,0,6.24,0
2022,4,9,11,0,181.16,395.6,519.78,0,18.3,0,0,5.45,0
2022,4,9,12,0,207.19,361.63,516.47,0,19.04,0,0,4.81,0
2022,4,9,13,0,285.86,254.97,469.3,0,19.41,0,0,4.59,0
2022,4,9,14,0,216.43,304.92,455.15,0,19.59,0,0,4.68,0
2022,4,9,15,0,313.19,198.22,287.17,0,19.2,0,0,4.59,0
2022,4,9,16,0,153.09,102.97,143.98,0,18.27,0,0,3.52,0
2022,4,9,17,0,7.57,18.48,17.4,0,16.4,0,0,3.41,0
2022,4,9,18,0,0.0,0.0,0.0,0,14.78,0,0,3.84,0
2022,4,9,19,0,0.0,0.0,0.0,0,14.22,0,0,3.8,0
2022,4,9,20,0,0.0,0.0,0.0,0,13.94,0,0,4.31,0
2022,4,9,21,0,0.0,0.0,0.0,0,13.6,0,0,4.33,0
2022,4,9,22,0,0.0,0.0,0.0,0,13.37,0,0,4.3,0
2022,4,9,23,0,0.0,0.0,0.0,0,13.26,0,0,4.37,0
2022,4,10,0,0,0.0,0.0,0.0,0,13.17,0,0,4.4,0
2022,4,10,1,0,0.0,0.0,0.0,0,12.98,0,0,4.24,0
2022,4,10,2,0,0.0,0.0,0.0,0,12.75,0,0,4.12,0
2022,4,10,3,0,0.0,0.0,0.0,0,12.51,0,0,3.83,0
2022,4,10,4,0,0.0,0.0,0.0,0,12.38,0,0,3.63,0
2022,4,10,5,0,0.0,0.0,0.0,0,12.35,0,0,3.58,0
2022,4,10,6,0,59.68,13.51,14.7,0,12.39,0,0,3.4,0
2022,4,10,7,0,366.32,63.71,140.3,0,13.02,0,0,2.95,0
2022,4,10,8,0,390.76,130.37,295.6,0,14.13,0,0,3.38,0
2022,4,10,9,0,397.98,223.85,464.52,0,15.45,0,0,3.3,0
2022,4,10,10,0,379.74,290.98,565.2,0,16.8,0,0,2.67,0
2022,4,10,11,0,388.6,270.65,552.22,0,18.25,0,0,2.18,0
2022,4,10,12,0,343.15,258.03,532.62,0,19.45,0,0,1.84,0
2022,4,10,13,0,467.33,199.83,530.25,0,20.05,0,0,1.59,0
2022,4,10,14,0,289.2,148.76,341.6,0,20.27,0,0,1.47,0
2022,4,10,15,0,359.84,114.35,244.73,0,20.13,0,0,1.45,0
2022,4,10,16,0,223.65,66.87,127.25,0,19.34,0,0,1.35,0
2022,4,10,17,0,94.06,16.5,18.8,0,17.92,0,0,1.58,0
2022,4,10,18,0,0.0,0.0,0.0,0,17.03,0,0,1.69,0
2022,4,10,19,0,0.0,0.0,0.0,0,16.71,0,0,1.5,0
2022,4,10,20,0,0.0,0.0,0.0,0,16.51,0,0,1.24,0
2022,4,10,21,0,0.0,0.0,0.0,0,16.08,0,0,1.14,0
2022,4,10,22,0,0.0,0.0,0.0,0,15.41,0,0,1.34,0
2022,4,10,23,0,0.0,0.0,0.0,0,14.71,0,0,1.6,0
2022,4,11,0,0,0.0,0.0,0.0,0,14.27,0,0,1.45,0
2022,4,11,1,0,0.0,0.0,0.0,0,13.74,0,0,1.44,0
2022,4,11,2,0,0.0,0.0,0.0,0,12.97,0,0,1.85,0
2022,4,11,3,0,0.0,0.0,0.0,0,12.03,0,0,2.46,0
2022,4,11,4,0,0.0,0.0,0.0,0,11.31,0,0,2.91,0
2022,4,11,5,0,0.0,0.0,0.0,0,10.6,0,0,3.28,0
2022,4,11,6,0,75.87,13.52,15.68,0,10.42,0,0,3.41,0
2022,4,11,7,0,343.01,61.91,153.48,0,12.62,0,0,2.87,0
2022,4,11,8,0,532.29,129.01,326.4,0,15.6,0,0,2.93,0
2022,4,11,9,0,552.99,180.02,485.23,0,18.02,0,0,3.75,0
2022,4,11,10,0,593.74,221.43,638.1,0,19.53,0,0,3.9,0
2022,4,11,11,0,663.95,203.53,724.12,0,20.57,0,0,3.81,0
2022,4,11,12,0,646.71,198.18,696.45,0,21.23,0,0,3.9,0
2022,4,11,13,0,613.59,200.53,660.53,0,21.72,0,0,3.96,0
2022,4,11,14,0,703.73,116.59,536.55,0,21.78,0,0,3.9,0
2022,4,11,15,0,568.52,134.4,371.48,0,21.38,0,0,3.68,0
2022,4,11,16,0,429.36,69.92,174.32,0,20.48,0,0,3.04,0
2022,4,11,17,0,91.9,16.79,19.65,0,18.26,0,0,2.97,0
2022,4,11,18,0,0.0,0.0,0.0,0,16.28,0,0,3.18,0
2022,4,11,19,0,0.0,0.0,0.0,0,15.34,0,0,3.14,0
2022,4,11,20,0,0.0,0.0,0.0,0,14.87,0,0,2.86,0
2022,4,11,21,0,0.0,0.0,0.0,0,14.64,0,0,2.45,0
2022,4,11,22,0,0.0,0.0,0.0,0,14.66,0,0,1.85,0
2022,4,11,23,0,0.0,0.0,0.0,0,14.48,0,0,1.45,0
2022,4,12,0,0,0.0,0.0,0.0,0,13.96,0,0,1.3,0
2022,4,12,1,0,0.0,0.0,0.0,0,13.23,0,0,1.58,0
2022,4,12,2,0,0.0,0.0,0.0,0,12.51,0,0,1.87,0
2022,4,12,3,0,0.0,0.0,0.0,0,11.59,0,0,2.33,0
2022,4,12,4,0,0.0,0.0,0.0,0,10.83,0,0,2.75,0
2022,4,12,5,0,0.0,0.0,0.0,0,10.66,0,0,2.85,0
2022,4,12,6,0,51.33,11.31,13.43,0,10.78,0,0,3.08,0
2022,4,12,7,0,314.3,63.34,130.23,0,12.7,0,0,2.44,0
2022,4,12,8,0,345.12,139.44,280.02,0,15.17,0,0,1.5,0
2022,4,12,9,0,435.04,198.06,418.67,0,17.69,0,0,2.17,0
2022,4,12,10,0,543.4,230.26,594.08,0,19.23,0,0,2.73,0
2022,4,12,11,0,776.43,159.47,721.55,0,20.11,0,0,3.04,0
2022,4,12,12,0,706.51,178.21,723.6,0,20.59,0,0,3.32,0
2022,4,12,13,0,744.87,134.02,660.25,0,20.57,0,0,3.38,0
2022,4,12,14,0,662.56,120.89,538.3,0,20.28,0,0,3.27,0
2022,4,12,15,0,545.76,130.02,375.3,0,19.87,0,0,2.98,0
2022,4,12,16,0,419.03,63.47,183.68,0,18.97,0,0,2.34,0
2022,4,12,17,0,82.85,14.51,20.75,0,16.76,0,0,1.96,0
2022,4,12,18,0,0.0,0.0,0.0,0,14.3,0,0,2.19,0
2022,4,12,19,0,0.0,0.0,0.0,0,12.95,0,0,2.43,0
2022,4,12,20,0,0.0,0.0,0.0,0,12.27,0,0,2.8,0
2022,4,12,21,0,0.0,0.0,0.0,0,11.84,0,0,2.83,0
2022,4,12,22,0,0.0,0.0,0.0,0,10.84,0,0,3.32,0
2022,4,12,23,0,0.0,0.0,0.0,0,10.33,0,0,3.94,0
2022,4,13,0,0,0.0,0.0,0.0,0,11.2,0,0,3.63,0
2022,4,13,1,0,0.0,0.0,0.0,0,11.34,0,0,3.01,0
2022,4,13,2,0,0.0,0.0,0.0,0,11.06,0,0,2.99,0
2022,4,13,3,0,0.0,0.0,0.0,0,11.03,0,0,2.96,0
2022,4,13,4,0,0.0,0.0,0.0,0,10.95,0,0,2.82,0
2022,4,13,5,0,0.0,0.0,0.0,0,10.86,0,0,3.05,0
2022,4,13,6,0,30.42,14.85,13.35,0,10.68,0,0,3.12,0
2022,4,13,7,0,332.45,86.51,147.93,0,11.38,0,0,3.28,0
2022,4,13,8,0,600.59,101.6,324.15,0,12.64,0,0,3.65,0
2022,4,13,9,0,667.77,134.6,494.52,0,14.21,0,0,3.36,0
2022,4,13,10,0,530.62,208.63,592.4,0,15.67,0,0,2.9,0
2022,4,13,11,0,479.1,296.49,642.95,0,16.85,0,0,2.61,0
2022,4,13,12,0,475.09,301.27,640.05,0,17.81,0,0,2.45,0
2022,4,13,13,0,645.59,113.61,567.7,0,18.02,0,0,2.52,0
2022,4,13,14,0,620.34,144.22,505.98,0,17.93,0,0,2.77,0
2022,4,13,15,0,543.42,125.33,353.73,0,17.35,0,0,3.13,0
2022,4,13,16,0,455.97,64.06,173.23,0,16.21,0,0,3.37,0
2022,4,13,17,0,76.0,14.26,19.83,0,14.02,0,0,3.17,0
2022,4,13,18,0,0.0,0.0,0.0,0,12.21,0,0,3.42,0
2022,4,13,19,0,0.0,0.0,0.0,0,11.25,0,0,3.44,0
2022,4,13,20,0,0.0,0.0,0.0,0,10.78,0,0,3.76,0
2022,4,13,21,0,0.0,0.0,0.0,0,10.47,0,0,3.59,0
2022,4,13,22,0,0.0,0.0,0.0,0,10.13,0,0,3.56,0
2022,4,13,23,0,0.0,0.0,0.0,0,9.84,0,0,3.53,0
2022,4,14,0,0,0.0,0.0,0.0,0,9.62,0,0,3.48,0
2022,4,14,1,0,0.0,0.0,0.0,0,9.51,0,0,3.43,0
2022,4,14,2,0,0.0,0.0,0.0,0,9.36,0,0,3.27,0
2022,4,14,3,0,0.0,0.0,0.0,0,9.27,0,0,3.26,0
2022,4,14,4,0,0.0,0.0,0.0,0,9.26,0,0,3.38,0
2022,4,14,5,0,0.0,0.0,0.0,0,9.26,0,0,3.34,0
2022,4,14,6,0,135.62,10.91,15.55,0,9.35,0,0,3.48,0
2022,4,14,7,0,459.4,55.77,170.05,0,10.19,0,0,3.54,0
2022,4,14,8,0,733.58,70.22,361.0,0,11.72,0,0,4.47,0
2022,4,14,9,0,758.25,93.39,521.92,0,13.84,0,0,4.68,0
2022,4,14,10,0,832.47,132.7,669.83,0,15.87,0,0,4.04,0
2022,4,14,11,0,855.76,150.29,732.6,0,17.42,0,0,3.24,0
2022,4,14,12,0,858.63,150.05,722.9,0,18.51,0,0,2.57,0
2022,4,14,13,0,616.82,165.97,654.12,0,19.1,0,0,2.25,0
2022,4,14,14,0,651.96,141.92,529.3,0,19.18,0,0,2.23,0
2022,4,14,15,0,687.4,98.87,368.2,0,18.7,0,0,2.32,0
2022,4,14,16,0,497.96,58.38,181.2,0,17.67,0,0,2.33,0
2022,4,14,17,0,189.76,10.76,20.73,0,15.62,0,0,2.76,0
2022,4,14,18,0,0.0,0.0,0.0,0,13.84,0,0,3.49,0
2022,4,14,19,0,0.0,0.0,0.0,0,12.84,0,0,3.57,0
2022,4,14,20,0,0.0,0.0,0.0,0,11.97,0,0,3.53,0
2022,4,14,21,0,0.0,0.0,0.0,0,11.27,0,0,3.4,0
2022,4,14,22,0,0.0,0.0,0.0,0,10.7,0,0,3.09,0
2022,4,14,23,0,0.0,0.0,0.0,0,10.28,0,0,3.09,0
2022,4,15,0,0,0.0,0.0,0.0,0,10.08,0,0,3.03,0
2022,4,15,1,0,0.0,0.0,0.0,0,9.89,0,0,2.86,0
2022,4,15,2,0,0.0,0.0,0.0,0,9.75,0,0,2.92,0
2022,4,15,3,0,0.0,0.0,0.0,0,9.5,0,0,2.44,0
2022,4,15,4,0,0.0,0.0,0.0,0,9.33,0,0,2.2,0
2022,4,15,5,0,0.0,0.0,0.0,0,9.17,0,0,1.82,0
2022,4,15,6,0,134.76,8.48,15.32,0,9.07,0,0,1.65,0
2022,4,15,7,0,659.68,36.41,180.32,0,9.92,0,0,1.37,0
2022,4,15,8,0,794.02,61.19,385.67,0,12.07,0,0,1.79,0
2022,4,15,9,0,892.04,70.41,563.33,0,15.05,0,0,1.39,0
2022,4,15,10,0,939.18,67.47,694.85,0,17.33,0,0,1.19,0
2022,4,15,11,0,772.7,147.44,727.08,0,18.74,0,0,1.47,0
2022,4,15,12,0,690.74,265.04,709.83,0,19.6,0,0,1.72,0
2022,4,15,13,0,584.46,231.37,618.75,0,20.04,0,0,1.69,0
2022,4,15,14,0,179.46,322.08,448.55,0,20.1,0,0,1.55,0
2022,4,15,15,0,176.67,240.21,307.58,0,19.67,0,0,1.36,0
2022,4,15,16,0,150.1,124.37,141.43,0,18.62,0,0,1.24,0
2022,4,15,17,0,28.09,22.5,15.05,0,16.57,0,0,1.43,0
2022,4,15,18,0,0.0,0.0,0.0,0,15.23,0,0,1.76,0
2022,4,15,19,0,0.0,0.0,0.0,0,14.34,0,0,2.02,0
2022,4,15,20,0,0.0,0.0,0.0,0,13.76,0,0,2.12,0
2022,4,15,21,0,0.0,0.0,0.0,0,13.1,0,0,2.32,0
2022,4,15,22,0,0.0,0.0,0.0,0,12.3,0,0,2.62,0
2022,4,15,23,0,0.0,0.0,0.0,0,11.73,0,0,2.81,0
2022,4,16,0,0,0.0,0.0,0.0,0,11.45,0,0,2.85,0
2022,4,16,1,0,0.0,0.0,0.0,0,11.32,0,0,2.77,0
2022,4,16,2,0,0.0,0.0,0.0,0,11.3,0,0,2.45,0
2022,4,16,3,0,0.0,0.0,0.0,0,11.35,0,0,2.0,0
2022,4,16,4,0,0.0,0.0,0.0,0,11.19,0,0,1.7,0
2022,4,16,5,0,0.0,0.0,0.0,0,10.98,0,0,1.48,0
2022,4,16,6,0,51.94,12.26,12.62,0,10.81,0,0,1.3,0
2022,4,16,7,0,463.68,62.88,162.75,0,11.62,0,0,1.26,0
2022,4,16,8,0,581.73,114.44,348.52,0,13.86,0,0,0.88,0
2022,4,16,9,0,794.83,99.85,535.28,0,17.16,0,0,0.76,0
2022,4,16,10,0,692.54,170.63,627.67,0,18.91,0,0,0.62,0
2022,4,16,11,0,699.94,169.77,686.03,0,19.95,0,0,0.7,0
2022,4,16,12,0,680.21,205.04,703.88,0,20.6,0,0,0.89,0
2022,4,16,13,0,838.27,117.95,642.67,0,20.87,0,0,1.16,0
2022,4,16,14,0,772.78,95.75,530.5,0,20.82,0,0,1.5,0
2022,4,16,15,0,698.18,86.92,366.12,0,20.28,0,0,1.9,0
2022,4,16,16,0,594.88,43.37,175.68,0,19.05,0,0,2.22,0
2022,4,16,17,0,93.98,11.83,17.1,0,16.21,0,0,3.09,0
2022,4,16,18,0,0.0,0.0,0.0,0,14.05,0,0,3.87,0
2022,4,16,19,0,0.0,0.0,0.0,0,13.27,0,0,3.8,0
2022,4,16,20,0,0.0,0.0,0.0,0,12.53,0,0,3.24,0
2022,4,16,21,0,0.0,0.0,0.0,0,11.78,0,0,2.95,0
2022,4,16,22,0,0.0,0.0,0.0,0,11.28,0,0,2.91,0
2022,4,16,23,0,0.0,0.0,0.0,0,11.07,0,0,2.89,0
2022,4,17,0,0,0.0,0.0,0.0,0,10.85,0,0,3.12,0
2022,4,17,1,0,0.0,0.0,0.0,0,10.45,0,0,2.93,0
2022,4,17,2,0,0.0,0.0,0.0,0,10.08,0,0,2.64,0
2022,4,17,3,0,0.0,0.0,0.0,0,9.72,0,0,2.42,0
2022,4,17,4,0,0.0,0.0,0.0,0,9.46,0,0,2.45,0
2022,4,17,5,0,0.0,0.0,0.0,0,9.1,0,0,2.49,0
2022,4,17,6,0,117.69,10.07,13.6,0,8.9,0,0,2.53,0
2022,4,17,7,0,617.86,38.96,172.7,0,9.93,0,0,2.48,0
2022,4,17,8,0,770.19,65.45,377.38,0,12.02,0,0,2.63,0
2022,4,17,9,0,869.65,76.25,557.62,0,14.88,0,0,2.43,0
2022,4,17,10,0,935.92,75.68,690.15,0,17.27,0,0,2.08,0
2022,4,17,11,0,929.08,83.28,759.35,0,18.91,0,0,1.92,0
2022,4,17,12,0,950.09,70.93,761.03,0,19.82,0,0,1.95,0
2022,4,17,13,0,948.22,65.12,695.97,0,20.3,0,0,1.97,0
2022,4,17,14,0,919.44,56.84,570.62,0,20.38,0,0,1.87,0
2022,4,17,15,0,846.29,51.34,393.98,0,20.01,0,0,1.68,0
2022,4,17,16,0,637.23,36.94,187.2,0,18.91,0,0,1.68,0
2022,4,17,17,0,135.84,8.99,17.25,0,16.17,0,0,2.52,0
2022,4,17,18,0,0.0,0.0,0.0,0,13.48,0,0,3.84,0
2022,4,17,19,0,0.0,0.0,0.0,0,12.01,0,0,4.71,0
2022,4,17,20,0,0.0,0.0,0.0,0,11.52,0,0,4.86,0
2022,4,17,21,0,0.0,0.0,0.0,0,11.4,0,0,4.09,0
2022,4,17,22,0,0.0,0.0,0.0,0,11.05,0,0,3.56,0
2022,4,17,23,0,0.0,0.0,0.0,0,10.73,0,0,3.12,0
2022,4,18,0,0,0.0,0.0,0.0,0,10.3,0,0,2.81,0
2022,4,18,1,0,0.0,0.0,0.0,0,10.08,0,0,2.65,0
2022,4,18,2,0,0.0,0.0,0.0,0,9.89,0,0,2.63,0
2022,4,18,3,0,0.0,0.0,0.0,0,9.53,0,0,2.71,0
2022,4,18,4,0,0.0,0.0,0.0,0,9.17,0,0,2.77,0
2022,4,18,5,0,0.0,0.0,0.0,0,8.79,0,0,2.62,0
2022,4,18,6,0,92.8,10.01,12.38,0,8.49,0,0,2.63,0
2022,4,18,7,0,496.79,59.75,159.57,0,10.16,0,0,2.37,0
2022,4,18,8,0,593.41,122.09,351.58,0,12.99,0,0,1.39,0
2022,4,18,9,0,839.94,140.86,523.15,0,16.47,0,0,2.92,0
2022,4,18,10,0,769.05,249.71,600.33,0,18.93,0,0,3.6,0
2022,4,18,11,0,477.04,422.89,630.1,0,20.03,0,0,3.21,0
2022,4,18,12,0,617.76,298.0,650.55,0,20.59,0,0,2.92,0
2022,4,18,13,0,1140.3,265.97,631.78,0,20.91,0,0,2.48,0
2022,4,18,14,0,344.88,282.23,469.88,0,20.88,0,0,1.92,0
2022,4,18,15,0,486.07,204.1,312.88,0,20.38,0,0,1.4,0
2022,4,18,16,0,249.27,108.45,135.85,0,19.28,0,0,1.32,0
2022,4,18,17,0,8.73,14.24,11.32,0,17.23,0,0,2.25,0
2022,4,18,18,0,0.0,0.0,0.0,0,15.43,0,0,3.48,0
2022,4,18,19,0,0.0,0.0,0.0,0,14.74,0,0,4.2,0
2022,4,18,20,0,0.0,0.0,0.0,0,14.63,0,0,4.02,0
2022,4,18,21,0,0.0,0.0,0.0,0,14.44,0,0,3.76,0
2022,4,18,22,0,0.0,0.0,0.0,0,14.26,0,0,3.76,0
2022,4,18,23,0,0.0,0.0,0.0,0,14.22,0,0,3.79,0
2022,4,19,0,0,0.0,0.0,0.0,0,14.19,0,0,3.81,0
2022,4,19,1,0,0.0,0.0,0.0,0,14.08,0,0,3.84,0
2022,4,19,2,0,0.0,0.0,0.0,0,13.83,0,0,3.89,0
2022,4,19,3,0,0.0,0.0,0.0,0,13.45,0,0,4.09,0
2022,4,19,4,0,0.0,0.0,0.0,0,13.16,0,0,4.14,0
2022,4,19,5,0,0.0,0.0,0.0,0,12.81,0,0,4.3,0
2022,4,19,6,0,25.26,11.6,9.68,0,12.6,0,0,4.33,0
2022,4,19,7,0,276.59,99.27,134.23,0,13.72,0,0,3.95,0
2022,4,19,8,0,369.55,208.54,316.6,0,15.37,0,0,3.58,0
2022,4,19,9,0,480.52,243.38,477.65,0,17.31,0,0,4.69,0
2022,4,19,10,0,338.68,334.21,548.45,0,18.71,0,0,5.63,0
2022,4,19,11,0,249.87,319.04,507.27,0,19.53,0,0,5.49,0
2022,4,19,12,0,285.87,254.47,507.73,0,20.11,0,0,5.24,0
2022,4,19,13,0,331.75,230.34,423.92,0,20.54,0,0,5.19,0
2022,4,19,14,0,284.52,160.25,242.3,0,20.55,0,0,5.16,0
2022,4,19,15,0,137.91,122.7,164.43,0,20.09,0,0,4.9,0
2022,4,19,16,0,73.53,58.33,69.3,0,19.01,0,0,4.53,0
2022,4,19,17,0,9.01,7.52,5.8,0,17.06,0,0,4.14,0
2022,4,19,18,0,0.0,0.0,0.0,0,15.8,0,0,3.78,0
2022,4,19,19,0,0.0,0.0,0.0,0,14.94,0,0,3.79,0
2022,4,19,20,0,0.0,0.0,0.0,0,14.37,0,0,5.28,0
2022,4,19,21,0,0.0,0.0,0.0,0,13.68,0,0,5.3,0
2022,4,19,22,0,0.0,0.0,0.0,0,12.29,0,0,5.03,0
2022,4,19,23,0,0.0,0.0,0.0,0,11.3,0,0,4.52,0
2022,4,20,0,0,0.0,0.0,0.0,0,10.66,0,0,4.12,0
2022,4,20,1,0,0.0,0.0,0.0,0,10.42,0,0,4.2,0
2022,4,20,2,0,0.0,0.0,0.0,0,10.53,0,0,4.38,0
2022,4,20,3,0,0.0,0.0,0.0,0,10.6,0,0,4.7,0
2022,4,20,4,0,0.0,0.0,0.0,0,10.58,0,0,4.73,0
2022,4,20,5,0,0.0,0.0,0.0,0,10.53,0,0,4.61,0
2022,4,20,6,0,57.13,8.69,8.75,0,10.51,0,0,4.61,0
2022,4,20,7,0,202.72,55.03,99.18,0,10.57,0,0,4.98,0
2022,4,20,8,0,205.99,147.39,202.27,0,10.65,0,0,5.35,0
2022,4,20,9,0,89.18,209.58,290.35,0,11.36,0,0,5.26,0
2022,4,20,10,0,118.0,289.79,405.6,0,12.54,0,0,5.23,0
2022,4,20,11,0,382.67,323.83,585.2,0,13.77,0,0,5.28,0
2022,4,20,12,0,744.12,172.72,685.5,0,15.1,0,0,5.16,0
2022,4,20,13,0,916.37,79.66,652.62,0,15.98,0,0,5.07,0
2022,4,20,14,0,894.06,63.71,551.62,0,16.23,0,0,4.89,0
2022,4,20,15,0,781.79,61.86,375.17,0,15.83,0,0,4.6,0
2022,4,20,16,0,617.19,38.71,172.05,0,14.68,0,0,4.04,0
2022,4,20,17,0,109.52,8.48,13.2,0,12.11,0,0,3.66,0
2022,4,20,18,0,0.0,0.0,0.0,0,10.03,0,0,3.62,0
2022,4,20,19,0,0.0,0.0,0.0,0,8.8,0,0,3.76,0
2022,4,20,20,0,0.0,0.0,0.0,0,7.93,0,0,3.77,0
2022,4,20,21,0,0.0,0.0,0.0,0,7.24,0,0,3.63,0
2022,4,20,22,0,0.0,0.0,0.0,0,6.7,0,0,3.66,0
2022,4,20,23,0,0.0,0.0,0.0,0,6.43,0,0,3.93,0
2022,4,21,0,0,0.0,0.0,0.0,0,6.57,0,0,3.59,0
2022,4,21,1,0,0.0,0.0,0.0,0,6.67,0,0,3.66,0
2022,4,21,2,0,0.0,0.0,0.0,0,6.92,0,0,3.31,0
2022,4,21,3,0,0.0,0.0,0.0,0,7.02,0,0,3.08,0
2022,4,21,4,0,0.0,0.0,0.0,0,7.09,0,0,2.82,0
2022,4,21,5,0,0.0,0.0,0.0,0,7.3,0,0,3.01,0
2022,4,21,6,0,60.59,8.8,8.1,0,7.58,0,0,3.15,0
2022,4,21,7,0,354.95,52.7,127.32,0,8.54,0,0,2.81,0
2022,4,21,8,0,585.63,123.52,299.77,0,10.22,0,0,3.34,0
2022,4,21,9,0,695.02,120.39,461.17,0,12.64,0,0,2.97,0
2022,4,21,10,0,665.27,192.31,595.45,0,14.93,0,0,2.28,0
2022,4,21,11,0,823.26,156.45,705.38,0,16.61,0,0,1.78,0
2022,4,21,12,0,711.48,228.15,685.6,0,17.7,0,0,1.55,0
2022,4,21,13,0,636.34,223.31,619.3,0,18.22,0,0,1.59,0
2022,4,21,14,0,530.6,198.41,465.08,0,18.14,0,0,1.82,0
2022,4,21,15,0,486.4,185.5,314.9,0,17.66,0,0,2.18,0
2022,4,21,16,0,338.64,72.21,136.9,0,16.55,0,0,2.52,0
2022,4,21,17,0,58.28,9.11,9.93,0,13.99,0,0,3.26,0
2022,4,21,18,0,0.0,0.0,0.0,0,12.22,0,0,4.07,0
2022,4,21,19,0,0.0,0.0,0.0,0,11.94,0,0,4.47,0
2022,4,21,20,0,0.0,0.0,0.0,0,11.57,0,0,4.13,0
2022,4,21,21,0,0.0,0.0,0.0,0,10.76,0,0,4.15,0
2022,4,21,22,0,0.0,0.0,0.0,0,10.3,0,0,4.15,0
2022,4,21,23,0,0.0,0.0,0.0,0,9.93,0,0,4.28,0
2022,4,22,0,0,0.0,0.0,0.0,0,9.47,0,0,4.37,0
2022,4,22,1,0,0.0,0.0,0.0,0,9.32,0,0,4.41,0
2022,4,22,2,0,0.0,0.0,0.0,0,9.4,0,0,4.41,0
2022,4,22,3,0,0.0,0.0,0.0,0,9.46,0,0,4.53,0
2022,4,22,4,0,0.0,0.0,0.0,0,9.35,0,0,4.64,0
2022,4,22,5,0,0.0,0.0,0.0,0,9.14,0,0,4.69,0
2022,4,22,6,0,41.86,9.09,8.1,0,8.78,0,0,4.58,0
2022,4,22,7,0,258.28,70.7,118.03,0,9.47,0,0,4.7,0
2022,4,22,8,0,333.73,125.46,269.65,0,11.04,0,0,5.29,0
2022,4,22,9,0,302.0,230.15,412.95,0,13.16,0,0,5.44,0
2022,4,22,10,0,361.12,263.49,517.0,0,15.12,0,0,5.07,0
2022,4,22,11,0,604.2,213.75,609.95,0,16.61,0,0,4.52,0
2022,4,22,12,0,530.31,224.21,574.5,0,17.59,0,0,4.08,0
2022,4,22,13,0,500.12,191.31,463.88,0,17.88,0,0,3.84,0
2022,4,22,14,0,421.66,110.23,320.67,0,17.38,0,0,3.87,0
2022,4,22,15,0,311.49,113.9,221.4,0,16.36,0,0,4.08,0
2022,4,22,16,0,359.83,70.91,97.2,0,15.0,0,0,4.04,0
2022,4,22,17,0,29.94,11.05,7.6,0,13.6,0,0,4.12,0
2022,4,22,18,0,0.0,0.0,0.0,0,12.51,0,0,4.24,0
2022,4,22,19,0,0.0,0.0,0.0,0,11.68,0,0,4.32,0
2022,4,22,20,0,0.0,0.0,0.0,0,11.01,0,0,4.37,0
2022,4,22,21,0,0.0,0.0,0.0,0,10.72,0,0,4.41,0
2022,4,22,22,0,0.0,0.0,0.0,0,10.55,0,0,4.26,0
2022,4,22,23,0,0.0,0.0,0.0,0,10.34,0,0,3.99,0
2022,4,23,0,0,0.0,0.0,0.0,0,9.96,0,0,3.75,0
2022,4,23,1,0,0.0,0.0,0.0,0,9.71,0,0,3.62,0
2022,4,23,2,0,0.0,0.0,0.0,0,9.54,0,0,3.69,0
2022,4,23,3,0,0.0,0.0,0.0,0,9.4,0,0,3.55,0
2022,4,23,4,0,0.0,0.0,0.0,0,9.21,0,0,3.55,0
2022,4,23,5,0,0.0,0.0,0.0,0,9.03,0,0,3.49,0
2022,4,23,6,0,34.45,7.7,6.78,0,8.96,0,0,3.36,0
2022,4,23,7,0,348.65,43.75,98.4,0,9.7,0,0,3.19,0
2022,4,23,8,0,252.84,110.63,219.65,0,11.04,0,0,3.72,0
2022,4,23,9,0,372.02,174.23,353.4,0,13.04,0,0,3.89,0
2022,4,23,10,0,340.93,336.19,532.58,0,15.14,0,0,3.11,0
2022,4,23,11,0,627.22,187.72,574.62,0,16.8,0,0,2.24,0
2022,4,23,12,0,470.89,299.06,608.2,0,17.83,0,0,1.7,0
2022,4,23,13,0,450.39,204.55,463.25,0,18.28,0,0,1.84,0
2022,4,23,14,0,525.53,101.75,374.83,0,18.27,0,0,2.31,0
2022,4,23,15,0,501.86,72.67,263.65,0,17.63,0,0,2.83,0
2022,4,23,16,0,376.1,40.49,122.22,0,16.5,0,0,3.05,0
2022,4,23,17,0,72.91,6.9,8.5,0,14.61,0,0,3.58,0
2022,4,23,18,0,0.0,0.0,0.0,0,13.4,0,0,3.69,0
2022,4,23,19,0,0.0,0.0,0.0,0,12.3,0,0,3.68,0
2022,4,23,20,0,0.0,0.0,0.0,0,11.34,0,0,3.65,0
2022,4,23,21,0,0.0,0.0,0.0,0,10.62,0,0,3.64,0
2022,4,23,22,0,0.0,0.0,0.0,0,10.09,0,0,3.45,0
2022,4,23,23,0,0.0,0.0,0.0,0,9.79,0,0,3.38,0
2022,4,24,0,0,0.0,0.0,0.0,0,9.64,0,0,3.14,0
2022,4,24,1,0,0.0,0.0,0.0,0,9.54,0,0,3.09,0
2022,4,24,2,0,0.0,0.0,0.0,0,9.42,0,0,2.87,0
2022,4,24,3,0,0.0,0.0,0.0,0,9.25,0,0,2.7,0
2022,4,24,4,0,0.0,0.0,0.0,0,9.15,0,0,2.72,0
2022,4,24,5,0,0.0,0.0,0.0,0,9.12,0,0,2.88,0
2022,4,24,6,0,74.74,7.81,8.27,0,9.06,0,0,2.63,0
2022,4,24,7,0,499.97,41.1,130.27,0,9.8,0,0,2.51,0
2022,4,24,8,0,448.29,102.95,281.95,0,11.45,0,0,3.33,0
2022,4,24,9,0,628.55,102.35,402.85,0,13.8,0,0,4.12,0
2022,4,24,10,0,523.09,217.14,546.35,0,15.64,0,0,4.0,0
2022,4,24,11,0,630.91,203.13,603.0,0,16.92,0,0,3.88,0
2022,4,24,12,0,534.66,213.77,581.6,0,17.53,0,0,4.0,0
2022,4,24,13,0,690.92,91.31,466.6,0,17.89,0,0,4.14,0
2022,4,24,14,0,578.93,137.41,424.33,0,17.77,0,0,4.3,0
2022,4,24,15,0,458.46,93.25,278.25,0,17.33,0,0,4.33,0
2022,4,24,16,0,475.35,35.83,127.3,0,16.3,0,0,3.97,0
2022,4,24,17,0,80.71,6.94,8.23,0,14.3,0,0,3.59,0
2022,4,24,18,0,0.0,0.0,0.0,0,12.77,0,0,3.46,0
2022,4,24,19,0,0.0,0.0,0.0,0,11.7,0,0,3.04,0
2022,4,24,20,0,0.0,0.0,0.0,0,10.83,0,0,3.01,0
2022,4,24,21,0,0.0,0.0,0.0,0,10.41,0,0,3.08,0
2022,4,24,22,0,0.0,0.0,0.0,0,10.39,0,0,2.94,0
2022,4,24,23,0,0.0,0.0,0.0,0,10.27,0,0,2.83,0
2022,4,25,0,0,0.0,0.0,0.0,0,10.03,0,0,2.66,0
2022,4,25,1,0,0.0,0.0,0.0,0,9.69,0,0,2.69,0
2022,4,25,2,0,0.0,0.0,0.0,0,9.47,0,0,2.63,0
2022,4,25,3,0,0.0,0.0,0.0,0,9.39,0,0,2.28,0
2022,4,25,4,0,0.0,0.0,0.0,0,9.3,0,0,2.44,0
2022,4,25,5,0,0.0,0.0,0.0,0,9.27,0,0,2.43,0
2022,4,25,6,0,17.85,9.44,6.72,0,9.34,0,0,2.51,0
2022,4,25,7,0,103.73,87.19,109.05,0,9.99,0,0,2.68,0
2022,4,25,8,0,179.25,237.69,263.7,0,11.3,0,0,3.11,0
2022,4,25,9,0,517.64,224.16,408.02,0,13.61,0,0,3.45,0
2022,4,25,10,0,319.48,284.04,508.88,0,15.66,0,0,3.43,0
2022,4,25,11,0,353.58,305.9,545.78,0,16.91,0,0,3.22,0
2022,4,25,12,0,311.9,271.8,510.67,0,17.31,0,0,3.1,0
2022,4,25,13,0,339.81,206.3,410.9,0,17.51,0,0,3.16,0
2022,4,25,14,0,192.78,221.01,321.2,0,17.58,0,0,3.44,0
2022,4,25,15,0,274.66,137.27,203.35,0,17.13,0,0,3.79,0
2022,4,25,16,0,139.55,70.91,87.7,0,16.09,0,0,3.84,0
2022,4,25,17,0,8.28,6.35,4.8,0,14.38,0,0,3.91,0
2022,4,25,18,0,0.0,0.0,0.0,0,13.26,0,0,3.68,0
2022,4,25,19,0,0.0,0.0,0.0,0,12.43,0,0,3.35,0
2022,4,25,20,0,0.0,0.0,0.0,0,11.83,0,0,3.4,0
2022,4,25,21,0,0.0,0.0,0.0,0,11.33,0,0,3.42,0
2022,4,25,22,0,0.0,0.0,0.0,0,11.05,0,0,3.31,0
2022,4,25,23,0,0.0,0.0,0.0,0,10.78,0,0,3.25,0
2022,4,26,0,0,0.0,0.0,0.0,0,10.64,0,0,3.19,0
2022,4,26,1,0,0.0,0.0,0.0,0,10.45,0,0,3.1,0
2022,4,26,2,0,0.0,0.0,0.0,0,10.23,0,0,2.94,0
2022,4,26,3,0,0.0,0.0,0.0,0,10.03,0,0,2.78,0
2022,4,26,4,0,0.0,0.0,0.0,0,9.86,0,0,2.62,0
2022,4,26,5,0,0.0,0.0,0.0,0,9.72,0,0,2.56,0
2022,4,26,6,0,0.0,3.99,3.25,0,9.67,0,0,2.44,0
2022,4,26,7,0,40.32,51.26,59.3,0,10.25,0,0,2.19,0
2022,4,26,8,0,38.85,133.73,148.32,0,11.09,0,0,2.38,0
2022,4,26,9,0,18.85,207.25,244.52,0,12.14,0,0,2.73,0
2022,4,26,10,0,52.11,320.3,394.25,0,13.25,0,0,2.89,0
2022,4,26,11,0,65.05,351.43,439.1,0,14.02,0,0,3.12,0
2022,4,26,12,0,2.68,313.1,383.48,0,14.32,0,0,3.39,0
2022,4,26,13,0,0.0,200.72,241.55,0,14.53,0,0,3.67,0
2022,4,26,14,0,0.0,162.29,189.65,0,14.72,0,0,3.99,0
2022,4,26,15,0,151.41,132.46,163.93,0,14.84,0,0,4.16,0
2022,4,26,16,0,99.56,57.02,78.0,0,14.36,0,0,3.99,0
2022,4,26,17,0,10.85,6.48,5.07,0,13.2,0,0,3.86,0
2022,4,26,18,0,0.0,0.0,0.0,0,12.51,0,0,3.87,0
2022,4,26,19,0,0.0,0.0,0.0,0,11.87,0,0,3.8,0
2022,4,26,20,0,0.0,0.0,0.0,0,11.37,0,0,3.86,0
2022,4,26,21,0,0.0,0.0,0.0,0,11.07,0,0,3.94,0
2022,4,26,22,0,0.0,0.0,0.0,0,10.93,0,0,4.02,0
2022,4,26,23,0,0.0,0.0,0.0,0,10.86,0,0,3.97,0
2022,4,27,0,0,0.0,0.0,0.0,0,10.78,0,0,3.78,0
2022,4,27,1,0,0.0,0.0,0.0,0,10.73,0,0,3.68,0
2022,4,27,2,0,0.0,0.0,0.0,0,10.72,0,0,3.56,0
2022,4,27,3,0,0.0,0.0,0.0,0,10.78,0,0,3.68,0
2022,4,27,4,0,0.0,0.0,0.0,0,10.9,0,0,3.71,0
2022,4,27,5,0,0.0,0.0,0.0,0,10.98,0,0,3.43,0
2022,4,27,6,0,0.0,1.75,1.42,0,11.05,0,0,3.51,0
2022,4,27,7,0,0.0,16.08,18.35,0,11.76,0,0,3.53,0
2022,4,27,8,0,0.0,49.33,54.12,0,12.67,0,0,3.81,0
2022,4,27,9,0,0.0,55.74,65.12,0,13.47,0,0,3.87,0
2022,4,27,10,0,0.0,74.08,89.15,0,14.11,0,0,4.39,0
2022,4,27,11,0,37.04,77.59,105.45,0,14.6,0,0,4.8,0
2022,4,27,12,0,40.75,63.66,98.2,0,15.0,0,0,5.21,0
2022,4,27,13,0,0.15,61.6,74.15,0,15.0,0,0,5.28,0
2022,4,27,14,0,50.22,59.99,79.07,0,14.57,0,0,5.05,0
2022,4,27,15,0,103.18,100.78,122.28,0,14.0,0,0,4.55,0
2022,4,27,16,0,100.26,39.3,51.9,0,13.17,0,0,4.1,0
2022,4,27,17,0,9.18,5.09,3.53,0,12.06,0,0,4.09,0
2022,4,27,18,0,0.0,0.0,0.0,0,11.32,0,0,4.12,0
2022,4,27,19,0,0.0,0.0,0.0,0,10.87,0,0,4.22,0
2022,4,27,20,0,0.0,0.0,0.0,0,10.59,0,0,3.76,0
2022,4,27,21,0,0.0,0.0,0.0,0,10.41,0,0,3.66,0
2022,4,27,22,0,0.0,0.0,0.0,0,10.31,0,0,3.47,0
2022,4,27,23,0,0.0,0.0,0.0,0,10.35,0,0,3.38,0
2022,4,28,0,0,0.0,0.0,0.0,0,10.41,0,0,3.42,0
2022,4,28,1,0,0.0,0.0,0.0,0,10.61,0,0,3.79,0
2022,4,28,2,0,0.0,0.0,0.0,0,10.71,0,0,3.87,0
2022,4,28,3,0,0.0,0.0,0.0,0,11.06,0,0,4.18,0
2022,4,28,4,0,0.0,0.0,0.0,0,11.31,0,0,3.93,0
2022,4,28,5,0,0.0,0.0,0.0,0,11.42,0,0,3.71,0
2022,4,28,6,0,10.9,4.76,3.9,0,11.6,0,0,4.02,0
2022,4,28,7,0,179.7,34.64,58.95,0,12.56,0,0,3.82,0
2022,4,28,8,0,151.51,72.39,122.0,0,13.58,0,0,3.55,0
2022,4,28,9,0,168.87,75.48,167.52,0,14.48,0,0,3.44,0
2022,4,28,10,0,46.57,127.97,164.43,0,15.42,0,0,3.89,0
2022,4,28,11,0,48.97,119.52,160.3,0,16.43,0,0,4.18,0
2022,4,28,12,0,20.59,179.74,218.48,0,17.29,0,0,4.23,0
2022,4,28,13,0,19.6,168.28,201.88,0,17.56,0,0,3.76,0
2022,4,28,14,0,0.0,110.45,127.03,0,17.3,0,0,2.78,0
2022,4,28,15,0,17.03,100.53,112.28,0,16.88,0,0,2.56,0
2022,4,28,16,0,24.18,40.71,46.97,0,16.38,0,0,3.4,0
2022,4,28,17,0,0.0,3.34,2.53,0,15.77,0,0,3.67,0
2022,4,28,18,0,0.0,0.0,0.0,0,15.55,0,0,3.67,0
2022,4,28,19,0,0.0,0.0,0.0,0,15.41,0,0,3.58,0
2022,4,28,20,0,0.0,0.0,0.0,0,15.13,0,0,3.5,0
2022,4,28,21,0,0.0,0.0,0.0,0,14.99,0,0,3.4,0
2022,4,28,22,0,0.0,0.0,0.0,0,14.87,0,0,3.35,0
2022,4,28,23,0,0.0,0.0,0.0,0,14.72,0,0,3.35,0
2022,4,29,0,0,0.0,0.0,0.0,0,14.51,0,0,3.27,0
2022,4,29,1,0,0.0,0.0,0.0,0,14.3,0,0,3.17,0
2022,4,29,2,0,0.0,0.0,0.0,0,14.01,0,0,3.03,0
2022,4,29,3,0,0.0,0.0,0.0,0,13.68,0,0,2.89,0
2022,4,29,4,0,0.0,0.0,0.0,0,13.41,0,0,2.71,0
2022,4,29,5,0,0.0,0.0,0.0,0,13.08,0,0,2.81,0
2022,4,29,6,0,13.01,4.23,3.33,0,12.9,0,0,3.1,0
2022,4,29,7,0,204.28,37.74,59.95,0,14.07,0,0,2.98,0
2022,4,29,8,0,344.71,58.67,128.55,0,15.55,0,0,2.2,0
2022,4,29,9,0,50.91,102.75,130.68,0,16.91,0,0,2.49,0
2022,4,29,10,0,34.63,126.17,157.98,0,18.39,0,0,3.58,0
2022,4,29,11,0,43.13,145.75,191.2,0,19.95,0,0,4.31,0
2022,4,29,12,0,82.83,212.24,297.25,0,20.76,0,0,4.43,0
2022,4,29,13,0,388.24,178.09,389.9,0,21.06,0,0,4.24,0
2022,4,29,14,0,273.17,159.55,284.2,0,20.87,0,0,3.88,0
2022,4,29,15,0,242.26,100.92,171.98,0,20.13,0,0,3.1,0
2022,4,29,16,0,155.34,44.1,57.92,0,18.96,0,0,2.68,0
2022,4,29,17,0,6.8,3.67,2.58,0,17.49,0,0,2.82,0
2022,4,29,18,0,0.0,0.0,0.0,0,16.68,0,0,3.21,0
2022,4,29,19,0,0.0,0.0,0.0,0,16.32,0,0,3.41,0
2022,4,29,20,0,0.0,0.0,0.0,0,16.1,0,0,3.56,0
2022,4,29,21,0,0.0,0.0,0.0,0,15.92,0,0,3.68,0
2022,4,29,22,0,0.0,0.0,0.0,0,15.79,0,0,3.64,0
2022,4,29,23,0,0.0,0.0,0.0,0,15.67,0,0,3.58,0
2022,4,30,0,0,0.0,0.0,0.0,0,15.62,0,0,3.74,0
2022,4,30,1,0,0.0,0.0,0.0,0,15.63,0,0,4.03,0
2022,4,30,2,0,0.0,0.0,0.0,0,15.69,0,0,4.24,0
2022,4,30,3,0,0.0,0.0,0.0,0,15.61,0,0,4.11,0
2022,4,30,4,0,0.0,0.0,0.0,0,15.39,0,0,4.18,0
2022,4,30,5,0,0.0,0.0,0.0,0,15.12,0,0,4.31,0
2022,4,30,6,0,0.0,2.79,2.28,0,14.94,0,0,4.74,0
2022,4,30,7,0,0.0,23.05,26.3,0,15.34,0,0,4.73,0
2022,4,30,8,0,0.0,60.79,67.38,0,15.67,0,0,5.21,0
2022,4,30,9,0,0.0,50.03,61.55,0,15.06,0,0,6.66,0
2022,4,30,10,0,39.68,56.16,75.18,0,13.83,0,0,6.4,0
2022,4,30,11,0,14.49,106.4,127.45,0,13.24,0,0,5.19,0
2022,4,30,12,0,20.35,192.28,229.48,0,13.18,0,0,5.48,0
2022,4,30,13,0,37.72,233.97,287.42,0,14.06,0,0,5.93,0
2022,4,30,14,0,124.3,175.35,227.73,0,14.73,0,0,6.23,0
2022,4,30,15,0,197.66,103.08,145.77,0,14.72,0,0,5.43,0
2022,4,30,16,0,154.84,37.13,63.75,0,13.81,0,0,4.18,0
2022,4,30,17,0,25.94,3.45,3.2,0,11.49,0,0,3.55,0
2022,4,30,18,0,0.0,0.0,0.0,0,9.74,0,0,3.37,0
2022,4,30,19,0,0.0,0.0,0.0,0,8.43,0,0,3.54,0
2022,4,30,20,0,0.0,0.0,0.0,0,7.38,0,0,3.43,0
2022,4,30,21,0,0.0,0.0,0.0,0,6.45,0,0,3.56,0
2022,4,30,22,0,0.0,0.0,0.0,0,5.76,0,0,3.58,0
2022,4,30,23,0,0.0,0.0,0.0,0,5.25,0,0,3.4,0
2022,5,1,0,0,0.0,0.0,0.0,0,4.76,0,0,3.39,0
2022,5,1,1,0,0.0,0.0,0.0,0,4.39,0,0,3.4,0
2022,5,1,2,0,0.0,0.0,0.0,0,4.06,0,0,3.43,0
2022,5,1,3,0,0.0,0.0,0.0,0,3.78,0,0,3.43,0
2022,5,1,4,0,0.0,0.0,0.0,0,3.51,0,0,3.33,0
2022,5,1,5,0,0.0,0.0,0.0,0,3.27,0,0,3.2,0
2022,5,1,6,0,80.18,4.06,5.65,0,3.06,0,0,3.07,0
2022,5,1,7,0,547.04,28.65,140.43,0,4.38,0,0,2.75,0
2022,5,1,8,0,810.66,43.65,339.8,0,7.17,0,0,2.28,0
2022,5,1,9,0,919.5,48.27,507.3,0,10.49,0,0,1.88,0
2022,5,1,10,0,964.29,52.17,631.2,0,13.45,0,0,1.03,0
2022,5,1,11,0,957.46,59.63,691.62,0,15.46,0,0,0.46,0
2022,5,1,12,0,924.54,68.06,688.5,0,16.62,0,0,0.62,0
2022,5,1,13,0,903.64,73.43,618.7,0,17.14,0,0,0.86,0
2022,5,1,14,0,815.32,113.02,482.8,0,17.18,0,0,0.91,0
2022,5,1,15,0,726.32,73.83,315.48,0,16.66,0,0,0.88,0
2022,5,1,16,0,512.84,40.25,134.45,0,15.26,0,0,1.06,0
2022,5,1,17,0,0.0,0.0,0.0,0,12.77,0,0,1.76,0
2022,5,1,18,0,0.0,0.0,0.0,0,10.63,0,0,2.46,0
2022,5,1,19,0,0.0,0.0,0.0,0,9.18,0,0,3.01,0
2022,5,1,20,0,0.0,0.0,0.0,0,8.01,0,0,3.46,0
2022,5,1,21,0,0.0,0.0,0.0,0,7.22,0,0,3.85,0
2022,5,1,22,0,0.0,0.0,0.0,0,6.64,0,0,4.13,0
2022,5,1,23,0,0.0,0.0,0.0,0,6.33,0,0,4.14,0
2022,5,2,0,0,0.0,0.0,0.0,0,6.34,0,0,3.78,0
2022,5,2,1,0,0.0,0.0,0.0,0,6.64,0,0,3.21,0
2022,5,2,2,0,0.0,0.0,0.0,0,7.1,0,0,2.77,0
2022,5,2,3,0,0.0,0.0,0.0,0,7.6,0,0,2.32,0
2022,5,2,4,0,0.0,0.0,0.0,0,7.78,0,0,1.96,0
2022,5,2,5,0,0.0,0.0,0.0,0,7.66,0,0,1.86,0
2022,5,2,6,0,38.94,4.45,4.18,0,7.46,0,0,1.77,0
2022,5,2,7,0,416.44,37.57,115.53,0,7.88,0,0,1.65,0
2022,5,2,8,0,616.52,78.03,296.95,0,9.26,0,0,1.71,0
2022,5,2,9,0,713.18,102.65,460.77,0,12.13,0,0,2.36,0
2022,5,2,10,0,815.96,99.03,593.67,0,15.06,0,0,2.16,0
2022,5,2,11,0,904.5,72.97,670.67,0,16.83,0,0,1.83,0
2022,5,2,12,0,858.63,93.06,662.65,0,17.92,0,0,1.64,0
2022,5,2,13,0,853.49,79.29,600.3,0,18.47,0,0,1.49,0
2022,5,2,14,0,803.16,70.06,471.23,0,18.52,0,0,1.33,0
2022,5,2,15,0,714.49,55.42,306.05,0,18.07,0,0,1.16,0
2022,5,2,16,0,451.28,35.68,125.0,0,16.74,0,0,1.23,0
2022,5,2,17,0,0.0,0.0,0.0,0,14.65,0,0,1.75,0
2022,5,2,18,0,0.0,0.0,0.0,0,12.94,0,0,2.49,0
2022,5,2,19,0,0.0,0.0,0.0,0,11.29,0,0,3.24,0
2022,5,2,20,0,0.0,0.0,0.0,0,9.85,0,0,3.84,0
2022,5,2,21,0,0.0,0.0,0.0,0,8.88,0,0,4.29,0
2022,5,2,22,0,0.0,0.0,0.0,0,8.87,0,0,4.1,0
2022,5,2,23,0,0.0,0.0,0.0,0,9.24,0,0,3.49,0
2022,5,3,0,0,0.0,0.0,0.0,0,9.43,0,0,3.01,0
2022,5,3,1,0,0.0,0.0,0.0,0,9.31,0,0,2.59,0
2022,5,3,2,0,0.0,0.0,0.0,0,9.09,0,0,2.36,0
2022,5,3,3,0,0.0,0.0,0.0,0,8.85,0,0,2.3,0
2022,5,3,4,0,0.0,0.0,0.0,0,9.0,0,0,2.37,0
2022,5,3,5,0,0.0,0.0,0.0,0,8.83,0,0,2.22,0
2022,5,3,6,0,0.0,0.0,0.0,0,8.73,0,0,2.23,0
2022,5,3,7,0,604.66,29.57,136.73,0,9.38,0,0,2.17,0
2022,5,3,8,0,771.79,44.9,320.0,0,10.93,0,0,2.21,0
2022,5,3,9,0,879.54,52.85,490.02,0,13.73,0,0,2.35,0
2022,5,3,10,0,949.22,50.58,613.92,0,16.22,0,0,2.11,0
2022,5,3,11,0,915.42,86.44,656.55,0,17.62,0,0,1.93,0
2022,5,3,12,0,750.31,152.05,639.33,0,18.36,0,0,1.83,0
2022,5,3,13,0,558.45,203.59,560.2,0,18.7,0,0,1.81,0
2022,5,3,14,0,744.28,70.3,405.17,0,18.68,0,0,1.83,0
2022,5,3,15,0,638.93,51.31,272.25,0,18.17,0,0,1.76,0
2022,5,3,16,0,516.48,25.22,114.72,0,16.73,0,0,1.89,0
2022,5,3,17,0,0.0,0.0,0.0,0,14.17,0,0,2.69,0
2022,5,3,18,0,0.0,0.0,0.0,0,12.24,0,0,3.47,0
2022,5,3,19,0,0.0,0.0,0.0,0,10.84,0,0,3.98,0
2022,5,3,20,0,0.0,0.0,0.0,0,10.02,0,0,4.19,0
2022,5,3,21,0,0.0,0.0,0.0,0,9.46,0,0,4.34,0
2022,5,3,22,0,0.0,0.0,0.0,0,9.22,0,0,4.19,0
2022,5,3,23,0,0.0,0.0,0.0,0,9.1,0,0,3.64,0
2022,5,4,0,0,0.0,0.0,0.0,0,8.95,0,0,3.27,0
2022,5,4,1,0,0.0,0.0,0.0,0,8.83,0,0,3.04,0
2022,5,4,2,0,0.0,0.0,0.0,0,8.79,0,0,2.89,0
2022,5,4,3,0,0.0,0.0,0.0,0,8.86,0,0,2.69,0
2022,5,4,4,0,0.0,0.0,0.0,0,8.97,0,0,2.54,0
2022,5,4,5,0,0.0,0.0,0.0,0,8.9,0,0,2.66,0
2022,5,4,6,0,0.0,0.0,0.0,0,8.49,0,0,2.87,0
2022,5,4,7,0,372.15,37.22,94.2,0,9.24,0,0,2.92,0
2022,5,4,8,0,281.52,89.92,190.43,0,11.94,0,0,2.22,0
2022,5,4,9,0,373.49,137.47,279.6,0,14.97,0,0,2.78,0
2022,5,4,10,0,312.87,196.29,312.05,0,17.39,0,0,4.23,0
2022,5,4,11,0,244.19,192.52,301.0,0,18.23,0,0,4.41,0
2022,5,4,12,0,244.54,198.26,308.48,0,18.25,0,0,4.41,0
2022,5,4,13,0,149.77,192.03,274.42,0,17.71,0,0,3.97,0
2022,5,4,14,0,203.71,132.56,224.0,0,17.23,0,0,3.23,0
2022,5,4,15,0,201.4,91.58,143.43,0,16.68,0,0,2.44,0
2022,5,4,16,0,183.18,43.55,60.4,0,15.74,0,0,1.82,0
2022,5,4,17,0,0.0,0.0,0.0,0,14.45,0,0,1.76,0
2022,5,4,18,0,0.0,0.0,0.0,0,13.67,0,0,1.92,0
2022,5,4,19,0,0.0,0.0,0.0,0,13.0,0,0,2.14,0
2022,5,4,20,0,0.0,0.0,0.0,0,12.58,0,0,1.88,0
2022,5,4,21,0,0.0,0.0,0.0,0,12.28,0,0,1.89,0
2022,5,4,22,0,0.0,0.0,0.0,0,12.09,0,0,2.36,0
2022,5,4,23,0,0.0,0.0,0.0,0,12.02,0,0,2.79,0
2022,5,5,0,0,0.0,0.0,0.0,0,12.01,0,0,2.79,0
2022,5,5,1,0,0.0,0.0,0.0,0,11.79,0,0,2.87,0
2022,5,5,2,0,0.0,0.0,0.0,0,11.51,0,0,2.97,0
2022,5,5,3,0,0.0,0.0,0.0,0,11.2,0,0,3.04,0
2022,5,5,4,0,0.0,0.0,0.0,0,10.85,0,0,2.86,0
2022,5,5,5,0,0.0,0.0,0.0,0,10.54,0,0,2.76,0
2022,5,5,6,0,0.0,0.0,0.0,0,10.22,0,0,2.54,0
2022,5,5,7,0,45.65,62.45,67.32,0,10.45,0,0,2.26,0
2022,5,5,8,0,171.93,111.52,173.95,0,10.93,0,0,2.49,0
2022,5,5,9,0,270.25,192.93,296.75,0,11.59,0,0,2.82,0
2022,5,5,10,0,457.51,194.41,407.17,0,12.95,0,0,3.17,0
2022,5,5,11,0,446.8,244.17,509.35,0,14.24,0,0,3.49,0
2022,5,5,12,0,675.0,156.4,507.12,0,14.94,0,0,3.79,0
2022,5,5,13,0,787.37,85.81,454.58,0,15.17,0,0,3.75,0
2022,5,5,14,0,682.93,84.12,361.02,0,14.86,0,0,3.64,0
2022,5,5,15,0,526.27,77.49,231.02,0,14.13,0,0,3.68,0
2022,5,5,16,0,345.64,38.25,90.47,0,12.9,0,0,3.47,0
2022,5,5,17,0,0.0,0.0,0.0,0,11.1,0,0,3.24,0
2022,5,5,18,0,0.0,0.0,0.0,0,9.98,0,0,3.08,0
2022,5,5,19,0,0.0,0.0,0.0,0,8.92,0,0,2.73,0
2022,5,5,20,0,0.0,0.0,0.0,0,7.91,0,0,2.56,0
2022,5,5,21,0,0.0,0.0,0.0,0,6.83,0,0,2.49,0
2022,5,5,22,0,0.0,0.0,0.0,0,5.8,0,0,2.35,0
2022,5,5,23,0,0.0,0.0,0.0,0,4.9,0,0,2.29,0
2022,5,6,0,0,0.0,0.0,0.0,0,4.17,0,0,2.26,0
2022,5,6,1,0,0.0,0.0,0.0,0,3.44,0,0,2.38,0
2022,5,6,2,0,0.0,0.0,0.0,0,2.72,0,0,2.5,0
2022,5,6,3,0,0.0,0.0,0.0,0,2.1,0,0,2.6,0
2022,5,6,4,0,0.0,0.0,0.0,0,1.58,0,0,2.59,0
2022,5,6,5,0,0.0,0.0,0.0,0,1.19,0,0,2.42,0
2022,5,6,6,0,0.0,0.0,0.0,0,0.88,0,0,2.2,0
2022,5,6,7,0,568.58,25.26,136.27,0,1.58,0,0,2.06,0
2022,5,6,8,0,850.39,36.45,326.17,0,4.33,0,0,2.54,0
2022,5,6,9,0,925.84,42.88,496.35,0,7.07,0,0,3.47,0
2022,5,6,10,0,965.4,48.86,618.58,0,8.83,0,0,3.68,0
2022,5,6,11,0,973.42,53.99,678.05,0,10.1,0,0,3.88,0
2022,5,6,12,0,971.55,58.27,671.55,0,10.9,0,0,4.08,0
2022,5,6,13,0,952.82,54.72,604.15,0,11.25,0,0,4.21,0
2022,5,6,14,0,913.17,46.03,481.0,0,11.15,0,0,4.27,0
2022,5,6,15,0,829.67,41.16,311.12,0,10.53,0,0,4.23,0
2022,5,6,16,0,482.09,24.66,120.93,0,9.25,0,0,3.92,0
2022,5,6,17,0,0.0,0.0,0.0,0,6.89,0,0,3.57,0
2022,5,6,18,0,0.0,0.0,0.0,0,5.53,0,0,3.42,0
2022,5,6,19,0,0.0,0.0,0.0,0,4.54,0,0,3.25,0
2022,5,6,20,0,0.0,0.0,0.0,0,3.7,0,0,3.21,0
2022,5,6,21,0,0.0,0.0,0.0,0,2.96,0,0,3.26,0
2022,5,6,22,0,0.0,0.0,0.0,0,2.3,0,0,3.25,0
2022,5,6,23,0,0.0,0.0,0.0,0,1.68,0,0,3.39,0
2022,5,7,0,0,0.0,0.0,0.0,0,1.19,0,0,3.26,0
2022,5,7,1,0,0.0,0.0,0.0,0,0.86,0,0,3.14,0
2022,5,7,2,0,0.0,0.0,0.0,0,0.59,0,0,3.18,0
2022,5,7,3,0,0.0,0.0,0.0,0,0.51,0,0,3.49,0
2022,5,7,4,0,0.0,0.0,0.0,0,0.67,0,0,3.29,0
2022,5,7,5,0,0.0,0.0,0.0,0,0.45,0,0,3.12,0
2022,5,7,6,0,0.0,0.0,0.0,0,0.23,0,0,3.18,0
2022,5,7,7,0,488.68,38.64,118.7,0,1.44,0,0,3.16,0
2022,5,7,8,0,675.35,95.47,285.4,0,4.34,0,0,3.54,0
2022,5,7,9,0,667.28,130.09,434.9,0,7.04,0,0,5.23,0
2022,5,7,10,0,641.42,199.07,545.53,0,8.64,0,0,5.49,0
2022,5,7,11,0,356.36,321.25,573.8,0,9.77,0,0,5.79,0
2022,5,7,12,0,607.32,234.04,593.8,0,10.48,0,0,6.02,0
2022,5,7,13,0,697.72,104.82,453.48,0,10.8,0,0,6.12,0
2022,5,7,14,0,533.12,151.82,365.7,0,10.73,0,0,6.09,0
2022,5,7,15,0,477.18,95.34,237.82,0,10.28,0,0,5.84,0
2022,5,7,16,0,307.36,39.52,95.1,0,9.26,0,0,5.3,0
2022,5,7,17,0,0.0,0.0,0.0,0,7.18,0,0,4.69,0
2022,5,7,18,0,0.0,0.0,0.0,0,6.16,0,0,4.4,0
2022,5,7,19,0,0.0,0.0,0.0,0,5.41,0,0,3.99,0
2022,5,7,20,0,0.0,0.0,0.0,0,4.78,0,0,3.99,0
2022,5,7,21,0,0.0,0.0,0.0,0,4.27,0,0,3.82,0
2022,5,7,22,0,0.0,0.0,0.0,0,3.76,0,0,3.6,0
2022,5,7,23,0,0.0,0.0,0.0,0,3.24,0,0,3.03,0
2022,5,8,0,0,0.0,0.0,0.0,0,2.43,0,0,3.04,0
2022,5,8,1,0,0.0,0.0,0.0,0,1.79,0,0,3.19,0
2022,5,8,2,0,0.0,0.0,0.0,0,1.35,0,0,3.24,0
2022,5,8,3,0,0.0,0.0,0.0,0,1.05,0,0,3.37,0
2022,5,8,4,0,0.0,0.0,0.0,0,0.94,0,0,3.48,0
2022,5,8,5,0,0.0,0.0,0.0,0,0.91,0,0,3.54,0
2022,5,8,6,0,0.0,0.0,0.0,0,1.24,0,0,3.58,0
2022,5,8,7,0,479.5,42.41,103.82,0,2.8,0,0,3.17,0
2022,5,8,8,0,533.32,106.9,242.43,0,5.29,0,0,2.85,0
2022,5,8,9,0,400.75,192.77,368.65,0,7.7,0,0,3.98,0
2022,5,8,10,0,321.05,286.69,459.35,0,9.63,0,0,3.91,0
2022,5,8,11,0,501.64,271.29,542.72,0,11.23,0,0,3.54,0
2022,5,8,12,0,529.77,232.78,569.0,0,12.42,0,0,3.17,0
2022,5,8,13,0,674.14,161.99,529.25,0,13.11,0,0,2.83,0
2022,5,8,14,0,712.41,76.4,410.88,0,13.32,0,0,2.56,0
2022,5,8,15,0,732.56,52.27,262.8,0,12.94,0,0,2.45,0
2022,5,8,16,0,356.4,34.68,98.93,0,11.7,0,0,2.3,0
2022,5,8,17,0,0.0,0.0,0.0,0,9.38,0,0,2.74,0
2022,5,8,18,0,0.0,0.0,0.0,0,7.94,0,0,3.19,0
2022,5,8,19,0,0.0,0.0,0.0,0,7.19,0,0,3.26,0
2022,5,8,20,0,0.0,0.0,0.0,0,6.72,0,0,3.19,0
2022,5,8,21,0,0.0,0.0,0.0,0,6.25,0,0,3.2,0
2022,5,8,22,0,0.0,0.0,0.0,0,5.83,0,0,3.28,0
2022,5,8,23,0,0.0,0.0,0.0,0,5.39,0,0,3.3,0
2022,5,9,0,0,0.0,0.0,0.0,0,5.05,0,0,3.33,0
2022,5,9,1,0,0.0,0.0,0.0,0,5.11,0,0,3.03,0
2022,5,9,2,0,0.0,0.0,0.0,0,5.36,0,0,2.86,0
2022,5,9,3,0,0.0,0.0,0.0,0,5.37,0,0,2.51,0
2022,5,9,4,0,0.0,0.0,0.0,0,5.46,0,0,2.36,0
2022,5,9,5,0,0.0,0.0,0.0,0,5.63,0,0,2.54,0
2022,5,9,6,0,0.0,0.0,0.0,0,5.65,0,0,2.58,0
2022,5,9,7,0,312.93,38.48,99.3,0,6.12,0,0,2.86,0
2022,5,9,8,0,555.62,79.42,242.5,0,7.41,0,0,3.19,0
2022,5,9,9,0,508.47,159.17,373.92,0,9.46,0,0,4.04,0
2022,5,9,10,0,491.75,211.52,471.42,0,11.47,0,0,4.68,0
2022,5,9,11,0,486.39,196.2,491.88,0,13.15,0,0,4.65,0
2022,5,9,12,0,430.88,198.67,484.67,0,14.15,0,0,4.28,0
2022,5,9,13,0,452.03,148.69,369.9,0,14.66,0,0,4.02,0
2022,5,9,14,0,383.18,108.31,268.6,0,14.75,0,0,3.92,0
2022,5,9,15,0,214.18,92.34,178.48,0,14.21,0,0,3.85,0
2022,5,9,16,0,212.42,39.47,69.0,0,12.94,0,0,3.24,0
2022,5,9,17,0,0.0,0.0,0.0,0,10.99,0,0,3.08,0
2022,5,9,18,0,0.0,0.0,0.0,0,9.65,0,0,3.07,0
2022,5,9,19,0,0.0,0.0,0.0,0,8.86,0,0,3.06,0
2022,5,9,20,0,0.0,0.0,0.0,0,8.43,0,0,3.07,0
2022,5,9,21,0,0.0,0.0,0.0,0,8.47,0,0,3.03,0
2022,5,9,22,0,0.0,0.0,0.0,0,8.53,0,0,3.04,0
2022,5,9,23,0,0.0,0.0,0.0,0,8.48,0,0,2.91,0
2022,5,10,0,0,0.0,0.0,0.0,0,8.43,0,0,3.1,0
2022,5,10,1,0,0.0,0.0,0.0,0,8.41,0,0,3.17,0
2022,5,10,2,0,0.0,0.0,0.0,0,8.37,0,0,3.17,0
2022,5,10,3,0,0.0,0.0,0.0,0,8.36,0,0,3.37,0
2022,5,10,4,0,0.0,0.0,0.0,0,8.4,0,0,3.43,0
2022,5,10,5,0,0.0,0.0,0.0,0,8.47,0,0,3.54,0
2022,5,10,6,0,0.0,0.0,0.0,0,8.52,0,0,3.57,0
2022,5,10,7,0,252.13,50.4,87.7,0,8.98,0,0,3.74,0
2022,5,10,8,0,489.66,88.12,207.4,0,9.98,0,0,4.02,0
2022,5,10,9,0,329.71,168.91,311.8,0,11.75,0,0,5.19,0
2022,5,10,10,0,294.84,250.75,418.25,0,13.52,0,0,5.89,0
2022,5,10,11,0,447.52,230.6,402.02,0,14.78,0,0,6.17,0
2022,5,10,12,0,321.42,238.06,391.52,0,15.63,0,0,5.98,0
2022,5,10,13,0,483.63,146.47,340.7,0,15.94,0,0,5.92,0
2022,5,10,14,0,433.95,132.55,263.48,0,15.78,0,0,5.95,0
2022,5,10,15,0,240.89,103.84,167.9,0,15.05,0,0,5.59,0
2022,5,10,16,0,263.83,38.6,50.17,0,13.78,0,0,5.16,0
2022,5,10,17,0,0.0,0.0,0.0,0,12.13,0,0,5.4,0
2022,5,10,18,0,0.0,0.0,0.0,0,11.58,0,0,5.81,0
2022,5,10,19,0,0.0,0.0,0.0,0,11.48,0,0,6.15,0
2022,5,10,20,0,0.0,0.0,0.0,0,11.45,0,0,6.39,0
2022,5,10,21,0,0.0,0.0,0.0,0,11.26,0,0,6.28,0
2022,5,10,22,0,0.0,0.0,0.0,0,11.13,0,0,6.04,0
2022,5,10,23,0,0.0,0.0,0.0,0,10.97,0,0,5.91,0
2022,5,11,0,0,0.0,0.0,0.0,0,10.84,0,0,5.73,0
2022,5,11,1,0,0.0,0.0,0.0,0,10.69,0,0,5.62,0
2022,5,11,2,0,0.0,0.0,0.0,0,10.59,0,0,5.42,0
2022,5,11,3,0,0.0,0.0,0.0,0,10.62,0,0,5.46,0
2022,5,11,4,0,0.0,0.0,0.0,0,10.69,0,0,5.64,0
2022,5,11,5,0,0.0,0.0,0.0,0,10.73,0,0,5.62,0
2022,5,11,6,0,0.0,0.0,0.0,0,10.78,0,0,5.87,0
2022,5,11,7,0,0.0,31.99,33.97,0,11.04,0,0,6.24,0
2022,5,11,8,0,0.0,81.53,94.12,0,11.6,0,0,6.47,0
2022,5,11,9,0,0.0,126.44,150.93,0,12.28,0,0,6.7,0
2022,5,11,10,0,44.26,109.01,140.95,0,13.2,0,0,6.88,0
2022,5,11,11,0,70.41,93.94,124.35,0,13.95,0,0,6.79,0
2022,5,11,12,0,62.76,65.49,103.68,0,14.01,0,0,6.14,0
2022,5,11,13,0,14.05,72.55,83.93,0,13.69,0,0,5.69,0
2022,5,11,14,0,27.94,59.83,75.5,0,13.19,0,0,5.26,0
2022,5,11,15,0,4.45,43.69,49.58,0,12.58,0,0,5.63,0
2022,5,11,16,0,0.0,15.5,16.58,0,11.87,0,0,5.63,0
2022,5,11,17,0,0.0,0.0,0.0,0,11.26,0,0,5.53,0
2022,5,11,18,0,0.0,0.0,0.0,0,11.02,0,0,5.57,0
2022,5,11,19,0,0.0,0.0,0.0,0,11.05,0,0,5.81,0
2022,5,11,20,0,0.0,0.0,0.0,0,11.17,0,0,6.05,0
2022,5,11,21,0,0.0,0.0,0.0,0,11.31,0,0,6.12,0
2022,5,11,22,0,0.0,0.0,0.0,0,11.43,0,0,6.22,0
2022,5,11,23,0,0.0,0.0,0.0,0,11.44,0,0,6.4,0
2022,5,12,0,0,0.0,0.0,0.0,0,11.4,0,0,6.46,0
2022,5,12,1,0,0.0,0.0,0.0,0,11.35,0,0,6.27,0
2022,5,12,2,0,0.0,0.0,0.0,0,11.32,0,0,6.12,0
2022,5,12,3,0,0.0,0.0,0.0,0,11.34,0,0,6.08,0
2022,5,12,4,0,0.0,0.0,0.0,0,11.46,0,0,6.08,0
2022,5,12,5,0,0.0,0.0,0.0,0,11.65,0,0,6.17,0
2022,5,12,6,0,0.0,0.0,0.0,0,11.85,0,0,6.15,0
2022,5,12,7,0,0.0,26.83,28.5,0,12.08,0,0,5.76,0
2022,5,12,8,0,0.0,59.1,68.22,0,12.63,0,0,5.63,0
2022,5,12,9,0,0.0,82.79,100.12,0,13.25,0,0,5.67,0
2022,5,12,10,0,0.0,106.61,119.57,0,13.82,0,0,5.83,0
2022,5,12,11,0,0.0,114.66,137.98,0,14.24,0,0,6.08,0
2022,5,12,12,0,30.05,119.91,151.6,0,14.54,0,0,6.27,0
2022,5,12,13,0,0.0,121.66,138.12,0,14.66,0,0,6.54,0
2022,5,12,14,0,1.56,45.83,55.62,0,14.59,0,0,6.48,0
2022,5,12,15,0,0.0,73.98,83.55,0,14.4,0,0,6.03,0
2022,5,12,16,0,0.0,24.0,24.65,0,14.16,0,0,5.7,0
2022,5,12,17,0,0.0,0.0,0.0,0,13.92,0,0,5.57,0
2022,5,12,18,0,0.0,0.0,0.0,0,13.85,0,0,5.26,0
2022,5,12,19,0,0.0,0.0,0.0,0,13.73,0,0,4.7,0
2022,5,12,20,0,0.0,0.0,0.0,0,13.56,0,0,4.4,0
2022,5,12,21,0,0.0,0.0,0.0,0,13.36,0,0,3.97,0
2022,5,12,22,0,0.0,0.0,0.0,0,13.17,0,0,3.62,0
2022,5,12,23,0,0.0,0.0,0.0,0,13.02,0,0,3.38,0
2022,5,13,0,0,0.0,0.0,0.0,0,12.96,0,0,3.55,0
2022,5,13,1,0,0.0,0.0,0.0,0,12.91,0,0,3.64,0
2022,5,13,2,0,0.0,0.0,0.0,0,12.83,0,0,3.75,0
2022,5,13,3,0,0.0,0.0,0.0,0,12.86,0,0,3.94,0
2022,5,13,4,0,0.0,0.0,0.0,0,12.88,0,0,3.9,0
2022,5,13,5,0,0.0,0.0,0.0,0,12.9,0,0,3.76,0
2022,5,13,6,0,0.0,0.0,0.0,0,12.91,0,0,3.76,0
2022,5,13,7,0,63.07,56.97,58.55,0,13.17,0,0,3.97,0
2022,5,13,8,0,145.56,133.14,177.45,0,13.96,0,0,3.54,0
2022,5,13,9,0,132.43,218.74,295.5,0,14.96,0,0,3.02,0
2022,5,13,10,0,353.34,291.56,403.17,0,16.31,0,0,3.02,0
2022,5,13,11,0,223.79,280.95,437.85,0,18.1,0,0,4.05,0
2022,5,13,12,0,300.66,238.74,410.35,0,19.27,0,0,4.21,0
2022,5,13,13,0,205.57,239.35,380.0,0,19.33,0,0,3.62,0
2022,5,13,14,0,445.27,149.14,341.95,0,19.07,0,0,3.11,0
2022,5,13,15,0,484.71,77.26,213.4,0,18.67,0,0,2.76,0
2022,5,13,16,0,267.04,38.81,72.93,0,17.66,0,0,2.22,0
2022,5,13,17,0,0.0,0.0,0.0,0,15.99,0,0,2.71,0
2022,5,13,18,0,0.0,0.0,0.0,0,15.07,0,0,2.94,0
2022,5,13,19,0,0.0,0.0,0.0,0,14.51,0,0,2.7,0
2022,5,13,20,0,0.0,0.0,0.0,0,14.07,0,0,2.8,0
2022,5,13,21,0,0.0,0.0,0.0,0,13.69,0,0,3.03,0
2022,5,13,22,0,0.0,0.0,0.0,0,13.54,0,0,2.96,0
2022,5,13,23,0,0.0,0.0,0.0,0,13.49,0,0,2.81,0
2022,5,14,0,0,0.0,0.0,0.0,0,13.48,0,0,3.0,0
2022,5,14,1,0,0.0,0.0,0.0,0,13.56,0,0,3.74,0
2022,5,14,2,0,0.0,0.0,0.0,0,13.83,0,0,3.6,0
2022,5,14,3,0,0.0,0.0,0.0,0,13.8,0,0,3.27,0
2022,5,14,4,0,0.0,0.0,0.0,0,13.61,0,0,3.29,0
2022,5,14,5,0,0.0,0.0,0.0,0,13.55,0,0,3.18,0
2022,5,14,6,0,0.0,0.0,0.0,0,13.56,0,0,2.73,0
2022,5,14,7,0,153.31,30.32,68.7,0,13.94,0,0,2.35,0
2022,5,14,8,0,371.97,72.31,176.73,0,15.16,0,0,1.79,0
2022,5,14,9,0,610.64,83.55,262.75,0,16.39,0,0,2.67,0
2022,5,14,10,0,407.79,230.36,352.1,0,17.67,0,0,2.94,0
2022,5,14,11,0,81.13,227.13,295.73,0,18.81,0,0,3.09,0
2022,5,14,12,0,90.39,236.12,307.17,0,19.76,0,0,3.25,0
2022,5,14,13,0,132.47,178.34,246.45,0,20.33,0,0,3.34,0
2022,5,14,14,0,218.37,104.58,191.75,0,20.33,0,0,3.33,0
2022,5,14,15,0,201.9,77.37,134.3,0,19.75,0,0,2.96,0
2022,5,14,16,0,89.58,31.14,46.08,0,18.51,0,0,2.4,0
2022,5,14,17,0,0.0,0.0,0.0,0,16.51,0,0,2.86,0
2022,5,14,18,0,0.0,0.0,0.0,0,15.3,0,0,3.08,0
2022,5,14,19,0,0.0,0.0,0.0,0,14.7,0,0,2.94,0
2022,5,14,20,0,0.0,0.0,0.0,0,14.48,0,0,2.45,0
2022,5,14,21,0,0.0,0.0,0.0,0,14.3,0,0,2.38,0
2022,5,14,22,0,0.0,0.0,0.0,0,14.04,0,0,2.57,0
2022,5,14,23,0,0.0,0.0,0.0,0,13.81,0,0,2.64,0
2022,5,15,0,0,0.0,0.0,0.0,0,13.74,0,0,2.72,0
2022,5,15,1,0,0.0,0.0,0.0,0,13.77,0,0,2.79,0
2022,5,15,2,0,0.0,0.0,0.0,0,13.81,0,0,2.8,0
2022,5,15,3,0,0.0,0.0,0.0,0,13.81,0,0,2.68,0
2022,5,15,4,0,0.0,0.0,0.0,0,13.8,0,0,2.82,0
2022,5,15,5,0,0.0,0.0,0.0,0,13.8,0,0,2.86,0
2022,5,15,6,0,0.0,0.0,0.0,0,13.76,0,0,3.02,0
2022,5,15,7,0,120.61,34.67,48.22,0,14.13,0,0,2.87,0
2022,5,15,8,0,262.5,88.57,129.77,0,15.15,0,0,2.39,0
2022,5,15,9,0,218.54,108.16,199.05,0,16.17,0,0,2.53,0
2022,5,15,10,0,119.63,201.58,283.23,0,17.2,0,0,3.48,0
2022,5,15,11,0,104.77,217.11,272.73,0,17.62,0,0,3.96,0
2022,5,15,12,0,67.56,158.18,197.32,0,17.74,0,0,4.0,0
2022,5,15,13,0,9.49,127.17,148.52,0,17.74,0,0,3.83,0
2022,5,15,14,0,122.65,82.24,127.6,0,17.61,0,0,3.63,0
2022,5,15,15,0,154.3,51.36,89.88,0,17.31,0,0,3.44,0
2022,5,15,16,0,57.9,29.54,32.0,0,16.32,0,0,3.24,0
2022,5,15,17,0,0.0,0.0,0.0,0,14.45,0,0,3.06,0
2022,5,15,18,0,0.0,0.0,0.0,0,13.15,0,0,2.82,0
2022,5,15,19,0,0.0,0.0,0.0,0,11.99,0,0,2.96,0
2022,5,15,20,0,0.0,0.0,0.0,0,11.17,0,0,2.99,0
2022,5,15,21,0,0.0,0.0,0.0,0,10.64,0,0,3.07,0
2022,5,15,22,0,0.0,0.0,0.0,0,10.45,0,0,3.03,0
2022,5,15,23,0,0.0,0.0,0.0,0,10.46,0,0,3.11,0
2022,5,16,0,0,0.0,0.0,0.0,0,10.59,0,0,3.31,0
2022,5,16,1,0,0.0,0.0,0.0,0,10.66,0,0,3.21,0
2022,5,16,2,0,0.0,0.0,0.0,0,10.37,0,0,3.58,0
2022,5,16,3,0,0.0,0.0,0.0,0,10.05,0,0,3.57,0
2022,5,16,4,0,0.0,0.0,0.0,0,9.78,0,0,3.43,0
2022,5,16,5,0,0.0,0.0,0.0,0,9.54,0,0,3.24,0
2022,5,16,6,0,0.0,0.0,0.0,0,9.04,0,0,2.74,0
2022,5,16,7,0,252.08,43.91,78.97,0,9.08,0,0,2.77,0
2022,5,16,8,0,554.98,86.1,237.95,0,11.18,0,0,2.81,0
2022,5,16,9,0,563.17,135.67,389.85,0,13.44,0,0,4.38,0
2022,5,16,10,0,452.77,209.25,507.88,0,14.82,0,0,4.74,0
2022,5,16,11,0,758.32,131.19,587.85,0,15.65,0,0,4.87,0
2022,5,16,12,0,773.99,112.36,599.8,0,16.09,0,0,4.95,0
2022,5,16,13,0,865.68,56.79,521.28,0,16.23,0,0,5.05,0
2022,5,16,14,0,864.38,48.3,409.83,0,15.95,0,0,5.03,0
2022,5,16,15,0,722.15,49.77,256.98,0,15.23,0,0,4.89,0
2022,5,16,16,0,371.36,23.72,82.9,0,13.7,0,0,4.64,0
2022,5,16,17,0,0.0,0.0,0.0,0,11.65,0,0,4.62,0
2022,5,16,18,0,0.0,0.0,0.0,0,11.12,0,0,4.52,0
2022,5,16,19,0,0.0,0.0,0.0,0,10.81,0,0,4.56,0
2022,5,16,20,0,0.0,0.0,0.0,0,10.54,0,0,5.19,0
2022,5,16,21,0,0.0,0.0,0.0,0,10.21,0,0,5.2,0
2022,5,16,22,0,0.0,0.0,0.0,0,9.8,0,0,5.19,0
2022,5,16,23,0,0.0,0.0,0.0,0,9.39,0,0,5.03,0
2022,5,17,0,0,0.0,0.0,0.0,0,8.92,0,0,4.67,0
2022,5,17,1,0,0.0,0.0,0.0,0,8.41,0,0,4.33,0
2022,5,17,2,0,0.0,0.0,0.0,0,8.18,0,0,4.07,0
2022,5,17,3,0,0.0,0.0,0.0,0,8.15,0,0,4.09,0
2022,5,17,4,0,0.0,0.0,0.0,0,7.9,0,0,3.89,0
2022,5,17,5,0,0.0,0.0,0.0,0,7.59,0,0,3.75,0
2022,5,17,6,0,0.0,0.0,0.0,0,7.06,0,0,3.41,0
2022,5,17,7,0,375.09,32.76,89.45,0,7.21,0,0,3.1,0
2022,5,17,8,0,613.56,73.43,263.73,0,8.48,0,0,3.86,0
2022,5,17,9,0,725.44,90.92,423.88,0,9.94,0,0,4.24,0
2022,5,17,10,0,732.54,143.36,543.97,0,11.24,0,0,4.25,0
2022,5,17,11,0,911.97,71.92,615.5,0,12.27,0,0,4.25,0
2022,5,17,12,0,946.23,55.38,619.95,0,13.0,0,0,4.36,0
2022,5,17,13,0,908.07,54.83,556.58,0,13.25,0,0,4.43,0
2022,5,17,14,0,853.55,56.16,420.52,0,13.02,0,0,4.42,0
2022,5,17,15,0,680.72,48.94,262.48,0,12.31,0,0,4.3,0
2022,5,17,16,0,456.67,20.05,83.9,0,10.81,0,0,3.94,0
2022,5,17,17,0,0.0,0.0,0.0,0,8.53,0,0,3.63,0
2022,5,17,18,0,0.0,0.0,0.0,0,7.33,0,0,3.24,0
2022,5,17,19,0,0.0,0.0,0.0,0,6.33,0,0,3.07,0
2022,5,17,20,0,0.0,0.0,0.0,0,5.37,0,0,2.88,0
2022,5,17,21,0,0.0,0.0,0.0,0,4.56,0,0,2.88,0
2022,5,17,22,0,0.0,0.0,0.0,0,3.87,0,0,2.82,0
2022,5,17,23,0,0.0,0.0,0.0,0,3.28,0,0,2.86,0
2022,5,18,0,0,0.0,0.0,0.0,0,2.77,0,0,2.87,0
2022,5,18,1,0,0.0,0.0,0.0,0,2.56,0,0,2.96,0
2022,5,18,2,0,0.0,0.0,0.0,0,2.54,0,0,2.98,0
2022,5,18,3,0,0.0,0.0,0.0,0,2.64,0,0,3.59,0
2022,5,18,4,0,0.0,0.0,0.0,0,2.43,0,0,3.55,0
2022,5,18,5,0,0.0,0.0,0.0,0,2.29,0,0,3.55,0
2022,5,18,6,0,0.0,0.0,0.0,0,2.2,0,0,3.63,0
2022,5,18,7,0,517.64,22.34,91.03,0,3.04,0,0,3.81,0
2022,5,18,8,0,634.06,66.13,263.17,0,5.61,0,0,4.48,0
2022,5,18,9,0,724.8,89.75,412.67,0,7.86,0,0,6.28,0
2022,5,18,10,0,670.23,154.21,517.78,0,8.97,0,0,6.8,0
2022,5,18,11,0,681.72,133.32,536.33,0,9.39,0,0,6.75,0
2022,5,18,12,0,554.24,165.58,480.6,0,10.02,0,0,6.74,0
2022,5,18,13,0,264.6,189.88,366.88,0,10.81,0,0,6.83,0
2022,5,18,14,0,365.7,168.41,285.95,0,11.13,0,0,6.76,0
2022,5,18,15,0,277.67,68.13,182.57,0,10.76,0,0,6.55,0
2022,5,18,16,0,238.82,29.31,61.78,0,9.68,0,0,5.95,0
2022,5,18,17,0,0.0,0.0,0.0,0,8.03,0,0,5.41,0
2022,5,18,18,0,0.0,0.0,0.0,0,7.3,0,0,5.17,0
2022,5,18,19,0,0.0,0.0,0.0,0,6.73,0,0,4.87,0
2022,5,18,20,0,0.0,0.0,0.0,0,6.08,0,0,4.49,0
2022,5,18,21,0,0.0,0.0,0.0,0,5.28,0,0,4.04,0
2022,5,18,22,0,0.0,0.0,0.0,0,4.53,0,0,3.82,0
2022,5,18,23,0,0.0,0.0,0.0,0,3.87,0,0,3.13,0
2022,5,19,0,0,0.0,0.0,0.0,0,3.13,0,0,2.88,0
2022,5,19,1,0,0.0,0.0,0.0,0,2.47,0,0,2.79,0
2022,5,19,2,0,0.0,0.0,0.0,0,2.02,0,0,2.59,0
2022,5,19,3,0,0.0,0.0,0.0,0,1.83,0,0,2.56,0
2022,5,19,4,0,0.0,0.0,0.0,0,1.55,0,0,2.59,0
2022,5,19,5,0,0.0,0.0,0.0,0,1.34,0,0,2.52,0
2022,5,19,6,0,0.0,0.0,0.0,0,1.38,0,0,2.79,0
2022,5,19,7,0,360.67,32.09,84.57,0,2.18,0,0,2.82,0
2022,5,19,8,0,509.09,99.65,246.93,0,4.07,0,0,2.84,0
2022,5,19,9,0,521.16,193.05,389.48,0,6.74,0,0,2.89,0
2022,5,19,10,0,338.39,259.5,489.25,0,9.23,0,0,2.16,0
2022,5,19,11,0,880.37,124.37,579.3,0,11.18,0,0,1.24,0
2022,5,19,12,0,722.66,146.51,582.47,0,12.2,0,0,0.81,0
2022,5,19,13,0,663.82,255.84,465.67,0,12.62,0,0,0.77,0
2022,5,19,14,0,270.87,246.15,361.25,0,12.51,0,0,0.91,0
2022,5,19,15,0,258.67,145.91,208.8,0,11.91,0,0,1.07,0
2022,5,19,16,0,113.57,43.74,56.15,0,10.37,0,0,1.36,0
2022,5,19,17,0,0.0,0.0,0.0,0,7.93,0,0,2.33,0
2022,5,19,18,0,0.0,0.0,0.0,0,5.95,0,0,3.47,0
2022,5,19,19,0,0.0,0.0,0.0,0,5.38,0,0,4.42,0
2022,5,19,20,0,0.0,0.0,0.0,0,5.77,0,0,3.79,0
2022,5,19,21,0,0.0,0.0,0.0,0,5.54,0,0,2.86,0
2022,5,19,22,0,0.0,0.0,0.0,0,5.11,0,0,2.92,0
2022,5,19,23,0,0.0,0.0,0.0,0,4.77,0,0,3.09,0
2022,5,20,0,0,0.0,0.0,0.0,0,4.09,0,0,3.25,0
2022,5,20,1,0,0.0,0.0,0.0,0,3.56,0,0,3.56,0
2022,5,20,2,0,0.0,0.0,0.0,0,3.29,0,0,3.78,0
2022,5,20,3,0,0.0,0.0,0.0,0,3.17,0,0,3.97,0
2022,5,20,4,0,0.0,0.0,0.0,0,3.32,0,0,3.96,0
2022,5,20,5,0,0.0,0.0,0.0,0,3.71,0,0,4.11,0
2022,5,20,6,0,0.0,0.0,0.0,0,4.02,0,0,3.88,0
2022,5,20,7,0,14.96,42.18,45.78,0,4.54,0,0,3.81,0
2022,5,20,8,0,23.89,113.63,133.85,0,5.55,0,0,3.72,0
2022,5,20,9,0,42.17,173.53,218.8,0,6.91,0,0,4.44,0
2022,5,20,10,0,16.16,271.49,308.67,0,8.31,0,0,4.61,0
2022,5,20,11,0,0.87,247.86,294.92,0,9.69,0,0,4.72,0
2022,5,20,12,0,15.81,243.36,291.75,0,10.73,0,0,4.59,0
2022,5,20,13,0,0.42,218.47,246.88,0,11.19,0,0,4.35,0
2022,5,20,14,0,20.28,166.17,204.45,0,11.13,0,0,4.08,0
2022,5,20,15,0,36.13,104.15,124.65,0,10.5,0,0,3.69,0
2022,5,20,16,0,22.27,31.43,33.33,0,9.55,0,0,3.41,0
2022,5,20,17,0,0.0,0.0,0.0,0,8.6,0,0,3.32,0
2022,5,20,18,0,0.0,0.0,0.0,0,8.16,0,0,3.29,0
2022,5,20,19,0,0.0,0.0,0.0,0,7.98,0,0,3.45,0
2022,5,20,20,0,0.0,0.0,0.0,0,7.93,0,0,3.57,0
2022,5,20,21,0,0.0,0.0,0.0,0,7.87,0,0,3.81,0
2022,5,20,22,0,0.0,0.0,0.0,0,7.72,0,0,3.72,0
2022,5,20,23,0,0.0,0.0,0.0,0,7.67,0,0,3.49,0
2022,5,21,0,0,0.0,0.0,0.0,0,7.67,0,0,3.79,0
2022,5,21,1,0,0.0,0.0,0.0,0,7.72,0,0,4.04,0
2022,5,21,2,0,0.0,0.0,0.0,0,7.73,0,0,4.11,0
2022,5,21,3,0,0.0,0.0,0.0,0,7.78,0,0,4.48,0
2022,5,21,4,0,0.0,0.0,0.0,0,7.66,0,0,3.82,0
2022,5,21,5,0,0.0,0.0,0.0,0,7.71,0,0,3.98,0
2022,5,21,6,0,0.0,0.0,0.0,0,7.66,0,0,3.94,0
2022,5,21,7,0,135.71,39.61,52.4,0,8.03,0,0,3.88,0
2022,5,21,8,0,168.58,128.75,159.77,0,8.89,0,0,3.8,0
2022,5,21,9,0,153.73,206.52,263.4,0,9.87,0,0,4.06,0
2022,5,21,10,0,93.01,261.53,348.0,0,11.39,0,0,4.77,0
2022,5,21,11,0,94.43,257.09,344.5,0,12.86,0,0,4.96,0
2022,5,21,12,0,247.57,241.63,332.62,0,13.55,0,0,4.53,0
2022,5,21,13,0,114.35,216.83,287.95,0,13.69,0,0,4.14,0
2022,5,21,14,0,91.92,149.59,198.05,0,13.41,0,0,3.95,0
2022,5,21,15,0,36.69,83.25,115.1,0,12.76,0,0,3.65,0
2022,5,21,16,0,5.35,29.07,30.52,0,11.62,0,0,3.02,0
2022,5,21,17,0,0.0,0.0,0.0,0,9.92,0,0,3.02,0
2022,5,21,18,0,0.0,0.0,0.0,0,9.06,0,0,3.01,0
2022,5,21,19,0,0.0,0.0,0.0,0,8.63,0,0,2.9,0
2022,5,21,20,0,0.0,0.0,0.0,0,8.5,0,0,2.8,0
2022,5,21,21,0,0.0,0.0,0.0,0,8.5,0,0,2.83,0
2022,5,21,22,0,0.0,0.0,0.0,0,8.47,0,0,2.73,0
2022,5,21,23,0,0.0,0.0,0.0,0,8.44,0,0,2.65,0
2022,5,22,0,0,0.0,0.0,0.0,0,8.42,0,0,2.59,0
2022,5,22,1,0,0.0,0.0,0.0,0,8.41,0,0,2.55,0
2022,5,22,2,0,0.0,0.0,0.0,0,8.41,0,0,2.59,0
2022,5,22,3,0,0.0,0.0,0.0,0,8.4,0,0,2.62,0
2022,5,22,4,0,0.0,0.0,0.0,0,8.39,0,0,2.64,0
2022,5,22,5,0,0.0,0.0,0.0,0,8.4,0,0,2.68,0
2022,5,22,6,0,0.0,0.0,0.0,0,8.4,0,0,2.89,0
2022,5,22,7,0,26.81,50.46,47.38,0,8.57,0,0,3.3,0
2022,5,22,8,0,166.65,129.37,168.02,0,9.12,0,0,2.99,0
2022,5,22,9,0,223.7,185.55,292.98,0,10.02,0,0,3.54,0
2022,5,22,10,0,364.59,205.67,386.33,0,11.12,0,0,4.21,0
2022,5,22,11,0,355.14,207.16,410.62,0,12.09,0,0,4.41,0
2022,5,22,12,0,222.69,247.52,368.35,0,12.66,0,0,4.46,0
2022,5,22,13,0,200.81,207.21,318.05,0,12.84,0,0,4.41,0
2022,5,22,14,0,237.66,168.61,245.18,0,12.68,0,0,4.07,0
2022,5,22,15,0,116.37,106.14,145.45,0,12.18,0,0,3.67,0
2022,5,22,16,0,90.35,33.36,38.47,0,11.22,0,0,3.41,0
2022,5,22,17,0,0.0,0.0,0.0,0,9.83,0,0,3.53,0
2022,5,22,18,0,0.0,0.0,0.0,0,9.11,0,0,3.42,0
2022,5,22,19,0,0.0,0.0,0.0,0,8.48,0,0,3.31,0
2022,5,22,20,0,0.0,0.0,0.0,0,8.12,0,0,2.89,0
2022,5,22,21,0,0.0,0.0,0.0,0,8.09,0,0,2.65,0
2022,5,22,22,0,0.0,0.0,0.0,0,8.07,0,0,2.66,0
2022,5,22,23,0,0.0,0.0,0.0,0,8.03,0,0,2.69,0
2022,5,23,0,0,0.0,0.0,0.0,0,7.97,0,0,2.72,0
2022,5,23,1,0,0.0,0.0,0.0,0,7.94,0,0,2.81,0
2022,5,23,2,0,0.0,0.0,0.0,0,7.88,0,0,2.92,0
2022,5,23,3,0,0.0,0.0,0.0,0,7.84,0,0,2.92,0
2022,5,23,4,0,0.0,0.0,0.0,0,7.86,0,0,2.95,0
2022,5,23,5,0,0.0,0.0,0.0,0,7.88,0,0,2.91,0
2022,5,23,6,0,0.0,0.0,0.0,0,7.91,0,0,2.92,0
2022,5,23,7,0,121.59,41.94,46.05,0,8.08,0,0,2.85,0
2022,5,23,8,0,188.45,102.66,152.15,0,8.66,0,0,3.19,0
2022,5,23,9,0,389.27,133.0,247.98,0,9.65,0,0,3.63,0
2022,5,23,10,0,393.35,209.99,356.83,0,11.12,0,0,4.05,0
2022,5,23,11,0,247.94,238.05,341.65,0,12.52,0,0,3.97,0
2022,5,23,12,0,357.22,197.43,401.12,0,13.39,0,0,3.58,0
2022,5,23,13,0,163.41,224.39,335.42,0,13.76,0,0,3.4,0
2022,5,23,14,0,430.14,95.68,251.27,0,13.63,0,0,3.43,0
2022,5,23,15,0,321.31,66.3,161.07,0,13.04,0,0,3.41,0
2022,5,23,16,0,152.15,30.94,47.2,0,11.83,0,0,2.83,0
2022,5,23,17,0,0.0,0.0,0.0,0,9.97,0,0,3.07,0
2022,5,23,18,0,0.0,0.0,0.0,0,8.99,0,0,3.23,0
2022,5,23,19,0,0.0,0.0,0.0,0,8.44,0,0,3.15,0
2022,5,23,20,0,0.0,0.0,0.0,0,8.14,0,0,3.2,0
2022,5,23,21,0,0.0,0.0,0.0,0,8.13,0,0,3.2,0
2022,5,23,22,0,0.0,0.0,0.0,0,8.16,0,0,3.21,0
2022,5,23,23,0,0.0,0.0,0.0,0,8.19,0,0,3.26,0
2022,5,24,0,0,0.0,0.0,0.0,0,8.19,0,0,3.54,0
2022,5,24,1,0,0.0,0.0,0.0,0,8.1,0,0,3.23,0
2022,5,24,2,0,0.0,0.0,0.0,0,8.05,0,0,3.15,0
2022,5,24,3,0,0.0,0.0,0.0,0,8.08,0,0,3.17,0
2022,5,24,4,0,0.0,0.0,0.0,0,8.11,0,0,3.25,0
2022,5,24,5,0,0.0,0.0,0.0,0,8.1,0,0,3.24,0
2022,5,24,6,0,0.0,0.0,0.0,0,8.12,0,0,3.23,0
2022,5,24,7,0,109.69,43.92,55.58,0,8.44,0,0,3.1,0
2022,5,24,8,0,296.29,110.57,185.8,0,9.34,0,0,3.12,0
2022,5,24,9,0,333.78,165.72,299.6,0,10.83,0,0,3.48,0
2022,5,24,10,0,381.77,223.77,392.0,0,12.82,0,0,3.46,0
2022,5,24,11,0,361.89,191.4,420.7,0,14.33,0,0,2.75,0
2022,5,24,12,0,364.24,199.02,411.77,0,15.08,0,0,2.34,0
2022,5,24,13,0,452.64,123.14,300.95,0,15.28,0,0,2.6,0
2022,5,24,14,0,237.75,94.35,223.32,0,15.13,0,0,2.99,0
2022,5,24,15,0,305.26,67.03,142.0,0,14.53,0,0,3.12,0
2022,5,24,16,0,174.84,25.53,39.92,0,13.15,0,0,2.86,0
2022,5,24,17,0,0.0,0.0,0.0,0,11.1,0,0,3.26,0
2022,5,24,18,0,0.0,0.0,0.0,0,10.03,0,0,3.32,0
2022,5,24,19,0,0.0,0.0,0.0,0,9.22,0,0,2.88,0
2022,5,24,20,0,0.0,0.0,0.0,0,8.42,0,0,2.69,0
2022,5,24,21,0,0.0,0.0,0.0,0,8.02,0,0,2.52,0
2022,5,24,22,0,0.0,0.0,0.0,0,7.89,0,0,2.58,0
2022,5,24,23,0,0.0,0.0,0.0,0,7.75,0,0,2.39,0
2022,5,25,0,0,0.0,0.0,0.0,0,7.69,0,0,2.41,0
2022,5,25,1,0,0.0,0.0,0.0,0,7.67,0,0,2.6,0
2022,5,25,2,0,0.0,0.0,0.0,0,7.59,0,0,2.56,0
2022,5,25,3,0,0.0,0.0,0.0,0,7.46,0,0,2.73,0
2022,5,25,4,0,0.0,0.0,0.0,0,7.41,0,0,2.69,0
2022,5,25,5,0,0.0,0.0,0.0,0,7.4,0,0,2.69,0
2022,5,25,6,0,0.0,0.0,0.0,0,7.41,0,0,2.72,0
2022,5,25,7,0,37.08,36.39,52.12,0,7.77,0,0,2.87,0
2022,5,25,8,0,229.25,143.27,188.45,0,8.87,0,0,2.94,0
2022,5,25,9,0,307.89,217.11,315.8,0,10.49,0,0,3.38,0
2022,5,25,10,0,311.67,210.33,412.85,0,12.19,0,0,3.18,0
2022,5,25,11,0,371.69,332.6,446.92,0,13.47,0,0,2.65,0
2022,5,25,12,0,331.4,310.11,445.98,0,14.14,0,0,2.14,0
2022,5,25,13,0,285.22,250.72,384.95,0,14.32,0,0,1.81,0
2022,5,25,14,0,212.68,200.59,286.52,0,14.17,0,0,1.57,0
2022,5,25,15,0,132.02,117.38,163.35,0,13.69,0,0,1.4,0
2022,5,25,16,0,62.99,37.17,40.88,0,12.6,0,0,1.78,0
2022,5,25,17,0,0.0,0.0,0.0,0,11.35,0,0,2.56,0
2022,5,25,18,0,0.0,0.0,0.0,0,10.68,0,0,3.24,0
2022,5,25,19,0,0.0,0.0,0.0,0,10.35,0,0,3.16,0
2022,5,25,20,0,0.0,0.0,0.0,0,9.98,0,0,2.75,0
2022,5,25,21,0,0.0,0.0,0.0,0,9.59,0,0,2.56,0
2022,5,25,22,0,0.0,0.0,0.0,0,9.23,0,0,2.23,0
2022,5,25,23,0,0.0,0.0,0.0,0,8.82,0,0,1.9,0
2022,5,26,0,0,0.0,0.0,0.0,0,8.53,0,0,1.81,0
2022,5,26,1,0,0.0,0.0,0.0,0,8.35,0,0,1.85,0
2022,5,26,2,0,0.0,0.0,0.0,0,8.26,0,0,1.85,0
2022,5,26,3,0,0.0,0.0,0.0,0,8.26,0,0,1.84,0
2022,5,26,4,0,0.0,0.0,0.0,0,8.17,0,0,1.72,0
2022,5,26,5,0,0.0,0.0,0.0,0,8.01,0,0,1.68,0
2022,5,26,6,0,0.0,0.0,0.0,0,7.77,0,0,1.87,0
2022,5,26,7,0,31.73,32.88,33.95,0,7.94,0,0,2.09,0
2022,5,26,8,0,69.28,109.75,144.07,0,9.38,0,0,1.95,0
2022,5,26,9,0,177.89,173.61,249.07,0,11.69,0,0,2.38,0
2022,5,26,10,0,202.43,224.07,327.92,0,13.92,0,0,2.62,0
2022,5,26,11,0,417.12,193.76,397.55,0,15.37,0,0,2.84,0
2022,5,26,12,0,439.4,142.63,373.85,0,15.9,0,0,2.87,0
2022,5,26,13,0,485.63,116.36,372.45,0,15.96,0,0,2.69,0
2022,5,26,14,0,565.47,78.23,281.2,0,15.78,0,0,2.36,0
2022,5,26,15,0,399.28,51.68,164.62,0,15.32,0,0,1.92,0
2022,5,26,16,0,169.78,21.13,43.6,0,14.11,0,0,1.67,0
2022,5,26,17,0,0.0,0.0,0.0,0,12.79,0,0,1.89,0
2022,5,26,18,0,0.0,0.0,0.0,0,12.26,0,0,1.97,0
2022,5,26,19,0,0.0,0.0,0.0,0,11.88,0,0,2.1,0
2022,5,26,20,0,0.0,0.0,0.0,0,11.44,0,0,2.23,0
2022,5,26,21,0,0.0,0.0,0.0,0,11.04,0,0,2.32,0
2022,5,26,22,0,0.0,0.0,0.0,0,10.67,0,0,2.33,0
2022,5,26,23,0,0.0,0.0,0.0,0,10.33,0,0,2.29,0
2022,5,27,0,0,0.0,0.0,0.0,0,10.04,0,0,2.25,0
2022,5,27,1,0,0.0,0.0,0.0,0,9.66,0,0,2.2,0
2022,5,27,2,0,0.0,0.0,0.0,0,9.34,0,0,2.21,0
2022,5,27,3,0,0.0,0.0,0.0,0,9.15,0,0,2.21,0
2022,5,27,4,0,0.0,0.0,0.0,0,9.09,0,0,2.12,0
2022,5,27,5,0,0.0,0.0,0.0,0,9.1,0,0,1.98,0
2022,5,27,6,0,0.0,0.0,0.0,0,9.03,0,0,1.87,0
2022,5,27,7,0,174.03,25.78,49.75,0,9.13,0,0,1.82,0
2022,5,27,8,0,556.53,55.4,190.88,0,10.65,0,0,1.58,0
2022,5,27,9,0,645.38,84.06,319.88,0,13.29,0,0,1.08,0
2022,5,27,10,0,562.0,137.76,440.83,0,15.63,0,0,1.81,0
2022,5,27,11,0,470.53,224.46,459.2,0,16.57,0,0,1.97,0
2022,5,27,12,0,516.61,168.71,424.5,0,16.97,0,0,1.99,0
2022,5,27,13,0,515.4,132.01,322.52,0,17.07,0,0,1.98,0
2022,5,27,14,0,389.78,104.78,251.57,0,16.8,0,0,1.89,0
2022,5,27,15,0,260.15,70.91,146.52,0,16.07,0,0,1.62,0
2022,5,27,16,0,188.17,28.07,37.9,0,14.62,0,0,1.53,0
2022,5,27,17,0,0.0,0.0,0.0,0,13.16,0,0,1.55,0
2022,5,27,18,0,0.0,0.0,0.0,0,12.41,0,0,1.53,0
2022,5,27,19,0,0.0,0.0,0.0,0,11.76,0,0,1.62,0
2022,5,27,20,0,0.0,0.0,0.0,0,11.07,0,0,1.78,0
2022,5,27,21,0,0.0,0.0,0.0,0,10.5,0,0,1.9,0
2022,5,27,22,0,0.0,0.0,0.0,0,10.13,0,0,1.92,0
2022,5,27,23,0,0.0,0.0,0.0,0,9.95,0,0,1.9,0
2022,5,28,0,0,0.0,0.0,0.0,0,9.72,0,0,2.08,0
2022,5,28,1,0,0.0,0.0,0.0,0,9.46,0,0,2.28,0
2022,5,28,2,0,0.0,0.0,0.0,0,9.24,0,0,2.36,0
2022,5,28,3,0,0.0,0.0,0.0,0,9.19,0,0,2.31,0
2022,5,28,4,0,0.0,0.0,0.0,0,9.12,0,0,2.13,0
2022,5,28,5,0,0.0,0.0,0.0,0,9.05,0,0,1.76,0
2022,5,28,6,0,0.0,0.0,0.0,0,8.98,0,0,1.89,0
2022,5,28,7,0,95.51,25.26,29.83,0,9.11,0,0,2.12,0
2022,5,28,8,0,140.15,80.35,113.65,0,9.68,0,0,2.01,0
2022,5,28,9,0,324.9,92.98,193.2,0,10.38,0,0,2.42,0
2022,5,28,10,0,129.21,192.8,283.3,0,11.1,0,0,3.05,0
2022,5,28,11,0,211.27,204.13,337.2,0,12.23,0,0,3.38,0
2022,5,28,12,0,203.84,198.8,317.25,0,13.19,0,0,3.72,0
2022,5,28,13,0,173.63,212.3,323.12,0,13.57,0,0,4.13,0
2022,5,28,14,0,314.79,128.46,233.93,0,13.31,0,0,4.45,0
2022,5,28,15,0,184.03,99.2,140.85,0,12.5,0,0,4.44,0
2022,5,28,16,0,70.13,30.12,35.8,0,11.04,0,0,4.08,0
2022,5,28,17,0,0.0,0.0,0.0,0,9.35,0,0,3.89,0
2022,5,28,18,0,0.0,0.0,0.0,0,8.37,0,0,3.75,0
2022,5,28,19,0,0.0,0.0,0.0,0,7.75,0,0,3.52,0
2022,5,28,20,0,0.0,0.0,0.0,0,7.24,0,0,3.19,0
2022,5,28,21,0,0.0,0.0,0.0,0,6.71,0,0,3.16,0
2022,5,28,22,0,0.0,0.0,0.0,0,6.25,0,0,3.08,0
2022,5,28,23,0,0.0,0.0,0.0,0,5.8,0,0,3.04,0
2022,5,29,0,0,0.0,0.0,0.0,0,5.38,0,0,3.02,0
2022,5,29,1,0,0.0,0.0,0.0,0,5.06,0,0,3.16,0
2022,5,29,2,0,0.0,0.0,0.0,0,4.54,0,0,3.09,0
2022,5,29,3,0,0.0,0.0,0.0,0,4.17,0,0,3.02,0
2022,5,29,4,0,0.0,0.0,0.0,0,3.9,0,0,3.04,0
2022,5,29,5,0,0.0,0.0,0.0,0,3.56,0,0,2.9,0
2022,5,29,6,0,0.0,0.0,0.0,0,3.68,0,0,2.84,0
2022,5,29,7,0,182.84,28.93,43.88,0,3.9,0,0,2.6,0
2022,5,29,8,0,263.26,68.54,145.1,0,4.93,0,0,3.4,0
2022,5,29,9,0,499.47,93.12,223.15,0,6.84,0,0,4.86,0
2022,5,29,10,0,129.29,233.13,323.77,0,8.31,0,0,5.05,0
2022,5,29,11,0,116.88,294.14,375.7,0,9.15,0,0,5.03,0
2022,5,29,12,0,375.19,254.77,443.12,0,9.56,0,0,5.11,0
2022,5,29,13,0,233.94,239.72,387.98,0,9.67,0,0,5.22,0
2022,5,29,14,0,518.33,74.52,278.17,0,9.41,0,0,5.22,0
2022,5,29,15,0,495.45,58.27,154.65,0,8.78,0,0,5.04,0
2022,5,29,16,0,191.86,24.1,33.5,0,7.56,0,0,4.26,0
2022,5,29,17,0,0.0,0.0,0.0,0,6.09,0,0,3.64,0
2022,5,29,18,0,0.0,0.0,0.0,0,5.49,0,0,3.56,0
2022,5,29,19,0,0.0,0.0,0.0,0,5.03,0,0,3.44,0
2022,5,29,20,0,0.0,0.0,0.0,0,4.69,0,0,3.25,0
2022,5,29,21,0,0.0,0.0,0.0,0,4.29,0,0,3.03,0
2022,5,29,22,0,0.0,0.0,0.0,0,3.95,0,0,3.16,0
2022,5,29,23,0,0.0,0.0,0.0,0,3.84,0,0,2.64,0
2022,5,30,0,0,0.0,0.0,0.0,0,3.55,0,0,2.34,0
2022,5,30,1,0,0.0,0.0,0.0,0,3.34,0,0,2.41,0
2022,5,30,2,0,0.0,0.0,0.0,0,3.42,0,0,2.59,0
2022,5,30,3,0,0.0,0.0,0.0,0,3.27,0,0,2.62,0
2022,5,30,4,0,0.0,0.0,0.0,0,3.1,0,0,2.71,0
2022,5,30,5,0,0.0,0.0,0.0,0,3.35,0,0,2.6,0
2022,5,30,6,0,0.0,0.0,0.0,0,3.66,0,0,2.59,0
2022,5,30,7,0,45.12,17.7,22.0,0,4.08,0,0,2.9,0
2022,5,30,8,0,145.64,62.67,90.55,0,5.27,0,0,3.18,0
2022,5,30,9,0,221.34,91.37,149.62,0,7.56,0,0,5.23,0
2022,5,30,10,0,45.63,120.85,159.32,0,9.36,0,0,7.32,0
2022,5,30,11,0,42.8,94.71,123.47,0,8.93,0,0,7.53,0
2022,5,30,12,0,84.4,52.38,77.65,0,8.34,0,0,7.38,0
2022,5,30,13,0,210.38,118.51,218.15,0,8.48,0,0,7.62,0
2022,5,30,14,0,93.47,48.07,78.07,0,8.26,0,0,7.7,0
2022,5,30,15,0,65.68,48.61,64.85,0,7.69,0,0,6.94,0
2022,5,30,16,0,0.0,16.31,16.3,0,7.18,0,0,6.77,0
2022,5,30,17,0,0.0,0.0,0.0,0,6.16,0,0,6.87,0
2022,5,30,18,0,0.0,0.0,0.0,0,5.18,0,0,6.62,0
2022,5,30,19,0,0.0,0.0,0.0,0,4.62,0,0,6.33,0
2022,5,30,20,0,0.0,0.0,0.0,0,4.39,0,0,6.12,0
2022,5,30,21,0,0.0,0.0,0.0,0,4.15,0,0,5.87,0
2022,5,30,22,0,0.0,0.0,0.0,0,3.8,0,0,5.69,0
2022,5,30,23,0,0.0,0.0,0.0,0,3.05,0,0,6.28,0
2022,5,31,0,0,0.0,0.0,0.0,0,2.62,0,0,6.23,0
2022,5,31,1,0,0.0,0.0,0.0,0,3.17,0,0,6.02,0
2022,5,31,2,0,0.0,0.0,0.0,0,3.84,0,0,6.76,0
2022,5,31,3,0,0.0,0.0,0.0,0,4.17,0,0,7.18,0
2022,5,31,4,0,0.0,0.0,0.0,0,4.23,0,0,7.26,0
2022,5,31,5,0,0.0,0.0,0.0,0,4.26,0,0,7.37,0
2022,5,31,6,0,0.0,0.0,0.0,0,4.15,0,0,7.28,0
2022,5,31,7,0,71.37,18.87,24.15,0,3.76,0,0,6.89,0
2022,5,31,8,0,63.88,65.09,93.32,0,3.58,0,0,6.31,0
2022,5,31,9,0,126.96,100.4,145.68,0,3.91,0,0,5.86,0
2022,5,31,10,0,115.38,134.13,179.65,0,4.39,0,0,6.09,0
2022,5,31,11,0,232.44,132.52,254.85,0,4.81,0,0,7.14,0
2022,5,31,12,0,191.5,145.11,247.6,0,5.08,0,0,7.61,0
2022,5,31,13,0,382.26,97.22,243.12,0,5.29,0,0,8.42,0
2022,5,31,14,0,391.15,99.26,191.0,0,5.68,0,0,8.57,0
2022,5,31,15,0,173.83,72.61,110.35,0,5.39,0,0,7.94,0
2022,5,31,16,0,83.73,21.73,26.33,0,4.79,0,0,7.62,0
2022,5,31,17,0,0.0,0.0,0.0,0,4.43,0,0,7.68,0
2022,5,31,18,0,0.0,0.0,0.0,0,4.24,0,0,7.6,0
2022,5,31,19,0,0.0,0.0,0.0,0,4.04,0,0,7.69,0
2022,5,31,20,0,0.0,0.0,0.0,0,3.66,0,0,7.82,0
2022,5,31,21,0,0.0,0.0,0.0,0,3.17,0,0,7.76,0
2022,5,31,22,0,0.0,0.0,0.0,0,2.62,0,0,7.66,0
2022,5,31,23,0,0.0,0.0,0.0,0,1.9,0,0,7.11,0
2022,6,1,0,0,0.0,0.0,0.0,0,1.54,0,0,6.78,0
2022,6,1,1,0,0.0,0.0,0.0,0,1.36,0,0,6.73,0
2022,6,1,2,0,0.0,0.0,0.0,0,1.16,0,0,6.31,0
2022,6,1,3,0,0.0,0.0,0.0,0,0.98,0,0,5.94,0
2022,6,1,4,0,0.0,0.0,0.0,0,0.85,0,0,5.92,0
2022,6,1,5,0,0.0,0.0,0.0,0,0.73,0,0,5.89,0
2022,6,1,6,0,0.0,0.0,0.0,0,0.66,0,0,6.07,0
2022,6,1,7,0,156.36,25.61,48.97,0,0.68,0,0,6.13,0
2022,6,1,8,0,419.05,77.4,183.75,0,0.86,0,0,6.39,0
2022,6,1,9,0,501.12,122.15,306.9,0,1.29,0,0,6.76,0
2022,6,1,10,0,193.74,194.5,317.55,0,2.05,0,0,7.39,0
2022,6,1,11,0,135.06,277.29,376.17,0,3.04,0,0,7.84,0
2022,6,1,12,0,132.31,296.28,396.5,0,3.72,0,0,8.07,0
2022,6,1,13,0,695.63,98.92,354.35,0,4.18,0,0,8.19,0
2022,6,1,14,0,586.23,100.19,271.1,0,4.37,0,0,8.03,0
2022,6,1,15,0,267.38,80.2,160.52,0,4.03,0,0,7.44,0
2022,6,1,16,0,148.45,26.35,39.0,0,3.21,0,0,6.44,0
2022,6,1,17,0,0.0,0.0,0.0,0,2.4,0,0,5.87,0
2022,6,1,18,0,0.0,0.0,0.0,0,2.33,0,0,5.66,0
2022,6,1,19,0,0.0,0.0,0.0,0,2.52,0,0,5.47,0
2022,6,1,20,0,0.0,0.0,0.0,0,2.78,0,0,5.25,0
2022,6,1,21,0,0.0,0.0,0.0,0,3.0,0,0,4.98,0
2022,6,1,22,0,0.0,0.0,0.0,0,3.16,0,0,4.81,0
2022,6,1,23,0,0.0,0.0,0.0,0,3.34,0,0,4.48,0
2022,6,2,0,0,0.0,0.0,0.0,0,3.47,0,0,4.3,0
2022,6,2,1,0,0.0,0.0,0.0,0,3.52,0,0,4.2,0
2022,6,2,2,0,0.0,0.0,0.0,0,3.46,0,0,4.05,0
2022,6,2,3,0,0.0,0.0,0.0,0,3.24,0,0,3.8,0
2022,6,2,4,0,0.0,0.0,0.0,0,2.91,0,0,3.38,0
2022,6,2,5,0,0.0,0.0,0.0,0,2.58,0,0,2.95,0
2022,6,2,6,0,0.0,0.0,0.0,0,2.16,0,0,2.32,0
2022,6,2,7,0,38.02,29.33,29.6,0,2.17,0,0,2.04,0
2022,6,2,8,0,32.24,102.0,116.4,0,3.17,0,0,1.62,0
2022,6,2,9,0,23.12,171.34,197.6,0,4.27,0,0,1.07,0
2022,6,2,10,0,10.85,226.36,261.62,0,5.68,0,0,0.73,0
2022,6,2,11,0,27.41,302.57,346.52,0,6.89,0,0,0.51,0
2022,6,2,12,0,194.44,303.51,429.48,0,7.91,0,0,0.28,0
2022,6,2,13,0,447.33,279.46,451.12,0,8.95,0,0,0.19,0
2022,6,2,14,0,122.36,220.6,308.45,0,9.57,0,0,0.6,0
2022,6,2,15,0,124.14,133.87,175.18,0,9.32,0,0,0.85,0
2022,6,2,16,0,52.64,37.75,42.35,0,8.02,0,0,0.85,0
2022,6,2,17,0,0.0,0.0,0.0,0,6.62,0,0,1.09,0
2022,6,2,18,0,0.0,0.0,0.0,0,5.82,0,0,1.09,0
2022,6,2,19,0,0.0,0.0,0.0,0,5.19,0,0,1.05,0
2022,6,2,20,0,0.0,0.0,0.0,0,4.69,0,0,0.96,0
2022,6,2,21,0,0.0,0.0,0.0,0,4.26,0,0,0.65,0
2022,6,2,22,0,0.0,0.0,0.0,0,3.92,0,0,0.73,0
2022,6,2,23,0,0.0,0.0,0.0,0,3.34,0,0,1.11,0
2022,6,3,0,0,0.0,0.0,0.0,0,2.87,0,0,1.42,0
2022,6,3,1,0,0.0,0.0,0.0,0,2.37,0,0,1.73,0
2022,6,3,2,0,0.0,0.0,0.0,0,1.55,0,0,2.19,0
2022,6,3,3,0,0.0,0.0,0.0,0,0.91,0,0,2.62,0
2022,6,3,4,0,0.0,0.0,0.0,0,0.65,0,0,2.96,0
2022,6,3,5,0,0.0,0.0,0.0,0,0.68,0,0,3.06,0
2022,6,3,6,0,0.0,0.0,0.0,0,0.92,0,0,3.06,0
2022,6,3,7,0,38.84,30.54,30.8,0,1.21,0,0,3.11,0
2022,6,3,8,0,64.55,113.23,135.98,0,3.26,0,0,2.56,0
2022,6,3,9,0,56.48,189.77,240.9,0,5.58,0,0,2.29,0
2022,6,3,10,0,108.97,258.7,326.4,0,7.45,0,0,2.97,0
2022,6,3,11,0,74.47,281.49,359.95,0,8.49,0,0,3.22,0
2022,6,3,12,0,44.0,238.27,275.33,0,8.76,0,0,3.11,0
2022,6,3,13,0,286.18,143.47,198.5,0,8.52,0,0,2.96,0
2022,6,3,14,0,5.96,78.86,90.53,0,8.02,0,0,2.96,0
2022,6,3,15,0,15.96,54.76,62.22,0,7.24,0,0,2.77,0
2022,6,3,16,0,2.98,12.27,12.25,0,6.07,0,0,1.93,0
2022,6,3,17,0,0.0,0.0,0.0,0,4.83,0,0,1.92,0
2022,6,3,18,0,0.0,0.0,0.0,0,4.17,0,0,2.51,0
2022,6,3,19,0,0.0,0.0,0.0,0,3.98,0,0,2.43,0
2022,6,3,20,0,0.0,0.0,0.0,0,3.75,0,0,2.84,0
2022,6,3,21,0,0.0,0.0,0.0,0,3.74,0,0,3.31,0
2022,6,3,22,0,0.0,0.0,0.0,0,3.94,0,0,3.39,0
2022,6,3,23,0,0.0,0.0,0.0,0,3.94,0,0,2.6,0
2022,6,4,0,0,0.0,0.0,0.0,0,3.89,0,0,3.03,0
2022,6,4,1,0,0.0,0.0,0.0,0,3.85,0,0,3.16,0
2022,6,4,2,0,0.0,0.0,0.0,0,3.86,0,0,3.39,0
2022,6,4,3,0,0.0,0.0,0.0,0,3.82,0,0,3.58,0
2022,6,4,4,0,0.0,0.0,0.0,0,3.7,0,0,3.83,0
2022,6,4,5,0,0.0,0.0,0.0,0,3.49,0,0,4.29,0
2022,6,4,6,0,0.0,0.0,0.0,0,3.1,0,0,4.87,0
2022,6,4,7,0,239.1,22.73,39.22,0,2.68,0,0,4.58,0
2022,6,4,8,0,309.63,70.77,146.07,0,2.62,0,0,4.52,0
2022,6,4,9,0,503.87,121.07,224.9,0,3.1,0,0,4.49,0
2022,6,4,10,0,475.94,122.31,269.58,0,4.55,0,0,4.51,0
2022,6,4,11,0,65.59,247.01,313.5,0,6.37,0,0,4.9,0
2022,6,4,12,0,177.82,236.8,347.33,0,7.67,0,0,5.2,0
2022,6,4,13,0,126.42,194.32,277.6,0,7.82,0,0,5.1,0
2022,6,4,14,0,94.9,134.74,181.95,0,7.54,0,0,4.88,0
2022,6,4,15,0,287.72,59.16,110.22,0,7.04,0,0,4.56,0
2022,6,4,16,0,101.19,20.5,28.33,0,6.11,0,0,3.91,0
2022,6,4,17,0,0.0,0.0,0.0,0,5.16,0,0,3.74,0
2022,6,4,18,0,0.0,0.0,0.0,0,4.99,0,0,3.8,0
2022,6,4,19,0,0.0,0.0,0.0,0,4.97,0,0,3.97,0
2022,6,4,20,0,0.0,0.0,0.0,0,4.97,0,0,4.2,0
2022,6,4,21,0,0.0,0.0,0.0,0,4.9,0,0,4.27,0
2022,6,4,22,0,0.0,0.0,0.0,0,4.84,0,0,4.01,0
2022,6,4,23,0,0.0,0.0,0.0,0,4.76,0,0,3.67,0
2022,6,5,0,0,0.0,0.0,0.0,0,4.82,0,0,3.82,0
2022,6,5,1,0,0.0,0.0,0.0,0,4.75,0,0,3.71,0
2022,6,5,2,0,0.0,0.0,0.0,0,4.75,0,0,3.77,0
2022,6,5,3,0,0.0,0.0,0.0,0,4.75,0,0,3.7,0
2022,6,5,4,0,0.0,0.0,0.0,0,4.69,0,0,3.56,0
2022,6,5,5,0,0.0,0.0,0.0,0,4.64,0,0,3.55,0
2022,6,5,6,0,0.0,0.0,0.0,0,4.62,0,0,3.99,0
2022,6,5,7,0,9.34,28.86,28.9,0,4.65,0,0,3.92,0
2022,6,5,8,0,38.31,93.54,110.93,0,5.22,0,0,4.19,0
2022,6,5,9,0,53.02,145.01,178.35,0,6.26,0,0,4.93,0
2022,6,5,10,0,42.48,177.31,222.98,0,7.38,0,0,5.65,0
2022,6,5,11,0,59.93,190.73,242.12,0,8.15,0,0,6.29,0
2022,6,5,12,0,48.1,200.9,253.95,0,8.59,0,0,6.65,0
2022,6,5,13,0,1.3,115.37,142.1,0,8.81,0,0,6.65,0
2022,6,5,14,0,64.61,151.55,183.38,0,8.77,0,0,6.47,0
2022,6,5,15,0,90.72,78.64,115.45,0,8.44,0,0,5.99,0
2022,6,5,16,0,67.95,24.2,29.9,0,7.68,0,0,5.58,0
2022,6,5,17,0,0.0,0.0,0.0,0,7.01,0,0,5.56,0
2022,6,5,18,0,0.0,0.0,0.0,0,6.81,0,0,5.63,0
2022,6,5,19,0,0.0,0.0,0.0,0,6.64,0,0,5.9,0
2022,6,5,20,0,0.0,0.0,0.0,0,6.47,0,0,6.16,0
2022,6,5,21,0,0.0,0.0,0.0,0,6.31,0,0,6.33,0
2022,6,5,22,0,0.0,0.0,0.0,0,6.11,0,0,6.34,0
2022,6,5,23,0,0.0,0.0,0.0,0,5.99,0,0,6.55,0
2022,6,6,0,0,0.0,0.0,0.0,0,6.02,0,0,6.76,0
2022,6,6,1,0,0.0,0.0,0.0,0,6.02,0,0,6.91,0
2022,6,6,2,0,0.0,0.0,0.0,0,5.96,0,0,7.14,0
2022,6,6,3,0,0.0,0.0,0.0,0,5.37,0,0,7.34,0
2022,6,6,4,0,0.0,0.0,0.0,0,4.27,0,0,7.21,0
2022,6,6,5,0,0.0,0.0,0.0,0,3.43,0,0,6.3,0
2022,6,6,6,0,0.0,0.0,0.0,0,3.17,0,0,6.13,0
2022,6,6,7,0,183.61,30.07,38.92,0,3.12,0,0,6.49,0
2022,6,6,8,0,235.78,89.19,148.65,0,3.29,0,0,7.19,0
2022,6,6,9,0,293.98,132.74,242.77,0,3.78,0,0,7.18,0
2022,6,6,10,0,386.39,170.92,303.25,0,4.32,0,0,6.88,0
2022,6,6,11,0,136.92,270.04,351.52,0,4.68,0,0,6.62,0
2022,6,6,12,0,176.18,258.12,373.12,0,4.75,0,0,6.7,0
2022,6,6,13,0,497.54,121.8,347.55,0,4.85,0,0,6.57,0
2022,6,6,14,0,535.21,91.83,279.62,0,4.87,0,0,6.4,0
2022,6,6,15,0,488.87,43.84,173.48,0,4.81,0,0,5.94,0
2022,6,6,16,0,287.74,17.78,47.17,0,4.3,0,0,5.22,0
2022,6,6,17,0,0.0,0.0,0.0,0,3.69,0,0,5.46,0
2022,6,6,18,0,0.0,0.0,0.0,0,3.47,0,0,5.64,0
2022,6,6,19,0,0.0,0.0,0.0,0,2.84,0,0,5.47,0
2022,6,6,20,0,0.0,0.0,0.0,0,2.4,0,0,5.2,0
2022,6,6,21,0,0.0,0.0,0.0,0,2.09,0,0,5.06,0
2022,6,6,22,0,0.0,0.0,0.0,0,1.85,0,0,4.97,0
2022,6,6,23,0,0.0,0.0,0.0,0,1.68,0,0,4.98,0
2022,6,7,0,0,0.0,0.0,0.0,0,1.51,0,0,5.03,0
2022,6,7,1,0,0.0,0.0,0.0,0,1.4,0,0,4.85,0
2022,6,7,2,0,0.0,0.0,0.0,0,1.27,0,0,4.86,0
2022,6,7,3,0,0.0,0.0,0.0,0,1.16,0,0,4.84,0
2022,6,7,4,0,0.0,0.0,0.0,0,1.13,0,0,4.79,0
2022,6,7,5,0,0.0,0.0,0.0,0,1.28,0,0,4.72,0
2022,6,7,6,0,0.0,0.0,0.0,0,1.45,0,0,4.7,0
2022,6,7,7,0,161.81,22.02,31.7,0,1.87,0,0,4.48,0
2022,6,7,8,0,435.74,50.96,128.9,0,2.58,0,0,4.32,0
2022,6,7,9,0,424.71,81.65,204.93,0,2.93,0,0,4.42,0
2022,6,7,10,0,533.54,92.34,255.4,0,3.35,0,0,4.94,0
2022,6,7,11,0,90.03,195.69,275.67,0,3.92,0,0,5.62,0
2022,6,7,12,0,132.5,227.74,314.17,0,4.6,0,0,5.97,0
2022,6,7,13,0,482.96,114.55,329.75,0,5.39,0,0,6.18,0
2022,6,7,14,0,425.19,111.35,242.12,0,5.95,0,0,6.59,0
2022,6,7,15,0,251.59,84.23,138.07,0,5.65,0,0,6.34,0
2022,6,7,16,0,73.37,27.61,31.42,0,4.44,0,0,5.87,0
2022,6,7,17,0,0.0,0.0,0.0,0,3.81,0,0,6.03,0
2022,6,7,18,0,0.0,0.0,0.0,0,3.98,0,0,6.24,0
2022,6,7,19,0,0.0,0.0,0.0,0,3.6,0,0,6.08,0
2022,6,7,20,0,0.0,0.0,0.0,0,3.1,0,0,5.63,0
2022,6,7,21,0,0.0,0.0,0.0,0,2.63,0,0,5.55,0
2022,6,7,22,0,0.0,0.0,0.0,0,1.93,0,0,5.13,0
2022,6,7,23,0,0.0,0.0,0.0,0,1.72,0,0,5.05,0
2022,6,8,0,0,0.0,0.0,0.0,0,1.67,0,0,4.85,0
2022,6,8,1,0,0.0,0.0,0.0,0,1.82,0,0,4.95,0
2022,6,8,2,0,0.0,0.0,0.0,0,1.68,0,0,4.9,0
2022,6,8,3,0,0.0,0.0,0.0,0,1.63,0,0,4.9,0
2022,6,8,4,0,0.0,0.0,0.0,0,1.48,0,0,4.96,0
2022,6,8,5,0,0.0,0.0,0.0,0,1.33,0,0,4.94,0
2022,6,8,6,0,0.0,0.0,0.0,0,1.22,0,0,4.85,0
2022,6,8,7,0,114.98,22.21,32.92,0,1.24,0,0,4.77,0
2022,6,8,8,0,178.04,90.23,134.62,0,1.51,0,0,4.71,0
2022,6,8,9,0,208.36,162.28,227.7,0,1.95,0,0,4.81,0
2022,6,8,10,0,195.15,205.89,298.62,0,2.65,0,0,5.26,0
2022,6,8,11,0,112.91,239.45,336.52,0,3.5,0,0,5.52,0
2022,6,8,12,0,304.54,210.87,392.85,0,4.17,0,0,5.54,0
2022,6,8,13,0,242.94,207.13,335.75,0,4.51,0,0,5.44,0
2022,6,8,14,0,159.08,135.6,225.2,0,4.4,0,0,5.36,0
2022,6,8,15,0,307.97,71.57,139.15,0,3.83,0,0,5.18,0
2022,6,8,16,0,148.02,25.39,36.17,0,2.71,0,0,4.33,0
2022,6,8,17,0,0.0,0.0,0.0,0,1.64,0,0,3.89,0
2022,6,8,18,0,0.0,0.0,0.0,0,1.58,0,0,4.19,0
2022,6,8,19,0,0.0,0.0,0.0,0,1.56,0,0,4.32,0
2022,6,8,20,0,0.0,0.0,0.0,0,1.68,0,0,4.48,0
2022,6,8,21,0,0.0,0.0,0.0,0,1.67,0,0,4.45,0
2022,6,8,22,0,0.0,0.0,0.0,0,1.55,0,0,4.68,0
2022,6,8,23,0,0.0,0.0,0.0,0,1.33,0,0,4.66,0
2022,6,9,0,0,0.0,0.0,0.0,0,1.03,0,0,4.37,0
2022,6,9,1,0,0.0,0.0,0.0,0,0.85,0,0,4.06,0
2022,6,9,2,0,0.0,0.0,0.0,0,0.88,0,0,4.09,0
2022,6,9,3,0,0.0,0.0,0.0,0,1.2,0,0,4.26,0
2022,6,9,4,0,0.0,0.0,0.0,0,1.71,0,0,4.54,0
2022,6,9,5,0,0.0,0.0,0.0,0,2.04,0,0,4.75,0
2022,6,9,6,0,0.0,0.0,0.0,0,2.12,0,0,4.88,0
2022,6,9,7,0,92.41,25.6,34.2,0,2.15,0,0,4.92,0
2022,6,9,8,0,113.57,100.69,129.2,0,2.39,0,0,4.97,0
2022,6,9,9,0,231.25,141.78,220.35,0,2.85,0,0,5.57,0
2022,6,9,10,0,172.46,210.98,280.92,0,3.57,0,0,6.03,0
2022,6,9,11,0,102.68,217.59,305.75,0,4.32,0,0,6.24,0
2022,6,9,12,0,104.92,231.03,303.05,0,4.85,0,0,6.44,0
2022,6,9,13,0,392.14,111.66,245.05,0,5.5,0,0,6.6,0
2022,6,9,14,0,382.06,87.6,187.62,0,5.98,0,0,6.65,0
2022,6,9,15,0,572.39,53.51,112.75,0,5.84,0,0,6.44,0
2022,6,9,16,0,193.14,18.98,26.9,0,4.67,0,0,5.46,0
2022,6,9,17,0,0.0,0.0,0.0,0,3.62,0,0,5.3,0
2022,6,9,18,0,0.0,0.0,0.0,0,3.67,0,0,5.44,0
2022,6,9,19,0,0.0,0.0,0.0,0,3.66,0,0,5.44,0
2022,6,9,20,0,0.0,0.0,0.0,0,3.68,0,0,5.38,0
2022,6,9,21,0,0.0,0.0,0.0,0,3.65,0,0,5.2,0
2022,6,9,22,0,0.0,0.0,0.0,0,3.64,0,0,5.1,0
2022,6,9,23,0,0.0,0.0,0.0,0,3.65,0,0,5.05,0
2022,6,10,0,0,0.0,0.0,0.0,0,3.64,0,0,5.0,0
2022,6,10,1,0,0.0,0.0,0.0,0,3.65,0,0,4.9,0
2022,6,10,2,0,0.0,0.0,0.0,0,3.64,0,0,4.87,0
2022,6,10,3,0,0.0,0.0,0.0,0,3.63,0,0,4.77,0
2022,6,10,4,0,0.0,0.0,0.0,0,3.64,0,0,4.71,0
2022,6,10,5,0,0.0,0.0,0.0,0,3.68,0,0,4.75,0
2022,6,10,6,0,0.0,0.0,0.0,0,3.7,0,0,4.76,0
2022,6,10,7,0,111.13,24.4,30.08,0,3.72,0,0,4.93,0
2022,6,10,8,0,205.8,82.02,132.98,0,3.91,0,0,5.13,0
2022,6,10,9,0,108.1,141.89,221.45,0,4.37,0,0,5.9,0
2022,6,10,10,0,149.17,216.6,285.73,0,4.96,0,0,6.52,0
2022,6,10,11,0,107.95,245.58,331.2,0,5.44,0,0,6.74,0
2022,6,10,12,0,122.27,221.88,319.92,0,5.9,0,0,6.7,0
2022,6,10,13,0,380.58,119.78,266.3,0,6.35,0,0,6.66,0
2022,6,10,14,0,358.1,85.04,209.55,0,6.37,0,0,6.46,0
2022,6,10,15,0,199.49,65.19,124.03,0,5.87,0,0,6.0,0
2022,6,10,16,0,98.61,19.25,29.15,0,4.91,0,0,4.95,0
2022,6,10,17,0,0.0,0.0,0.0,0,4.45,0,0,4.84,0
2022,6,10,18,0,0.0,0.0,0.0,0,4.49,0,0,5.16,0
2022,6,10,19,0,0.0,0.0,0.0,0,4.46,0,0,5.13,0
2022,6,10,20,0,0.0,0.0,0.0,0,4.4,0,0,4.99,0
2022,6,10,21,0,0.0,0.0,0.0,0,4.34,0,0,4.81,0
2022,6,10,22,0,0.0,0.0,0.0,0,4.3,0,0,4.65,0
2022,6,10,23,0,0.0,0.0,0.0,0,4.26,0,0,4.26,0
2022,6,11,0,0,0.0,0.0,0.0,0,4.2,0,0,4.16,0
2022,6,11,1,0,0.0,0.0,0.0,0,4.21,0,0,4.1,0
2022,6,11,2,0,0.0,0.0,0.0,0,4.3,0,0,4.1,0
2022,6,11,3,0,0.0,0.0,0.0,0,4.36,0,0,4.05,0
2022,6,11,4,0,0.0,0.0,0.0,0,4.25,0,0,4.04,0
2022,6,11,5,0,0.0,0.0,0.0,0,4.27,0,0,4.07,0
2022,6,11,6,0,0.0,0.0,0.0,0,4.41,0,0,4.23,0
2022,6,11,7,0,85.77,32.09,32.78,0,4.32,0,0,4.57,0
2022,6,11,8,0,250.27,104.28,138.38,0,4.26,0,0,5.09,0
2022,6,11,9,0,256.04,149.68,232.8,0,4.72,0,0,5.41,0
2022,6,11,10,0,216.16,215.93,302.58,0,5.46,0,0,6.02,0
2022,6,11,11,0,116.68,255.5,346.48,0,6.0,0,0,6.52,0
2022,6,11,12,0,453.17,199.88,424.73,0,6.3,0,0,6.91,0
2022,6,11,13,0,667.09,89.18,388.23,0,6.45,0,0,6.94,0
2022,6,11,14,0,571.45,91.07,290.5,0,6.26,0,0,6.87,0
2022,6,11,15,0,392.73,66.93,162.98,0,5.74,0,0,6.41,0
2022,6,11,16,0,123.68,27.05,37.85,0,4.64,0,0,5.95,0
2022,6,11,17,0,0.0,0.0,0.0,0,3.44,0,0,5.95,0
2022,6,11,18,0,0.0,0.0,0.0,0,3.34,0,0,6.25,0
2022,6,11,19,0,0.0,0.0,0.0,0,3.29,0,0,6.22,0
2022,6,11,20,0,0.0,0.0,0.0,0,3.07,0,0,6.12,0
2022,6,11,21,0,0.0,0.0,0.0,0,2.83,0,0,6.22,0
2022,6,11,22,0,0.0,0.0,0.0,0,2.66,0,0,6.41,0
2022,6,11,23,0,0.0,0.0,0.0,0,2.47,0,0,6.22,0
2022,6,12,0,0,0.0,0.0,0.0,0,2.32,0,0,6.26,0
2022,6,12,1,0,0.0,0.0,0.0,0,2.26,0,0,6.3,0
2022,6,12,2,0,0.0,0.0,0.0,0,2.23,0,0,6.25,0
2022,6,12,3,0,0.0,0.0,0.0,0,2.19,0,0,6.12,0
2022,6,12,4,0,0.0,0.0,0.0,0,2.07,0,0,6.03,0
2022,6,12,5,0,0.0,0.0,0.0,0,2.03,0,0,5.83,0
2022,6,12,6,0,0.0,0.0,0.0,0,2.03,0,0,5.76,0
2022,6,12,7,0,49.04,20.47,21.95,0,2.12,0,0,5.56,0
2022,6,12,8,0,96.67,82.25,106.6,0,2.5,0,0,5.49,0
2022,6,12,9,0,122.21,136.36,177.52,0,2.85,0,0,5.46,0
2022,6,12,10,0,67.44,167.92,222.23,0,3.14,0,0,5.49,0
2022,6,12,11,0,29.13,203.95,245.4,0,3.49,0,0,5.76,0
2022,6,12,12,0,81.88,212.94,272.65,0,4.08,0,0,5.77,0
2022,6,12,13,0,400.19,125.68,255.6,0,4.64,0,0,5.75,0
2022,6,12,14,0,394.74,89.85,198.52,0,4.93,0,0,5.33,0
2022,6,12,15,0,358.9,63.12,121.7,0,5.07,0,0,5.0,0
2022,6,12,16,0,163.28,21.29,26.95,0,5.0,0,0,4.92,0
2022,6,12,17,0,0.0,0.0,0.0,0,4.9,0,0,4.98,0
2022,6,12,18,0,0.0,0.0,0.0,0,4.9,0,0,4.91,0
2022,6,12,19,0,0.0,0.0,0.0,0,4.9,0,0,4.8,0
2022,6,12,20,0,0.0,0.0,0.0,0,4.82,0,0,4.63,0
2022,6,12,21,0,0.0,0.0,0.0,0,4.73,0,0,4.4,0
2022,6,12,22,0,0.0,0.0,0.0,0,4.67,0,0,4.08,0
2022,6,12,23,0,0.0,0.0,0.0,0,4.62,0,0,3.93,0
2022,6,13,0,0,0.0,0.0,0.0,0,4.55,0,0,3.77,0
2022,6,13,1,0,0.0,0.0,0.0,0,4.47,0,0,3.72,0
2022,6,13,2,0,0.0,0.0,0.0,0,4.39,0,0,3.65,0
2022,6,13,3,0,0.0,0.0,0.0,0,4.34,0,0,3.25,0
2022,6,13,4,0,0.0,0.0,0.0,0,4.23,0,0,3.11,0
2022,6,13,5,0,0.0,0.0,0.0,0,4.08,0,0,2.88,0
2022,6,13,6,0,0.0,0.0,0.0,0,3.89,0,0,2.54,0
2022,6,13,7,0,104.41,25.25,30.4,0,3.68,0,0,2.43,0
2022,6,13,8,0,189.1,111.85,157.75,0,4.43,0,0,2.54,0
2022,6,13,9,0,318.98,183.54,276.3,0,5.69,0,0,2.27,0
2022,6,13,10,0,342.95,220.14,371.25,0,7.51,0,0,1.86,0
2022,6,13,11,0,529.85,171.5,420.15,0,9.29,0,0,1.38,0
2022,6,13,12,0,682.07,127.35,468.4,0,10.55,0,0,0.97,0
2022,6,13,13,0,684.87,85.83,404.05,0,11.25,0,0,0.86,0
2022,6,13,14,0,687.7,72.7,329.48,0,11.35,0,0,1.06,0
2022,6,13,15,0,627.06,39.16,195.23,0,10.72,0,0,1.4,0
2022,6,13,16,0,309.98,16.78,50.08,0,8.7,0,0,1.87,0
2022,6,13,17,0,0.0,0.0,0.0,0,6.16,0,0,2.44,0
2022,6,13,18,0,0.0,0.0,0.0,0,4.8,0,0,2.4,0
2022,6,13,19,0,0.0,0.0,0.0,0,3.72,0,0,2.46,0
2022,6,13,20,0,0.0,0.0,0.0,0,2.74,0,0,2.56,0
2022,6,13,21,0,0.0,0.0,0.0,0,1.97,0,0,2.53,0
2022,6,13,22,0,0.0,0.0,0.0,0,1.54,0,0,2.28,0
2022,6,13,23,0,0.0,0.0,0.0,0,1.46,0,0,1.93,0
2022,6,14,0,0,0.0,0.0,0.0,0,1.32,0,0,1.58,0
2022,6,14,1,0,0.0,0.0,0.0,0,1.07,0,0,1.39,0
2022,6,14,2,0,0.0,0.0,0.0,0,1.0,0,0,1.38,0
2022,6,14,3,0,0.0,0.0,0.0,0,1.02,0,0,1.47,0
2022,6,14,4,0,0.0,0.0,0.0,0,1.06,0,0,1.25,0
2022,6,14,5,0,0.0,0.0,0.0,0,0.85,0,0,1.33,0
2022,6,14,6,0,0.0,0.0,0.0,0,0.58,0,0,1.49,0
2022,6,14,7,0,282.06,19.71,39.72,0,0.86,0,0,1.46,0
2022,6,14,8,0,536.22,47.66,191.4,0,2.6,0,0,1.4,0
2022,6,14,9,0,618.14,80.84,335.23,0,5.43,0,0,1.54,0
2022,6,14,10,0,859.65,61.41,439.3,0,8.41,0,0,2.78,0
2022,6,14,11,0,677.02,155.06,514.95,0,10.02,0,0,2.86,0
2022,6,14,12,0,836.57,82.45,542.85,0,11.03,0,0,2.96,0
2022,6,14,13,0,882.37,56.41,490.1,0,11.5,0,0,3.0,0
2022,6,14,14,0,860.38,41.29,383.0,0,11.48,0,0,2.93,0
2022,6,14,15,0,699.19,39.19,225.5,0,10.77,0,0,2.66,0
2022,6,14,16,0,299.56,19.36,54.05,0,8.5,0,0,2.55,0
2022,6,14,17,0,0.0,0.0,0.0,0,5.61,0,0,3.16,0
2022,6,14,18,0,0.0,0.0,0.0,0,4.17,0,0,3.17,0
2022,6,14,19,0,0.0,0.0,0.0,0,3.63,0,0,2.72,0
2022,6,14,20,0,0.0,0.0,0.0,0,3.4,0,0,2.07,0
2022,6,14,21,0,0.0,0.0,0.0,0,3.16,0,0,1.57,0
2022,6,14,22,0,0.0,0.0,0.0,0,2.62,0,0,1.61,0
2022,6,14,23,0,0.0,0.0,0.0,0,1.84,0,0,2.15,0
2022,6,15,0,0,0.0,0.0,0.0,0,0.85,0,0,2.79,0
2022,6,15,1,0,0.0,0.0,0.0,0,0.22,0,0,3.18,0
2022,6,15,2,0,0.0,0.0,0.0,0,-0.16,0,0,3.16,0
2022,6,15,3,0,0.0,0.0,0.0,0,-0.54,0,0,3.29,0
2022,6,15,4,0,0.0,0.0,0.0,0,-0.84,0,0,3.29,0
2022,6,15,5,0,0.0,0.0,0.0,0,-0.82,0,0,3.19,0
2022,6,15,6,0,0.0,0.0,0.0,0,-0.19,0,0,2.73,0
2022,6,15,7,0,227.22,21.57,35.83,0,0.58,0,0,2.05,0
2022,6,15,8,0,635.14,53.47,190.8,0,1.48,0,0,2.01,0
2022,6,15,9,0,539.32,125.07,339.4,0,3.76,0,0,2.43,0
2022,6,15,10,0,753.49,103.67,449.58,0,6.71,0,0,3.1,0
2022,6,15,11,0,641.32,143.04,518.08,0,9.17,0,0,3.68,0
2022,6,15,12,0,841.3,77.09,539.1,0,10.48,0,0,4.04,0
2022,6,15,13,0,809.31,77.37,479.3,0,11.14,0,0,4.1,0
2022,6,15,14,0,769.07,55.43,370.85,0,11.23,0,0,3.94,0
2022,6,15,15,0,623.7,47.89,213.7,0,10.65,0,0,3.59,0
2022,6,15,16,0,249.58,24.01,48.0,0,8.58,0,0,3.36,0
2022,6,15,17,0,0.0,0.0,0.0,0,6.25,0,0,3.91,0
2022,6,15,18,0,0.0,0.0,0.0,0,5.35,0,0,4.2,0
2022,6,15,19,0,0.0,0.0,0.0,0,5.0,0,0,3.82,0
2022,6,15,20,0,0.0,0.0,0.0,0,4.61,0,0,3.54,0
2022,6,15,21,0,0.0,0.0,0.0,0,4.19,0,0,3.46,0
2022,6,15,22,0,0.0,0.0,0.0,0,3.73,0,0,3.65,0
2022,6,15,23,0,0.0,0.0,0.0,0,3.26,0,0,3.83,0
2022,6,16,0,0,0.0,0.0,0.0,0,2.95,0,0,4.02,0
2022,6,16,1,0,0.0,0.0,0.0,0,2.8,0,0,3.96,0
2022,6,16,2,0,0.0,0.0,0.0,0,2.73,0,0,3.84,0
2022,6,16,3,0,0.0,0.0,0.0,0,2.69,0,0,3.59,0
2022,6,16,4,0,0.0,0.0,0.0,0,2.6,0,0,3.53,0
2022,6,16,5,0,0.0,0.0,0.0,0,2.39,0,0,3.58,0
2022,6,16,6,0,0.0,0.0,0.0,0,2.07,0,0,3.25,0
2022,6,16,7,0,105.96,22.7,29.92,0,2.08,0,0,3.56,0
2022,6,16,8,0,532.33,57.85,137.05,0,4.56,0,0,3.22,0
2022,6,16,9,0,587.86,83.98,234.88,0,7.13,0,0,2.91,0
2022,6,16,10,0,485.0,121.28,301.55,0,8.75,0,0,3.39,0
2022,6,16,11,0,479.68,101.79,332.25,0,9.07,0,0,3.6,0
2022,6,16,12,0,120.1,247.52,329.25,0,9.05,0,0,3.69,0
2022,6,16,13,0,271.38,151.61,253.68,0,8.86,0,0,3.71,0
2022,6,16,14,0,309.43,137.04,193.15,0,8.52,0,0,3.55,0
2022,6,16,15,0,231.12,62.53,115.45,0,8.03,0,0,3.1,0
2022,6,16,16,0,74.07,17.35,25.2,0,7.08,0,0,2.55,0
2022,6,16,17,0,0.0,0.0,0.0,0,6.37,0,0,2.4,0
2022,6,16,18,0,0.0,0.0,0.0,0,6.18,0,0,2.77,0
2022,6,16,19,0,0.0,0.0,0.0,0,6.12,0,0,2.86,0
2022,6,16,20,0,0.0,0.0,0.0,0,6.16,0,0,3.09,0
2022,6,16,21,0,0.0,0.0,0.0,0,6.18,0,0,3.31,0
2022,6,16,22,0,0.0,0.0,0.0,0,6.2,0,0,3.55,0
2022,6,16,23,0,0.0,0.0,0.0,0,6.17,0,0,3.56,0
2022,6,17,0,0,0.0,0.0,0.0,0,6.07,0,0,3.32,0
2022,6,17,1,0,0.0,0.0,0.0,0,6.03,0,0,2.63,0
2022,6,17,2,0,0.0,0.0,0.0,0,5.97,0,0,2.73,0
2022,6,17,3,0,0.0,0.0,0.0,0,5.89,0,0,2.84,0
2022,6,17,4,0,0.0,0.0,0.0,0,5.84,0,0,2.86,0
2022,6,17,5,0,0.0,0.0,0.0,0,5.75,0,0,2.81,0
2022,6,17,6,0,0.0,0.0,0.0,0,5.62,0,0,2.67,0
2022,6,17,7,0,117.57,21.46,23.38,0,5.59,0,0,2.37,0
2022,6,17,8,0,195.18,89.85,117.12,0,6.13,0,0,2.32,0
2022,6,17,9,0,102.85,164.87,207.6,0,6.86,0,0,2.61,0
2022,6,17,10,0,179.83,206.07,280.42,0,8.38,0,0,2.51,0
2022,6,17,11,0,126.88,230.89,311.98,0,10.26,0,0,2.36,0
2022,6,17,12,0,206.15,182.67,305.92,0,11.71,0,0,2.27,0
2022,6,17,13,0,363.7,117.15,279.5,0,12.41,0,0,2.18,0
2022,6,17,14,0,391.04,80.7,226.43,0,12.42,0,0,2.15,0
2022,6,17,15,0,248.92,58.67,139.02,0,11.8,0,0,2.17,0
2022,6,17,16,0,205.8,18.86,35.22,0,10.2,0,0,2.31,0
2022,6,17,17,0,0.0,0.0,0.0,0,8.3,0,0,2.96,0
2022,6,17,18,0,0.0,0.0,0.0,0,7.22,0,0,3.2,0
2022,6,17,19,0,0.0,0.0,0.0,0,6.48,0,0,3.18,0
2022,6,17,20,0,0.0,0.0,0.0,0,5.64,0,0,3.21,0
2022,6,17,21,0,0.0,0.0,0.0,0,4.72,0,0,3.23,0
2022,6,17,22,0,0.0,0.0,0.0,0,3.95,0,0,3.26,0
2022,6,17,23,0,0.0,0.0,0.0,0,3.46,0,0,3.03,0
2022,6,18,0,0,0.0,0.0,0.0,0,3.19,0,0,2.75,0
2022,6,18,1,0,0.0,0.0,0.0,0,3.02,0,0,2.56,0
2022,6,18,2,0,0.0,0.0,0.0,0,2.78,0,0,2.49,0
2022,6,18,3,0,0.0,0.0,0.0,0,2.49,0,0,2.47,0
2022,6,18,4,0,0.0,0.0,0.0,0,2.34,0,0,2.51,0
2022,6,18,5,0,0.0,0.0,0.0,0,2.2,0,0,2.52,0
2022,6,18,6,0,0.0,0.0,0.0,0,2.08,0,0,2.49,0
2022,6,18,7,0,225.97,18.8,36.15,0,2.44,0,0,2.57,0
2022,6,18,8,0,559.53,51.21,190.73,0,4.48,0,0,2.24,0
2022,6,18,9,0,693.1,68.75,337.08,0,7.0,0,0,2.18,0
2022,6,18,10,0,770.94,79.26,454.15,0,9.63,0,0,2.07,0
2022,6,18,11,0,837.93,74.94,531.62,0,11.71,0,0,1.66,0
2022,6,18,12,0,876.17,62.37,540.35,0,12.83,0,0,1.62,0
2022,6,18,13,0,856.62,55.45,484.88,0,13.35,0,0,1.75,0
2022,6,18,14,0,824.07,45.45,373.8,0,13.33,0,0,1.83,0
2022,6,18,15,0,675.0,40.89,221.35,0,12.67,0,0,1.8,0
2022,6,18,16,0,324.04,18.14,53.72,0,10.49,0,0,2.15,0
2022,6,18,17,0,0.0,0.0,0.0,0,7.87,0,0,3.25,0
2022,6,18,18,0,0.0,0.0,0.0,0,6.25,0,0,3.92,0
2022,6,18,19,0,0.0,0.0,0.0,0,5.44,0,0,3.7,0
2022,6,18,20,0,0.0,0.0,0.0,0,4.91,0,0,3.2,0
2022,6,18,21,0,0.0,0.0,0.0,0,4.08,0,0,3.39,0
2022,6,18,22,0,0.0,0.0,0.0,0,3.85,0,0,3.59,0
2022,6,18,23,0,0.0,0.0,0.0,0,4.24,0,0,3.08,0
2022,6,19,0,0,0.0,0.0,0.0,0,4.6,0,0,2.48,0
2022,6,19,1,0,0.0,0.0,0.0,0,4.76,0,0,2.5,0
2022,6,19,2,0,0.0,0.0,0.0,0,4.53,0,0,2.42,0
2022,6,19,3,0,0.0,0.0,0.0,0,4.25,0,0,2.59,0
2022,6,19,4,0,0.0,0.0,0.0,0,4.04,0,0,2.65,0
2022,6,19,5,0,0.0,0.0,0.0,0,3.78,0,0,2.55,0
2022,6,19,6,0,0.0,0.0,0.0,0,3.56,0,0,2.58,0
2022,6,19,7,0,157.25,23.79,30.83,0,3.77,0,0,2.64,0
2022,6,19,8,0,417.28,83.07,164.73,0,5.3,0,0,2.51,0
2022,6,19,9,0,438.29,113.96,299.73,0,7.46,0,0,2.36,0
2022,6,19,10,0,396.54,167.93,403.3,0,10.12,0,0,2.38,0
2022,6,19,11,0,502.5,185.3,483.0,0,12.34,0,0,2.09,0
2022,6,19,12,0,438.82,196.7,495.58,0,13.6,0,0,1.73,0
2022,6,19,13,0,584.64,202.62,415.62,0,14.13,0,0,1.73,0
2022,6,19,14,0,374.57,164.5,303.67,0,14.01,0,0,1.99,0
2022,6,19,15,0,397.86,118.26,174.4,0,13.25,0,0,2.19,0
2022,6,19,16,0,67.99,35.52,37.4,0,11.13,0,0,2.38,0
2022,6,19,17,0,0.0,0.0,0.0,0,9.21,0,0,2.92,0
2022,6,19,18,0,0.0,0.0,0.0,0,8.02,0,0,3.22,0
2022,6,19,19,0,0.0,0.0,0.0,0,7.4,0,0,3.56,0
2022,6,19,20,0,0.0,0.0,0.0,0,7.38,0,0,3.14,0
2022,6,19,21,0,0.0,0.0,0.0,0,7.19,0,0,2.6,0
2022,6,19,22,0,0.0,0.0,0.0,0,6.99,0,0,2.43,0
2022,6,19,23,0,0.0,0.0,0.0,0,6.89,0,0,2.42,0
2022,6,20,0,0,0.0,0.0,0.0,0,6.8,0,0,2.43,0
2022,6,20,1,0,0.0,0.0,0.0,0,6.75,0,0,2.35,0
2022,6,20,2,0,0.0,0.0,0.0,0,6.67,0,0,2.3,0
2022,6,20,3,0,0.0,0.0,0.0,0,6.65,0,0,2.33,0
2022,6,20,4,0,0.0,0.0,0.0,0,6.64,0,0,2.35,0
2022,6,20,5,0,0.0,0.0,0.0,0,6.61,0,0,2.35,0
2022,6,20,6,0,0.0,0.0,0.0,0,6.64,0,0,2.66,0
2022,6,20,7,0,70.22,26.04,24.2,0,6.72,0,0,2.68,0
2022,6,20,8,0,170.84,94.66,134.27,0,7.44,0,0,2.66,0
2022,6,20,9,0,304.29,173.8,256.73,0,8.94,0,0,3.26,0
2022,6,20,10,0,415.17,184.24,350.15,0,10.92,0,0,3.37,0
2022,6,20,11,0,407.81,195.14,404.77,0,12.47,0,0,2.95,0
2022,6,20,12,0,520.5,141.6,397.58,0,13.46,0,0,2.4,0
2022,6,20,13,0,682.37,85.63,367.05,0,13.88,0,0,2.05,0
2022,6,20,14,0,592.96,95.04,309.88,0,13.85,0,0,1.9,0
2022,6,20,15,0,492.27,54.5,180.43,0,13.26,0,0,1.81,0
2022,6,20,16,0,220.45,21.88,44.5,0,11.64,0,0,2.01,0
2022,6,20,17,0,0.0,0.0,0.0,0,9.83,0,0,3.06,0
2022,6,20,18,0,0.0,0.0,0.0,0,8.95,0,0,3.52,0
2022,6,20,19,0,0.0,0.0,0.0,0,8.11,0,0,3.54,0
2022,6,20,20,0,0.0,0.0,0.0,0,7.44,0,0,3.46,0
2022,6,20,21,0,0.0,0.0,0.0,0,7.12,0,0,3.43,0
2022,6,20,22,0,0.0,0.0,0.0,0,6.97,0,0,2.99,0
2022,6,20,23,0,0.0,0.0,0.0,0,6.73,0,0,2.6,0
2022,6,21,0,0,0.0,0.0,0.0,0,6.68,0,0,2.25,0
2022,6,21,1,0,0.0,0.0,0.0,0,6.78,0,0,1.81,0
2022,6,21,2,0,0.0,0.0,0.0,0,6.75,0,0,1.63,0
2022,6,21,3,0,0.0,0.0,0.0,0,6.57,0,0,1.49,0
2022,6,21,4,0,0.0,0.0,0.0,0,6.35,0,0,1.57,0
2022,6,21,5,0,0.0,0.0,0.0,0,6.24,0,0,1.85,0
2022,6,21,6,0,0.0,0.0,0.0,0,6.06,0,0,1.79,0
2022,6,21,7,0,64.54,16.75,17.5,0,6.15,0,0,2.1,0
2022,6,21,8,0,206.28,64.95,102.25,0,7.07,0,0,2.01,0
2022,6,21,9,0,238.24,136.02,202.65,0,8.47,0,0,2.85,0
2022,6,21,10,0,352.67,149.09,288.55,0,10.15,0,0,3.46,0
2022,6,21,11,0,240.19,188.38,335.92,0,11.5,0,0,4.66,0
2022,6,21,12,0,125.42,185.67,259.02,0,12.72,0,0,5.81,0
2022,6,21,13,0,190.17,102.44,179.3,0,12.84,0,0,5.85,0
2022,6,21,14,0,307.12,66.67,175.55,0,12.16,0,0,5.35,0
2022,6,21,15,0,177.76,58.22,109.1,0,10.96,0,0,4.62,0
2022,6,21,16,0,94.12,20.11,25.95,0,9.48,0,0,3.7,0
2022,6,21,17,0,0.0,0.0,0.0,0,8.31,0,0,3.26,0
2022,6,21,18,0,0.0,0.0,0.0,0,7.32,0,0,3.11,0
2022,6,21,19,0,0.0,0.0,0.0,0,6.78,0,0,3.13,0
2022,6,21,20,0,0.0,0.0,0.0,0,6.6,0,0,3.3,0
2022,6,21,21,0,0.0,0.0,0.0,0,6.57,0,0,3.44,0
2022,6,21,22,0,0.0,0.0,0.0,0,6.37,0,0,3.55,0
2022,6,21,23,0,0.0,0.0,0.0,0,5.95,0,0,3.83,0
2022,6,22,0,0,0.0,0.0,0.0,0,5.03,0,0,3.53,0
2022,6,22,1,0,0.0,0.0,0.0,0,4.25,0,0,3.03,0
2022,6,22,2,0,0.0,0.0,0.0,0,3.93,0,0,2.67,0
2022,6,22,3,0,0.0,0.0,0.0,0,3.51,0,0,2.2,0
2022,6,22,4,0,0.0,0.0,0.0,0,3.46,0,0,1.91,0
2022,6,22,5,0,0.0,0.0,0.0,0,3.39,0,0,2.35,0
2022,6,22,6,0,0.0,0.0,0.0,0,3.09,0,0,2.31,0
2022,6,22,7,0,158.28,18.73,31.8,0,3.05,0,0,2.14,0
2022,6,22,8,0,634.49,37.5,185.02,0,3.9,0,0,2.45,0
2022,6,22,9,0,789.0,55.36,337.27,0,5.79,0,0,2.89,0
2022,6,22,10,0,839.54,66.67,461.83,0,8.1,0,0,3.23,0
2022,6,22,11,0,887.92,60.97,538.75,0,9.87,0,0,3.41,0
2022,6,22,12,0,807.52,88.76,525.5,0,10.87,0,0,3.62,0
2022,6,22,13,0,898.48,52.48,476.58,0,11.18,0,0,3.69,0
2022,6,22,14,0,776.66,52.94,361.52,0,10.87,0,0,3.67,0
2022,6,22,15,0,693.55,42.84,214.18,0,10.0,0,0,3.39,0
2022,6,22,16,0,306.21,21.51,52.33,0,8.11,0,0,2.72,0
2022,6,22,17,0,0.0,0.0,0.0,0,5.89,0,0,2.78,0
2022,6,22,18,0,0.0,0.0,0.0,0,4.7,0,0,2.97,0
2022,6,22,19,0,0.0,0.0,0.0,0,3.99,0,0,2.9,0
2022,6,22,20,0,0.0,0.0,0.0,0,3.53,0,0,2.67,0
2022,6,22,21,0,0.0,0.0,0.0,0,3.1,0,0,2.59,0
2022,6,22,22,0,0.0,0.0,0.0,0,2.76,0,0,2.58,0
2022,6,22,23,0,0.0,0.0,0.0,0,2.5,0,0,2.67,0
2022,6,23,0,0,0.0,0.0,0.0,0,2.44,0,0,2.77,0
2022,6,23,1,0,0.0,0.0,0.0,0,2.75,0,0,2.93,0
2022,6,23,2,0,0.0,0.0,0.0,0,3.21,0,0,2.94,0
2022,6,23,3,0,0.0,0.0,0.0,0,3.65,0,0,2.85,0
2022,6,23,4,0,0.0,0.0,0.0,0,3.94,0,0,2.8,0
2022,6,23,5,0,0.0,0.0,0.0,0,4.11,0,0,2.75,0
2022,6,23,6,0,0.0,0.0,0.0,0,4.42,0,0,2.72,0
2022,6,23,7,0,179.31,16.46,19.8,0,4.76,0,0,2.91,0
2022,6,23,8,0,270.14,36.04,96.82,0,5.91,0,0,2.94,0
2022,6,23,9,0,378.85,53.38,164.02,0,7.1,0,0,3.64,0
2022,6,23,10,0,473.22,76.3,209.6,0,8.46,0,0,4.03,0
2022,6,23,11,0,33.48,183.59,220.82,0,9.67,0,0,4.15,0
2022,6,23,12,0,45.61,187.12,225.3,0,10.65,0,0,4.26,0
2022,6,23,13,0,41.88,148.92,199.98,0,11.16,0,0,4.43,0
2022,6,23,14,0,309.86,91.6,174.18,0,10.99,0,0,4.51,0
2022,6,23,15,0,231.62,56.66,108.47,0,10.29,0,0,4.36,0
2022,6,23,16,0,101.66,21.55,30.0,0,8.84,0,0,3.94,0
2022,6,23,17,0,0.0,0.0,0.0,0,7.82,0,0,3.85,0
2022,6,23,18,0,0.0,0.0,0.0,0,7.6,0,0,3.89,0
2022,6,23,19,0,0.0,0.0,0.0,0,7.31,0,0,3.77,0
2022,6,23,20,0,0.0,0.0,0.0,0,6.88,0,0,3.48,0
2022,6,23,21,0,0.0,0.0,0.0,0,6.26,0,0,3.56,0
2022,6,23,22,0,0.0,0.0,0.0,0,5.82,0,0,3.6,0
2022,6,23,23,0,0.0,0.0,0.0,0,5.47,0,0,3.57,0
2022,6,24,0,0,0.0,0.0,0.0,0,5.25,0,0,3.7,0
2022,6,24,1,0,0.0,0.0,0.0,0,5.15,0,0,3.72,0
2022,6,24,2,0,0.0,0.0,0.0,0,5.13,0,0,3.55,0
2022,6,24,3,0,0.0,0.0,0.0,0,5.12,0,0,3.83,0
2022,6,24,4,0,0.0,0.0,0.0,0,5.22,0,0,4.0,0
2022,6,24,5,0,0.0,0.0,0.0,0,5.26,0,0,3.92,0
2022,6,24,6,0,0.0,0.0,0.0,0,5.25,0,0,4.04,0
2022,6,24,7,0,110.99,22.63,21.58,0,5.56,0,0,4.16,0
2022,6,24,8,0,79.78,72.02,101.82,0,6.79,0,0,4.25,0
2022,6,24,9,0,240.77,122.41,191.62,0,7.85,0,0,5.46,0
2022,6,24,10,0,196.76,175.33,262.0,0,8.63,0,0,6.09,0
2022,6,24,11,0,104.41,272.6,321.5,0,9.14,0,0,6.11,0
2022,6,24,12,0,404.4,182.87,355.95,0,9.6,0,0,5.99,0
2022,6,24,13,0,533.24,114.35,299.5,0,10.04,0,0,5.71,0
2022,6,24,14,0,351.51,97.05,246.15,0,10.35,0,0,5.36,0
2022,6,24,15,0,387.57,53.17,159.82,0,10.31,0,0,4.96,0
2022,6,24,16,0,252.41,20.04,44.97,0,9.34,0,0,4.49,0
2022,6,24,17,0,0.0,0.0,0.0,0,8.13,0,0,4.34,0
2022,6,24,18,0,0.0,0.0,0.0,0,7.58,0,0,3.96,0
2022,6,24,19,0,0.0,0.0,0.0,0,7.01,0,0,3.88,0
2022,6,24,20,0,0.0,0.0,0.0,0,6.55,0,0,3.65,0
2022,6,24,21,0,0.0,0.0,0.0,0,6.21,0,0,3.58,0
2022,6,24,22,0,0.0,0.0,0.0,0,6.2,0,0,3.45,0
2022,6,24,23,0,0.0,0.0,0.0,0,6.3,0,0,3.54,0
2022,6,25,0,0,0.0,0.0,0.0,0,6.41,0,0,3.4,0
2022,6,25,1,0,0.0,0.0,0.0,0,6.41,0,0,3.32,0
2022,6,25,2,0,0.0,0.0,0.0,0,6.22,0,0,3.29,0
2022,6,25,3,0,0.0,0.0,0.0,0,5.87,0,0,3.3,0
2022,6,25,4,0,0.0,0.0,0.0,0,5.45,0,0,3.34,0
2022,6,25,5,0,0.0,0.0,0.0,0,5.01,0,0,3.12,0
2022,6,25,6,0,0.0,0.0,0.0,0,4.46,0,0,3.26,0
2022,6,25,7,0,183.32,19.53,29.9,0,4.32,0,0,2.98,0
2022,6,25,8,0,327.07,74.21,147.68,0,6.13,0,0,2.15,0
2022,6,25,9,0,383.54,108.69,251.0,0,8.52,0,0,3.13,0
2022,6,25,10,0,412.41,144.05,324.6,0,10.62,0,0,4.26,0
2022,6,25,11,0,377.07,212.89,381.23,0,11.82,0,0,4.47,0
2022,6,25,12,0,307.97,193.75,326.67,0,12.34,0,0,4.62,0
2022,6,25,13,0,168.76,199.54,283.77,0,12.45,0,0,4.75,0
2022,6,25,14,0,148.26,128.88,192.1,0,12.1,0,0,4.72,0
2022,6,25,15,0,210.19,79.41,128.3,0,11.38,0,0,4.31,0
2022,6,25,16,0,167.01,24.31,38.35,0,9.9,0,0,3.67,0
2022,6,25,17,0,0.0,0.0,0.0,0,8.32,0,0,3.37,0
2022,6,25,18,0,0.0,0.0,0.0,0,7.55,0,0,3.02,0
2022,6,25,19,0,0.0,0.0,0.0,0,6.75,0,0,2.89,0
2022,6,25,20,0,0.0,0.0,0.0,0,6.09,0,0,2.56,0
2022,6,25,21,0,0.0,0.0,0.0,0,5.82,0,0,2.09,0
2022,6,25,22,0,0.0,0.0,0.0,0,5.73,0,0,1.91,0
2022,6,25,23,0,0.0,0.0,0.0,0,5.46,0,0,1.88,0
2022,6,26,0,0,0.0,0.0,0.0,0,5.11,0,0,1.95,0
2022,6,26,1,0,0.0,0.0,0.0,0,4.63,0,0,1.97,0
2022,6,26,2,0,0.0,0.0,0.0,0,4.04,0,0,2.3,0
2022,6,26,3,0,0.0,0.0,0.0,0,3.77,0,0,2.39,0
2022,6,26,4,0,0.0,0.0,0.0,0,3.41,0,0,2.82,0
2022,6,26,5,0,0.0,0.0,0.0,0,3.03,0,0,3.05,0
2022,6,26,6,0,0.0,0.0,0.0,0,2.8,0,0,3.11,0
2022,6,26,7,0,111.3,25.75,29.58,0,3.0,0,0,3.05,0
2022,6,26,8,0,291.16,83.45,152.25,0,4.84,0,0,2.74,0
2022,6,26,9,0,360.97,169.56,267.83,0,7.65,0,0,2.3,0
2022,6,26,10,0,271.83,231.34,357.98,0,10.25,0,0,3.27,0
2022,6,26,11,0,213.05,281.49,403.0,0,11.57,0,0,3.98,0
2022,6,26,12,0,33.73,292.42,334.48,0,11.94,0,0,4.35,0
2022,6,26,13,0,86.09,227.82,297.38,0,11.68,0,0,4.46,0
2022,6,26,14,0,90.93,172.33,214.93,0,11.22,0,0,4.4,0
2022,6,26,15,0,71.58,100.03,120.75,0,10.45,0,0,3.98,0
2022,6,26,16,0,23.11,33.82,33.95,0,9.11,0,0,3.47,0
2022,6,26,17,0,0.0,0.0,0.0,0,8.08,0,0,3.13,0
2022,6,26,18,0,0.0,0.0,0.0,0,7.58,0,0,2.86,0
2022,6,26,19,0,0.0,0.0,0.0,0,7.21,0,0,2.61,0
2022,6,26,20,0,0.0,0.0,0.0,0,6.93,0,0,2.79,0
2022,6,26,21,0,0.0,0.0,0.0,0,6.61,0,0,2.94,0
2022,6,26,22,0,0.0,0.0,0.0,0,6.14,0,0,2.8,0
2022,6,26,23,0,0.0,0.0,0.0,0,5.34,0,0,2.81,0
2022,6,27,0,0,0.0,0.0,0.0,0,4.59,0,0,2.65,0
2022,6,27,1,0,0.0,0.0,0.0,0,3.88,0,0,2.61,0
2022,6,27,2,0,0.0,0.0,0.0,0,3.54,0,0,3.0,0
2022,6,27,3,0,0.0,0.0,0.0,0,3.9,0,0,3.77,0
2022,6,27,4,0,0.0,0.0,0.0,0,4.1,0,0,3.74,0
2022,6,27,5,0,0.0,0.0,0.0,0,4.27,0,0,3.64,0
2022,6,27,6,0,0.0,0.0,0.0,0,4.36,0,0,3.3,0
2022,6,27,7,0,176.13,17.21,25.33,0,4.69,0,0,3.35,0
2022,6,27,8,0,391.86,66.24,151.15,0,5.22,0,0,3.35,0
2022,6,27,9,0,547.62,94.53,267.62,0,5.86,0,0,3.94,0
2022,6,27,10,0,569.03,141.47,360.98,0,6.86,0,0,3.99,0
2022,6,27,11,0,470.92,203.37,439.45,0,8.12,0,0,4.12,0
2022,6,27,12,0,580.24,195.92,461.3,0,9.14,0,0,4.16,0
2022,6,27,13,0,702.11,76.73,389.8,0,9.75,0,0,4.45,0
2022,6,27,14,0,711.78,51.06,313.3,0,9.83,0,0,4.52,0
2022,6,27,15,0,713.19,39.6,198.9,0,9.28,0,0,4.42,0
2022,6,27,16,0,353.65,18.48,57.85,0,7.51,0,0,3.98,0
2022,6,27,17,0,0.0,0.0,0.0,0,5.38,0,0,3.73,0
2022,6,27,18,0,0.0,0.0,0.0,0,4.15,0,0,3.33,0
2022,6,27,19,0,0.0,0.0,0.0,0,3.14,0,0,3.06,0
2022,6,27,20,0,0.0,0.0,0.0,0,2.17,0,0,3.04,0
2022,6,27,21,0,0.0,0.0,0.0,0,1.25,0,0,3.36,0
2022,6,27,22,0,0.0,0.0,0.0,0,0.73,0,0,3.31,0
2022,6,27,23,0,0.0,0.0,0.0,0,0.35,0,0,3.04,0
2022,6,28,0,0,0.0,0.0,0.0,0,-0.03,0,0,2.74,0
2022,6,28,1,0,0.0,0.0,0.0,0,-0.45,0,0,2.77,0
2022,6,28,2,0,0.0,0.0,0.0,0,-0.99,0,0,2.88,0
2022,6,28,3,0,0.0,0.0,0.0,0,-1.4,0,0,3.08,0
2022,6,28,4,0,0.0,0.0,0.0,0,-1.12,0,0,2.95,0
2022,6,28,5,0,0.0,0.0,0.0,0,-0.62,0,0,2.84,0
2022,6,28,6,0,0.0,0.0,0.0,0,-0.94,0,0,2.51,0
2022,6,28,7,0,346.4,14.44,39.45,0,-0.74,0,0,2.43,0
2022,6,28,8,0,593.84,46.32,199.02,0,1.22,0,0,2.56,0
2022,6,28,9,0,673.92,79.42,344.48,0,3.99,0,0,2.67,0
2022,6,28,10,0,757.02,112.62,453.95,0,6.9,0,0,2.61,0
2022,6,28,11,0,783.31,127.58,511.98,0,9.22,0,0,2.18,0
2022,6,28,12,0,744.19,113.28,524.58,0,10.61,0,0,1.76,0
2022,6,28,13,0,823.43,58.71,444.17,0,11.26,0,0,1.55,0
2022,6,28,14,0,794.06,54.03,345.92,0,11.25,0,0,1.55,0
2022,6,28,15,0,651.76,46.27,213.02,0,10.59,0,0,1.65,0
2022,6,28,16,0,293.3,22.34,57.97,0,8.47,0,0,1.78,0
2022,6,28,17,0,0.0,0.0,0.0,0,5.86,0,0,2.81,0
2022,6,28,18,0,0.0,0.0,0.0,0,3.89,0,0,3.61,0
2022,6,28,19,0,0.0,0.0,0.0,0,3.02,0,0,3.7,0
2022,6,28,20,0,0.0,0.0,0.0,0,2.93,0,0,2.73,0
2022,6,28,21,0,0.0,0.0,0.0,0,2.67,0,0,1.95,0
2022,6,28,22,0,0.0,0.0,0.0,0,2.77,0,0,1.71,0
2022,6,28,23,0,0.0,0.0,0.0,0,2.69,0,0,1.26,0
2022,6,29,0,0,0.0,0.0,0.0,0,2.56,0,0,1.14,0
2022,6,29,1,0,0.0,0.0,0.0,0,2.65,0,0,1.47,0
2022,6,29,2,0,0.0,0.0,0.0,0,2.85,0,0,1.7,0
2022,6,29,3,0,0.0,0.0,0.0,0,3.04,0,0,1.83,0
2022,6,29,4,0,0.0,0.0,0.0,0,3.24,0,0,1.99,0
2022,6,29,5,0,0.0,0.0,0.0,0,3.32,0,0,1.91,0
2022,6,29,6,0,0.0,0.0,0.0,0,3.34,0,0,1.52,0
2022,6,29,7,0,140.99,23.35,30.5,0,3.6,0,0,1.01,0
2022,6,29,8,0,375.2,74.8,165.73,0,4.39,0,0,0.77,0
2022,6,29,9,0,372.23,169.58,299.58,0,5.54,0,0,1.1,0
2022,6,29,10,0,247.34,264.61,402.5,0,7.34,0,0,2.14,0
2022,6,29,11,0,316.28,249.99,458.55,0,9.11,0,0,3.02,0
2022,6,29,12,0,53.26,306.91,371.6,0,10.09,0,0,3.25,0
2022,6,29,13,0,33.69,248.46,309.55,0,10.0,0,0,3.25,0
2022,6,29,14,0,9.66,134.46,150.07,0,9.71,0,0,2.88,0
2022,6,29,15,0,22.71,74.88,92.88,0,9.19,0,0,2.53,0
2022,6,29,16,0,0.0,21.48,22.85,0,8.05,0,0,2.14,0
2022,6,29,17,0,0.0,0.0,0.0,0,6.63,0,0,2.66,0
2022,6,29,18,0,0.0,0.0,0.0,0,5.9,0,0,3.04,0
2022,6,29,19,0,0.0,0.0,0.0,0,5.45,0,0,2.8,0
2022,6,29,20,0,0.0,0.0,0.0,0,4.99,0,0,2.82,0
2022,6,29,21,0,0.0,0.0,0.0,0,4.95,0,0,3.23,0
2022,6,29,22,0,0.0,0.0,0.0,0,5.15,0,0,2.76,0
2022,6,29,23,0,0.0,0.0,0.0,0,5.11,0,0,2.25,0
2022,6,30,0,0,0.0,0.0,0.0,0,5.08,0,0,1.93,0
2022,6,30,1,0,0.0,0.0,0.0,0,4.82,0,0,2.31,0
2022,6,30,2,0,0.0,0.0,0.0,0,4.88,0,0,1.97,0
2022,6,30,3,0,0.0,0.0,0.0,0,4.75,0,0,2.09,0
2022,6,30,4,0,0.0,0.0,0.0,0,4.78,0,0,2.01,0
2022,6,30,5,0,0.0,0.0,0.0,0,4.91,0,0,1.76,0
2022,6,30,6,0,0.0,0.0,0.0,0,4.95,0,0,1.69,0
2022,6,30,7,0,17.04,17.69,17.23,0,5.01,0,0,1.85,0
2022,6,30,8,0,130.19,72.96,97.95,0,6.03,0,0,2.03,0
2022,6,30,9,0,116.78,162.95,197.48,0,7.76,0,0,2.03,0
2022,6,30,10,0,93.26,214.21,268.58,0,9.61,0,0,2.52,0
2022,6,30,11,0,42.31,268.14,308.08,0,10.86,0,0,2.73,0
2022,6,30,12,0,8.61,255.06,296.48,0,11.62,0,0,2.69,0
2022,6,30,13,0,141.7,199.64,261.88,0,11.87,0,0,2.42,0
2022,6,30,14,0,605.44,110.91,177.4,0,11.87,0,0,1.93,0
2022,6,30,15,0,48.36,98.54,114.2,0,11.45,0,0,1.26,0
2022,6,30,16,0,19.83,29.28,28.48,0,10.4,0,0,0.74,0
2022,6,30,17,0,0.0,0.0,0.0,0,9.52,0,0,0.49,0
2022,6,30,18,0,0.0,0.0,0.0,0,8.89,0,0,0.85,0
2022,6,30,19,0,0.0,0.0,0.0,0,7.95,0,0,1.86,0
2022,6,30,20,0,0.0,0.0,0.0,0,7.03,0,0,2.74,0
2022,6,30,21,0,0.0,0.0,0.0,0,6.6,0,0,3.53,0
2022,6,30,22,0,0.0,0.0,0.0,0,6.68,0,0,3.2,0
2022,6,30,23,0,0.0,0.0,0.0,0,6.52,0,0,2.75,0
2022,7,1,0,0,0.0,0.0,0.0,0,6.3,0,0,2.69,0
2022,7,1,1,0,0.0,0.0,0.0,0,6.12,0,0,2.42,0
2022,7,1,2,0,0.0,0.0,0.0,0,5.97,0,0,2.45,0
2022,7,1,3,0,0.0,0.0,0.0,0,5.79,0,0,2.28,0
2022,7,1,4,0,0.0,0.0,0.0,0,5.55,0,0,2.23,0
2022,7,1,5,0,0.0,0.0,0.0,0,5.33,0,0,2.27,0
2022,7,1,6,0,0.0,0.0,0.0,0,5.09,0,0,2.4,0
2022,7,1,7,0,0.0,17.15,16.45,0,4.97,0,0,2.49,0
2022,7,1,8,0,28.09,76.87,92.85,0,5.15,0,0,2.89,0
2022,7,1,9,0,23.71,145.96,175.35,0,5.55,0,0,3.12,0
2022,7,1,10,0,33.24,39.58,51.83,0,6.28,0,0,3.42,0
2022,7,1,11,0,31.95,64.9,77.2,0,6.93,0,0,3.41,0
2022,7,1,12,0,18.27,72.63,89.3,0,7.32,0,0,3.17,0
2022,7,1,13,0,0.0,66.87,82.28,0,7.5,0,0,2.61,0
2022,7,1,14,0,0.0,55.59,63.47,0,7.41,0,0,2.0,0
2022,7,1,15,0,0.0,42.02,51.6,0,7.03,0,0,1.72,0
2022,7,1,16,0,0.0,13.37,14.23,0,6.37,0,0,1.63,0
2022,7,1,17,0,0.0,0.0,0.0,0,5.64,0,0,1.88,0
2022,7,1,18,0,0.0,0.0,0.0,0,5.11,0,0,2.0,0
2022,7,1,19,0,0.0,0.0,0.0,0,4.58,0,0,2.11,0
2022,7,1,20,0,0.0,0.0,0.0,0,4.15,0,0,2.21,0
2022,7,1,21,0,0.0,0.0,0.0,0,3.84,0,0,2.27,0
2022,7,1,22,0,0.0,0.0,0.0,0,3.69,0,0,2.31,0
2022,7,1,23,0,0.0,0.0,0.0,0,3.71,0,0,2.45,0
2022,7,2,0,0,0.0,0.0,0.0,0,3.87,0,0,2.56,0
2022,7,2,1,0,0.0,0.0,0.0,0,4.1,0,0,2.82,0
2022,7,2,2,0,0.0,0.0,0.0,0,4.28,0,0,2.99,0
2022,7,2,3,0,0.0,0.0,0.0,0,4.41,0,0,2.98,0
2022,7,2,4,0,0.0,0.0,0.0,0,4.46,0,0,3.04,0
2022,7,2,5,0,0.0,0.0,0.0,0,4.54,0,0,3.41,0
2022,7,2,6,0,0.0,0.0,0.0,0,4.6,0,0,3.52,0
2022,7,2,7,0,5.89,15.67,15.1,0,4.83,0,0,3.19,0
2022,7,2,8,0,9.24,68.24,73.12,0,5.7,0,0,3.17,0
2022,7,2,9,0,24.35,114.67,132.4,0,6.7,0,0,2.87,0
2022,7,2,10,0,34.65,147.52,180.9,0,7.81,0,0,2.3,0
2022,7,2,11,0,308.09,132.97,202.75,0,8.63,0,0,2.31,0
2022,7,2,12,0,11.57,125.79,147.2,0,9.25,0,0,2.73,0
2022,7,2,13,0,96.2,113.51,176.2,0,9.61,0,0,3.14,0
2022,7,2,14,0,129.92,103.64,144.98,0,9.78,0,0,3.34,0
2022,7,2,15,0,57.68,71.33,91.9,0,9.64,0,0,3.65,0
2022,7,2,16,0,10.21,17.65,18.95,0,8.99,0,0,4.12,0
2022,7,2,17,0,0.0,0.0,0.0,0,8.38,0,0,4.59,0
2022,7,2,18,0,0.0,0.0,0.0,0,8.36,0,0,5.05,0
2022,7,2,19,0,0.0,0.0,0.0,0,8.36,0,0,5.3,0
2022,7,2,20,0,0.0,0.0,0.0,0,8.27,0,0,5.19,0
2022,7,2,21,0,0.0,0.0,0.0,0,8.17,0,0,4.98,0
2022,7,2,22,0,0.0,0.0,0.0,0,8.07,0,0,4.72,0
2022,7,2,23,0,0.0,0.0,0.0,0,7.96,0,0,4.31,0
2022,7,3,0,0,0.0,0.0,0.0,0,7.94,0,0,3.89,0
2022,7,3,1,0,0.0,0.0,0.0,0,7.91,0,0,3.79,0
2022,7,3,2,0,0.0,0.0,0.0,0,7.9,0,0,3.64,0
2022,7,3,3,0,0.0,0.0,0.0,0,7.93,0,0,4.09,0
2022,7,3,4,0,0.0,0.0,0.0,0,8.01,0,0,4.09,0
2022,7,3,5,0,0.0,0.0,0.0,0,8.08,0,0,4.26,0
2022,7,3,6,0,0.0,0.0,0.0,0,8.15,0,0,4.46,0
2022,7,3,7,0,19.53,14.17,14.65,0,8.55,0,0,4.61,0
2022,7,3,8,0,34.0,71.48,77.62,0,9.55,0,0,5.07,0
2022,7,3,9,0,53.72,113.94,145.3,0,10.41,0,0,6.17,0
2022,7,3,10,0,128.74,114.37,159.48,0,11.0,0,0,7.08,0
2022,7,3,11,0,112.95,124.33,176.3,0,11.36,0,0,7.72,0
2022,7,3,12,0,221.97,128.15,207.1,0,11.5,0,0,8.08,0
2022,7,3,13,0,136.02,134.74,195.9,0,11.37,0,0,8.11,0
2022,7,3,14,0,101.32,126.15,151.77,0,11.0,0,0,7.99,0
2022,7,3,15,0,73.34,73.06,92.4,0,10.44,0,0,7.78,0
2022,7,3,16,0,5.75,22.93,24.48,0,9.74,0,0,7.71,0
2022,7,3,17,0,0.0,0.0,0.0,0,9.14,0,0,7.64,0
2022,7,3,18,0,0.0,0.0,0.0,0,8.85,0,0,7.48,0
2022,7,3,19,0,0.0,0.0,0.0,0,8.63,0,0,7.45,0
2022,7,3,20,0,0.0,0.0,0.0,0,8.51,0,0,7.68,0
2022,7,3,21,0,0.0,0.0,0.0,0,8.39,0,0,7.46,0
2022,7,3,22,0,0.0,0.0,0.0,0,8.32,0,0,7.35,0
2022,7,3,23,0,0.0,0.0,0.0,0,8.24,0,0,7.14,0
2022,7,4,0,0,0.0,0.0,0.0,0,8.15,0,0,7.06,0
2022,7,4,1,0,0.0,0.0,0.0,0,8.12,0,0,6.94,0
2022,7,4,2,0,0.0,0.0,0.0,0,8.23,0,0,7.01,0
2022,7,4,3,0,0.0,0.0,0.0,0,8.44,0,0,7.16,0
2022,7,4,4,0,0.0,0.0,0.0,0,8.67,0,0,7.19,0
2022,7,4,5,0,0.0,0.0,0.0,0,8.81,0,0,7.05,0
2022,7,4,6,0,0.0,0.0,0.0,0,8.76,0,0,6.8,0
2022,7,4,7,0,87.0,22.23,22.92,0,8.89,0,0,6.68,0
2022,7,4,8,0,241.11,64.59,110.32,0,9.61,0,0,6.56,0
2022,7,4,9,0,368.26,109.01,193.93,0,10.33,0,0,6.51,0
2022,7,4,10,0,291.7,141.67,249.88,0,11.11,0,0,6.91,0
2022,7,4,11,0,196.77,230.88,313.55,0,11.75,0,0,7.26,0
2022,7,4,12,0,81.5,248.22,318.27,0,12.01,0,0,7.41,0
2022,7,4,13,0,109.4,193.76,263.2,0,11.95,0,0,7.44,0
2022,7,4,14,0,208.73,127.57,191.4,0,11.48,0,0,7.19,0
2022,7,4,15,0,160.58,81.86,118.22,0,10.71,0,0,6.3,0
2022,7,4,16,0,83.11,29.38,32.75,0,9.76,0,0,5.81,0
2022,7,4,17,0,0.0,0.0,0.0,0,9.03,0,0,6.28,0
2022,7,4,18,0,0.0,0.0,0.0,0,8.83,0,0,6.58,0
2022,7,4,19,0,0.0,0.0,0.0,0,8.91,0,0,6.75,0
2022,7,4,20,0,0.0,0.0,0.0,0,9.02,0,0,6.89,0
2022,7,4,21,0,0.0,0.0,0.0,0,9.06,0,0,7.09,0
2022,7,4,22,0,0.0,0.0,0.0,0,9.09,0,0,7.19,0
2022,7,4,23,0,0.0,0.0,0.0,0,9.13,0,0,7.17,0
2022,7,5,0,0,0.0,0.0,0.0,0,9.11,0,0,7.35,0
2022,7,5,1,0,0.0,0.0,0.0,0,8.88,0,0,7.28,0
2022,7,5,2,0,0.0,0.0,0.0,0,8.53,0,0,7.29,0
2022,7,5,3,0,0.0,0.0,0.0,0,8.23,0,0,7.53,0
2022,7,5,4,0,0.0,0.0,0.0,0,7.96,0,0,7.57,0
2022,7,5,5,0,0.0,0.0,0.0,0,7.74,0,0,7.56,0
2022,7,5,6,0,0.0,0.0,0.0,0,7.57,0,0,7.58,0
2022,7,5,7,0,5.81,15.2,14.65,0,7.61,0,0,7.53,0
2022,7,5,8,0,53.5,63.24,81.35,0,8.01,0,0,7.69,0
2022,7,5,9,0,62.84,134.86,167.65,0,8.65,0,0,7.81,0
2022,7,5,10,0,64.57,189.25,241.62,0,9.35,0,0,8.15,0
2022,7,5,11,0,123.18,208.97,274.73,0,9.79,0,0,8.52,0
2022,7,5,12,0,103.24,230.53,302.23,0,10.08,0,0,8.32,0
2022,7,5,13,0,47.83,218.58,279.48,0,10.2,0,0,8.01,0
2022,7,5,14,0,151.21,155.04,223.23,0,10.2,0,0,7.71,0
2022,7,5,15,0,234.88,70.9,135.38,0,9.77,0,0,7.2,0
2022,7,5,16,0,104.64,23.05,39.22,0,9.06,0,0,7.15,0
2022,7,5,17,0,0.0,0.0,0.0,0,8.46,0,0,7.25,0
2022,7,5,18,0,0.0,0.0,0.0,0,8.25,0,0,7.38,0
2022,7,5,19,0,0.0,0.0,0.0,0,8.1,0,0,7.46,0
2022,7,5,20,0,0.0,0.0,0.0,0,7.92,0,0,7.4,0
2022,7,5,21,0,0.0,0.0,0.0,0,7.77,0,0,7.45,0
2022,7,5,22,0,0.0,0.0,0.0,0,7.6,0,0,7.36,0
2022,7,5,23,0,0.0,0.0,0.0,0,7.37,0,0,7.05,0
2022,7,6,0,0,0.0,0.0,0.0,0,7.32,0,0,7.03,0
2022,7,6,1,0,0.0,0.0,0.0,0,7.13,0,0,6.65,0
2022,7,6,2,0,0.0,0.0,0.0,0,6.86,0,0,6.47,0
2022,7,6,3,0,0.0,0.0,0.0,0,6.61,0,0,6.28,0
2022,7,6,4,0,0.0,0.0,0.0,0,6.57,0,0,6.13,0
2022,7,6,5,0,0.0,0.0,0.0,0,6.67,0,0,6.0,0
2022,7,6,6,0,0.0,0.0,0.0,0,6.83,0,0,5.9,0
2022,7,6,7,0,135.39,21.03,28.65,0,7.1,0,0,5.85,0
2022,7,6,8,0,305.29,83.97,142.4,0,7.91,0,0,5.68,0
2022,7,6,9,0,271.52,158.17,253.25,0,8.81,0,0,5.74,0
2022,7,6,10,0,336.56,171.56,330.48,0,9.89,0,0,6.19,0
2022,7,6,11,0,296.54,177.52,369.85,0,10.89,0,0,6.15,0
2022,7,6,12,0,68.72,230.55,327.85,0,11.49,0,0,5.9,0
2022,7,6,13,0,113.24,237.05,295.5,0,11.73,0,0,5.35,0
2022,7,6,14,0,151.5,137.0,201.68,0,11.62,0,0,4.69,0
2022,7,6,15,0,123.19,101.44,132.18,0,11.12,0,0,3.71,0
2022,7,6,16,0,52.17,30.33,31.83,0,10.17,0,0,2.93,0
2022,7,6,17,0,0.0,0.0,0.0,0,9.12,0,0,3.19,0
2022,7,6,18,0,0.0,0.0,0.0,0,8.66,0,0,3.09,0
2022,7,6,19,0,0.0,0.0,0.0,0,8.22,0,0,2.87,0
2022,7,6,20,0,0.0,0.0,0.0,0,7.8,0,0,2.83,0
2022,7,6,21,0,0.0,0.0,0.0,0,7.43,0,0,2.5,0
2022,7,6,22,0,0.0,0.0,0.0,0,7.17,0,0,2.6,0
2022,7,6,23,0,0.0,0.0,0.0,0,6.94,0,0,2.66,0
2022,7,7,0,0,0.0,0.0,0.0,0,6.71,0,0,2.51,0
2022,7,7,1,0,0.0,0.0,0.0,0,6.49,0,0,2.26,0
2022,7,7,2,0,0.0,0.0,0.0,0,6.33,0,0,2.11,0
2022,7,7,3,0,0.0,0.0,0.0,0,6.21,0,0,2.07,0
2022,7,7,4,0,0.0,0.0,0.0,0,6.07,0,0,2.09,0
2022,7,7,5,0,0.0,0.0,0.0,0,5.98,0,0,2.31,0
2022,7,7,6,0,0.0,0.0,0.0,0,5.82,0,0,2.45,0
2022,7,7,7,0,162.22,20.01,29.45,0,5.83,0,0,2.5,0
2022,7,7,8,0,362.79,69.82,152.85,0,6.2,0,0,2.96,0
2022,7,7,9,0,591.54,85.3,278.77,0,7.29,0,0,3.33,0
2022,7,7,10,0,638.18,99.45,378.62,0,9.07,0,0,3.84,0
2022,7,7,11,0,588.79,154.9,481.17,0,10.48,0,0,4.08,0
2022,7,7,12,0,773.05,95.05,519.17,0,11.22,0,0,4.29,0
2022,7,7,13,0,859.12,57.57,490.7,0,11.33,0,0,4.48,0
2022,7,7,14,0,827.68,50.68,383.0,0,10.9,0,0,4.63,0
2022,7,7,15,0,656.74,43.96,231.82,0,10.07,0,0,4.6,0
2022,7,7,16,0,246.1,22.84,63.92,0,8.35,0,0,4.17,0
2022,7,7,17,0,0.0,0.0,0.0,0,6.43,0,0,3.96,0
2022,7,7,18,0,0.0,0.0,0.0,0,5.54,0,0,4.23,0
2022,7,7,19,0,0.0,0.0,0.0,0,4.77,0,0,4.27,0
2022,7,7,20,0,0.0,0.0,0.0,0,4.01,0,0,4.46,0
2022,7,7,21,0,0.0,0.0,0.0,0,3.53,0,0,4.51,0
2022,7,7,22,0,0.0,0.0,0.0,0,3.35,0,0,4.92,0
2022,7,7,23,0,0.0,0.0,0.0,0,3.4,0,0,5.16,0
2022,7,8,0,0,0.0,0.0,0.0,0,3.18,0,0,4.97,0
2022,7,8,1,0,0.0,0.0,0.0,0,2.9,0,0,4.72,0
2022,7,8,2,0,0.0,0.0,0.0,0,2.73,0,0,4.54,0
2022,7,8,3,0,0.0,0.0,0.0,0,2.61,0,0,4.59,0
2022,7,8,4,0,0.0,0.0,0.0,0,2.31,0,0,4.59,0
2022,7,8,5,0,0.0,0.0,0.0,0,1.89,0,0,4.61,0
2022,7,8,6,0,0.0,0.0,0.0,0,1.58,0,0,4.52,0
2022,7,8,7,0,15.13,17.26,16.75,0,1.67,0,0,4.5,0
2022,7,8,8,0,53.68,67.38,92.55,0,2.13,0,0,4.52,0
2022,7,8,9,0,72.08,125.64,157.77,0,2.78,0,0,4.87,0
2022,7,8,10,0,60.12,164.93,205.32,0,3.48,0,0,4.99,0
2022,7,8,11,0,31.4,186.79,220.5,0,4.01,0,0,5.34,0
2022,7,8,12,0,52.41,173.57,221.52,0,4.41,0,0,5.64,0
2022,7,8,13,0,367.48,100.96,214.12,0,4.49,0,0,5.88,0
2022,7,8,14,0,460.31,79.66,175.05,0,4.48,0,0,6.02,0
2022,7,8,15,0,204.34,52.32,108.75,0,4.37,0,0,5.61,0
2022,7,8,16,0,224.16,24.74,31.6,0,3.84,0,0,4.78,0
2022,7,8,17,0,0.0,0.0,0.0,0,3.52,0,0,4.75,0
2022,7,8,18,0,0.0,0.0,0.0,0,3.55,0,0,4.97,0
2022,7,8,19,0,0.0,0.0,0.0,0,3.49,0,0,5.07,0
2022,7,8,20,0,0.0,0.0,0.0,0,3.49,0,0,5.0,0
2022,7,8,21,0,0.0,0.0,0.0,0,3.51,0,0,4.94,0
2022,7,8,22,0,0.0,0.0,0.0,0,3.49,0,0,4.76,0
2022,7,8,23,0,0.0,0.0,0.0,0,3.46,0,0,4.62,0
2022,7,9,0,0,0.0,0.0,0.0,0,3.54,0,0,4.48,0
2022,7,9,1,0,0.0,0.0,0.0,0,3.64,0,0,4.36,0
2022,7,9,2,0,0.0,0.0,0.0,0,3.64,0,0,4.23,0
2022,7,9,3,0,0.0,0.0,0.0,0,3.57,0,0,4.1,0
2022,7,9,4,0,0.0,0.0,0.0,0,3.42,0,0,3.87,0
2022,7,9,5,0,0.0,0.0,0.0,0,3.17,0,0,3.9,0
2022,7,9,6,0,0.0,0.0,0.0,0,2.76,0,0,3.63,0
2022,7,9,7,0,96.84,19.9,24.05,0,2.58,0,0,3.39,0
2022,7,9,8,0,382.93,81.88,140.7,0,2.97,0,0,3.47,0
2022,7,9,9,0,394.72,128.64,247.1,0,3.8,0,0,3.19,0
2022,7,9,10,0,577.38,142.07,333.23,0,4.97,0,0,3.0,0
2022,7,9,11,0,429.68,165.49,386.95,0,6.29,0,0,2.96,0
2022,7,9,12,0,316.9,241.33,457.77,0,7.61,0,0,2.95,0
2022,7,9,13,0,542.75,152.58,420.75,0,8.38,0,0,2.98,0
2022,7,9,14,0,416.47,155.63,331.6,0,8.49,0,0,3.02,0
2022,7,9,15,0,429.44,85.15,197.18,0,7.96,0,0,3.08,0
2022,7,9,16,0,259.36,26.5,58.58,0,6.36,0,0,2.88,0
2022,7,9,17,0,0.0,0.0,0.0,0,4.14,0,0,3.38,0
2022,7,9,18,0,0.0,0.0,0.0,0,3.01,0,0,3.38,0
2022,7,9,19,0,0.0,0.0,0.0,0,2.23,0,0,3.14,0
2022,7,9,20,0,0.0,0.0,0.0,0,1.6,0,0,2.92,0
2022,7,9,21,0,0.0,0.0,0.0,0,1.23,0,0,2.69,0
2022,7,9,22,0,0.0,0.0,0.0,0,1.11,0,0,2.7,0
2022,7,9,23,0,0.0,0.0,0.0,0,1.03,0,0,2.25,0
2022,7,10,0,0,0.0,0.0,0.0,0,1.01,0,0,2.3,0
2022,7,10,1,0,0.0,0.0,0.0,0,1.31,0,0,2.44,0
2022,7,10,2,0,0.0,0.0,0.0,0,1.54,0,0,2.37,0
2022,7,10,3,0,0.0,0.0,0.0,0,1.69,0,0,2.61,0
2022,7,10,4,0,0.0,0.0,0.0,0,1.69,0,0,2.55,0
2022,7,10,5,0,0.0,0.0,0.0,0,1.85,0,0,2.9,0
2022,7,10,6,0,0.0,0.0,0.0,0,2.46,0,0,3.71,0
2022,7,10,7,0,115.5,25.07,27.1,0,3.4,0,0,4.48,0
2022,7,10,8,0,291.03,66.86,121.43,0,5.18,0,0,4.33,0
2022,7,10,9,0,360.11,116.53,206.48,0,6.9,0,0,5.03,0
2022,7,10,10,0,520.51,128.82,267.2,0,8.41,0,0,6.08,0
2022,7,10,11,0,146.49,243.55,342.5,0,9.39,0,0,5.94,0
2022,7,10,12,0,410.13,171.67,345.65,0,10.1,0,0,5.64,0
2022,7,10,13,0,246.15,198.95,341.15,0,10.45,0,0,5.33,0
2022,7,10,14,0,221.95,169.81,263.67,0,10.38,0,0,4.98,0
2022,7,10,15,0,614.47,66.11,158.25,0,9.8,0,0,4.4,0
2022,7,10,16,0,224.9,28.32,53.28,0,8.36,0,0,3.68,0
2022,7,10,17,0,0.0,0.0,0.0,0,6.42,0,0,3.65,0
2022,7,10,18,0,0.0,0.0,0.0,0,5.6,0,0,3.25,0
2022,7,10,19,0,0.0,0.0,0.0,0,4.94,0,0,3.33,0
2022,7,10,20,0,0.0,0.0,0.0,0,4.85,0,0,3.43,0
2022,7,10,21,0,0.0,0.0,0.0,0,4.97,0,0,3.3,0
2022,7,10,22,0,0.0,0.0,0.0,0,4.95,0,0,3.18,0
2022,7,10,23,0,0.0,0.0,0.0,0,4.87,0,0,3.0,0
2022,7,11,0,0,0.0,0.0,0.0,0,4.74,0,0,2.86,0
2022,7,11,1,0,0.0,0.0,0.0,0,4.67,0,0,2.49,0
2022,7,11,2,0,0.0,0.0,0.0,0,4.66,0,0,2.24,0
2022,7,11,3,0,0.0,0.0,0.0,0,4.55,0,0,2.07,0
2022,7,11,4,0,0.0,0.0,0.0,0,4.43,0,0,1.92,0
2022,7,11,5,0,0.0,0.0,0.0,0,4.35,0,0,1.72,0
2022,7,11,6,0,0.0,0.0,0.0,0,4.26,0,0,1.49,0
2022,7,11,7,0,203.82,22.28,34.1,0,4.22,0,0,1.43,0
2022,7,11,8,0,389.66,77.76,175.1,0,4.38,0,0,1.65,0
2022,7,11,9,0,449.85,152.57,309.35,0,5.11,0,0,1.49,0
2022,7,11,10,0,482.54,188.85,408.52,0,6.36,0,0,1.11,0
2022,7,11,11,0,568.79,313.01,481.73,0,7.81,0,0,0.35,0
2022,7,11,12,0,299.58,362.2,444.23,0,9.03,0,0,0.6,0
2022,7,11,13,0,70.68,291.42,349.4,0,9.58,0,0,0.99,0
2022,7,11,14,0,94.83,211.31,258.83,0,9.66,0,0,1.0,0
2022,7,11,15,0,56.39,139.49,161.9,0,9.34,0,0,0.81,0
2022,7,11,16,0,34.78,51.32,52.7,0,8.22,0,0,0.79,0
2022,7,11,17,0,0.0,0.0,0.0,0,7.27,0,0,0.88,0
2022,7,11,18,0,0.0,0.0,0.0,0,6.68,0,0,1.09,0
2022,7,11,19,0,0.0,0.0,0.0,0,6.11,0,0,1.27,0
2022,7,11,20,0,0.0,0.0,0.0,0,5.45,0,0,1.59,0
2022,7,11,21,0,0.0,0.0,0.0,0,4.52,0,0,2.11,0
2022,7,11,22,0,0.0,0.0,0.0,0,3.56,0,0,2.65,0
2022,7,11,23,0,0.0,0.0,0.0,0,2.82,0,0,3.03,0
2022,7,12,0,0,0.0,0.0,0.0,0,2.41,0,0,3.2,0
2022,7,12,1,0,0.0,0.0,0.0,0,2.29,0,0,3.1,0
2022,7,12,2,0,0.0,0.0,0.0,0,2.44,0,0,2.78,0
2022,7,12,3,0,0.0,0.0,0.0,0,2.75,0,0,2.19,0
2022,7,12,4,0,0.0,0.0,0.0,0,3.12,0,0,1.36,0
2022,7,12,5,0,0.0,0.0,0.0,0,3.1,0,0,0.99,0
2022,7,12,6,0,0.0,0.0,0.0,0,2.85,0,0,0.89,0
2022,7,12,7,0,102.74,29.55,30.6,0,2.86,0,0,0.75,0
2022,7,12,8,0,287.62,102.99,149.75,0,3.76,0,0,0.48,0
2022,7,12,9,0,184.85,209.87,278.2,0,5.6,0,0,0.58,0
2022,7,12,10,0,244.85,265.73,378.67,0,8.33,0,0,1.71,0
2022,7,12,11,0,306.23,273.39,423.85,0,9.99,0,0,2.08,0
2022,7,12,12,0,203.35,294.08,401.3,0,10.53,0,0,2.3,0
2022,7,12,13,0,56.39,226.62,289.58,0,10.5,0,0,2.46,0
2022,7,12,14,0,98.51,153.65,203.9,0,9.98,0,0,2.6,0
2022,7,12,15,0,77.47,108.11,128.3,0,9.12,0,0,2.65,0
2022,7,12,16,0,21.25,33.36,36.3,0,7.86,0,0,2.57,0
2022,7,12,17,0,0.0,0.0,0.0,0,6.64,0,0,2.72,0
2022,7,12,18,0,0.0,0.0,0.0,0,5.93,0,0,2.76,0
2022,7,12,19,0,0.0,0.0,0.0,0,5.33,0,0,2.56,0
2022,7,12,20,0,0.0,0.0,0.0,0,4.85,0,0,2.18,0
2022,7,12,21,0,0.0,0.0,0.0,0,4.48,0,0,2.11,0
2022,7,12,22,0,0.0,0.0,0.0,0,4.02,0,0,2.02,0
2022,7,12,23,0,0.0,0.0,0.0,0,3.65,0,0,1.98,0
2022,7,13,0,0,0.0,0.0,0.0,0,3.44,0,0,2.01,0
2022,7,13,1,0,0.0,0.0,0.0,0,3.39,0,0,2.26,0
2022,7,13,2,0,0.0,0.0,0.0,0,3.49,0,0,2.37,0
2022,7,13,3,0,0.0,0.0,0.0,0,3.62,0,0,2.73,0
2022,7,13,4,0,0.0,0.0,0.0,0,3.75,0,0,3.1,0
2022,7,13,5,0,0.0,0.0,0.0,0,3.85,0,0,3.43,0
2022,7,13,6,0,0.0,0.0,0.0,0,3.85,0,0,3.85,0
2022,7,13,7,0,10.68,13.82,13.4,0,3.91,0,0,3.87,0
2022,7,13,8,0,124.62,52.6,63.05,0,4.1,0,0,3.96,0
2022,7,13,9,0,166.28,87.88,113.05,0,4.62,0,0,4.63,0
2022,7,13,10,0,209.06,102.08,160.95,0,5.27,0,0,4.85,0
2022,7,13,11,0,25.3,96.56,122.55,0,5.85,0,0,4.88,0
2022,7,13,12,0,36.63,125.79,158.98,0,6.5,0,0,5.05,0
2022,7,13,13,0,38.17,131.85,158.65,0,6.86,0,0,5.34,0
2022,7,13,14,0,52.36,96.82,127.03,0,6.75,0,0,5.53,0
2022,7,13,15,0,36.83,60.46,77.97,0,6.15,0,0,5.25,0
2022,7,13,16,0,16.75,18.1,18.7,0,5.21,0,0,4.51,0
2022,7,13,17,0,0.0,0.0,0.0,0,4.07,0,0,4.26,0
2022,7,13,18,0,0.0,0.0,0.0,0,3.47,0,0,4.59,0
2022,7,13,19,0,0.0,0.0,0.0,0,2.97,0,0,4.59,0
2022,7,13,20,0,0.0,0.0,0.0,0,2.35,0,0,4.29,0
2022,7,13,21,0,0.0,0.0,0.0,0,1.82,0,0,3.98,0
2022,7,13,22,0,0.0,0.0,0.0,0,1.5,0,0,3.45,0
2022,7,13,23,0,0.0,0.0,0.0,0,1.2,0,0,2.87,0
2022,7,14,0,0,0.0,0.0,0.0,0,1.12,0,0,2.66,0
2022,7,14,1,0,0.0,0.0,0.0,0,1.22,0,0,2.43,0
2022,7,14,2,0,0.0,0.0,0.0,0,1.34,0,0,2.79,0
2022,7,14,3,0,0.0,0.0,0.0,0,0.87,0,0,2.84,0
2022,7,14,4,0,0.0,0.0,0.0,0,0.59,0,0,3.07,0
2022,7,14,5,0,0.0,0.0,0.0,0,0.81,0,0,3.67,0
2022,7,14,6,0,0.0,0.0,0.0,0,0.38,0,0,3.21,0
2022,7,14,7,0,278.2,19.65,41.08,0,0.72,0,0,3.12,0
2022,7,14,8,0,589.24,51.6,206.77,0,2.55,0,0,3.34,0
2022,7,14,9,0,744.02,72.13,365.5,0,5.12,0,0,4.19,0
2022,7,14,10,0,838.56,74.76,488.08,0,7.64,0,0,4.82,0
2022,7,14,11,0,851.0,82.44,556.58,0,9.33,0,0,4.39,0
2022,7,14,12,0,872.98,72.15,565.75,0,10.45,0,0,3.77,0
2022,7,14,13,0,765.92,94.57,515.95,0,11.03,0,0,3.49,0
2022,7,14,14,0,758.61,85.66,410.58,0,11.0,0,0,3.63,0
2022,7,14,15,0,668.05,54.56,258.83,0,10.29,0,0,3.73,0
2022,7,14,16,0,371.29,25.22,85.53,0,8.2,0,0,3.47,0
2022,7,14,17,0,0.0,0.0,0.0,0,5.5,0,0,3.5,0
2022,7,14,18,0,0.0,0.0,0.0,0,3.93,0,0,3.58,0
2022,7,14,19,0,0.0,0.0,0.0,0,2.86,0,0,3.4,0
2022,7,14,20,0,0.0,0.0,0.0,0,2.01,0,0,3.02,0
2022,7,14,21,0,0.0,0.0,0.0,0,1.15,0,0,2.85,0
2022,7,14,22,0,0.0,0.0,0.0,0,0.34,0,0,2.82,0
2022,7,14,23,0,0.0,0.0,0.0,0,-0.27,0,0,2.71,0
2022,7,15,0,0,0.0,0.0,0.0,0,-0.68,0,0,2.54,0
2022,7,15,1,0,0.0,0.0,0.0,0,-0.85,0,0,2.46,0
2022,7,15,2,0,0.0,0.0,0.0,0,-0.91,0,0,2.42,0
2022,7,15,3,0,0.0,0.0,0.0,0,-0.84,0,0,2.31,0
2022,7,15,4,0,0.0,0.0,0.0,0,-0.75,0,0,2.17,0
2022,7,15,5,0,0.0,0.0,0.0,0,-0.46,0,0,1.99,0
2022,7,15,6,0,0.0,0.0,0.0,0,-0.1,0,0,1.99,0
2022,7,15,7,0,311.75,15.11,40.12,0,0.2,0,0,2.14,0
2022,7,15,8,0,564.01,52.94,192.52,0,1.96,0,0,2.25,0
2022,7,15,9,0,660.11,87.79,337.7,0,5.15,0,0,1.4,0
2022,7,15,10,0,548.71,134.61,448.33,0,8.43,0,0,2.02,0
2022,7,15,11,0,853.5,85.21,535.38,0,10.03,0,0,2.42,0
2022,7,15,12,0,896.03,70.4,577.75,0,10.9,0,0,2.85,0
2022,7,15,13,0,932.86,45.99,536.67,0,11.29,0,0,3.01,0
2022,7,15,14,0,891.89,40.52,426.83,0,11.18,0,0,2.91,0
2022,7,15,15,0,786.5,35.39,270.42,0,10.39,0,0,2.45,0
2022,7,15,16,0,453.85,22.58,91.07,0,8.03,0,0,2.35,0
2022,7,15,17,0,0.0,0.0,0.0,0,5.23,0,0,2.71,0
2022,7,15,18,0,0.0,0.0,0.0,0,3.88,0,0,2.59,0
2022,7,15,19,0,0.0,0.0,0.0,0,2.77,0,0,2.66,0
2022,7,15,20,0,0.0,0.0,0.0,0,1.7,0,0,2.8,0
2022,7,15,21,0,0.0,0.0,0.0,0,0.95,0,0,2.75,0
2022,7,15,22,0,0.0,0.0,0.0,0,0.48,0,0,2.47,0
2022,7,15,23,0,0.0,0.0,0.0,0,-0.03,0,0,2.39,0
2022,7,16,0,0,0.0,0.0,0.0,0,-0.51,0,0,2.4,0
2022,7,16,1,0,0.0,0.0,0.0,0,-0.87,0,0,2.42,0
2022,7,16,2,0,0.0,0.0,0.0,0,-0.88,0,0,2.23,0
2022,7,16,3,0,0.0,0.0,0.0,0,-0.64,0,0,1.65,0
2022,7,16,4,0,0.0,0.0,0.0,0,-0.36,0,0,0.94,0
2022,7,16,5,0,0.0,0.0,0.0,0,0.1,0,0,0.71,0
2022,7,16,6,0,0.0,0.0,0.0,0,0.12,0,0,1.66,0
2022,7,16,7,0,24.28,23.79,23.5,0,-0.25,0,0,2.87,0
2022,7,16,8,0,40.77,99.74,116.9,0,0.77,0,0,3.43,0
2022,7,16,9,0,6.85,205.12,228.15,0,3.15,0,0,2.62,0
2022,7,16,10,0,27.03,277.46,322.27,0,5.18,0,0,2.31,0
2022,7,16,11,0,61.89,339.67,391.35,0,7.12,0,0,3.25,0
2022,7,16,12,0,654.28,182.34,489.58,0,8.09,0,0,3.54,0
2022,7,16,13,0,247.63,233.11,351.98,0,8.2,0,0,3.4,0
2022,7,16,14,0,63.03,191.6,244.93,0,8.24,0,0,3.74,0
2022,7,16,15,0,197.99,120.12,165.5,0,8.26,0,0,4.03,0
2022,7,16,16,0,154.33,47.83,62.75,0,6.53,0,0,3.85,0
2022,7,16,17,0,0.0,0.0,0.0,0,4.8,0,0,3.73,0
2022,7,16,18,0,0.0,0.0,0.0,0,4.28,0,0,3.56,0
2022,7,16,19,0,0.0,0.0,0.0,0,3.45,0,0,3.72,0
2022,7,16,20,0,0.0,0.0,0.0,0,2.73,0,0,3.89,0
2022,7,16,21,0,0.0,0.0,0.0,0,2.43,0,0,3.98,0
2022,7,16,22,0,0.0,0.0,0.0,0,2.3,0,0,4.09,0
2022,7,16,23,0,0.0,0.0,0.0,0,2.27,0,0,4.23,0
2022,7,17,0,0,0.0,0.0,0.0,0,2.41,0,0,5.07,0
2022,7,17,1,0,0.0,0.0,0.0,0,2.88,0,0,5.54,0
2022,7,17,2,0,0.0,0.0,0.0,0,2.88,0,0,5.69,0
2022,7,17,3,0,0.0,0.0,0.0,0,3.12,0,0,5.91,0
2022,7,17,4,0,0.0,0.0,0.0,0,3.05,0,0,5.76,0
2022,7,17,5,0,0.0,0.0,0.0,0,2.9,0,0,5.61,0
2022,7,17,6,0,0.0,0.0,0.0,0,2.66,0,0,5.05,0
2022,7,17,7,0,249.36,18.3,42.95,0,2.77,0,0,4.36,0
2022,7,17,8,0,583.63,49.98,206.57,0,4.84,0,0,4.23,0
2022,7,17,9,0,714.09,68.57,359.12,0,7.27,0,0,5.13,0
2022,7,17,10,0,729.27,107.13,479.9,0,9.7,0,0,6.33,0
2022,7,17,11,0,843.78,80.48,561.47,0,11.35,0,0,7.73,0
2022,7,17,12,0,800.48,91.88,557.12,0,12.12,0,0,8.43,0
2022,7,17,13,0,705.85,111.06,498.58,0,12.21,0,0,8.59,0
2022,7,17,14,0,778.82,59.06,397.7,0,11.83,0,0,8.53,0
2022,7,17,15,0,554.33,68.42,238.0,0,11.13,0,0,8.2,0
2022,7,17,16,0,249.67,36.6,73.18,0,9.78,0,0,7.44,0
2022,7,17,17,0,0.0,0.0,0.0,0,8.07,0,0,6.74,0
2022,7,17,18,0,0.0,0.0,0.0,0,7.39,0,0,6.53,0
2022,7,17,19,0,0.0,0.0,0.0,0,6.86,0,0,6.45,0
2022,7,17,20,0,0.0,0.0,0.0,0,6.27,0,0,6.09,0
2022,7,17,21,0,0.0,0.0,0.0,0,5.6,0,0,5.33,0
2022,7,17,22,0,0.0,0.0,0.0,0,5.25,0,0,4.86,0
2022,7,17,23,0,0.0,0.0,0.0,0,5.0,0,0,4.68,0
2022,7,18,0,0,0.0,0.0,0.0,0,4.78,0,0,4.45,0
2022,7,18,1,0,0.0,0.0,0.0,0,4.73,0,0,4.17,0
2022,7,18,2,0,0.0,0.0,0.0,0,4.82,0,0,4.26,0
2022,7,18,3,0,0.0,0.0,0.0,0,4.84,0,0,4.46,0
2022,7,18,4,0,0.0,0.0,0.0,0,4.58,0,0,4.76,0
2022,7,18,5,0,0.0,0.0,0.0,0,4.24,0,0,4.7,0
2022,7,18,6,0,0.0,0.0,0.0,0,3.96,0,0,4.33,0
2022,7,18,7,0,172.84,19.94,35.65,0,3.9,0,0,4.45,0
2022,7,18,8,0,298.87,59.66,152.68,0,4.03,0,0,4.74,0
2022,7,18,9,0,430.13,96.06,260.5,0,4.43,0,0,5.07,0
2022,7,18,10,0,453.36,128.68,333.42,0,5.25,0,0,5.33,0
2022,7,18,11,0,246.55,270.55,390.58,0,5.71,0,0,5.18,0
2022,7,18,12,0,332.82,269.64,405.77,0,6.07,0,0,4.87,0
2022,7,18,13,0,508.25,111.12,330.05,0,6.23,0,0,4.66,0
2022,7,18,14,0,583.08,93.98,262.95,0,6.09,0,0,4.44,0
2022,7,18,15,0,414.77,77.87,160.98,0,5.48,0,0,4.23,0
2022,7,18,16,0,245.19,36.72,56.17,0,4.18,0,0,3.7,0
2022,7,18,17,0,0.0,0.0,0.0,0,2.58,0,0,3.16,0
2022,7,18,18,0,0.0,0.0,0.0,0,1.84,0,0,3.01,0
2022,7,18,19,0,0.0,0.0,0.0,0,1.22,0,0,2.69,0
2022,7,18,20,0,0.0,0.0,0.0,0,0.62,0,0,2.53,0
2022,7,18,21,0,0.0,0.0,0.0,0,0.33,0,0,2.56,0
2022,7,18,22,0,0.0,0.0,0.0,0,0.17,0,0,2.39,0
2022,7,18,23,0,0.0,0.0,0.0,0,-0.05,0,0,2.57,0
2022,7,19,0,0,0.0,0.0,0.0,0,-0.56,0,0,2.64,0
2022,7,19,1,0,0.0,0.0,0.0,0,-0.75,0,0,2.81,0
2022,7,19,2,0,0.0,0.0,0.0,0,-0.5,0,0,2.92,0
2022,7,19,3,0,0.0,0.0,0.0,0,-0.62,0,0,2.87,0
2022,7,19,4,0,0.0,0.0,0.0,0,-0.68,0,0,2.79,0
2022,7,19,5,0,0.0,0.0,0.0,0,-0.71,0,0,2.85,0
2022,7,19,6,0,0.0,0.0,0.0,0,-0.82,0,0,3.03,0
2022,7,19,7,0,319.71,17.03,50.8,0,-0.43,0,0,3.18,0
2022,7,19,8,0,726.2,38.62,226.45,0,1.16,0,0,3.36,0
2022,7,19,9,0,814.08,58.65,389.27,0,3.72,0,0,4.45,0
2022,7,19,10,0,851.95,68.12,512.4,0,6.2,0,0,4.92,0
2022,7,19,11,0,821.08,94.86,569.97,0,7.83,0,0,4.81,0
2022,7,19,12,0,759.23,110.49,537.78,0,8.73,0,0,4.7,0
2022,7,19,13,0,574.79,161.06,444.58,0,9.04,0,0,4.66,0
2022,7,19,14,0,499.16,105.31,328.2,0,8.86,0,0,4.78,0
2022,7,19,15,0,495.2,81.23,208.95,0,8.02,0,0,4.55,0
2022,7,19,16,0,234.74,39.36,72.47,0,6.64,0,0,3.95,0
2022,7,19,17,0,0.0,0.0,0.0,0,4.99,0,0,3.69,0
2022,7,19,18,0,0.0,0.0,0.0,0,4.17,0,0,3.66,0
2022,7,19,19,0,0.0,0.0,0.0,0,3.87,0,0,4.0,0
2022,7,19,20,0,0.0,0.0,0.0,0,3.9,0,0,4.32,0
2022,7,19,21,0,0.0,0.0,0.0,0,4.12,0,0,4.62,0
2022,7,19,22,0,0.0,0.0,0.0,0,4.32,0,0,4.96,0
2022,7,19,23,0,0.0,0.0,0.0,0,4.35,0,0,5.06,0
2022,7,20,0,0,0.0,0.0,0.0,0,4.24,0,0,5.06,0
2022,7,20,1,0,0.0,0.0,0.0,0,4.1,0,0,4.78,0
2022,7,20,2,0,0.0,0.0,0.0,0,4.05,0,0,4.58,0
2022,7,20,3,0,0.0,0.0,0.0,0,4.07,0,0,4.28,0
2022,7,20,4,0,0.0,0.0,0.0,0,4.11,0,0,3.99,0
2022,7,20,5,0,0.0,0.0,0.0,0,4.12,0,0,3.92,0
2022,7,20,6,0,0.0,0.0,0.0,0,4.13,0,0,3.9,0
2022,7,20,7,0,183.39,25.8,44.75,0,4.26,0,0,3.8,0
2022,7,20,8,0,446.63,82.96,196.43,0,4.75,0,0,4.12,0
2022,7,20,9,0,429.0,140.92,339.6,0,5.66,0,0,4.71,0
2022,7,20,10,0,521.25,165.2,448.85,0,6.93,0,0,5.27,0
2022,7,20,11,0,627.13,143.57,506.52,0,8.37,0,0,5.37,0
2022,7,20,12,0,660.72,150.42,515.28,0,9.4,0,0,5.02,0
2022,7,20,13,0,776.94,76.0,425.35,0,9.95,0,0,4.65,0
2022,7,20,14,0,789.78,69.9,351.67,0,10.01,0,0,4.42,0
2022,7,20,15,0,584.34,74.27,224.0,0,9.48,0,0,4.2,0
2022,7,20,16,0,210.04,51.23,75.78,0,8.03,0,0,3.61,0
2022,7,20,17,0,0.0,0.0,0.0,0,6.25,0,0,3.58,0
2022,7,20,18,0,0.0,0.0,0.0,0,5.49,0,0,3.69,0
2022,7,20,19,0,0.0,0.0,0.0,0,5.14,0,0,3.79,0
2022,7,20,20,0,0.0,0.0,0.0,0,5.22,0,0,4.15,0
2022,7,20,21,0,0.0,0.0,0.0,0,5.37,0,0,4.37,0
2022,7,20,22,0,0.0,0.0,0.0,0,5.54,0,0,4.5,0
2022,7,20,23,0,0.0,0.0,0.0,0,5.65,0,0,4.48,0
2022,7,21,0,0,0.0,0.0,0.0,0,5.73,0,0,4.58,0
2022,7,21,1,0,0.0,0.0,0.0,0,5.77,0,0,4.73,0
2022,7,21,2,0,0.0,0.0,0.0,0,5.78,0,0,4.91,0
2022,7,21,3,0,0.0,0.0,0.0,0,5.78,0,0,5.0,0
2022,7,21,4,0,0.0,0.0,0.0,0,5.73,0,0,5.01,0
2022,7,21,5,0,0.0,0.0,0.0,0,5.66,0,0,5.0,0
2022,7,21,6,0,0.0,0.0,0.0,0,5.51,0,0,4.95,0
2022,7,21,7,0,33.29,28.14,29.7,0,5.77,0,0,4.91,0
2022,7,21,8,0,70.76,98.95,126.6,0,6.94,0,0,5.02,0
2022,7,21,9,0,139.98,183.46,235.48,0,8.28,0,0,6.14,0
2022,7,21,10,0,188.78,199.55,323.2,0,9.72,0,0,7.4,0
2022,7,21,11,0,218.85,262.99,391.05,0,10.4,0,0,7.09,0
2022,7,21,12,0,170.71,212.66,301.6,0,10.42,0,0,6.52,0
2022,7,21,13,0,97.32,214.26,298.25,0,10.57,0,0,6.41,0
2022,7,21,14,0,88.11,172.4,225.23,0,10.52,0,0,6.15,0
2022,7,21,15,0,143.81,95.07,130.95,0,9.99,0,0,5.27,0
2022,7,21,16,0,126.3,31.59,50.1,0,9.01,0,0,5.12,0
2022,7,21,17,0,0.0,0.0,0.0,0,7.72,0,0,5.27,0
2022,7,21,18,0,0.0,0.0,0.0,0,6.92,0,0,5.19,0
2022,7,21,19,0,0.0,0.0,0.0,0,6.73,0,0,5.35,0
2022,7,21,20,0,0.0,0.0,0.0,0,6.77,0,0,5.69,0
2022,7,21,21,0,0.0,0.0,0.0,0,6.95,0,0,6.08,0
2022,7,21,22,0,0.0,0.0,0.0,0,7.1,0,0,6.56,0
2022,7,21,23,0,0.0,0.0,0.0,0,7.22,0,0,6.96,0
2022,7,22,0,0,0.0,0.0,0.0,0,7.25,0,0,7.09,0
2022,7,22,1,0,0.0,0.0,0.0,0,7.16,0,0,6.98,0
2022,7,22,2,0,0.0,0.0,0.0,0,7.07,0,0,6.78,0
2022,7,22,3,0,0.0,0.0,0.0,0,6.72,0,0,6.22,0
2022,7,22,4,0,0.0,0.0,0.0,0,6.51,0,0,5.9,0
2022,7,22,5,0,0.0,0.0,0.0,0,6.47,0,0,5.47,0
2022,7,22,6,0,0.0,0.0,0.0,0,6.44,0,0,5.27,0
2022,7,22,7,0,108.01,29.13,39.9,0,6.76,0,0,5.11,0
2022,7,22,8,0,236.76,111.7,168.25,0,7.66,0,0,5.0,0
2022,7,22,9,0,329.8,174.96,293.33,0,8.78,0,0,6.03,0
2022,7,22,10,0,305.81,236.51,390.33,0,10.18,0,0,7.04,0
2022,7,22,11,0,363.2,269.57,456.77,0,11.12,0,0,7.18,0
2022,7,22,12,0,247.75,251.8,428.1,0,11.66,0,0,6.82,0
2022,7,22,13,0,233.68,203.56,346.42,0,11.8,0,0,6.41,0
2022,7,22,14,0,390.13,110.28,259.05,0,11.34,0,0,6.14,0
2022,7,22,15,0,307.08,78.42,167.95,0,10.51,0,0,5.45,0
2022,7,22,16,0,250.04,30.04,61.1,0,9.47,0,0,4.52,0
2022,7,22,17,0,0.0,0.0,0.0,0,8.34,0,0,4.36,0
2022,7,22,18,0,0.0,0.0,0.0,0,7.8,0,0,4.29,0
2022,7,22,19,0,0.0,0.0,0.0,0,7.45,0,0,4.36,0
2022,7,22,20,0,0.0,0.0,0.0,0,7.1,0,0,4.4,0
2022,7,22,21,0,0.0,0.0,0.0,0,6.97,0,0,4.16,0
2022,7,22,22,0,0.0,0.0,0.0,0,6.89,0,0,4.18,0
2022,7,22,23,0,0.0,0.0,0.0,0,6.93,0,0,4.35,0
2022,7,23,0,0,0.0,0.0,0.0,0,6.92,0,0,4.52,0
2022,7,23,1,0,0.0,0.0,0.0,0,6.8,0,0,4.67,0
2022,7,23,2,0,0.0,0.0,0.0,0,6.62,0,0,4.81,0
2022,7,23,3,0,0.0,0.0,0.0,0,6.44,0,0,4.71,0
2022,7,23,4,0,0.0,0.0,0.0,0,6.26,0,0,4.23,0
2022,7,23,5,0,0.0,0.0,0.0,0,6.19,0,0,3.86,0
2022,7,23,6,0,0.0,0.0,0.0,0,6.14,0,0,3.36,0
2022,7,23,7,0,142.72,33.07,43.8,0,6.28,0,0,3.0,0
2022,7,23,8,0,395.56,101.24,193.85,0,6.8,0,0,3.0,0
2022,7,23,9,0,517.63,141.98,340.0,0,7.58,0,0,3.47,0
2022,7,23,10,0,538.65,226.65,448.48,0,8.93,0,0,3.64,0
2022,7,23,11,0,679.55,178.99,515.17,0,10.67,0,0,3.25,0
2022,7,23,12,0,751.13,157.38,536.08,0,12.0,0,0,2.52,0
2022,7,23,13,0,595.24,131.86,471.15,0,12.7,0,0,2.08,0
2022,7,23,14,0,516.51,127.03,360.75,0,12.53,0,0,2.07,0
2022,7,23,15,0,444.54,115.28,220.62,0,12.01,0,0,2.01,0
2022,7,23,16,0,170.54,50.76,76.03,0,10.71,0,0,2.01,0
2022,7,23,17,0,0.0,0.0,0.0,0,8.55,0,0,2.89,0
2022,7,23,18,0,0.0,0.0,0.0,0,7.44,0,0,3.47,0
2022,7,23,19,0,0.0,0.0,0.0,0,7.25,0,0,2.73,0
2022,7,23,20,0,0.0,0.0,0.0,0,7.06,0,0,2.24,0
2022,7,23,21,0,0.0,0.0,0.0,0,6.9,0,0,1.95,0
2022,7,23,22,0,0.0,0.0,0.0,0,6.7,0,0,1.86,0
2022,7,23,23,0,0.0,0.0,0.0,0,6.49,0,0,1.57,0
2022,7,24,0,0,0.0,0.0,0.0,0,6.33,0,0,1.55,0
2022,7,24,1,0,0.0,0.0,0.0,0,6.12,0,0,1.7,0
2022,7,24,2,0,0.0,0.0,0.0,0,5.85,0,0,1.7,0
2022,7,24,3,0,0.0,0.0,0.0,0,5.62,0,0,1.65,0
2022,7,24,4,0,0.0,0.0,0.0,0,5.42,0,0,1.61,0
2022,7,24,5,0,0.0,0.0,0.0,0,5.18,0,0,1.66,0
2022,7,24,6,0,0.0,0.0,0.0,0,4.97,0,0,1.62,0
2022,7,24,7,0,178.87,21.86,42.9,0,4.94,0,0,1.48,0
2022,7,24,8,0,461.43,62.67,193.88,0,5.64,0,0,1.3,0
2022,7,24,9,0,640.8,88.25,337.62,0,7.3,0,0,1.09,0
2022,7,24,10,0,625.4,130.59,472.5,0,9.94,0,0,0.82,0
2022,7,24,11,0,817.08,94.16,579.17,0,12.25,0,0,0.7,0
2022,7,24,12,0,705.82,142.43,571.8,0,13.85,0,0,0.74,0
2022,7,24,13,0,745.5,100.1,520.28,0,14.65,0,0,0.58,0
2022,7,24,14,0,779.43,70.58,417.15,0,14.79,0,0,0.23,0
2022,7,24,15,0,619.76,62.09,268.2,0,14.28,0,0,0.17,0
2022,7,24,16,0,376.1,30.53,103.22,0,12.74,0,0,0.62,0
2022,7,24,17,0,0.0,0.0,0.0,0,10.85,0,0,1.31,0
2022,7,24,18,0,0.0,0.0,0.0,0,9.14,0,0,2.2,0
2022,7,24,19,0,0.0,0.0,0.0,0,7.47,0,0,3.05,0
2022,7,24,20,0,0.0,0.0,0.0,0,5.82,0,0,3.72,0
2022,7,24,21,0,0.0,0.0,0.0,0,4.56,0,0,4.22,0
2022,7,24,22,0,0.0,0.0,0.0,0,4.18,0,0,4.36,0
2022,7,24,23,0,0.0,0.0,0.0,0,4.56,0,0,3.65,0
2022,7,25,0,0,0.0,0.0,0.0,0,5.01,0,0,2.91,0
2022,7,25,1,0,0.0,0.0,0.0,0,5.51,0,0,2.63,0
2022,7,25,2,0,0.0,0.0,0.0,0,5.31,0,0,2.31,0
2022,7,25,3,0,0.0,0.0,0.0,0,5.35,0,0,2.18,0
2022,7,25,4,0,0.0,0.0,0.0,0,5.29,0,0,2.05,0
2022,7,25,5,0,0.0,0.0,0.0,0,5.15,0,0,2.12,0
2022,7,25,6,0,0.0,0.0,0.0,0,4.75,0,0,2.24,0
2022,7,25,7,0,214.38,23.01,45.97,0,4.88,0,0,2.34,0
2022,7,25,8,0,457.55,74.59,188.2,0,6.26,0,0,2.16,0
2022,7,25,9,0,542.09,121.5,321.95,0,8.72,0,0,2.26,0
2022,7,25,10,0,471.63,200.01,439.3,0,11.56,0,0,2.9,0
2022,7,25,11,0,795.5,90.82,573.35,0,13.52,0,0,3.43,0
2022,7,25,12,0,844.59,78.23,586.38,0,14.43,0,0,3.52,0
2022,7,25,13,0,779.94,88.97,525.8,0,14.84,0,0,3.3,0
2022,7,25,14,0,746.04,82.33,413.7,0,14.82,0,0,2.98,0
2022,7,25,15,0,515.4,82.02,259.6,0,14.29,0,0,2.7,0
2022,7,25,16,0,282.61,42.49,94.9,0,12.74,0,0,2.5,0
2022,7,25,17,0,0.0,0.0,0.0,0,10.23,0,0,3.38,0
2022,7,25,18,0,0.0,0.0,0.0,0,8.82,0,0,4.43,0
2022,7,25,19,0,0.0,0.0,0.0,0,8.67,0,0,4.18,0
2022,7,25,20,0,0.0,0.0,0.0,0,8.31,0,0,3.77,0
2022,7,25,21,0,0.0,0.0,0.0,0,7.91,0,0,3.8,0
2022,7,25,22,0,0.0,0.0,0.0,0,7.61,0,0,3.32,0
2022,7,25,23,0,0.0,0.0,0.0,0,7.02,0,0,3.43,0
2022,7,26,0,0,0.0,0.0,0.0,0,6.54,0,0,3.84,0
2022,7,26,1,0,0.0,0.0,0.0,0,6.65,0,0,4.28,0
2022,7,26,2,0,0.0,0.0,0.0,0,6.9,0,0,4.51,0
2022,7,26,3,0,0.0,0.0,0.0,0,7.36,0,0,3.67,0
2022,7,26,4,0,0.0,0.0,0.0,0,7.4,0,0,3.0,0
2022,7,26,5,0,0.0,0.0,0.0,0,7.46,0,0,3.54,0
2022,7,26,6,0,0.0,0.0,0.0,0,7.55,0,0,3.46,0
2022,7,26,7,0,31.06,23.23,22.67,0,7.83,0,0,3.45,0
2022,7,26,8,0,219.46,73.5,99.7,0,8.37,0,0,4.53,0
2022,7,26,9,0,279.52,122.69,174.07,0,8.13,0,0,5.51,0
2022,7,26,10,0,162.3,160.23,226.8,0,7.81,0,0,5.98,0
2022,7,26,11,0,234.39,191.71,313.77,0,7.65,0,0,6.55,0
2022,7,26,12,0,332.05,216.65,418.42,0,7.66,0,0,6.91,0
2022,7,26,13,0,318.93,162.12,306.02,0,7.66,0,0,7.43,0
2022,7,26,14,0,399.56,118.07,281.48,0,7.3,0,0,7.91,0
2022,7,26,15,0,471.14,83.9,173.4,0,6.42,0,0,7.97,0
2022,7,26,16,0,234.33,46.99,64.8,0,5.08,0,0,6.92,0
2022,7,26,17,0,0.0,0.0,0.0,0,3.83,0,0,6.63,0
2022,7,26,18,0,0.0,0.0,0.0,0,3.37,0,0,6.91,0
2022,7,26,19,0,0.0,0.0,0.0,0,3.17,0,0,6.83,0
2022,7,26,20,0,0.0,0.0,0.0,0,3.12,0,0,6.58,0
2022,7,26,21,0,0.0,0.0,0.0,0,3.07,0,0,6.22,0
2022,7,26,22,0,0.0,0.0,0.0,0,3.0,0,0,5.98,0
2022,7,26,23,0,0.0,0.0,0.0,0,2.84,0,0,5.77,0
2022,7,27,0,0,0.0,0.0,0.0,0,2.61,0,0,5.69,0
2022,7,27,1,0,0.0,0.0,0.0,0,2.22,0,0,5.74,0
2022,7,27,2,0,0.0,0.0,0.0,0,1.75,0,0,6.04,0
2022,7,27,3,0,0.0,0.0,0.0,0,1.19,0,0,6.11,0
2022,7,27,4,0,0.0,0.0,0.0,0,0.71,0,0,6.17,0
2022,7,27,5,0,0.0,0.0,0.0,0,0.54,0,0,6.14,0
2022,7,27,6,0,0.0,0.0,0.0,0,0.61,0,0,6.02,0
2022,7,27,7,0,239.46,29.0,41.65,0,0.91,0,0,5.83,0
2022,7,27,8,0,459.77,71.71,171.27,0,1.49,0,0,5.71,0
2022,7,27,9,0,585.42,105.77,294.55,0,2.22,0,0,5.74,0
2022,7,27,10,0,514.37,127.09,385.58,0,3.07,0,0,5.66,0
2022,7,27,11,0,880.63,76.07,492.17,0,3.95,0,0,5.57,0
2022,7,27,12,0,626.19,153.53,541.85,0,4.64,0,0,5.38,0
2022,7,27,13,0,545.77,151.07,472.65,0,5.02,0,0,5.06,0
2022,7,27,14,0,525.44,90.25,310.3,0,5.24,0,0,4.79,0
2022,7,27,15,0,370.32,78.37,197.7,0,5.26,0,0,4.38,0
2022,7,27,16,0,314.38,41.74,78.07,0,4.98,0,0,3.86,0
2022,7,27,17,0,0.0,0.0,0.0,0,4.76,0,0,3.77,0
2022,7,27,18,0,0.0,0.0,0.0,0,5.03,0,0,4.08,0
2022,7,27,19,0,0.0,0.0,0.0,0,5.17,0,0,4.26,0
2022,7,27,20,0,0.0,0.0,0.0,0,5.27,0,0,4.24,0
2022,7,27,21,0,0.0,0.0,0.0,0,5.4,0,0,4.08,0
2022,7,27,22,0,0.0,0.0,0.0,0,5.47,0,0,3.75,0
2022,7,27,23,0,0.0,0.0,0.0,0,5.6,0,0,3.97,0
2022,7,28,0,0,0.0,0.0,0.0,0,5.66,0,0,4.02,0
2022,7,28,1,0,0.0,0.0,0.0,0,5.7,0,0,4.06,0
2022,7,28,2,0,0.0,0.0,0.0,0,5.72,0,0,4.03,0
2022,7,28,3,0,0.0,0.0,0.0,0,5.62,0,0,4.11,0
2022,7,28,4,0,0.0,0.0,0.0,0,5.44,0,0,4.37,0
2022,7,28,5,0,0.0,0.0,0.0,0,5.01,0,0,3.89,0
2022,7,28,6,0,0.0,0.0,0.0,0,4.63,0,0,3.83,0
2022,7,28,7,0,39.59,33.74,40.45,0,4.82,0,0,3.73,0
2022,7,28,8,0,127.82,119.83,156.3,0,5.43,0,0,4.09,0
2022,7,28,9,0,152.19,196.48,266.58,0,6.35,0,0,4.49,0
2022,7,28,10,0,241.46,230.77,351.38,0,7.62,0,0,4.56,0
2022,7,28,11,0,255.86,277.03,457.95,0,8.85,0,0,4.44,0
2022,7,28,12,0,606.99,142.52,388.25,0,9.71,0,0,4.29,0
2022,7,28,13,0,208.04,184.3,321.02,0,9.96,0,0,4.35,0
2022,7,28,14,0,310.52,80.04,210.9,0,9.85,0,0,4.49,0
2022,7,28,15,0,386.37,70.32,142.18,0,9.3,0,0,4.3,0
2022,7,28,16,0,478.31,32.34,55.05,0,8.39,0,0,3.64,0
2022,7,28,17,0,0.0,0.0,0.0,0,7.16,0,0,3.38,0
2022,7,28,18,0,0.0,0.0,0.0,0,6.55,0,0,3.49,0
2022,7,28,19,0,0.0,0.0,0.0,0,6.02,0,0,3.4,0
2022,7,28,20,0,0.0,0.0,0.0,0,5.57,0,0,3.53,0
2022,7,28,21,0,0.0,0.0,0.0,0,5.34,0,0,3.79,0
2022,7,28,22,0,0.0,0.0,0.0,0,5.27,0,0,3.73,0
2022,7,28,23,0,0.0,0.0,0.0,0,5.26,0,0,3.75,0
2022,7,29,0,0,0.0,0.0,0.0,0,5.14,0,0,3.51,0
2022,7,29,1,0,0.0,0.0,0.0,0,5.01,0,0,3.41,0
2022,7,29,2,0,0.0,0.0,0.0,0,4.93,0,0,3.41,0
2022,7,29,3,0,0.0,0.0,0.0,0,4.86,0,0,3.7,0
2022,7,29,4,0,0.0,0.0,0.0,0,4.79,0,0,3.86,0
2022,7,29,5,0,0.0,0.0,0.0,0,4.69,0,0,3.92,0
2022,7,29,6,0,0.0,0.0,0.0,0,4.2,0,0,3.92,0
2022,7,29,7,0,278.46,28.1,55.0,0,3.96,0,0,3.52,0
2022,7,29,8,0,559.87,64.93,227.2,0,4.7,0,0,3.51,0
2022,7,29,9,0,788.97,89.54,398.65,0,6.05,0,0,3.95,0
2022,7,29,10,0,783.59,112.95,544.97,0,7.69,0,0,4.22,0
2022,7,29,11,0,755.9,132.55,609.75,0,8.98,0,0,4.09,0
2022,7,29,12,0,783.8,132.49,605.08,0,9.78,0,0,3.82,0
2022,7,29,13,0,897.09,59.19,546.83,0,10.13,0,0,3.66,0
2022,7,29,14,0,795.48,58.96,447.25,0,10.0,0,0,3.57,0
2022,7,29,15,0,821.77,42.03,299.77,0,9.35,0,0,3.44,0
2022,7,29,16,0,576.48,25.3,127.78,0,7.75,0,0,3.05,0
2022,7,29,17,0,0.0,0.0,0.0,0,5.02,0,0,3.06,0
2022,7,29,18,0,0.0,0.0,0.0,0,3.31,0,0,3.43,0
2022,7,29,19,0,0.0,0.0,0.0,0,2.32,0,0,3.53,0
2022,7,29,20,0,0.0,0.0,0.0,0,1.58,0,0,3.5,0
2022,7,29,21,0,0.0,0.0,0.0,0,1.02,0,0,3.35,0
2022,7,29,22,0,0.0,0.0,0.0,0,0.5,0,0,3.28,0
2022,7,29,23,0,0.0,0.0,0.0,0,-0.08,0,0,3.39,0
2022,7,30,0,0,0.0,0.0,0.0,0,-0.65,0,0,3.57,0
2022,7,30,1,0,0.0,0.0,0.0,0,-1.12,0,0,3.75,0
2022,7,30,2,0,0.0,0.0,0.0,0,-1.3,0,0,3.81,0
2022,7,30,3,0,0.0,0.0,0.0,0,-1.31,0,0,3.57,0
2022,7,30,4,0,0.0,0.0,0.0,0,-1.43,0,0,3.37,0
2022,7,30,5,0,0.0,0.0,0.0,0,-1.59,0,0,3.38,0
2022,7,30,6,0,0.0,0.0,0.0,0,-1.63,0,0,3.33,0
2022,7,30,7,0,384.77,20.79,71.72,0,-0.66,0,0,3.08,0
2022,7,30,8,0,756.28,39.39,259.05,0,2.04,0,0,2.12,0
2022,7,30,9,0,891.74,41.31,430.6,0,5.56,0,0,2.21,0
2022,7,30,10,0,936.09,45.17,560.75,0,8.53,0,0,2.08,0
2022,7,30,11,0,977.34,46.67,634.0,0,10.26,0,0,1.91,0
2022,7,30,12,0,981.89,45.51,642.8,0,11.29,0,0,2.02,0
2022,7,30,13,0,958.89,44.86,588.65,0,11.85,0,0,2.17,0
2022,7,30,14,0,890.56,48.35,475.48,0,11.93,0,0,2.26,0
2022,7,30,15,0,813.84,38.58,314.4,0,11.42,0,0,2.29,0
2022,7,30,16,0,545.53,25.75,133.18,0,9.61,0,0,2.27,0
2022,7,30,17,0,0.0,0.0,0.0,0,6.71,0,0,3.15,0
2022,7,30,18,0,0.0,0.0,0.0,0,4.64,0,0,3.89,0
2022,7,30,19,0,0.0,0.0,0.0,0,3.24,0,0,4.21,0
2022,7,30,20,0,0.0,0.0,0.0,0,2.4,0,0,4.3,0
2022,7,30,21,0,0.0,0.0,0.0,0,2.11,0,0,3.95,0
2022,7,30,22,0,0.0,0.0,0.0,0,1.71,0,0,3.64,0
2022,7,30,23,0,0.0,0.0,0.0,0,1.37,0,0,3.51,0
2022,7,31,0,0,0.0,0.0,0.0,0,1.11,0,0,3.48,0
2022,7,31,1,0,0.0,0.0,0.0,0,1.02,0,0,3.5,0
2022,7,31,2,0,0.0,0.0,0.0,0,1.08,0,0,3.57,0
2022,7,31,3,0,0.0,0.0,0.0,0,0.86,0,0,3.51,0
2022,7,31,4,0,0.0,0.0,0.0,0,0.98,0,0,3.33,0
2022,7,31,5,0,0.0,0.0,0.0,0,1.51,0,0,2.88,0
2022,7,31,6,0,0.0,0.0,0.0,0,2.01,0,0,2.78,0
2022,7,31,7,0,0.0,24.51,25.65,0,2.62,0,0,3.05,0
2022,7,31,8,0,30.52,90.77,104.88,0,4.0,0,0,3.07,0
2022,7,31,9,0,41.86,146.3,185.32,0,5.6,0,0,3.16,0
2022,7,31,10,0,20.73,211.77,247.98,0,7.25,0,0,4.39,0
2022,7,31,11,0,37.49,208.64,257.15,0,8.68,0,0,5.16,0
2022,7,31,12,0,47.82,193.1,244.05,0,9.28,0,0,5.52,0
2022,7,31,13,0,0.0,193.05,216.55,0,9.39,0,0,5.43,0
2022,7,31,14,0,0.0,120.86,146.88,0,9.45,0,0,5.38,0
2022,7,31,15,0,0.0,69.55,85.78,0,9.17,0,0,5.38,0
2022,7,31,16,0,0.0,32.85,33.7,0,8.53,0,0,5.28,0
2022,7,31,17,0,0.0,0.0,0.0,0,7.9,0,0,5.23,0
2022,7,31,18,0,0.0,0.0,0.0,0,7.57,0,0,5.06,0
2022,7,31,19,0,0.0,0.0,0.0,0,7.38,0,0,4.97,0
2022,7,31,20,0,0.0,0.0,0.0,0,7.2,0,0,5.28,0
2022,7,31,21,0,0.0,0.0,0.0,0,7.08,0,0,5.57,0
2022,7,31,22,0,0.0,0.0,0.0,0,7.05,0,0,5.94,0
2022,7,31,23,0,0.0,0.0,0.0,0,7.06,0,0,6.33,0
2022,8,1,0,0,0.0,0.0,0.0,0,7.46,0,0,6.89,0
2022,8,1,1,0,0.0,0.0,0.0,0,7.9,0,0,7.28,0
2022,8,1,2,0,0.0,0.0,0.0,0,8.04,0,0,7.41,0
2022,8,1,3,0,0.0,0.0,0.0,0,7.88,0,0,7.28,0
2022,8,1,4,0,0.0,0.0,0.0,0,7.64,0,0,6.62,0
2022,8,1,5,0,0.0,0.0,0.0,0,7.2,0,0,5.92,0
2022,8,1,6,0,0.0,0.0,0.0,0,6.51,0,0,5.01,0
2022,8,1,7,0,0.0,25.82,27.02,0,6.4,0,0,3.8,0
2022,8,1,8,0,5.95,81.52,96.55,0,6.96,0,0,3.67,0
2022,8,1,9,0,12.69,138.49,168.1,0,7.95,0,0,4.25,0
2022,8,1,10,0,383.35,133.02,309.05,0,9.27,0,0,4.77,0
2022,8,1,11,0,335.69,198.1,474.15,0,10.19,0,0,5.1,0
2022,8,1,12,0,498.44,214.17,510.38,0,10.72,0,0,4.88,0
2022,8,1,13,0,569.96,183.97,505.7,0,10.98,0,0,4.74,0
2022,8,1,14,0,754.14,73.01,393.02,0,10.84,0,0,4.61,0
2022,8,1,15,0,671.01,54.43,271.92,0,10.2,0,0,4.35,0
2022,8,1,16,0,485.05,28.53,124.05,0,8.77,0,0,3.77,0
2022,8,1,17,0,0.0,0.0,0.0,0,6.4,0,0,3.27,0
2022,8,1,18,0,0.0,0.0,0.0,0,4.88,0,0,3.09,0
2022,8,1,19,0,0.0,0.0,0.0,0,3.61,0,0,3.21,0
2022,8,1,20,0,0.0,0.0,0.0,0,2.69,0,0,3.33,0
2022,8,1,21,0,0.0,0.0,0.0,0,2.04,0,0,3.31,0
2022,8,1,22,0,0.0,0.0,0.0,0,1.44,0,0,3.47,0
2022,8,1,23,0,0.0,0.0,0.0,0,0.86,0,0,3.65,0
2022,8,2,0,0,0.0,0.0,0.0,0,0.48,0,0,3.69,0
2022,8,2,1,0,0.0,0.0,0.0,0,0.4,0,0,3.66,0
2022,8,2,2,0,0.0,0.0,0.0,0,0.46,0,0,3.9,0
2022,8,2,3,0,0.0,0.0,0.0,0,0.27,0,0,3.53,0
2022,8,2,4,0,0.0,0.0,0.0,0,0.19,0,0,3.03,0
2022,8,2,5,0,0.0,0.0,0.0,0,0.11,0,0,2.98,0
2022,8,2,6,0,0.0,0.0,0.0,0,-0.56,0,0,2.72,0
2022,8,2,7,0,456.19,22.36,80.93,0,0.18,0,0,2.17,0
2022,8,2,8,0,731.53,48.09,272.55,0,2.74,0,0,1.16,0
2022,8,2,9,0,911.02,50.05,445.75,0,6.19,0,0,1.84,0
2022,8,2,10,0,937.03,62.56,576.5,0,8.86,0,0,2.26,0
2022,8,2,11,0,957.93,61.23,651.05,0,10.76,0,0,2.57,0
2022,8,2,12,0,971.72,58.96,660.78,0,12.03,0,0,2.54,0
2022,8,2,13,0,950.74,52.1,605.95,0,12.74,0,0,2.25,0
2022,8,2,14,0,923.82,46.04,491.98,0,12.91,0,0,2.23,0
2022,8,2,15,0,685.71,81.15,311.62,0,12.37,0,0,2.55,0
2022,8,2,16,0,449.63,50.84,117.38,0,10.27,0,0,2.93,0
2022,8,2,17,0,48.12,4.69,4.12,0,6.9,0,0,4.0,0
2022,8,2,18,0,0.0,0.0,0.0,0,5.52,0,0,4.24,0
2022,8,2,19,0,0.0,0.0,0.0,0,5.32,0,0,4.19,0
2022,8,2,20,0,0.0,0.0,0.0,0,5.5,0,0,3.69,0
2022,8,2,21,0,0.0,0.0,0.0,0,5.45,0,0,3.26,0
2022,8,2,22,0,0.0,0.0,0.0,0,5.46,0,0,3.25,0
2022,8,2,23,0,0.0,0.0,0.0,0,5.32,0,0,3.52,0
2022,8,3,0,0,0.0,0.0,0.0,0,4.79,0,0,3.84,0
2022,8,3,1,0,0.0,0.0,0.0,0,4.59,0,0,4.14,0
2022,8,3,2,0,0.0,0.0,0.0,0,4.58,0,0,4.05,0
2022,8,3,3,0,0.0,0.0,0.0,0,4.5,0,0,3.91,0
2022,8,3,4,0,0.0,0.0,0.0,0,4.7,0,0,3.97,0
2022,8,3,5,0,0.0,0.0,0.0,0,5.28,0,0,4.82,0
2022,8,3,6,0,0.0,0.0,0.0,0,5.75,0,0,4.86,0
2022,8,3,7,0,93.0,28.94,39.53,0,6.84,0,0,4.74,0
2022,8,3,8,0,165.49,95.96,144.2,0,9.0,0,0,4.02,0
2022,8,3,9,0,255.6,122.49,231.18,0,11.37,0,0,5.31,0
2022,8,3,10,0,277.78,209.01,341.05,0,13.65,0,0,6.54,0
2022,8,3,11,0,410.13,221.38,484.0,0,15.35,0,0,6.98,0
2022,8,3,12,0,463.26,210.37,516.17,0,16.47,0,0,6.94,0
2022,8,3,13,0,705.87,86.46,499.58,0,17.08,0,0,6.64,0
2022,8,3,14,0,684.8,82.23,402.73,0,17.17,0,0,6.32,0
2022,8,3,15,0,627.75,67.2,269.23,0,16.73,0,0,6.05,0
2022,8,3,16,0,404.8,39.6,111.57,0,15.25,0,0,5.67,0
2022,8,3,17,0,50.23,4.25,4.38,0,13.11,0,0,5.5,0
2022,8,3,18,0,0.0,0.0,0.0,0,12.26,0,0,5.51,0
2022,8,3,19,0,0.0,0.0,0.0,0,11.82,0,0,5.57,0
2022,8,3,20,0,0.0,0.0,0.0,0,11.58,0,0,5.79,0
2022,8,3,21,0,0.0,0.0,0.0,0,11.49,0,0,6.12,0
2022,8,3,22,0,0.0,0.0,0.0,0,11.54,0,0,6.61,0
2022,8,3,23,0,0.0,0.0,0.0,0,11.86,0,0,7.03,0
2022,8,4,0,0,0.0,0.0,0.0,0,12.19,0,0,7.42,0
2022,8,4,1,0,0.0,0.0,0.0,0,12.38,0,0,7.47,0
2022,8,4,2,0,0.0,0.0,0.0,0,12.72,0,0,7.32,0
2022,8,4,3,0,0.0,0.0,0.0,0,12.57,0,0,6.88,0
2022,8,4,4,0,0.0,0.0,0.0,0,12.03,0,0,7.14,0
2022,8,4,5,0,0.0,0.0,0.0,0,11.82,0,0,5.81,0
2022,8,4,6,0,0.0,0.0,0.0,0,11.6,0,0,4.61,0
2022,8,4,7,0,0.0,12.85,13.88,0,11.82,0,0,6.19,0
2022,8,4,8,0,0.0,34.63,40.33,0,12.9,0,0,8.08,0
2022,8,4,9,0,0.0,48.99,56.38,0,13.62,0,0,8.37,0
2022,8,4,10,0,0.0,58.46,66.38,0,14.06,0,0,8.96,0
2022,8,4,11,0,0.0,52.79,63.53,0,13.95,0,0,8.88,0
2022,8,4,12,0,0.0,66.8,77.9,0,14.05,0,0,9.17,0
2022,8,4,13,0,0.0,72.54,86.28,0,14.24,0,0,8.93,0
2022,8,4,14,0,0.0,58.31,72.82,0,14.15,0,0,7.95,0
2022,8,4,15,0,0.0,48.52,50.9,0,13.87,0,0,7.12,0
2022,8,4,16,0,0.0,21.62,22.17,0,13.4,0,0,6.81,0
2022,8,4,17,0,0.0,1.84,1.5,0,13.15,0,0,6.99,0
2022,8,4,18,0,0.0,0.0,0.0,0,13.05,0,0,7.1,0
2022,8,4,19,0,0.0,0.0,0.0,0,12.46,0,0,7.13,0
2022,8,4,20,0,0.0,0.0,0.0,0,11.89,0,0,6.55,0
2022,8,4,21,0,0.0,0.0,0.0,0,11.57,0,0,6.67,0
2022,8,4,22,0,0.0,0.0,0.0,0,11.28,0,0,6.42,0
2022,8,4,23,0,0.0,0.0,0.0,0,11.06,0,0,6.22,0
2022,8,5,0,0,0.0,0.0,0.0,0,10.55,0,0,5.85,0
2022,8,5,1,0,0.0,0.0,0.0,0,10.13,0,0,5.32,0
2022,8,5,2,0,0.0,0.0,0.0,0,9.63,0,0,4.89,0
2022,8,5,3,0,0.0,0.0,0.0,0,9.13,0,0,4.61,0
2022,8,5,4,0,0.0,0.0,0.0,0,8.92,0,0,3.97,0
2022,8,5,5,0,0.0,0.0,0.0,0,8.99,0,0,3.82,0
2022,8,5,6,0,0.0,0.0,0.0,0,9.02,0,0,3.85,0
2022,8,5,7,0,38.44,35.77,48.78,0,9.24,0,0,3.87,0
2022,8,5,8,0,178.31,128.37,175.55,0,9.64,0,0,4.07,0
2022,8,5,9,0,376.39,212.95,322.35,0,10.65,0,0,4.25,0
2022,8,5,10,0,447.51,199.31,443.48,0,12.11,0,0,5.53,0
2022,8,5,11,0,574.65,191.36,541.88,0,13.16,0,0,6.72,0
2022,8,5,12,0,441.34,199.6,513.53,0,13.53,0,0,7.3,0
2022,8,5,13,0,677.14,113.63,475.45,0,13.51,0,0,7.5,0
2022,8,5,14,0,559.81,122.88,405.17,0,13.32,0,0,7.35,0
2022,8,5,15,0,590.11,91.54,277.35,0,12.78,0,0,6.75,0
2022,8,5,16,0,383.25,40.44,115.35,0,11.66,0,0,5.94,0
2022,8,5,17,0,25.14,5.94,5.05,0,9.96,0,0,5.39,0
2022,8,5,18,0,0.0,0.0,0.0,0,8.95,0,0,5.13,0
2022,8,5,19,0,0.0,0.0,0.0,0,8.19,0,0,4.8,0
2022,8,5,20,0,0.0,0.0,0.0,0,7.56,0,0,4.71,0
2022,8,5,21,0,0.0,0.0,0.0,0,6.97,0,0,4.53,0
2022,8,5,22,0,0.0,0.0,0.0,0,6.47,0,0,4.84,0
2022,8,5,23,0,0.0,0.0,0.0,0,6.03,0,0,4.74,0
2022,8,6,0,0,0.0,0.0,0.0,0,5.48,0,0,4.64,0
2022,8,6,1,0,0.0,0.0,0.0,0,4.97,0,0,4.59,0
2022,8,6,2,0,0.0,0.0,0.0,0,4.47,0,0,4.33,0
2022,8,6,3,0,0.0,0.0,0.0,0,4.04,0,0,4.45,0
2022,8,6,4,0,0.0,0.0,0.0,0,3.66,0,0,4.41,0
2022,8,6,5,0,0.0,0.0,0.0,0,3.45,0,0,4.4,0
2022,8,6,6,0,0.0,0.0,0.0,0,3.62,0,0,4.62,0
2022,8,6,7,0,170.74,28.4,55.9,0,4.34,0,0,4.95,0
2022,8,6,8,0,354.65,62.07,174.75,0,5.38,0,0,5.44,0
2022,8,6,9,0,349.06,108.64,280.1,0,6.47,0,0,6.33,0
2022,8,6,10,0,228.55,263.6,401.6,0,7.68,0,0,6.59,0
2022,8,6,11,0,267.96,290.06,458.92,0,8.49,0,0,6.66,0
2022,8,6,12,0,625.25,165.01,505.27,0,8.97,0,0,6.71,0
2022,8,6,13,0,312.32,218.02,430.98,0,9.11,0,0,6.79,0
2022,8,6,14,0,527.76,118.43,314.77,0,8.92,0,0,6.59,0
2022,8,6,15,0,464.76,74.14,213.7,0,8.24,0,0,5.92,0
2022,8,6,16,0,341.08,39.53,92.82,0,7.14,0,0,4.51,0
2022,8,6,17,0,40.42,5.67,4.82,0,6.01,0,0,4.08,0
2022,8,6,18,0,0.0,0.0,0.0,0,5.6,0,0,4.29,0
2022,8,6,19,0,0.0,0.0,0.0,0,5.33,0,0,4.4,0
2022,8,6,20,0,0.0,0.0,0.0,0,5.05,0,0,4.5,0
2022,8,6,21,0,0.0,0.0,0.0,0,4.88,0,0,4.43,0
2022,8,6,22,0,0.0,0.0,0.0,0,4.82,0,0,4.44,0
2022,8,6,23,0,0.0,0.0,0.0,0,4.77,0,0,4.36,0
2022,8,7,0,0,0.0,0.0,0.0,0,4.72,0,0,4.27,0
2022,8,7,1,0,0.0,0.0,0.0,0,4.64,0,0,4.01,0
2022,8,7,2,0,0.0,0.0,0.0,0,4.6,0,0,3.61,0
2022,8,7,3,0,0.0,0.0,0.0,0,4.63,0,0,3.41,0
2022,8,7,4,0,0.0,0.0,0.0,0,4.67,0,0,3.36,0
2022,8,7,5,0,0.0,0.0,0.0,0,4.69,0,0,3.46,0
2022,8,7,6,0,0.0,0.0,0.0,0,4.69,0,0,3.35,0
2022,8,7,7,0,199.67,34.44,57.05,0,5.04,0,0,3.03,0
2022,8,7,8,0,357.36,86.55,161.85,0,5.62,0,0,3.12,0
2022,8,7,9,0,417.49,112.94,254.5,0,6.39,0,0,3.86,0
2022,8,7,10,0,211.43,245.96,376.1,0,7.36,0,0,3.81,0
2022,8,7,11,0,286.84,229.9,418.1,0,8.43,0,0,3.49,0
2022,8,7,12,0,275.2,252.57,446.42,0,9.13,0,0,3.35,0
2022,8,7,13,0,264.52,246.97,451.2,0,9.48,0,0,3.4,0
2022,8,7,14,0,398.81,141.85,349.25,0,9.51,0,0,3.52,0
2022,8,7,15,0,455.49,95.79,235.98,0,9.11,0,0,3.54,0
2022,8,7,16,0,370.98,39.6,106.0,0,8.05,0,0,2.99,0
2022,8,7,17,0,37.7,5.76,5.78,0,6.27,0,0,2.88,0
2022,8,7,18,0,0.0,0.0,0.0,0,5.18,0,0,2.96,0
2022,8,7,19,0,0.0,0.0,0.0,0,4.51,0,0,2.77,0
2022,8,7,20,0,0.0,0.0,0.0,0,4.03,0,0,2.77,0
2022,8,7,21,0,0.0,0.0,0.0,0,3.71,0,0,2.72,0
2022,8,7,22,0,0.0,0.0,0.0,0,3.55,0,0,2.5,0
2022,8,7,23,0,0.0,0.0,0.0,0,3.37,0,0,2.37,0
2022,8,8,0,0,0.0,0.0,0.0,0,3.35,0,0,2.2,0
2022,8,8,1,0,0.0,0.0,0.0,0,3.42,0,0,2.07,0
2022,8,8,2,0,0.0,0.0,0.0,0,3.69,0,0,1.88,0
2022,8,8,3,0,0.0,0.0,0.0,0,3.65,0,0,1.62,0
2022,8,8,4,0,0.0,0.0,0.0,0,3.53,0,0,1.55,0
2022,8,8,5,0,0.0,0.0,0.0,0,3.47,0,0,1.45,0
2022,8,8,6,0,0.0,0.0,0.0,0,3.41,0,0,1.41,0
2022,8,8,7,0,277.1,33.88,67.43,0,3.69,0,0,1.42,0
2022,8,8,8,0,582.25,72.18,230.02,0,4.79,0,0,1.67,0
2022,8,8,9,0,708.53,107.8,391.25,0,7.07,0,0,1.57,0
2022,8,8,10,0,686.42,126.39,529.8,0,9.39,0,0,0.84,0
2022,8,8,11,0,532.99,244.33,581.15,0,10.7,0,0,0.36,0
2022,8,8,12,0,433.77,250.52,546.28,0,11.17,0,0,0.99,0
2022,8,8,13,0,717.21,107.05,484.27,0,11.17,0,0,1.46,0
2022,8,8,14,0,631.72,77.2,377.92,0,10.87,0,0,1.9,0
2022,8,8,15,0,643.82,58.51,260.35,0,10.18,0,0,2.28,0
2022,8,8,16,0,449.94,40.42,112.45,0,9.01,0,0,2.39,0
2022,8,8,17,0,30.68,5.76,6.03,0,7.28,0,0,2.71,0
2022,8,8,18,0,0.0,0.0,0.0,0,6.17,0,0,3.06,0
2022,8,8,19,0,0.0,0.0,0.0,0,5.37,0,0,3.0,0
2022,8,8,20,0,0.0,0.0,0.0,0,4.68,0,0,2.94,0
2022,8,8,21,0,0.0,0.0,0.0,0,4.16,0,0,2.88,0
2022,8,8,22,0,0.0,0.0,0.0,0,3.71,0,0,2.75,0
2022,8,8,23,0,0.0,0.0,0.0,0,3.31,0,0,2.65,0
2022,8,9,0,0,0.0,0.0,0.0,0,2.93,0,0,2.58,0
2022,8,9,1,0,0.0,0.0,0.0,0,2.57,0,0,2.45,0
2022,8,9,2,0,0.0,0.0,0.0,0,2.15,0,0,2.52,0
2022,8,9,3,0,0.0,0.0,0.0,0,1.88,0,0,2.52,0
2022,8,9,4,0,0.0,0.0,0.0,0,1.81,0,0,2.35,0
2022,8,9,5,0,0.0,0.0,0.0,0,1.46,0,0,2.47,0
2022,8,9,6,0,0.0,0.0,0.0,0,1.21,0,0,2.42,0
2022,8,9,7,0,384.86,25.44,90.55,0,1.8,0,0,2.1,0
2022,8,9,8,0,662.79,51.23,275.33,0,3.57,0,0,1.87,0
2022,8,9,9,0,801.59,66.86,446.5,0,6.26,0,0,2.24,0
2022,8,9,10,0,830.54,93.01,584.2,0,8.83,0,0,2.19,0
2022,8,9,11,0,794.08,109.54,622.38,0,10.33,0,0,1.93,0
2022,8,9,12,0,689.19,134.55,584.0,0,11.22,0,0,1.67,0
2022,8,9,13,0,747.51,107.92,493.88,0,11.67,0,0,1.52,0
2022,8,9,14,0,716.12,91.66,403.02,0,11.68,0,0,1.56,0
2022,8,9,15,0,643.13,62.35,276.12,0,11.23,0,0,1.69,0
2022,8,9,16,0,430.55,46.02,120.9,0,9.98,0,0,1.69,0
2022,8,9,17,0,50.81,6.86,6.95,0,7.54,0,0,2.32,0
2022,8,9,18,0,0.0,0.0,0.0,0,5.93,0,0,3.03,0
2022,8,9,19,0,0.0,0.0,0.0,0,4.88,0,0,3.3,0
2022,8,9,20,0,0.0,0.0,0.0,0,3.75,0,0,3.4,0
2022,8,9,21,0,0.0,0.0,0.0,0,3.22,0,0,3.42,0
2022,8,9,22,0,0.0,0.0,0.0,0,3.13,0,0,2.79,0
2022,8,9,23,0,0.0,0.0,0.0,0,2.56,0,0,2.58,0
2022,8,10,0,0,0.0,0.0,0.0,0,2.22,0,0,2.48,0
2022,8,10,1,0,0.0,0.0,0.0,0,2.24,0,0,2.4,0
2022,8,10,2,0,0.0,0.0,0.0,0,2.19,0,0,2.27,0
2022,8,10,3,0,0.0,0.0,0.0,0,2.21,0,0,2.37,0
2022,8,10,4,0,0.0,0.0,0.0,0,2.21,0,0,2.29,0
2022,8,10,5,0,0.0,0.0,0.0,0,2.23,0,0,2.59,0
2022,8,10,6,0,0.0,0.0,0.0,0,2.21,0,0,2.71,0
2022,8,10,7,0,490.62,25.08,102.53,0,2.71,0,0,2.7,0
2022,8,10,8,0,759.19,48.61,291.2,0,4.06,0,0,3.05,0
2022,8,10,9,0,867.88,59.35,462.95,0,6.36,0,0,3.2,0
2022,8,10,10,0,867.33,77.0,593.8,0,9.01,0,0,2.81,0
2022,8,10,11,0,933.39,75.79,647.95,0,10.95,0,0,2.17,0
2022,8,10,12,0,665.61,166.41,645.75,0,12.09,0,0,1.93,0
2022,8,10,13,0,682.83,119.51,554.42,0,12.39,0,0,2.03,0
2022,8,10,14,0,549.91,175.36,455.3,0,12.46,0,0,2.37,0
2022,8,10,15,0,600.85,93.42,306.4,0,12.02,0,0,2.77,0
2022,8,10,16,0,473.22,48.01,132.23,0,10.66,0,0,2.88,0
2022,8,10,17,0,72.0,7.37,7.97,0,8.03,0,0,3.44,0
2022,8,10,18,0,0.0,0.0,0.0,0,6.66,0,0,3.66,0
2022,8,10,19,0,0.0,0.0,0.0,0,5.89,0,0,3.17,0
2022,8,10,20,0,0.0,0.0,0.0,0,5.41,0,0,3.34,0
2022,8,10,21,0,0.0,0.0,0.0,0,4.96,0,0,2.95,0
2022,8,10,22,0,0.0,0.0,0.0,0,4.93,0,0,2.97,0
2022,8,10,23,0,0.0,0.0,0.0,0,4.96,0,0,2.98,0
2022,8,11,0,0,0.0,0.0,0.0,0,4.91,0,0,2.92,0
2022,8,11,1,0,0.0,0.0,0.0,0,4.77,0,0,3.18,0
2022,8,11,2,0,0.0,0.0,0.0,0,4.58,0,0,3.15,0
2022,8,11,3,0,0.0,0.0,0.0,0,4.35,0,0,3.23,0
2022,8,11,4,0,0.0,0.0,0.0,0,4.11,0,0,3.16,0
2022,8,11,5,0,0.0,0.0,0.0,0,4.13,0,0,3.22,0
2022,8,11,6,0,0.0,0.0,0.0,0,4.2,0,0,3.17,0
2022,8,11,7,0,1.03,41.28,43.9,0,4.76,0,0,3.19,0
2022,8,11,8,0,14.96,105.39,115.6,0,6.13,0,0,2.92,0
2022,8,11,9,0,52.58,158.81,198.05,0,8.37,0,0,3.56,0
2022,8,11,10,0,60.56,221.19,271.77,0,10.54,0,0,4.68,0
2022,8,11,11,0,189.28,262.8,390.35,0,11.89,0,0,5.3,0
2022,8,11,12,0,165.36,220.56,305.38,0,12.2,0,0,5.69,0
2022,8,11,13,0,51.46,206.93,263.73,0,11.87,0,0,5.71,0
2022,8,11,14,0,47.39,171.62,202.98,0,11.38,0,0,5.09,0
2022,8,11,15,0,168.87,109.6,127.2,0,11.03,0,0,4.66,0
2022,8,11,16,0,93.86,48.29,56.83,0,10.11,0,0,3.99,0
2022,8,11,17,0,0.0,4.54,3.7,0,8.94,0,0,3.65,0
2022,8,11,18,0,0.0,0.0,0.0,0,8.01,0,0,3.53,0
2022,8,11,19,0,0.0,0.0,0.0,0,7.67,0,0,3.68,0
2022,8,11,20,0,0.0,0.0,0.0,0,7.52,0,0,3.52,0
2022,8,11,21,0,0.0,0.0,0.0,0,7.59,0,0,3.76,0
2022,8,11,22,0,0.0,0.0,0.0,0,7.77,0,0,4.33,0
2022,8,11,23,0,0.0,0.0,0.0,0,7.72,0,0,4.28,0
2022,8,12,0,0,0.0,0.0,0.0,0,7.46,0,0,4.26,0
2022,8,12,1,0,0.0,0.0,0.0,0,7.24,0,0,4.21,0
2022,8,12,2,0,0.0,0.0,0.0,0,7.02,0,0,4.0,0
2022,8,12,3,0,0.0,0.0,0.0,0,6.81,0,0,3.83,0
2022,8,12,4,0,0.0,0.0,0.0,0,6.76,0,0,3.73,0
2022,8,12,5,0,0.0,0.0,0.0,0,6.8,0,0,3.51,0
2022,8,12,6,0,0.0,0.0,0.0,0,6.77,0,0,3.52,0
2022,8,12,7,0,4.01,26.57,28.33,0,7.13,0,0,3.57,0
2022,8,12,8,0,27.55,62.81,76.43,0,7.59,0,0,3.43,0
2022,8,12,9,0,41.65,89.13,119.53,0,8.11,0,0,3.54,0
2022,8,12,10,0,65.36,115.79,157.77,0,8.58,0,0,4.39,0
2022,8,12,11,0,35.71,143.32,182.93,0,8.64,0,0,4.56,0
2022,8,12,12,0,44.2,181.01,228.65,0,8.63,0,0,4.23,0
2022,8,12,13,0,35.31,225.38,276.77,0,8.78,0,0,3.8,0
2022,8,12,14,0,58.64,173.1,206.07,0,8.87,0,0,2.9,0
2022,8,12,15,0,77.39,123.14,138.3,0,8.98,0,0,2.32,0
2022,8,12,16,0,37.58,49.86,57.65,0,8.7,0,0,1.97,0
2022,8,12,17,0,0.0,4.73,3.85,0,7.73,0,0,2.35,0
2022,8,12,18,0,0.0,0.0,0.0,0,7.23,0,0,3.05,0
2022,8,12,19,0,0.0,0.0,0.0,0,7.13,0,0,2.81,0
2022,8,12,20,0,0.0,0.0,0.0,0,6.99,0,0,2.53,0
2022,8,12,21,0,0.0,0.0,0.0,0,6.92,0,0,2.36,0
2022,8,12,22,0,0.0,0.0,0.0,0,6.92,0,0,2.01,0
2022,8,12,23,0,0.0,0.0,0.0,0,6.92,0,0,1.92,0
2022,8,13,0,0,0.0,0.0,0.0,0,6.85,0,0,1.74,0
2022,8,13,1,0,0.0,0.0,0.0,0,6.77,0,0,2.09,0
2022,8,13,2,0,0.0,0.0,0.0,0,6.67,0,0,2.5,0
2022,8,13,3,0,0.0,0.0,0.0,0,6.6,0,0,2.56,0
2022,8,13,4,0,0.0,0.0,0.0,0,6.38,0,0,2.61,0
2022,8,13,5,0,0.0,0.0,0.0,0,5.94,0,0,2.76,0
2022,8,13,6,0,0.0,0.0,0.0,0,5.64,0,0,2.47,0
2022,8,13,7,0,62.68,54.43,64.6,0,6.07,0,0,2.2,0
2022,8,13,8,0,114.59,144.71,185.07,0,6.98,0,0,2.12,0
2022,8,13,9,0,93.72,228.98,305.1,0,7.98,0,0,2.68,0
2022,8,13,10,0,147.87,289.77,415.08,0,9.24,0,0,3.71,0
2022,8,13,11,0,195.59,250.51,409.62,0,10.36,0,0,4.42,0
2022,8,13,12,0,151.79,278.06,389.42,0,10.82,0,0,4.81,0
2022,8,13,13,0,233.11,234.39,365.75,0,10.8,0,0,5.03,0
2022,8,13,14,0,332.76,140.77,257.35,0,10.26,0,0,5.1,0
2022,8,13,15,0,192.53,124.12,166.8,0,9.25,0,0,4.83,0
2022,8,13,16,0,40.89,54.63,68.15,0,7.89,0,0,3.64,0
2022,8,13,17,0,3.69,6.82,5.25,0,6.64,0,0,2.82,0
2022,8,13,18,0,0.0,0.0,0.0,0,6.1,0,0,2.68,0
2022,8,13,19,0,0.0,0.0,0.0,0,5.86,0,0,2.75,0
2022,8,13,20,0,0.0,0.0,0.0,0,5.73,0,0,2.98,0
2022,8,13,21,0,0.0,0.0,0.0,0,5.68,0,0,2.79,0
2022,8,13,22,0,0.0,0.0,0.0,0,5.62,0,0,3.36,0
2022,8,13,23,0,0.0,0.0,0.0,0,5.55,0,0,3.25,0
2022,8,14,0,0,0.0,0.0,0.0,0,5.43,0,0,3.56,0
2022,8,14,1,0,0.0,0.0,0.0,0,5.14,0,0,3.88,0
2022,8,14,2,0,0.0,0.0,0.0,0,4.77,0,0,4.13,0
2022,8,14,3,0,0.0,0.0,0.0,0,4.32,0,0,4.35,0
2022,8,14,4,0,0.0,0.0,0.0,0,4.04,0,0,4.23,0
2022,8,14,5,0,0.0,0.0,0.0,0,3.91,0,0,3.97,0
2022,8,14,6,0,0.0,0.0,0.0,0,3.8,0,0,3.7,0
2022,8,14,7,0,43.42,49.0,57.62,0,3.74,0,0,3.65,0
2022,8,14,8,0,99.26,110.65,136.55,0,3.79,0,0,3.71,0
2022,8,14,9,0,65.87,169.64,224.05,0,3.9,0,0,3.88,0
2022,8,14,10,0,51.57,225.97,278.23,0,4.03,0,0,4.06,0
2022,8,14,11,0,127.43,242.96,334.1,0,4.23,0,0,4.13,0
2022,8,14,12,0,128.13,283.89,378.38,0,4.57,0,0,4.14,0
2022,8,14,13,0,286.56,195.31,358.83,0,5.03,0,0,4.29,0
2022,8,14,14,0,181.63,159.9,269.4,0,5.37,0,0,4.52,0
2022,8,14,15,0,169.17,124.65,172.48,0,5.61,0,0,4.89,0
2022,8,14,16,0,58.01,57.87,72.55,0,5.45,0,0,4.55,0
2022,8,14,17,0,6.66,6.81,5.57,0,5.04,0,0,4.61,0
2022,8,14,18,0,0.0,0.0,0.0,0,4.96,0,0,4.91,0
2022,8,14,19,0,0.0,0.0,0.0,0,4.92,0,0,4.98,0
2022,8,14,20,0,0.0,0.0,0.0,0,4.87,0,0,5.01,0
2022,8,14,21,0,0.0,0.0,0.0,0,4.84,0,0,4.95,0
2022,8,14,22,0,0.0,0.0,0.0,0,4.82,0,0,4.9,0
2022,8,14,23,0,0.0,0.0,0.0,0,4.79,0,0,5.04,0
2022,8,15,0,0,0.0,0.0,0.0,0,4.75,0,0,4.98,0
2022,8,15,1,0,0.0,0.0,0.0,0,4.68,0,0,5.03,0
2022,8,15,2,0,0.0,0.0,0.0,0,4.56,0,0,5.13,0
2022,8,15,3,0,0.0,0.0,0.0,0,4.39,0,0,5.11,0
2022,8,15,4,0,0.0,0.0,0.0,0,4.11,0,0,4.89,0
2022,8,15,5,0,0.0,0.0,0.0,0,3.91,0,0,4.63,0
2022,8,15,6,0,0.0,0.0,0.0,0,3.86,0,0,4.32,0
2022,8,15,7,0,41.38,59.88,64.6,0,4.02,0,0,3.86,0
2022,8,15,8,0,47.61,136.37,171.25,0,4.34,0,0,3.78,0
2022,8,15,9,0,90.33,208.76,286.88,0,4.99,0,0,4.46,0
2022,8,15,10,0,80.41,259.8,334.98,0,5.79,0,0,5.05,0
2022,8,15,11,0,27.08,243.87,308.52,0,6.43,0,0,5.47,0
2022,8,15,12,0,74.74,158.84,226.25,0,7.05,0,0,5.8,0
2022,8,15,13,0,184.5,138.23,202.62,0,7.59,0,0,5.89,0
2022,8,15,14,0,28.08,162.81,205.68,0,7.58,0,0,5.76,0
2022,8,15,15,0,1.78,106.82,127.2,0,6.98,0,0,4.82,0
2022,8,15,16,0,10.21,42.45,47.4,0,6.18,0,0,3.8,0
2022,8,15,17,0,0.0,6.06,5.6,0,5.37,0,0,3.77,0
2022,8,15,18,0,0.0,0.0,0.0,0,5.0,0,0,3.74,0
2022,8,15,19,0,0.0,0.0,0.0,0,4.93,0,0,3.59,0
2022,8,15,20,0,0.0,0.0,0.0,0,4.9,0,0,3.5,0
2022,8,15,21,0,0.0,0.0,0.0,0,4.83,0,0,3.39,0
2022,8,15,22,0,0.0,0.0,0.0,0,4.74,0,0,3.19,0
2022,8,15,23,0,0.0,0.0,0.0,0,4.63,0,0,3.34,0
2022,8,16,0,0,0.0,0.0,0.0,0,4.52,0,0,3.16,0
2022,8,16,1,0,0.0,0.0,0.0,0,4.32,0,0,3.05,0
2022,8,16,2,0,0.0,0.0,0.0,0,4.16,0,0,2.75,0
2022,8,16,3,0,0.0,0.0,0.0,0,4.16,0,0,3.01,0
2022,8,16,4,0,0.0,0.0,0.0,0,4.11,0,0,2.86,0
2022,8,16,5,0,0.0,0.0,0.0,0,4.09,0,0,2.84,0
2022,8,16,6,0,0.0,0.0,0.0,0,3.94,0,0,3.0,0
2022,8,16,7,0,101.24,46.88,62.58,0,4.1,0,0,3.01,0
2022,8,16,8,0,106.74,136.71,166.9,0,4.42,0,0,3.45,0
2022,8,16,9,0,101.05,225.8,276.65,0,5.11,0,0,4.08,0
2022,8,16,10,0,161.15,288.02,392.38,0,6.02,0,0,4.73,0
2022,8,16,11,0,283.51,304.08,512.45,0,6.67,0,0,5.59,0
2022,8,16,12,0,381.08,266.19,513.45,0,7.4,0,0,5.58,0
2022,8,16,13,0,441.75,162.61,384.73,0,8.03,0,0,5.29,0
2022,8,16,14,0,169.55,170.51,236.07,0,8.23,0,0,5.11,0
2022,8,16,15,0,240.01,105.4,177.23,0,7.89,0,0,4.86,0
2022,8,16,16,0,239.57,51.46,78.72,0,7.01,0,0,4.04,0
2022,8,16,17,0,26.11,7.35,6.38,0,5.54,0,0,3.02,0
2022,8,16,18,0,0.0,0.0,0.0,0,4.87,0,0,2.61,0
2022,8,16,19,0,0.0,0.0,0.0,0,4.62,0,0,2.8,0
2022,8,16,20,0,0.0,0.0,0.0,0,4.78,0,0,3.21,0
2022,8,16,21,0,0.0,0.0,0.0,0,4.84,0,0,3.2,0
2022,8,16,22,0,0.0,0.0,0.0,0,4.79,0,0,3.17,0
2022,8,16,23,0,0.0,0.0,0.0,0,4.15,0,0,2.61,0
2022,8,17,0,0,0.0,0.0,0.0,0,3.81,0,0,2.11,0
2022,8,17,1,0,0.0,0.0,0.0,0,3.48,0,0,1.9,0
2022,8,17,2,0,0.0,0.0,0.0,0,3.03,0,0,1.92,0
2022,8,17,3,0,0.0,0.0,0.0,0,2.67,0,0,2.14,0
2022,8,17,4,0,0.0,0.0,0.0,0,2.59,0,0,2.07,0
2022,8,17,5,0,0.0,0.0,0.0,0,2.44,0,0,2.02,0
2022,8,17,6,0,0.0,0.0,0.0,0,2.34,0,0,2.03,0
2022,8,17,7,0,438.32,40.2,114.47,0,3.39,0,0,1.69,0
2022,8,17,8,0,643.7,92.27,295.9,0,5.52,0,0,1.03,0
2022,8,17,9,0,771.25,102.16,474.6,0,8.58,0,0,0.76,0
2022,8,17,10,0,896.77,76.81,626.1,0,11.68,0,0,0.23,0
2022,8,17,11,0,896.99,78.67,696.05,0,13.26,0,0,0.75,0
2022,8,17,12,0,921.34,74.29,702.78,0,14.09,0,0,1.59,0
2022,8,17,13,0,647.91,175.14,620.7,0,13.9,0,0,1.83,0
2022,8,17,14,0,639.98,143.92,503.05,0,13.26,0,0,2.33,0
2022,8,17,15,0,620.49,86.85,343.2,0,12.53,0,0,2.45,0
2022,8,17,16,0,525.27,50.63,154.43,0,11.25,0,0,2.16,0
2022,8,17,17,0,106.41,9.18,11.85,0,9.03,0,0,2.31,0
2022,8,17,18,0,0.0,0.0,0.0,0,7.08,0,0,2.58,0
2022,8,17,19,0,0.0,0.0,0.0,0,5.95,0,0,2.41,0
2022,8,17,20,0,0.0,0.0,0.0,0,5.13,0,0,2.27,0
2022,8,17,21,0,0.0,0.0,0.0,0,4.22,0,0,2.41,0
2022,8,17,22,0,0.0,0.0,0.0,0,3.46,0,0,2.61,0
2022,8,17,23,0,0.0,0.0,0.0,0,3.17,0,0,2.42,0
2022,8,18,0,0,0.0,0.0,0.0,0,3.12,0,0,2.26,0
2022,8,18,1,0,0.0,0.0,0.0,0,3.19,0,0,2.46,0
2022,8,18,2,0,0.0,0.0,0.0,0,3.11,0,0,2.91,0
2022,8,18,3,0,0.0,0.0,0.0,0,3.42,0,0,3.05,0
2022,8,18,4,0,0.0,0.0,0.0,0,4.17,0,0,2.23,0
2022,8,18,5,0,0.0,0.0,0.0,0,4.23,0,0,1.25,0
2022,8,18,6,0,0.0,0.0,0.0,0,3.36,0,0,2.49,0
2022,8,18,7,0,303.68,70.88,97.0,0,4.11,0,0,2.98,0
2022,8,18,8,0,412.64,124.91,255.48,0,6.3,0,0,2.29,0
2022,8,18,9,0,504.02,171.17,427.65,0,9.11,0,0,3.33,0
2022,8,18,10,0,530.2,214.35,538.55,0,11.49,0,0,3.66,0
2022,8,18,11,0,213.92,296.77,479.02,0,13.2,0,0,3.83,0
2022,8,18,12,0,162.43,318.92,487.08,0,14.29,0,0,4.08,0
2022,8,18,13,0,66.42,336.09,427.42,0,14.76,0,0,4.39,0
2022,8,18,14,0,123.23,285.49,363.48,0,14.72,0,0,4.64,0
2022,8,18,15,0,73.54,189.23,234.98,0,14.03,0,0,4.66,0
2022,8,18,16,0,54.33,93.59,103.15,0,12.58,0,0,4.39,0
2022,8,18,17,0,7.52,10.3,8.35,0,10.08,0,0,4.12,0
2022,8,18,18,0,0.0,0.0,0.0,0,8.66,0,0,3.85,0
2022,8,18,19,0,0.0,0.0,0.0,0,7.71,0,0,3.52,0
2022,8,18,20,0,0.0,0.0,0.0,0,7.08,0,0,3.59,0
2022,8,18,21,0,0.0,0.0,0.0,0,6.72,0,0,3.67,0
2022,8,18,22,0,0.0,0.0,0.0,0,6.52,0,0,3.74,0
2022,8,18,23,0,0.0,0.0,0.0,0,6.55,0,0,3.8,0
2022,8,19,0,0,0.0,0.0,0.0,0,6.9,0,0,4.74,0
2022,8,19,1,0,0.0,0.0,0.0,0,7.21,0,0,4.81,0
2022,8,19,2,0,0.0,0.0,0.0,0,7.35,0,0,4.91,0
2022,8,19,3,0,0.0,0.0,0.0,0,7.35,0,0,4.84,0
2022,8,19,4,0,0.0,0.0,0.0,0,6.82,0,0,4.31,0
2022,8,19,5,0,0.0,0.0,0.0,0,6.16,0,0,3.62,0
2022,8,19,6,0,0.0,1.99,1.62,0,5.68,0,0,2.91,0
2022,8,19,7,0,12.89,37.41,38.62,0,6.34,0,0,2.29,0
2022,8,19,8,0,31.51,95.61,111.15,0,7.35,0,0,3.08,0
2022,8,19,9,0,35.35,133.2,171.9,0,8.07,0,0,4.68,0
2022,8,19,10,0,35.64,213.45,266.7,0,8.54,0,0,5.38,0
2022,8,19,11,0,37.07,224.2,279.55,0,8.58,0,0,5.83,0
2022,8,19,12,0,61.26,224.23,319.73,0,9.17,0,0,6.35,0
2022,8,19,13,0,125.11,186.99,307.5,0,9.59,0,0,6.7,0
2022,8,19,14,0,111.42,192.68,271.02,0,9.35,0,0,6.76,0
2022,8,19,15,0,354.49,109.88,195.62,0,8.77,0,0,6.48,0
2022,8,19,16,0,242.05,53.18,105.62,0,7.71,0,0,5.71,0
2022,8,19,17,0,62.97,10.67,11.98,0,6.01,0,0,4.78,0
2022,8,19,18,0,0.0,0.0,0.0,0,4.73,0,0,4.6,0
2022,8,19,19,0,0.0,0.0,0.0,0,3.94,0,0,4.7,0
2022,8,19,20,0,0.0,0.0,0.0,0,3.45,0,0,4.62,0
2022,8,19,21,0,0.0,0.0,0.0,0,2.95,0,0,4.38,0
2022,8,19,22,0,0.0,0.0,0.0,0,2.39,0,0,3.92,0
2022,8,19,23,0,0.0,0.0,0.0,0,1.76,0,0,3.45,0
2022,8,20,0,0,0.0,0.0,0.0,0,1.14,0,0,3.01,0
2022,8,20,1,0,0.0,0.0,0.0,0,0.58,0,0,3.09,0
2022,8,20,2,0,0.0,0.0,0.0,0,0.19,0,0,3.23,0
2022,8,20,3,0,0.0,0.0,0.0,0,-0.07,0,0,3.3,0
2022,8,20,4,0,0.0,0.0,0.0,0,-0.21,0,0,3.29,0
2022,8,20,5,0,0.0,0.0,0.0,0,-0.06,0,0,3.21,0
2022,8,20,6,0,75.47,4.45,5.25,0,0.33,0,0,3.25,0
2022,8,20,7,0,529.28,31.39,111.53,0,1.81,0,0,3.11,0
2022,8,20,8,0,581.27,80.84,263.25,0,4.55,0,0,3.71,0
2022,8,20,9,0,590.89,135.48,401.52,0,7.57,0,0,5.96,0
2022,8,20,10,0,449.84,171.64,399.25,0,9.44,0,0,6.41,0
2022,8,20,11,0,32.53,296.58,384.67,0,10.35,0,0,6.55,0
2022,8,20,12,0,35.81,292.21,360.33,0,10.97,0,0,6.52,0
2022,8,20,13,0,391.55,157.38,316.3,0,11.42,0,0,6.32,0
2022,8,20,14,0,50.24,197.05,239.18,0,11.45,0,0,6.03,0
2022,8,20,15,0,56.15,130.69,159.77,0,10.89,0,0,5.55,0
2022,8,20,16,0,147.13,54.14,73.57,0,9.69,0,0,4.59,0
2022,8,20,17,0,24.44,10.06,7.25,0,8.07,0,0,3.55,0
2022,8,20,18,0,0.0,0.0,0.0,0,7.42,0,0,3.03,0
2022,8,20,19,0,0.0,0.0,0.0,0,7.25,0,0,2.78,0
2022,8,20,20,0,0.0,0.0,0.0,0,7.24,0,0,3.03,0
2022,8,20,21,0,0.0,0.0,0.0,0,7.03,0,0,2.99,0
2022,8,20,22,0,0.0,0.0,0.0,0,6.54,0,0,2.76,0
2022,8,20,23,0,0.0,0.0,0.0,0,5.96,0,0,2.52,0
2022,8,21,0,0,0.0,0.0,0.0,0,5.62,0,0,2.11,0
2022,8,21,1,0,0.0,0.0,0.0,0,5.38,0,0,1.61,0
2022,8,21,2,0,0.0,0.0,0.0,0,5.12,0,0,0.95,0
2022,8,21,3,0,0.0,0.0,0.0,0,4.88,0,0,0.49,0
2022,8,21,4,0,0.0,0.0,0.0,0,4.58,0,0,0.4,0
2022,8,21,5,0,0.0,0.0,0.0,0,4.34,0,0,0.42,0
2022,8,21,6,0,28.71,6.97,5.07,0,4.05,0,0,0.56,0
2022,8,21,7,0,300.31,54.83,109.4,0,4.56,0,0,0.69,0
2022,8,21,8,0,503.47,137.36,285.7,0,6.57,0,0,0.74,0
2022,8,21,9,0,497.18,185.33,449.27,0,9.15,0,0,1.41,0
2022,8,21,10,0,460.03,293.38,571.42,0,10.94,0,0,2.02,0
2022,8,21,11,0,534.72,241.91,625.35,0,12.2,0,0,2.34,0
2022,8,21,12,0,450.96,286.27,613.9,0,13.06,0,0,2.51,0
2022,8,21,13,0,739.35,103.05,518.5,0,13.49,0,0,2.54,0
2022,8,21,14,0,408.02,231.65,462.1,0,13.46,0,0,2.56,0
2022,8,21,15,0,576.47,88.97,290.08,0,12.93,0,0,2.68,0
2022,8,21,16,0,526.45,46.36,142.75,0,11.71,0,0,2.68,0
2022,8,21,17,0,169.78,8.9,14.23,0,8.91,0,0,3.06,0
2022,8,21,18,0,0.0,0.0,0.0,0,6.61,0,0,3.9,0
2022,8,21,19,0,0.0,0.0,0.0,0,5.49,0,0,3.77,0
2022,8,21,20,0,0.0,0.0,0.0,0,4.79,0,0,3.24,0
2022,8,21,21,0,0.0,0.0,0.0,0,4.37,0,0,2.85,0
2022,8,21,22,0,0.0,0.0,0.0,0,4.0,0,0,2.59,0
2022,8,21,23,0,0.0,0.0,0.0,0,3.44,0,0,2.76,0
2022,8,22,0,0,0.0,0.0,0.0,0,2.84,0,0,3.02,0
2022,8,22,1,0,0.0,0.0,0.0,0,2.25,0,0,3.37,0
2022,8,22,2,0,0.0,0.0,0.0,0,1.61,0,0,3.8,0
2022,8,22,3,0,0.0,0.0,0.0,0,1.21,0,0,4.08,0
2022,8,22,4,0,0.0,0.0,0.0,0,0.99,0,0,4.33,0
2022,8,22,5,0,0.0,0.0,0.0,0,0.77,0,0,4.33,0
2022,8,22,6,0,93.49,5.64,6.82,0,0.77,0,0,4.26,0
2022,8,22,7,0,435.49,46.2,135.93,0,2.84,0,0,4.01,0
2022,8,22,8,0,649.7,90.99,320.75,0,6.25,0,0,3.22,0
2022,8,22,9,0,658.53,146.87,478.3,0,9.47,0,0,5.67,0
2022,8,22,10,0,737.25,138.14,615.5,0,11.11,0,0,6.09,0
2022,8,22,11,0,694.23,155.88,526.92,0,12.04,0,0,6.36,0
2022,8,22,12,0,338.21,310.6,575.7,0,12.53,0,0,6.64,0
2022,8,22,13,0,154.66,296.68,419.33,0,12.52,0,0,6.86,0
2022,8,22,14,0,311.14,198.26,333.2,0,12.29,0,0,6.87,0
2022,8,22,15,0,265.09,151.6,240.6,0,11.6,0,0,6.64,0
2022,8,22,16,0,108.35,85.48,106.75,0,10.58,0,0,5.85,0
2022,8,22,17,0,19.85,11.81,9.07,0,9.17,0,0,5.12,0
2022,8,22,18,0,0.0,0.0,0.0,0,8.36,0,0,5.05,0
2022,8,22,19,0,0.0,0.0,0.0,0,7.86,0,0,4.77,0
2022,8,22,20,0,0.0,0.0,0.0,0,7.46,0,0,4.81,0
2022,8,22,21,0,0.0,0.0,0.0,0,7.27,0,0,5.08,0
2022,8,22,22,0,0.0,0.0,0.0,0,7.19,0,0,5.08,0
2022,8,22,23,0,0.0,0.0,0.0,0,7.11,0,0,4.93,0
2022,8,23,0,0,0.0,0.0,0.0,0,6.92,0,0,4.87,0
2022,8,23,1,0,0.0,0.0,0.0,0,6.73,0,0,5.02,0
2022,8,23,2,0,0.0,0.0,0.0,0,6.59,0,0,5.34,0
2022,8,23,3,0,0.0,0.0,0.0,0,6.6,0,0,5.54,0
2022,8,23,4,0,0.0,0.0,0.0,0,6.49,0,0,5.16,0
2022,8,23,5,0,0.0,0.0,0.0,0,6.44,0,0,5.49,0
2022,8,23,6,0,2.22,4.98,3.8,0,6.49,0,0,5.47,0
2022,8,23,7,0,37.84,44.96,54.03,0,7.69,0,0,4.61,0
2022,8,23,8,0,57.24,117.36,136.32,0,9.3,0,0,4.3,0
2022,8,23,9,0,100.28,185.02,240.8,0,10.36,0,0,4.97,0
2022,8,23,10,0,193.15,167.03,326.8,0,10.34,0,0,5.07,0
2022,8,23,11,0,167.55,184.3,286.15,0,9.16,0,0,5.1,0
2022,8,23,12,0,48.77,163.7,223.8,0,7.53,0,0,5.07,0
2022,8,23,13,0,69.1,148.97,208.9,0,5.92,0,0,5.19,0
2022,8,23,14,0,0.0,137.15,158.8,0,4.65,0,0,5.12,0
2022,8,23,15,0,0.26,137.44,152.45,0,3.95,0,0,4.73,0
2022,8,23,16,0,0.0,44.95,50.78,0,3.59,0,0,4.19,0
2022,8,23,17,0,0.0,7.7,7.38,0,3.24,0,0,3.82,0
2022,8,23,18,0,0.0,0.0,0.0,0,2.97,0,0,3.68,0
2022,8,23,19,0,0.0,0.0,0.0,0,2.79,0,0,3.48,0
2022,8,23,20,0,0.0,0.0,0.0,0,2.6,0,0,3.45,0
2022,8,23,21,0,0.0,0.0,0.0,0,2.37,0,0,3.46,0
2022,8,23,22,0,0.0,0.0,0.0,0,2.17,0,0,3.39,0
2022,8,23,23,0,0.0,0.0,0.0,0,1.93,0,0,3.68,0
2022,8,24,0,0,0.0,0.0,0.0,0,1.55,0,0,3.78,0
2022,8,24,1,0,0.0,0.0,0.0,0,0.93,0,0,3.63,0
2022,8,24,2,0,0.0,0.0,0.0,0,0.58,0,0,3.48,0
2022,8,24,3,0,0.0,0.0,0.0,0,0.25,0,0,3.3,0
2022,8,24,4,0,0.0,0.0,0.0,0,0.02,0,0,3.12,0
2022,8,24,5,0,0.0,0.0,0.0,0,-0.1,0,0,2.88,0
2022,8,24,6,0,120.74,6.07,9.18,0,-0.23,0,0,2.73,0
2022,8,24,7,0,620.5,36.5,155.73,0,0.26,0,0,3.14,0
2022,8,24,8,0,829.37,52.21,364.9,0,1.68,0,0,3.28,0
2022,8,24,9,0,913.75,58.88,547.85,0,3.94,0,0,3.71,0
2022,8,24,10,0,954.12,65.25,676.25,0,6.32,0,0,4.19,0
2022,8,24,11,0,814.69,136.23,721.4,0,7.95,0,0,4.46,0
2022,8,24,12,0,684.54,213.39,706.25,0,8.89,0,0,4.75,0
2022,8,24,13,0,816.64,98.16,584.2,0,9.21,0,0,4.98,0
2022,8,24,14,0,647.24,138.67,428.75,0,8.99,0,0,5.14,0
2022,8,24,15,0,579.22,114.92,285.1,0,8.31,0,0,5.17,0
2022,8,24,16,0,192.45,63.99,130.68,0,7.06,0,0,4.91,0
2022,8,24,17,0,58.16,13.08,11.43,0,4.86,0,0,4.09,0
2022,8,24,18,0,0.0,0.0,0.0,0,3.61,0,0,3.46,0
2022,8,24,19,0,0.0,0.0,0.0,0,3.19,0,0,3.49,0
2022,8,24,20,0,0.0,0.0,0.0,0,2.93,0,0,3.87,0
2022,8,24,21,0,0.0,0.0,0.0,0,2.84,0,0,4.22,0
2022,8,24,22,0,0.0,0.0,0.0,0,2.91,0,0,4.35,0
2022,8,24,23,0,0.0,0.0,0.0,0,3.11,0,0,4.25,0
2022,8,25,0,0,0.0,0.0,0.0,0,3.16,0,0,4.34,0
2022,8,25,1,0,0.0,0.0,0.0,0,3.14,0,0,4.42,0
2022,8,25,2,0,0.0,0.0,0.0,0,3.13,0,0,4.48,0
2022,8,25,3,0,0.0,0.0,0.0,0,3.18,0,0,4.32,0
2022,8,25,4,0,0.0,0.0,0.0,0,3.3,0,0,4.21,0
2022,8,25,5,0,0.0,0.0,0.0,0,3.44,0,0,4.07,0
2022,8,25,6,0,16.72,8.35,7.1,0,3.5,0,0,3.81,0
2022,8,25,7,0,127.78,61.85,81.85,0,3.7,0,0,3.45,0
2022,8,25,8,0,115.47,146.33,183.7,0,4.07,0,0,3.13,0
2022,8,25,9,0,51.26,239.56,289.27,0,4.82,0,0,3.53,0
2022,8,25,10,0,77.8,321.39,410.55,0,5.9,0,0,3.44,0
2022,8,25,11,0,378.1,230.18,411.27,0,7.29,0,0,3.28,0
2022,8,25,12,0,120.81,335.44,471.92,0,9.09,0,0,2.99,0
2022,8,25,13,0,113.46,237.32,360.15,0,10.32,0,0,2.81,0
2022,8,25,14,0,31.41,173.43,217.35,0,10.78,0,0,2.71,0
2022,8,25,15,0,110.93,112.55,158.45,0,10.6,0,0,2.73,0
2022,8,25,16,0,147.26,46.82,83.53,0,9.75,0,0,2.52,0
2022,8,25,17,0,87.44,8.95,11.23,0,7.98,0,0,2.68,0
2022,8,25,18,0,0.0,0.0,0.0,0,6.65,0,0,3.08,0
2022,8,25,19,0,0.0,0.0,0.0,0,5.85,0,0,3.04,0
2022,8,25,20,0,0.0,0.0,0.0,0,5.1,0,0,2.94,0
2022,8,25,21,0,0.0,0.0,0.0,0,4.47,0,0,2.9,0
2022,8,25,22,0,0.0,0.0,0.0,0,3.97,0,0,2.8,0
2022,8,25,23,0,0.0,0.0,0.0,0,3.53,0,0,2.78,0
2022,8,26,0,0,0.0,0.0,0.0,0,3.26,0,0,2.58,0
2022,8,26,1,0,0.0,0.0,0.0,0,3.04,0,0,2.58,0
2022,8,26,2,0,0.0,0.0,0.0,0,2.78,0,0,2.65,0
2022,8,26,3,0,0.0,0.0,0.0,0,2.61,0,0,2.54,0
2022,8,26,4,0,0.0,0.0,0.0,0,2.95,0,0,2.43,0
2022,8,26,5,0,0.0,0.0,0.0,0,3.37,0,0,2.16,0
2022,8,26,6,0,63.42,8.67,9.7,0,3.43,0,0,1.98,0
2022,8,26,7,0,486.17,45.43,151.43,0,4.15,0,0,1.98,0
2022,8,26,8,0,715.86,72.51,353.83,0,5.66,0,0,1.97,0
2022,8,26,9,0,795.48,90.98,530.53,0,7.99,0,0,2.31,0
2022,8,26,10,0,833.7,97.05,653.3,0,10.78,0,0,2.22,0
2022,8,26,11,0,501.62,288.2,652.72,0,12.78,0,0,1.91,0
2022,8,26,12,0,464.4,262.91,566.42,0,13.78,0,0,1.66,0
2022,8,26,13,0,417.66,284.22,526.15,0,14.25,0,0,1.56,0
2022,8,26,14,0,281.34,224.22,382.9,0,14.32,0,0,1.57,0
2022,8,26,15,0,473.52,101.86,227.32,0,13.98,0,0,1.68,0
2022,8,26,16,0,251.07,51.87,109.07,0,12.95,0,0,1.52,0
2022,8,26,17,0,76.49,11.65,12.75,0,10.8,0,0,2.02,0
2022,8,26,18,0,0.0,0.0,0.0,0,8.82,0,0,2.94,0
2022,8,26,19,0,0.0,0.0,0.0,0,7.53,0,0,3.0,0
2022,8,26,20,0,0.0,0.0,0.0,0,6.19,0,0,3.2,0
2022,8,26,21,0,0.0,0.0,0.0,0,5.72,0,0,3.13,0
2022,8,26,22,0,0.0,0.0,0.0,0,5.61,0,0,2.62,0
2022,8,26,23,0,0.0,0.0,0.0,0,5.5,0,0,2.48,0
2022,8,27,0,0,0.0,0.0,0.0,0,5.38,0,0,2.45,0
2022,8,27,1,0,0.0,0.0,0.0,0,5.18,0,0,2.23,0
2022,8,27,2,0,0.0,0.0,0.0,0,5.0,0,0,2.35,0
2022,8,27,3,0,0.0,0.0,0.0,0,4.9,0,0,2.37,0
2022,8,27,4,0,0.0,0.0,0.0,0,4.92,0,0,2.48,0
2022,8,27,5,0,0.0,0.0,0.0,0,5.07,0,0,2.68,0
2022,8,27,6,0,48.28,9.84,10.12,0,5.2,0,0,2.67,0
2022,8,27,7,0,347.99,72.2,139.27,0,5.92,0,0,3.13,0
2022,8,27,8,0,504.33,137.91,317.35,0,7.41,0,0,3.68,0
2022,8,27,9,0,591.83,157.29,478.25,0,9.78,0,0,3.63,0
2022,8,27,10,0,732.68,167.97,623.6,0,11.98,0,0,3.26,0
2022,8,27,11,0,618.66,177.11,680.08,0,13.54,0,0,2.72,0
2022,8,27,12,0,617.46,191.45,642.2,0,14.42,0,0,2.26,0
2022,8,27,13,0,448.37,284.71,585.8,0,14.73,0,0,2.17,0
2022,8,27,14,0,715.42,90.94,436.88,0,14.69,0,0,2.31,0
2022,8,27,15,0,482.49,111.71,312.25,0,14.19,0,0,2.58,0
2022,8,27,16,0,376.41,84.61,145.88,0,13.06,0,0,2.59,0
2022,8,27,17,0,76.75,16.64,16.38,0,10.72,0,0,2.96,0
2022,8,27,18,0,0.0,0.0,0.0,0,9.01,0,0,3.55,0
2022,8,27,19,0,0.0,0.0,0.0,0,8.24,0,0,3.86,0
2022,8,27,20,0,0.0,0.0,0.0,0,7.92,0,0,3.66,0
2022,8,27,21,0,0.0,0.0,0.0,0,7.78,0,0,3.36,0
2022,8,27,22,0,0.0,0.0,0.0,0,7.57,0,0,2.83,0
2022,8,27,23,0,0.0,0.0,0.0,0,7.26,0,0,2.7,0
2022,8,28,0,0,0.0,0.0,0.0,0,7.25,0,0,2.83,0
2022,8,28,1,0,0.0,0.0,0.0,0,7.2,0,0,2.79,0
2022,8,28,2,0,0.0,0.0,0.0,0,7.1,0,0,2.67,0
2022,8,28,3,0,0.0,0.0,0.0,0,6.99,0,0,2.75,0
2022,8,28,4,0,0.0,0.0,0.0,0,6.87,0,0,2.87,0
2022,8,28,5,0,0.0,0.0,0.0,0,6.83,0,0,3.11,0
2022,8,28,6,0,51.38,10.45,10.0,0,6.7,0,0,2.91,0
2022,8,28,7,0,314.36,55.39,133.55,0,7.3,0,0,2.54,0
2022,8,28,8,0,569.82,86.27,312.85,0,8.72,0,0,2.73,0
2022,8,28,9,0,591.55,138.94,472.83,0,11.39,0,0,3.01,0
2022,8,28,10,0,547.54,200.54,548.67,0,14.04,0,0,3.36,0
2022,8,28,11,0,353.52,275.79,532.72,0,15.25,0,0,3.35,0
2022,8,28,12,0,263.81,285.47,464.58,0,15.73,0,0,3.33,0
2022,8,28,13,0,244.88,283.22,423.67,0,15.9,0,0,3.26,0
2022,8,28,14,0,431.57,125.36,309.77,0,15.87,0,0,3.31,0
2022,8,28,15,0,557.52,85.65,215.07,0,15.31,0,0,3.35,0
2022,8,28,16,0,308.88,62.33,105.62,0,14.32,0,0,2.95,0
2022,8,28,17,0,59.67,14.86,13.05,0,12.57,0,0,3.26,0
2022,8,28,18,0,0.0,0.0,0.0,0,11.23,0,0,3.72,0
2022,8,28,19,0,0.0,0.0,0.0,0,10.49,0,0,3.89,0
2022,8,28,20,0,0.0,0.0,0.0,0,10.0,0,0,3.86,0
2022,8,28,21,0,0.0,0.0,0.0,0,9.51,0,0,3.96,0
2022,8,28,22,0,0.0,0.0,0.0,0,8.99,0,0,3.91,0
2022,8,28,23,0,0.0,0.0,0.0,0,8.52,0,0,3.85,0
2022,8,29,0,0,0.0,0.0,0.0,0,8.4,0,0,3.53,0
2022,8,29,1,0,0.0,0.0,0.0,0,8.28,0,0,3.22,0
2022,8,29,2,0,0.0,0.0,0.0,0,8.33,0,0,2.85,0
2022,8,29,3,0,0.0,0.0,0.0,0,8.32,0,0,2.83,0
2022,8,29,4,0,0.0,0.0,0.0,0,8.28,0,0,3.52,0
2022,8,29,5,0,0.0,0.0,0.0,0,8.27,0,0,4.04,0
2022,8,29,6,0,13.49,10.51,9.2,0,8.17,0,0,3.45,0
2022,8,29,7,0,78.75,56.95,77.07,0,8.79,0,0,3.17,0
2022,8,29,8,0,55.43,119.33,156.15,0,9.5,0,0,2.76,0
2022,8,29,9,0,12.38,187.23,213.93,0,10.2,0,0,2.99,0
2022,8,29,10,0,35.02,125.81,164.52,0,11.01,0,0,2.3,0
2022,8,29,11,0,0.0,168.63,201.5,0,11.42,0,0,2.23,0
2022,8,29,12,0,0.0,52.58,62.83,0,11.59,0,0,3.93,0
2022,8,29,13,0,0.0,113.19,138.5,0,11.53,0,0,4.85,0
2022,8,29,14,0,0.0,100.3,112.5,0,11.3,0,0,4.81,0
2022,8,29,15,0,0.0,50.65,57.1,0,11.15,0,0,4.89,0
2022,8,29,16,0,0.0,30.42,32.42,0,11.06,0,0,5.36,0
2022,8,29,17,0,0.0,6.4,6.35,0,10.93,0,0,5.56,0
2022,8,29,18,0,0.0,0.0,0.0,0,10.75,0,0,5.07,0
2022,8,29,19,0,0.0,0.0,0.0,0,10.39,0,0,4.86,0
2022,8,29,20,0,0.0,0.0,0.0,0,10.11,0,0,4.59,0
2022,8,29,21,0,0.0,0.0,0.0,0,9.88,0,0,4.46,0
2022,8,29,22,0,0.0,0.0,0.0,0,9.66,0,0,4.76,0
2022,8,29,23,0,0.0,0.0,0.0,0,9.29,0,0,5.14,0
2022,8,30,0,0,0.0,0.0,0.0,0,9.28,0,0,5.25,0
2022,8,30,1,0,0.0,0.0,0.0,0,9.34,0,0,5.35,0
2022,8,30,2,0,0.0,0.0,0.0,0,9.24,0,0,5.69,0
2022,8,30,3,0,0.0,0.0,0.0,0,9.08,0,0,6.23,0
2022,8,30,4,0,0.0,0.0,0.0,0,9.08,0,0,6.24,0
2022,8,30,5,0,0.0,0.0,0.0,0,9.21,0,0,6.06,0
2022,8,30,6,0,30.21,8.11,6.95,0,9.4,0,0,5.84,0
2022,8,30,7,0,333.36,33.66,73.57,0,10.24,0,0,5.4,0
2022,8,30,8,0,599.87,53.49,153.07,0,10.95,0,0,4.9,0
2022,8,30,9,0,3.86,88.43,100.82,0,11.58,0,0,4.76,0
2022,8,30,10,0,43.5,149.82,196.43,0,12.08,0,0,5.11,0
2022,8,30,11,0,263.64,231.08,398.0,0,12.32,0,0,5.65,0
2022,8,30,12,0,644.86,170.1,611.58,0,12.82,0,0,5.9,0
2022,8,30,13,0,809.84,89.98,644.25,0,13.75,0,0,6.01,0
2022,8,30,14,0,794.91,90.58,554.3,0,14.13,0,0,5.93,0
2022,8,30,15,0,613.63,110.02,384.65,0,13.74,0,0,5.64,0
2022,8,30,16,0,519.8,65.65,185.62,0,12.48,0,0,5.12,0
2022,8,30,17,0,105.08,16.19,21.12,0,9.9,0,0,4.55,0
2022,8,30,18,0,0.0,0.0,0.0,0,8.07,0,0,3.77,0
2022,8,30,19,0,0.0,0.0,0.0,0,6.95,0,0,3.58,0
2022,8,30,20,0,0.0,0.0,0.0,0,6.3,0,0,3.57,0
2022,8,30,21,0,0.0,0.0,0.0,0,6.11,0,0,3.4,0
2022,8,30,22,0,0.0,0.0,0.0,0,5.96,0,0,3.17,0
2022,8,30,23,0,0.0,0.0,0.0,0,5.83,0,0,3.06,0
2022,8,31,0,0,0.0,0.0,0.0,0,5.91,0,0,3.15,0
2022,8,31,1,0,0.0,0.0,0.0,0,6.16,0,0,2.93,0
2022,8,31,2,0,0.0,0.0,0.0,0,6.28,0,0,2.67,0
2022,8,31,3,0,0.0,0.0,0.0,0,6.16,0,0,2.7,0
2022,8,31,4,0,0.0,0.0,0.0,0,5.86,0,0,2.5,0
2022,8,31,5,0,0.0,0.0,0.0,0,5.57,0,0,2.33,0
2022,8,31,6,0,103.08,11.76,14.4,0,5.27,0,0,2.26,0
2022,8,31,7,0,497.35,50.45,161.43,0,6.51,0,0,2.28,0
2022,8,31,8,0,804.48,59.63,355.7,0,8.64,0,0,2.31,0
2022,8,31,9,0,782.83,79.72,529.83,0,11.51,0,0,2.69,0
2022,8,31,10,0,863.56,96.18,694.12,0,13.75,0,0,2.74,0
2022,8,31,11,0,785.77,167.06,737.67,0,15.03,0,0,2.4,0
2022,8,31,12,0,742.62,201.11,738.1,0,15.79,0,0,2.12,0
2022,8,31,13,0,767.4,146.18,673.4,0,16.15,0,0,1.99,0
2022,8,31,14,0,605.87,151.27,525.85,0,16.15,0,0,1.96,0
2022,8,31,15,0,553.26,122.77,368.12,0,15.71,0,0,2.02,0
2022,8,31,16,0,374.93,81.2,175.5,0,14.63,0,0,1.93,0
2022,8,31,17,0,63.77,14.6,19.88,0,11.99,0,0,2.28,0
2022,8,31,18,0,0.0,0.0,0.0,0,9.78,0,0,3.1,0
2022,8,31,19,0,0.0,0.0,0.0,0,8.39,0,0,3.67,0
2022,8,31,20,0,0.0,0.0,0.0,0,7.6,0,0,4.0,0
2022,8,31,21,0,0.0,0.0,0.0,0,7.45,0,0,4.01,0
2022,8,31,22,0,0.0,0.0,0.0,0,7.66,0,0,3.52,0
2022,8,31,23,0,0.0,0.0,0.0,0,7.84,0,0,3.27,0
2022,9,1,0,0,0.0,0.0,0.0,0,8.16,0,0,3.4,0
2022,9,1,1,0,0.0,0.0,0.0,0,8.12,0,0,3.28,0
2022,9,1,2,0,0.0,0.0,0.0,0,7.82,0,0,3.02,0
2022,9,1,3,0,0.0,0.0,0.0,0,7.52,0,0,2.99,0
2022,9,1,4,0,0.0,0.0,0.0,0,7.19,0,0,2.99,0
2022,9,1,5,0,0.0,0.0,0.0,0,6.86,0,0,2.95,0
2022,9,1,6,0,52.08,14.75,14.85,0,6.67,0,0,2.89,0
2022,9,1,7,0,264.85,92.21,158.38,0,7.53,0,0,2.88,0
2022,9,1,8,0,289.84,194.58,342.62,0,9.13,0,0,2.53,0
2022,9,1,9,0,434.42,258.01,468.95,0,11.45,0,0,2.29,0
2022,9,1,10,0,393.19,307.91,559.65,0,13.33,0,0,2.41,0
2022,9,1,11,0,534.78,301.92,597.62,0,14.38,0,0,2.95,0
2022,9,1,12,0,513.02,220.76,616.65,0,14.72,0,0,3.39,0
2022,9,1,13,0,534.4,257.44,625.4,0,14.72,0,0,3.48,0
2022,9,1,14,0,361.67,228.98,457.77,0,14.47,0,0,3.56,0
2022,9,1,15,0,482.25,117.56,281.38,0,14.08,0,0,2.94,0
2022,9,1,16,0,263.04,95.89,143.15,0,13.37,0,0,2.1,0
2022,9,1,17,0,60.67,18.98,18.62,0,12.1,0,0,2.04,0
2022,9,1,18,0,0.0,0.0,0.0,0,11.21,0,0,2.26,0
2022,9,1,19,0,0.0,0.0,0.0,0,10.58,0,0,2.61,0
2022,9,1,20,0,0.0,0.0,0.0,0,10.1,0,0,2.85,0
2022,9,1,21,0,0.0,0.0,0.0,0,9.57,0,0,2.9,0
2022,9,1,22,0,0.0,0.0,0.0,0,9.1,0,0,2.85,0
2022,9,1,23,0,0.0,0.0,0.0,0,8.55,0,0,2.87,0
2022,9,2,0,0,0.0,0.0,0.0,0,8.02,0,0,3.33,0
2022,9,2,1,0,0.0,0.0,0.0,0,8.12,0,0,2.67,0
2022,9,2,2,0,0.0,0.0,0.0,0,7.92,0,0,2.41,0
2022,9,2,3,0,0.0,0.0,0.0,0,7.63,0,0,2.5,0
2022,9,2,4,0,0.0,0.0,0.0,0,7.39,0,0,2.35,0
2022,9,2,5,0,0.0,0.0,0.0,0,7.11,0,0,2.21,0
2022,9,2,6,0,3.41,10.08,9.65,0,6.74,0,0,2.11,0
2022,9,2,7,0,25.61,75.37,81.45,0,7.53,0,0,2.02,0
2022,9,2,8,0,0.0,174.11,196.27,0,9.07,0,0,2.2,0
2022,9,2,9,0,0.38,245.43,293.8,0,10.23,0,0,1.63,0
2022,9,2,10,0,23.66,328.53,402.52,0,10.81,0,0,1.27,0
2022,9,2,11,0,2.04,329.75,408.3,0,12.12,0,0,1.15,0
2022,9,2,12,0,103.73,350.51,509.42,0,13.32,0,0,1.48,0
2022,9,2,13,0,22.49,375.62,459.52,0,12.75,0,0,1.45,0
2022,9,2,14,0,104.73,322.04,397.98,0,12.34,0,0,1.8,0
2022,9,2,15,0,86.13,208.43,258.55,0,12.13,0,0,2.17,0
2022,9,2,16,0,33.66,106.53,127.38,0,11.49,0,0,2.28,0
2022,9,2,17,0,0.0,13.83,13.73,0,10.19,0,0,2.6,0
2022,9,2,18,0,0.0,0.0,0.0,0,9.28,0,0,3.13,0
2022,9,2,19,0,0.0,0.0,0.0,0,8.7,0,0,3.69,0
2022,9,2,20,0,0.0,0.0,0.0,0,8.26,0,0,3.9,0
2022,9,2,21,0,0.0,0.0,0.0,0,7.86,0,0,3.65,0
2022,9,2,22,0,0.0,0.0,0.0,0,7.42,0,0,4.06,0
2022,9,2,23,0,0.0,0.0,0.0,0,7.01,0,0,4.35,0
2022,9,3,0,0,0.0,0.0,0.0,0,6.63,0,0,4.42,0
2022,9,3,1,0,0.0,0.0,0.0,0,6.26,0,0,4.35,0
2022,9,3,2,0,0.0,0.0,0.0,0,5.81,0,0,4.12,0
2022,9,3,3,0,0.0,0.0,0.0,0,5.33,0,0,4.0,0
2022,9,3,4,0,0.0,0.0,0.0,0,4.86,0,0,4.03,0
2022,9,3,5,0,0.0,0.0,0.0,0,4.37,0,0,4.03,0
2022,9,3,6,0,20.9,14.53,12.48,0,4.0,0,0,4.13,0
2022,9,3,7,0,56.68,76.83,100.12,0,4.15,0,0,4.39,0
2022,9,3,8,0,63.03,173.5,207.45,0,5.01,0,0,4.92,0
2022,9,3,9,0,135.62,227.98,319.17,0,6.3,0,0,5.34,0
2022,9,3,10,0,184.32,242.24,383.42,0,7.45,0,0,5.45,0
2022,9,3,11,0,45.38,344.92,430.67,0,8.22,0,0,5.41,0
2022,9,3,12,0,82.94,254.59,372.3,0,8.67,0,0,5.4,0
2022,9,3,13,0,138.8,262.87,374.9,0,8.93,0,0,5.31,0
2022,9,3,14,0,114.42,232.7,296.15,0,9.06,0,0,5.25,0
2022,9,3,15,0,119.37,135.16,189.15,0,8.83,0,0,5.07,0
2022,9,3,16,0,150.49,74.58,98.6,0,8.18,0,0,4.47,0
2022,9,3,17,0,60.68,16.83,16.92,0,7.03,0,0,4.18,0
2022,9,3,18,0,0.0,0.0,0.0,0,5.95,0,0,4.37,0
2022,9,3,19,0,0.0,0.0,0.0,0,5.33,0,0,4.64,0
2022,9,3,20,0,0.0,0.0,0.0,0,4.92,0,0,4.72,0
2022,9,3,21,0,0.0,0.0,0.0,0,4.57,0,0,4.76,0
2022,9,3,22,0,0.0,0.0,0.0,0,4.26,0,0,4.78,0
2022,9,3,23,0,0.0,0.0,0.0,0,3.94,0,0,4.74,0
2022,9,4,0,0,0.0,0.0,0.0,0,3.79,0,0,4.63,0
2022,9,4,1,0,0.0,0.0,0.0,0,3.8,0,0,4.5,0
2022,9,4,2,0,0.0,0.0,0.0,0,3.98,0,0,4.35,0
2022,9,4,3,0,0.0,0.0,0.0,0,4.27,0,0,4.36,0
2022,9,4,4,0,0.0,0.0,0.0,0,4.57,0,0,4.58,0
2022,9,4,5,0,0.0,0.0,0.0,0,4.8,0,0,4.72,0
2022,9,4,6,0,129.17,15.6,20.62,0,5.13,0,0,4.76,0
2022,9,4,7,0,402.94,60.8,144.9,0,6.11,0,0,4.84,0
2022,9,4,8,0,513.52,104.17,270.35,0,7.05,0,0,5.26,0
2022,9,4,9,0,257.7,232.47,440.52,0,8.28,0,0,5.4,0
2022,9,4,10,0,321.63,279.86,548.33,0,9.92,0,0,5.25,0
2022,9,4,11,0,262.43,373.43,577.88,0,11.39,0,0,4.97,0
2022,9,4,12,0,218.9,379.23,547.78,0,12.43,0,0,4.49,0
2022,9,4,13,0,668.67,143.2,419.45,0,12.87,0,0,4.09,0
2022,9,4,14,0,292.62,253.87,407.6,0,12.84,0,0,3.81,0
2022,9,4,15,0,338.68,101.11,248.48,0,12.39,0,0,3.63,0
2022,9,4,16,0,246.01,69.61,135.65,0,11.44,0,0,3.33,0
2022,9,4,17,0,120.88,14.03,21.33,0,9.64,0,0,2.91,0
2022,9,4,18,0,0.0,0.0,0.0,0,7.78,0,0,3.23,0
2022,9,4,19,0,0.0,0.0,0.0,0,7.14,0,0,3.13,0
2022,9,4,20,0,0.0,0.0,0.0,0,6.66,0,0,2.81,0
2022,9,4,21,0,0.0,0.0,0.0,0,6.1,0,0,2.52,0
2022,9,4,22,0,0.0,0.0,0.0,0,5.31,0,0,2.25,0
2022,9,4,23,0,0.0,0.0,0.0,0,4.45,0,0,2.17,0
2022,9,5,0,0,0.0,0.0,0.0,0,3.88,0,0,2.19,0
2022,9,5,1,0,0.0,0.0,0.0,0,3.93,0,0,1.9,0
2022,9,5,2,0,0.0,0.0,0.0,0,3.68,0,0,1.5,0
2022,9,5,3,0,0.0,0.0,0.0,0,3.28,0,0,1.44,0
2022,9,5,4,0,0.0,0.0,0.0,0,2.96,0,0,1.39,0
2022,9,5,5,0,0.0,0.0,0.0,0,2.62,0,0,1.21,0
2022,9,5,6,0,198.97,12.64,25.73,0,2.39,0,0,1.26,0
2022,9,5,7,0,548.58,52.79,190.6,0,3.52,0,0,1.19,0
2022,9,5,8,0,710.17,72.0,368.23,0,6.33,0,0,1.18,0
2022,9,5,9,0,706.14,106.24,524.45,0,9.69,0,0,1.86,0
2022,9,5,10,0,631.57,150.61,580.97,0,11.85,0,0,1.84,0
2022,9,5,11,0,477.29,304.84,661.53,0,13.11,0,0,2.05,0
2022,9,5,12,0,438.49,320.93,685.92,0,13.89,0,0,2.48,0
2022,9,5,13,0,698.47,175.94,596.22,0,14.21,0,0,2.9,0
2022,9,5,14,0,531.29,185.93,528.65,0,14.09,0,0,3.11,0
2022,9,5,15,0,404.38,174.5,336.92,0,13.55,0,0,3.1,0
2022,9,5,16,0,227.36,114.01,166.07,0,12.54,0,0,2.8,0
2022,9,5,17,0,28.63,24.16,21.5,0,10.35,0,0,2.42,0
2022,9,5,18,0,0.0,0.0,0.0,0,8.16,0,0,2.9,0
2022,9,5,19,0,0.0,0.0,0.0,0,7.37,0,0,3.39,0
2022,9,5,20,0,0.0,0.0,0.0,0,7.05,0,0,3.52,0
2022,9,5,21,0,0.0,0.0,0.0,0,6.76,0,0,3.47,0
2022,9,5,22,0,0.0,0.0,0.0,0,6.56,0,0,3.82,0
2022,9,5,23,0,0.0,0.0,0.0,0,6.3,0,0,3.83,0
2022,9,6,0,0,0.0,0.0,0.0,0,6.0,0,0,3.62,0
2022,9,6,1,0,0.0,0.0,0.0,0,5.6,0,0,3.29,0
2022,9,6,2,0,0.0,0.0,0.0,0,5.18,0,0,3.05,0
2022,9,6,3,0,0.0,0.0,0.0,0,4.86,0,0,2.81,0
2022,9,6,4,0,0.0,0.0,0.0,0,4.62,0,0,2.93,0
2022,9,6,5,0,0.0,0.0,0.0,0,4.33,0,0,3.05,0
2022,9,6,6,0,173.47,16.95,24.77,0,4.28,0,0,2.95,0
2022,9,6,7,0,450.65,79.35,192.55,0,5.46,0,0,3.19,0
2022,9,6,8,0,530.43,139.28,385.88,0,7.48,0,0,3.58,0
2022,9,6,9,0,777.51,134.4,572.1,0,9.76,0,0,3.26,0
2022,9,6,10,0,654.17,184.17,678.12,0,11.61,0,0,2.63,0
2022,9,6,11,0,424.81,285.68,646.45,0,12.73,0,0,2.06,0
2022,9,6,12,0,145.89,415.53,548.78,0,13.43,0,0,1.82,0
2022,9,6,13,0,227.65,341.58,501.83,0,13.8,0,0,1.78,0
2022,9,6,14,0,286.38,221.74,402.42,0,13.62,0,0,1.78,0
2022,9,6,15,0,257.13,158.74,266.73,0,12.89,0,0,1.9,0
2022,9,6,16,0,158.77,88.03,133.95,0,11.93,0,0,2.14,0
2022,9,6,17,0,60.41,21.61,20.6,0,10.59,0,0,2.55,0
2022,9,6,18,0,0.0,0.0,0.0,0,9.46,0,0,3.17,0
2022,9,6,19,0,0.0,0.0,0.0,0,8.93,0,0,3.39,0
2022,9,6,20,0,0.0,0.0,0.0,0,8.49,0,0,3.46,0
2022,9,6,21,0,0.0,0.0,0.0,0,7.93,0,0,3.24,0
2022,9,6,22,0,0.0,0.0,0.0,0,7.36,0,0,3.17,0
2022,9,6,23,0,0.0,0.0,0.0,0,6.85,0,0,3.39,0
2022,9,7,0,0,0.0,0.0,0.0,0,6.62,0,0,3.65,0
2022,9,7,1,0,0.0,0.0,0.0,0,6.38,0,0,3.6,0
2022,9,7,2,0,0.0,0.0,0.0,0,6.17,0,0,3.43,0
2022,9,7,3,0,0.0,0.0,0.0,0,6.09,0,0,3.37,0
2022,9,7,4,0,0.0,0.0,0.0,0,6.1,0,0,3.33,0
2022,9,7,5,0,0.0,0.0,0.0,0,6.04,0,0,3.32,0
2022,9,7,6,0,82.01,20.77,23.6,0,6.07,0,0,3.28,0
2022,9,7,7,0,416.49,71.88,179.02,0,6.97,0,0,3.53,0
2022,9,7,8,0,491.63,130.9,353.33,0,8.57,0,0,3.86,0
2022,9,7,9,0,582.56,184.75,536.9,0,10.37,0,0,3.8,0
2022,9,7,10,0,546.15,255.16,674.55,0,11.9,0,0,3.57,0
2022,9,7,11,0,330.17,346.43,605.72,0,13.25,0,0,3.42,0
2022,9,7,12,0,162.06,300.72,439.62,0,13.86,0,0,3.25,0
2022,9,7,13,0,73.63,281.26,356.88,0,14.31,0,0,3.28,0
2022,9,7,14,0,59.83,154.98,202.2,0,14.26,0,0,3.49,0
2022,9,7,15,0,54.34,112.75,143.65,0,13.59,0,0,3.72,0
2022,9,7,16,0,17.98,61.25,72.18,0,12.56,0,0,3.47,0
2022,9,7,17,0,2.04,11.15,10.85,0,11.16,0,0,3.32,0
2022,9,7,18,0,0.0,0.0,0.0,0,10.03,0,0,3.69,0
2022,9,7,19,0,0.0,0.0,0.0,0,9.29,0,0,3.92,0
2022,9,7,20,0,0.0,0.0,0.0,0,8.77,0,0,3.81,0
2022,9,7,21,0,0.0,0.0,0.0,0,8.32,0,0,3.86,0
2022,9,7,22,0,0.0,0.0,0.0,0,7.88,0,0,3.95,0
2022,9,7,23,0,0.0,0.0,0.0,0,7.54,0,0,3.99,0
2022,9,8,0,0,0.0,0.0,0.0,0,7.36,0,0,3.97,0
2022,9,8,1,0,0.0,0.0,0.0,0,7.3,0,0,4.13,0
2022,9,8,2,0,0.0,0.0,0.0,0,7.16,0,0,4.2,0
2022,9,8,3,0,0.0,0.0,0.0,0,6.98,0,0,4.2,0
2022,9,8,4,0,0.0,0.0,0.0,0,6.96,0,0,4.22,0
2022,9,8,5,0,0.0,0.0,0.0,0,7.09,0,0,4.47,0
2022,9,8,6,0,0.0,16.34,15.85,0,7.48,0,0,4.69,0
2022,9,8,7,0,22.77,97.08,120.15,0,8.48,0,0,4.84,0
2022,9,8,8,0,29.17,202.19,234.8,0,9.9,0,0,5.1,0
2022,9,8,9,0,26.19,296.09,353.8,0,11.96,0,0,6.21,0
2022,9,8,10,0,52.64,351.0,464.65,0,13.96,0,0,7.09,0
2022,9,8,11,0,46.05,369.84,452.17,0,14.41,0,0,7.39,0
2022,9,8,12,0,43.06,406.35,495.75,0,13.63,0,0,7.03,0
2022,9,8,13,0,19.14,324.52,404.33,0,12.73,0,0,6.24,0
2022,9,8,14,0,0.97,231.65,273.77,0,12.31,0,0,5.58,0
2022,9,8,15,0,1.03,162.22,186.73,0,12.13,0,0,5.11,0
2022,9,8,16,0,24.55,75.7,94.0,0,11.61,0,0,5.0,0
2022,9,8,17,0,0.0,12.94,12.52,0,10.86,0,0,5.16,0
2022,9,8,18,0,0.0,0.0,0.0,0,10.34,0,0,5.4,0
2022,9,8,19,0,0.0,0.0,0.0,0,10.06,0,0,5.62,0
2022,9,8,20,0,0.0,0.0,0.0,0,9.82,0,0,5.69,0
2022,9,8,21,0,0.0,0.0,0.0,0,9.69,0,0,5.51,0
2022,9,8,22,0,0.0,0.0,0.0,0,9.6,0,0,5.12,0
2022,9,8,23,0,0.0,0.0,0.0,0,9.5,0,0,4.37,0
2022,9,9,0,0,0.0,0.0,0.0,0,9.4,0,0,3.93,0
2022,9,9,1,0,0.0,0.0,0.0,0,9.4,0,0,3.64,0
2022,9,9,2,0,0.0,0.0,0.0,0,9.34,0,0,3.4,0
2022,9,9,3,0,0.0,0.0,0.0,0,9.23,0,0,3.06,0
2022,9,9,4,0,0.0,0.0,0.0,0,9.11,0,0,2.89,0
2022,9,9,5,0,0.0,0.0,0.0,0,8.98,0,0,2.73,0
2022,9,9,6,0,6.79,17.06,15.12,0,8.94,0,0,2.9,0
2022,9,9,7,0,59.24,91.36,116.93,0,9.32,0,0,2.71,0
2022,9,9,8,0,79.03,181.63,232.48,0,9.73,0,0,2.45,0
2022,9,9,9,0,134.55,247.24,352.38,0,10.42,0,0,3.39,0
2022,9,9,10,0,197.42,267.58,465.55,0,11.54,0,0,4.65,0
2022,9,9,11,0,218.44,299.74,495.48,0,12.82,0,0,5.08,0
2022,9,9,12,0,337.9,304.42,554.03,0,13.67,0,0,5.52,0
2022,9,9,13,0,535.26,171.02,562.15,0,14.0,0,0,5.81,0
2022,9,9,14,0,317.36,209.6,444.62,0,13.86,0,0,5.83,0
2022,9,9,15,0,282.14,165.19,280.83,0,13.17,0,0,5.43,0
2022,9,9,16,0,79.56,112.54,125.57,0,11.9,0,0,4.1,0
2022,9,9,17,0,12.45,20.15,17.67,0,10.45,0,0,3.4,0
2022,9,9,18,0,0.0,0.0,0.0,0,9.41,0,0,3.31,0
2022,9,9,19,0,0.0,0.0,0.0,0,8.95,0,0,3.29,0
2022,9,9,20,0,0.0,0.0,0.0,0,8.76,0,0,3.24,0
2022,9,9,21,0,0.0,0.0,0.0,0,8.63,0,0,3.57,0
2022,9,9,22,0,0.0,0.0,0.0,0,8.55,0,0,3.93,0
2022,9,9,23,0,0.0,0.0,0.0,0,8.5,0,0,4.18,0
2022,9,10,0,0,0.0,0.0,0.0,0,8.24,0,0,4.42,0
2022,9,10,1,0,0.0,0.0,0.0,0,8.05,0,0,4.57,0
2022,9,10,2,0,0.0,0.0,0.0,0,7.96,0,0,4.45,0
2022,9,10,3,0,0.0,0.0,0.0,0,8.12,0,0,4.43,0
2022,9,10,4,0,0.0,0.0,0.0,0,8.25,0,0,4.52,0
2022,9,10,5,0,0.0,0.0,0.0,0,8.25,0,0,4.44,0
2022,9,10,6,0,11.27,14.7,14.98,0,8.12,0,0,4.3,0
2022,9,10,7,0,107.25,83.93,103.95,0,8.46,0,0,4.42,0
2022,9,10,8,0,131.65,148.76,210.1,0,8.8,0,0,4.86,0
2022,9,10,9,0,151.67,215.38,307.3,0,9.4,0,0,5.36,0
2022,9,10,10,0,223.37,261.98,414.5,0,9.85,0,0,5.29,0
2022,9,10,11,0,216.64,314.25,466.9,0,10.09,0,0,5.28,0
2022,9,10,12,0,129.08,277.71,448.45,0,10.08,0,0,5.12,0
2022,9,10,13,0,289.8,216.27,463.12,0,10.12,0,0,5.25,0
2022,9,10,14,0,222.55,216.9,353.1,0,10.03,0,0,4.86,0
2022,9,10,15,0,256.11,110.29,229.18,0,10.15,0,0,4.88,0
2022,9,10,16,0,211.36,74.93,120.7,0,9.89,0,0,4.35,0
2022,9,10,17,0,55.17,17.67,20.33,0,9.04,0,0,4.25,0
2022,9,10,18,0,0.0,0.0,0.0,0,8.03,0,0,4.71,0
2022,9,10,19,0,0.0,0.0,0.0,0,7.91,0,0,4.89,0
2022,9,10,20,0,0.0,0.0,0.0,0,7.79,0,0,5.07,0
2022,9,10,21,0,0.0,0.0,0.0,0,7.47,0,0,5.16,0
2022,9,10,22,0,0.0,0.0,0.0,0,7.02,0,0,5.2,0
2022,9,10,23,0,0.0,0.0,0.0,0,6.45,0,0,5.13,0
2022,9,11,0,0,0.0,0.0,0.0,0,6.13,0,0,5.05,0
2022,9,11,1,0,0.0,0.0,0.0,0,5.68,0,0,5.0,0
2022,9,11,2,0,0.0,0.0,0.0,0,5.1,0,0,4.9,0
2022,9,11,3,0,0.0,0.0,0.0,0,4.58,0,0,4.85,0
2022,9,11,4,0,0.0,0.0,0.0,0,3.98,0,0,4.69,0
2022,9,11,5,0,0.0,0.0,0.0,0,3.4,0,0,4.2,0
2022,9,11,6,0,151.85,27.16,33.42,0,3.35,0,0,3.78,0
2022,9,11,7,0,517.45,82.44,203.82,0,4.63,0,0,3.66,0
2022,9,11,8,0,588.81,116.85,389.23,0,6.47,0,0,4.57,0
2022,9,11,9,0,554.55,223.35,586.65,0,8.47,0,0,4.7,0
2022,9,11,10,0,528.07,272.15,707.03,0,10.12,0,0,4.91,0
2022,9,11,11,0,642.9,249.56,777.35,0,11.31,0,0,5.11,0
2022,9,11,12,0,650.46,229.53,758.03,0,11.98,0,0,5.17,0
2022,9,11,13,0,800.79,150.76,744.08,0,12.31,0,0,5.03,0
2022,9,11,14,0,808.15,128.27,622.25,0,12.25,0,0,4.87,0
2022,9,11,15,0,790.76,87.11,435.52,0,11.76,0,0,4.71,0
2022,9,11,16,0,603.88,68.59,224.93,0,10.8,0,0,4.4,0
2022,9,11,17,0,222.79,21.13,35.17,0,8.83,0,0,3.79,0
2022,9,11,18,0,0.0,0.0,0.0,0,6.75,0,0,3.42,0
2022,9,11,19,0,0.0,0.0,0.0,0,5.59,0,0,3.21,0
2022,9,11,20,0,0.0,0.0,0.0,0,4.64,0,0,3.22,0
2022,9,11,21,0,0.0,0.0,0.0,0,3.84,0,0,3.17,0
2022,9,11,22,0,0.0,0.0,0.0,0,3.12,0,0,3.14,0
2022,9,11,23,0,0.0,0.0,0.0,0,2.44,0,0,3.18,0
2022,9,12,0,0,0.0,0.0,0.0,0,1.9,0,0,3.13,0
2022,9,12,1,0,0.0,0.0,0.0,0,1.53,0,0,3.11,0
2022,9,12,2,0,0.0,0.0,0.0,0,1.25,0,0,3.04,0
2022,9,12,3,0,0.0,0.0,0.0,0,1.03,0,0,2.98,0
2022,9,12,4,0,0.0,0.0,0.0,0,0.97,0,0,3.21,0
2022,9,12,5,0,0.0,0.0,0.0,0,0.58,0,0,3.38,0
2022,9,12,6,0,231.74,22.37,43.5,0,0.51,0,0,3.33,0
2022,9,12,7,0,534.78,71.37,234.82,0,2.61,0,0,3.74,0
2022,9,12,8,0,646.77,121.72,425.65,0,5.26,0,0,4.98,0
2022,9,12,9,0,821.08,119.27,585.38,0,7.36,0,0,5.2,0
2022,9,12,10,0,549.41,272.89,713.75,0,9.06,0,0,5.1,0
2022,9,12,11,0,728.42,207.53,748.08,0,10.33,0,0,4.96,0
2022,9,12,12,0,462.41,257.45,682.3,0,11.14,0,0,4.94,0
2022,9,12,13,0,371.8,219.61,505.45,0,11.58,0,0,4.89,0
2022,9,12,14,0,327.61,261.61,451.55,0,11.5,0,0,4.85,0
2022,9,12,15,0,285.0,151.96,295.05,0,11.07,0,0,4.79,0
2022,9,12,16,0,369.71,96.03,151.18,0,10.2,0,0,4.49,0
2022,9,12,17,0,41.11,20.53,24.02,0,8.59,0,0,3.56,0
2022,9,12,18,0,0.0,0.0,0.0,0,7.12,0,0,3.12,0
2022,9,12,19,0,0.0,0.0,0.0,0,6.42,0,0,2.98,0
2022,9,12,20,0,0.0,0.0,0.0,0,5.93,0,0,3.18,0
2022,9,12,21,0,0.0,0.0,0.0,0,5.56,0,0,3.19,0
2022,9,12,22,0,0.0,0.0,0.0,0,5.27,0,0,3.11,0
2022,9,12,23,0,0.0,0.0,0.0,0,5.19,0,0,3.05,0
2022,9,13,0,0,0.0,0.0,0.0,0,5.29,0,0,3.11,0
2022,9,13,1,0,0.0,0.0,0.0,0,5.27,0,0,2.87,0
2022,9,13,2,0,0.0,0.0,0.0,0,5.06,0,0,2.47,0
2022,9,13,3,0,0.0,0.0,0.0,0,4.69,0,0,2.12,0
2022,9,13,4,0,0.0,0.0,0.0,0,4.42,0,0,2.14,0
2022,9,13,5,0,0.0,0.0,0.0,0,4.19,0,0,2.11,0
2022,9,13,6,0,211.33,26.38,37.88,0,4.25,0,0,1.77,0
2022,9,13,7,0,445.42,98.33,183.68,0,5.2,0,0,1.7,0
2022,9,13,8,0,404.83,184.07,330.1,0,7.06,0,0,1.81,0
2022,9,13,9,0,436.55,269.52,462.2,0,9.12,0,0,1.35,0
2022,9,13,10,0,626.62,235.17,682.42,0,10.76,0,0,1.12,0
2022,9,13,11,0,699.63,244.7,785.3,0,12.06,0,0,1.26,0
2022,9,13,12,0,691.41,244.44,778.62,0,12.96,0,0,1.49,0
2022,9,13,13,0,726.84,168.54,726.38,0,13.41,0,0,1.67,0
2022,9,13,14,0,610.48,167.69,577.12,0,13.5,0,0,1.67,0
2022,9,13,15,0,668.25,95.42,388.88,0,13.15,0,0,1.53,0
2022,9,13,16,0,488.43,63.0,204.15,0,12.33,0,0,1.24,0
2022,9,13,17,0,163.22,22.29,33.97,0,10.28,0,0,0.89,0
2022,9,13,18,0,0.0,0.0,0.0,0,7.63,0,0,1.42,0
2022,9,13,19,0,0.0,0.0,0.0,0,6.46,0,0,2.17,0
2022,9,13,20,0,0.0,0.0,0.0,0,5.87,0,0,2.87,0
2022,9,13,21,0,0.0,0.0,0.0,0,5.13,0,0,3.79,0
2022,9,13,22,0,0.0,0.0,0.0,0,5.17,0,0,4.21,0
2022,9,13,23,0,0.0,0.0,0.0,0,5.35,0,0,3.62,0
2022,9,14,0,0,0.0,0.0,0.0,0,5.14,0,0,3.41,0
2022,9,14,1,0,0.0,0.0,0.0,0,4.97,0,0,3.07,0
2022,9,14,2,0,0.0,0.0,0.0,0,4.55,0,0,2.86,0
2022,9,14,3,0,0.0,0.0,0.0,0,4.17,0,0,2.98,0
2022,9,14,4,0,0.0,0.0,0.0,0,3.82,0,0,3.11,0
2022,9,14,5,0,0.0,0.0,0.0,0,3.56,0,0,3.16,0
2022,9,14,6,0,247.4,23.08,49.08,0,3.75,0,0,3.08,0
2022,9,14,7,0,645.63,68.18,250.77,0,5.12,0,0,3.13,0
2022,9,14,8,0,783.15,85.71,457.7,0,7.57,0,0,3.64,0
2022,9,14,9,0,855.53,102.52,636.12,0,10.04,0,0,3.78,0
2022,9,14,10,0,478.18,257.12,731.3,0,11.74,0,0,3.41,0
2022,9,14,11,0,526.59,273.53,736.28,0,13.06,0,0,3.13,0
2022,9,14,12,0,524.88,315.44,720.08,0,14.02,0,0,3.06,0
2022,9,14,13,0,398.06,308.68,687.22,0,14.46,0,0,3.06,0
2022,9,14,14,0,584.5,144.15,499.88,0,14.55,0,0,3.01,0
2022,9,14,15,0,430.36,168.93,359.35,0,14.27,0,0,2.91,0
2022,9,14,16,0,254.8,160.47,184.82,0,13.5,0,0,2.68,0
2022,9,14,17,0,53.28,33.35,28.8,0,11.67,0,0,2.84,0
2022,9,14,18,0,0.0,0.0,0.0,0,9.5,0,0,3.59,0
2022,9,14,19,0,0.0,0.0,0.0,0,8.5,0,0,3.91,0
2022,9,14,20,0,0.0,0.0,0.0,0,8.09,0,0,4.0,0
2022,9,14,21,0,0.0,0.0,0.0,0,7.66,0,0,3.6,0
2022,9,14,22,0,0.0,0.0,0.0,0,7.44,0,0,2.87,0
2022,9,14,23,0,0.0,0.0,0.0,0,7.21,0,0,2.64,0
2022,9,15,0,0,0.0,0.0,0.0,0,6.96,0,0,2.92,0
2022,9,15,1,0,0.0,0.0,0.0,0,6.74,0,0,3.03,0
2022,9,15,2,0,0.0,0.0,0.0,0,6.43,0,0,3.16,0
2022,9,15,3,0,0.0,0.0,0.0,0,6.13,0,0,2.67,0
2022,9,15,4,0,0.0,0.0,0.0,0,6.16,0,0,2.79,0
2022,9,15,5,0,0.0,0.0,0.0,0,6.18,0,0,2.61,0
2022,9,15,6,0,0.0,8.84,8.82,0,6.33,0,0,2.78,0
2022,9,15,7,0,0.0,27.59,32.12,0,7.62,0,0,3.26,0
2022,9,15,8,0,0.0,56.14,70.12,0,9.75,0,0,4.23,0
2022,9,15,9,0,12.83,77.42,92.1,0,11.75,0,0,4.89,0
2022,9,15,10,0,56.32,72.22,99.5,0,13.09,0,0,4.71,0
2022,9,15,11,0,51.7,58.32,84.22,0,13.54,0,0,4.81,0
2022,9,15,12,0,114.18,57.37,96.2,0,13.3,0,0,4.63,0
2022,9,15,13,0,2.43,156.32,193.82,0,12.64,0,0,4.42,0
2022,9,15,14,0,56.81,184.52,238.27,0,11.94,0,0,3.73,0
2022,9,15,15,0,27.61,132.45,154.15,0,11.36,0,0,2.9,0
2022,9,15,16,0,19.99,52.73,67.45,0,10.84,0,0,3.34,0
2022,9,15,17,0,0.0,10.58,10.62,0,10.43,0,0,3.86,0
2022,9,15,18,0,0.0,0.0,0.0,0,10.04,0,0,3.78,0
2022,9,15,19,0,0.0,0.0,0.0,0,9.61,0,0,3.22,0
2022,9,15,20,0,0.0,0.0,0.0,0,9.35,0,0,3.21,0
2022,9,15,21,0,0.0,0.0,0.0,0,9.01,0,0,2.7,0
2022,9,15,22,0,0.0,0.0,0.0,0,8.88,0,0,3.14,0
2022,9,15,23,0,0.0,0.0,0.0,0,8.74,0,0,2.89,0
2022,9,16,0,0,0.0,0.0,0.0,0,8.56,0,0,3.04,0
2022,9,16,1,0,0.0,0.0,0.0,0,8.75,0,0,3.81,0
2022,9,16,2,0,0.0,0.0,0.0,0,8.96,0,0,4.28,0
2022,9,16,3,0,0.0,0.0,0.0,0,8.72,0,0,4.59,0
2022,9,16,4,0,0.0,0.0,0.0,0,7.85,0,0,4.37,0
2022,9,16,5,0,0.0,0.0,0.0,0,6.94,0,0,3.83,0
2022,9,16,6,0,83.25,41.82,46.8,0,6.52,0,0,2.98,0
2022,9,16,7,0,441.84,102.26,228.48,0,7.24,0,0,2.83,0
2022,9,16,8,0,542.51,171.28,440.85,0,8.53,0,0,3.36,0
2022,9,16,9,0,849.31,99.17,656.05,0,10.86,0,0,5.16,0
2022,9,16,10,0,895.6,121.74,786.22,0,12.7,0,0,5.86,0
2022,9,16,11,0,806.45,175.62,833.9,0,13.77,0,0,6.26,0
2022,9,16,12,0,763.22,166.53,774.5,0,14.37,0,0,6.57,0
2022,9,16,13,0,602.34,228.03,719.4,0,14.69,0,0,6.99,0
2022,9,16,14,0,394.26,291.82,535.33,0,14.65,0,0,7.18,0
2022,9,16,15,0,372.08,185.54,345.55,0,14.28,0,0,7.12,0
2022,9,16,16,0,189.19,103.5,172.2,0,13.56,0,0,6.75,0
2022,9,16,17,0,78.7,30.6,29.38,0,12.08,0,0,5.89,0
2022,9,16,18,0,0.0,0.0,0.0,0,10.39,0,0,5.23,0
2022,9,16,19,0,0.0,0.0,0.0,0,9.82,0,0,5.3,0
2022,9,16,20,0,0.0,0.0,0.0,0,9.7,0,0,5.81,0
2022,9,16,21,0,0.0,0.0,0.0,0,9.67,0,0,5.96,0
2022,9,16,22,0,0.0,0.0,0.0,0,9.62,0,0,5.81,0
2022,9,16,23,0,0.0,0.0,0.0,0,9.42,0,0,5.63,0
2022,9,17,0,0,0.0,0.0,0.0,0,9.13,0,0,5.51,0
2022,9,17,1,0,0.0,0.0,0.0,0,8.54,0,0,5.33,0
2022,9,17,2,0,0.0,0.0,0.0,0,7.99,0,0,4.93,0
2022,9,17,3,0,0.0,0.0,0.0,0,7.38,0,0,4.42,0
2022,9,17,4,0,0.0,0.0,0.0,0,6.78,0,0,3.59,0
2022,9,17,5,0,0.0,0.0,0.0,0,6.3,0,0,2.75,0
2022,9,17,6,0,83.2,37.74,49.4,0,6.33,0,0,2.45,0
2022,9,17,7,0,335.21,108.17,206.2,0,7.43,0,0,3.31,0
2022,9,17,8,0,446.06,180.26,362.2,0,8.66,0,0,4.04,0
2022,9,17,9,0,254.46,273.15,471.73,0,10.04,0,0,4.83,0
2022,9,17,10,0,173.88,331.7,562.5,0,10.97,0,0,5.7,0
2022,9,17,11,0,223.85,320.92,515.72,0,11.39,0,0,6.78,0
2022,9,17,12,0,253.85,349.07,588.0,0,11.82,0,0,7.24,0
2022,9,17,13,0,331.19,251.66,554.97,0,11.85,0,0,7.38,0
2022,9,17,14,0,245.31,258.14,442.3,0,11.39,0,0,7.31,0
2022,9,17,15,0,301.17,131.22,273.77,0,10.57,0,0,7.19,0
2022,9,17,16,0,240.43,90.23,143.6,0,9.45,0,0,6.57,0
2022,9,17,17,0,79.83,22.05,26.42,0,8.31,0,0,5.29,0
2022,9,17,18,0,0.0,0.0,0.0,0,7.26,0,0,5.15,0
2022,9,17,19,0,0.0,0.0,0.0,0,6.79,0,0,5.32,0
2022,9,17,20,0,0.0,0.0,0.0,0,6.46,0,0,5.46,0
2022,9,17,21,0,0.0,0.0,0.0,0,6.17,0,0,5.71,0
2022,9,17,22,0,0.0,0.0,0.0,0,6.02,0,0,5.95,0
2022,9,17,23,0,0.0,0.0,0.0,0,6.33,0,0,6.16,0
2022,9,18,0,0,0.0,0.0,0.0,0,6.56,0,0,6.38,0
2022,9,18,1,0,0.0,0.0,0.0,0,6.35,0,0,6.42,0
2022,9,18,2,0,0.0,0.0,0.0,0,6.07,0,0,6.34,0
2022,9,18,3,0,0.0,0.0,0.0,0,5.97,0,0,6.04,0
2022,9,18,4,0,0.0,0.0,0.0,0,5.95,0,0,5.73,0
2022,9,18,5,0,0.0,0.0,0.0,0,5.7,0,0,5.7,0
2022,9,18,6,0,230.0,18.09,41.15,0,5.52,0,0,5.3,0
2022,9,18,7,0,291.7,82.2,160.27,0,6.34,0,0,5.6,0
2022,9,18,8,0,421.39,113.04,274.05,0,7.53,0,0,6.71,0
2022,9,18,9,0,192.23,282.38,445.58,0,8.7,0,0,6.8,0
2022,9,18,10,0,290.35,310.16,555.47,0,9.62,0,0,6.77,0
2022,9,18,11,0,318.61,362.99,639.83,0,10.45,0,0,6.81,0
2022,9,18,12,0,603.15,226.32,646.0,0,11.13,0,0,6.9,0
2022,9,18,13,0,170.81,315.88,598.75,0,11.53,0,0,7.02,0
2022,9,18,14,0,615.83,140.15,423.0,0,11.49,0,0,6.94,0
2022,9,18,15,0,558.53,95.7,287.05,0,11.13,0,0,6.73,0
2022,9,18,16,0,295.8,78.12,155.45,0,10.49,0,0,6.15,0
2022,9,18,17,0,192.52,23.07,29.4,0,9.38,0,0,5.01,0
2022,9,18,18,0,0.0,0.0,0.0,0,8.09,0,0,4.21,0
2022,9,18,19,0,0.0,0.0,0.0,0,7.42,0,0,3.94,0
2022,9,18,20,0,0.0,0.0,0.0,0,6.88,0,0,3.78,0
2022,9,18,21,0,0.0,0.0,0.0,0,6.47,0,0,3.71,0
2022,9,18,22,0,0.0,0.0,0.0,0,6.09,0,0,3.76,0
2022,9,18,23,0,0.0,0.0,0.0,0,5.71,0,0,3.83,0
2022,9,19,0,0,0.0,0.0,0.0,0,5.35,0,0,3.84,0
2022,9,19,1,0,0.0,0.0,0.0,0,4.85,0,0,3.49,0
2022,9,19,2,0,0.0,0.0,0.0,0,4.24,0,0,3.65,0
2022,9,19,3,0,0.0,0.0,0.0,0,3.85,0,0,4.0,0
2022,9,19,4,0,0.0,0.0,0.0,0,3.9,0,0,3.78,0
2022,9,19,5,0,0.0,0.0,0.0,0,4.01,0,0,4.01,0
2022,9,19,6,0,316.23,32.09,54.72,0,4.64,0,0,3.87,0
2022,9,19,7,0,285.54,136.55,204.57,0,6.14,0,0,4.16,0
2022,9,19,8,0,332.44,261.3,374.98,0,7.26,0,0,5.83,0
2022,9,19,9,0,466.82,292.59,520.05,0,8.57,0,0,6.56,0
2022,9,19,10,0,600.74,262.49,723.8,0,9.79,0,0,6.32,0
2022,9,19,11,0,766.22,237.21,785.3,0,11.05,0,0,5.84,0
2022,9,19,12,0,724.21,198.12,822.33,0,12.09,0,0,5.44,0
2022,9,19,13,0,819.82,177.33,781.58,0,12.69,0,0,5.22,0
2022,9,19,14,0,893.64,80.82,657.25,0,12.78,0,0,5.08,0
2022,9,19,15,0,780.2,86.55,474.88,0,12.33,0,0,4.83,0
2022,9,19,16,0,696.14,55.84,261.8,0,11.44,0,0,4.32,0
2022,9,19,17,0,281.93,20.86,52.38,0,9.58,0,0,3.39,0
2022,9,19,18,0,0.0,0.0,0.0,0,7.07,0,0,2.94,0
2022,9,19,19,0,0.0,0.0,0.0,0,5.38,0,0,3.17,0
2022,9,19,20,0,0.0,0.0,0.0,0,4.4,0,0,3.18,0
2022,9,19,21,0,0.0,0.0,0.0,0,3.71,0,0,3.05,0
2022,9,19,22,0,0.0,0.0,0.0,0,3.18,0,0,2.87,0
2022,9,19,23,0,0.0,0.0,0.0,0,2.82,0,0,2.61,0
2022,9,20,0,0,0.0,0.0,0.0,0,2.72,0,0,2.25,0
2022,9,20,1,0,0.0,0.0,0.0,0,2.54,0,0,2.01,0
2022,9,20,2,0,0.0,0.0,0.0,0,2.16,0,0,2.05,0
2022,9,20,3,0,0.0,0.0,0.0,0,1.7,0,0,2.26,0
2022,9,20,4,0,0.0,0.0,0.0,0,1.4,0,0,2.5,0
2022,9,20,5,0,0.0,0.0,0.0,0,1.12,0,0,2.79,0
2022,9,20,6,0,432.48,22.73,83.22,0,1.22,0,0,3.13,0
2022,9,20,7,0,825.3,40.02,306.88,0,4.09,0,0,3.0,0
2022,9,20,8,0,908.06,54.21,523.2,0,8.38,0,0,2.17,0
2022,9,20,9,0,972.54,56.87,702.25,0,11.92,0,0,2.95,0
2022,9,20,10,0,997.7,58.44,829.42,0,14.0,0,0,2.94,0
2022,9,20,11,0,994.31,65.39,885.7,0,15.54,0,0,3.07,0
2022,9,20,12,0,990.36,65.08,878.15,0,16.6,0,0,3.28,0
2022,9,20,13,0,967.19,65.5,803.15,0,17.19,0,0,3.5,0
2022,9,20,14,0,825.1,96.93,655.03,0,17.28,0,0,3.75,0
2022,9,20,15,0,751.9,101.76,465.7,0,16.89,0,0,3.89,0
2022,9,20,16,0,560.71,85.42,248.3,0,15.88,0,0,3.71,0
2022,9,20,17,0,189.77,30.04,46.2,0,13.74,0,0,3.35,0
2022,9,20,18,0,0.0,0.0,0.0,0,11.72,0,0,3.86,0
2022,9,20,19,0,0.0,0.0,0.0,0,10.92,0,0,3.98,0
2022,9,20,20,0,0.0,0.0,0.0,0,10.48,0,0,4.1,0
2022,9,20,21,0,0.0,0.0,0.0,0,9.94,0,0,3.93,0
2022,9,20,22,0,0.0,0.0,0.0,0,9.58,0,0,4.33,0
2022,9,20,23,0,0.0,0.0,0.0,0,9.18,0,0,4.43,0
2022,9,21,0,0,0.0,0.0,0.0,0,8.88,0,0,4.08,0
2022,9,21,1,0,0.0,0.0,0.0,0,8.59,0,0,3.77,0
2022,9,21,2,0,0.0,0.0,0.0,0,8.47,0,0,3.84,0
2022,9,21,3,0,0.0,0.0,0.0,0,8.44,0,0,3.85,0
2022,9,21,4,0,0.0,0.0,0.0,0,8.49,0,0,3.89,0
2022,9,21,5,0,0.0,0.0,0.0,0,8.52,0,0,4.03,0
2022,9,21,6,0,0.0,30.28,32.7,0,8.64,0,0,3.9,0
2022,9,21,7,0,0.0,82.31,89.7,0,9.25,0,0,3.94,0
2022,9,21,8,0,0.0,124.27,145.2,0,10.11,0,0,4.16,0
2022,9,21,9,0,0.0,195.84,234.75,0,11.49,0,0,5.02,0
2022,9,21,10,0,0.0,169.57,204.32,0,13.32,0,0,5.48,0
2022,9,21,11,0,0.0,157.55,195.05,0,13.61,0,0,5.16,0
2022,9,21,12,0,0.0,171.0,211.68,0,13.12,0,0,4.82,0
2022,9,21,13,0,0.0,138.19,160.6,0,12.79,0,0,4.23,0
2022,9,21,14,0,0.0,68.56,80.97,0,12.57,0,0,4.03,0
2022,9,21,15,0,26.65,150.72,191.05,0,12.3,0,0,4.13,0
2022,9,21,16,0,37.51,85.1,103.38,0,11.99,0,0,4.2,0
2022,9,21,17,0,14.03,22.12,21.23,0,11.38,0,0,4.38,0
2022,9,21,18,0,0.0,0.0,0.0,0,10.83,0,0,4.71,0
2022,9,21,19,0,0.0,0.0,0.0,0,10.72,0,0,4.73,0
2022,9,21,20,0,0.0,0.0,0.0,0,10.63,0,0,4.73,0
2022,9,21,21,0,0.0,0.0,0.0,0,10.58,0,0,4.52,0
2022,9,21,22,0,0.0,0.0,0.0,0,10.58,0,0,4.06,0
2022,9,21,23,0,0.0,0.0,0.0,0,10.6,0,0,3.82,0
2022,9,22,0,0,0.0,0.0,0.0,0,10.51,0,0,3.01,0
2022,9,22,1,0,0.0,0.0,0.0,0,10.27,0,0,3.14,0
2022,9,22,2,0,0.0,0.0,0.0,0,10.26,0,0,4.14,0
2022,9,22,3,0,0.0,0.0,0.0,0,10.31,0,0,4.22,0
2022,9,22,4,0,0.0,0.0,0.0,0,9.93,0,0,4.4,0
2022,9,22,5,0,0.0,0.0,0.0,0,9.34,0,0,4.82,0
2022,9,22,6,0,11.11,25.31,32.72,0,9.31,0,0,5.01,0
2022,9,22,7,0,134.65,85.42,115.28,0,10.11,0,0,5.4,0
2022,9,22,8,0,78.23,136.51,190.3,0,11.37,0,0,6.13,0
2022,9,22,9,0,15.27,213.8,258.52,0,12.89,0,0,6.22,0
2022,9,22,10,0,17.23,242.39,293.42,0,14.1,0,0,5.97,0
2022,9,22,11,0,46.81,309.87,392.77,0,14.69,0,0,5.98,0
2022,9,22,12,0,203.98,303.56,502.67,0,14.51,0,0,5.59,0
2022,9,22,13,0,417.1,167.85,440.1,0,14.4,0,0,4.94,0
2022,9,22,14,0,412.36,140.08,339.95,0,14.59,0,0,4.3,0
2022,9,22,15,0,346.8,130.31,245.3,0,14.47,0,0,3.74,0
2022,9,22,16,0,192.99,86.04,130.62,0,14.11,0,0,3.23,0
2022,9,22,17,0,49.47,22.79,26.75,0,12.96,0,0,2.91,0
2022,9,22,18,0,0.0,0.0,0.0,0,11.03,0,0,3.44,0
2022,9,22,19,0,0.0,0.0,0.0,0,10.1,0,0,3.79,0
2022,9,22,20,0,0.0,0.0,0.0,0,9.85,0,0,3.96,0
2022,9,22,21,0,0.0,0.0,0.0,0,9.56,0,0,4.17,0
2022,9,22,22,0,0.0,0.0,0.0,0,9.23,0,0,4.2,0
2022,9,22,23,0,0.0,0.0,0.0,0,8.93,0,0,3.89,0
2022,9,23,0,0,0.0,0.0,0.0,0,8.77,0,0,3.8,0
2022,9,23,1,0,0.0,0.0,0.0,0,8.73,0,0,3.72,0
2022,9,23,2,0,0.0,0.0,0.0,0,8.76,0,0,3.74,0
2022,9,23,3,0,0.0,0.0,0.0,0,8.85,0,0,3.83,0
2022,9,23,4,0,0.0,0.0,0.0,0,8.87,0,0,3.77,0
2022,9,23,5,0,0.0,0.0,0.0,0,8.82,0,0,3.75,0
2022,9,23,6,0,108.6,37.66,49.58,0,9.13,0,0,3.64,0
2022,9,23,7,0,210.61,117.14,160.12,0,10.13,0,0,3.82,0
2022,9,23,8,0,275.98,153.68,291.3,0,11.28,0,0,4.58,0
2022,9,23,9,0,280.78,242.99,448.45,0,12.58,0,0,4.69,0
2022,9,23,10,0,175.47,356.36,568.92,0,13.95,0,0,4.46,0
2022,9,23,11,0,52.79,368.62,478.05,0,14.96,0,0,4.04,0
2022,9,23,12,0,66.9,336.79,454.25,0,15.69,0,0,3.52,0
2022,9,23,13,0,128.66,282.75,404.98,0,16.19,0,0,3.05,0
2022,9,23,14,0,213.4,178.03,313.73,0,16.31,0,0,2.78,0
2022,9,23,15,0,176.25,158.62,224.55,0,16.03,0,0,2.57,0
2022,9,23,16,0,81.34,90.69,120.6,0,15.19,0,0,2.06,0
2022,9,23,17,0,17.59,26.11,25.4,0,13.82,0,0,1.75,0
2022,9,23,18,0,0.0,0.0,0.0,0,12.44,0,0,2.04,0
2022,9,23,19,0,0.0,0.0,0.0,0,11.71,0,0,2.19,0
2022,9,23,20,0,0.0,0.0,0.0,0,11.19,0,0,2.23,0
2022,9,23,21,0,0.0,0.0,0.0,0,10.62,0,0,2.21,0
2022,9,23,22,0,0.0,0.0,0.0,0,10.0,0,0,2.28,0
2022,9,23,23,0,0.0,0.0,0.0,0,9.44,0,0,2.42,0
2022,9,24,0,0,0.0,0.0,0.0,0,8.99,0,0,2.63,0
2022,9,24,1,0,0.0,0.0,0.0,0,8.88,0,0,2.78,0
2022,9,24,2,0,0.0,0.0,0.0,0,8.96,0,0,2.76,0
2022,9,24,3,0,0.0,0.0,0.0,0,9.16,0,0,2.64,0
2022,9,24,4,0,0.0,0.0,0.0,0,9.32,0,0,3.01,0
2022,9,24,5,0,0.0,0.0,0.0,0,9.51,0,0,3.31,0
2022,9,24,6,0,35.12,40.36,49.45,0,9.81,0,0,3.57,0
2022,9,24,7,0,214.03,118.13,167.3,0,10.39,0,0,3.49,0
2022,9,24,8,0,232.92,171.92,311.52,0,11.0,0,0,3.91,0
2022,9,24,9,0,395.6,232.06,480.58,0,12.17,0,0,4.41,0
2022,9,24,10,0,453.79,262.54,601.4,0,13.48,0,0,4.65,0
2022,9,24,11,0,387.33,348.13,682.67,0,14.41,0,0,4.86,0
2022,9,24,12,0,417.13,294.11,660.95,0,14.97,0,0,5.04,0
2022,9,24,13,0,456.67,238.43,552.65,0,14.96,0,0,5.14,0
2022,9,24,14,0,462.77,178.91,450.65,0,14.6,0,0,5.2,0
2022,9,24,15,0,259.83,168.9,331.5,0,13.91,0,0,5.13,0
2022,9,24,16,0,425.16,76.34,190.52,0,13.08,0,0,4.89,0
2022,9,24,17,0,146.61,28.74,46.17,0,11.7,0,0,4.11,0
2022,9,24,18,0,0.0,0.0,0.0,0,10.06,0,0,3.73,0
2022,9,24,19,0,0.0,0.0,0.0,0,9.27,0,0,3.49,0
2022,9,24,20,0,0.0,0.0,0.0,0,8.66,0,0,3.48,0
2022,9,24,21,0,0.0,0.0,0.0,0,8.13,0,0,3.4,0
2022,9,24,22,0,0.0,0.0,0.0,0,7.6,0,0,2.9,0
2022,9,24,23,0,0.0,0.0,0.0,0,6.75,0,0,2.59,0
2022,9,25,0,0,0.0,0.0,0.0,0,6.09,0,0,2.56,0
2022,9,25,1,0,0.0,0.0,0.0,0,6.17,0,0,2.46,0
2022,9,25,2,0,0.0,0.0,0.0,0,5.82,0,0,1.98,0
2022,9,25,3,0,0.0,0.0,0.0,0,5.43,0,0,1.67,0
2022,9,25,4,0,0.0,0.0,0.0,0,5.04,0,0,1.58,0
2022,9,25,5,0,0.0,0.0,0.0,0,4.62,0,0,1.46,0
2022,9,25,6,0,369.87,33.96,101.28,0,4.45,0,0,1.35,0
2022,9,25,7,0,725.96,67.04,316.5,0,5.53,0,0,2.01,0
2022,9,25,8,0,777.92,110.77,531.45,0,8.03,0,0,2.59,0
2022,9,25,9,0,934.32,86.31,729.83,0,10.56,0,0,2.56,0
2022,9,25,10,0,963.24,89.66,860.72,0,12.57,0,0,2.75,0
2022,9,25,11,0,993.69,74.49,919.5,0,14.07,0,0,3.27,0
2022,9,25,12,0,981.73,79.77,909.47,0,14.96,0,0,3.79,0
2022,9,25,13,0,952.82,75.02,830.78,0,15.4,0,0,3.86,0
2022,9,25,14,0,930.85,75.92,693.55,0,15.45,0,0,3.7,0
2022,9,25,15,0,838.53,79.61,493.52,0,15.1,0,0,3.42,0
2022,9,25,16,0,524.39,90.62,269.05,0,14.3,0,0,2.99,0
2022,9,25,17,0,226.95,31.62,58.28,0,12.42,0,0,2.94,0
2022,9,25,18,0,0.0,0.0,0.0,0,9.53,0,0,3.62,0
2022,9,25,19,0,0.0,0.0,0.0,0,8.06,0,0,3.63,0
2022,9,25,20,0,0.0,0.0,0.0,0,7.08,0,0,3.28,0
2022,9,25,21,0,0.0,0.0,0.0,0,6.31,0,0,3.1,0
2022,9,25,22,0,0.0,0.0,0.0,0,5.89,0,0,3.0,0
2022,9,25,23,0,0.0,0.0,0.0,0,5.73,0,0,2.78,0
2022,9,26,0,0,0.0,0.0,0.0,0,5.72,0,0,2.48,0
2022,9,26,1,0,0.0,0.0,0.0,0,5.87,0,0,2.02,0
2022,9,26,2,0,0.0,0.0,0.0,0,5.96,0,0,2.01,0
2022,9,26,3,0,0.0,0.0,0.0,0,6.09,0,0,1.79,0
2022,9,26,4,0,0.0,0.0,0.0,0,6.08,0,0,1.73,0
2022,9,26,5,0,0.0,0.0,0.0,0,5.71,0,0,2.37,0
2022,9,26,6,0,0.0,22.97,24.4,0,5.63,0,0,3.03,0
2022,9,26,7,0,0.0,71.71,79.47,0,6.96,0,0,3.11,0
2022,9,26,8,0,0.0,148.63,167.93,0,8.78,0,0,1.93,0
2022,9,26,9,0,40.62,189.7,251.4,0,10.15,0,0,1.53,0
2022,9,26,10,0,101.89,356.27,452.0,0,11.4,0,0,1.92,0
2022,9,26,11,0,120.02,370.9,523.8,0,12.15,0,0,1.93,0
2022,9,26,12,0,177.75,358.04,573.17,0,12.87,0,0,2.29,0
2022,9,26,13,0,405.39,286.78,649.85,0,13.41,0,0,2.42,0
2022,9,26,14,0,148.9,347.78,443.6,0,13.72,0,0,2.29,0
2022,9,26,15,0,115.65,254.04,310.15,0,14.03,0,0,2.23,0
2022,9,26,16,0,75.32,139.85,156.82,0,13.95,0,0,2.04,0
2022,9,26,17,0,15.14,29.08,32.3,0,12.81,0,0,1.57,0
2022,9,26,18,0,0.0,0.0,0.0,0,11.48,0,0,1.56,0
2022,9,26,19,0,0.0,0.0,0.0,0,10.98,0,0,1.54,0
2022,9,26,20,0,0.0,0.0,0.0,0,10.3,0,0,1.68,0
2022,9,26,21,0,0.0,0.0,0.0,0,9.37,0,0,2.18,0
2022,9,26,22,0,0.0,0.0,0.0,0,8.3,0,0,2.78,0
2022,9,26,23,0,0.0,0.0,0.0,0,7.41,0,0,3.28,0
2022,9,27,0,0,0.0,0.0,0.0,0,7.12,0,0,3.65,0
2022,9,27,1,0,0.0,0.0,0.0,0,7.18,0,0,3.58,0
2022,9,27,2,0,0.0,0.0,0.0,0,7.15,0,0,3.35,0
2022,9,27,3,0,0.0,0.0,0.0,0,6.89,0,0,3.4,0
2022,9,27,4,0,0.0,0.0,0.0,0,6.62,0,0,3.62,0
2022,9,27,5,0,0.0,0.0,0.0,0,6.55,0,0,3.49,0
2022,9,27,6,0,29.52,37.86,44.38,0,7.08,0,0,3.31,0
2022,9,27,7,0,46.8,107.44,126.2,0,9.01,0,0,3.0,0
2022,9,27,8,0,27.19,194.03,233.32,0,10.87,0,0,3.25,0
2022,9,27,9,0,201.9,282.68,476.7,0,12.68,0,0,3.83,0
2022,9,27,10,0,377.4,305.49,672.05,0,14.57,0,0,5.12,0
2022,9,27,11,0,364.05,334.97,693.6,0,15.3,0,0,6.13,0
2022,9,27,12,0,378.75,320.13,680.33,0,14.99,0,0,6.08,0
2022,9,27,13,0,542.76,243.91,662.1,0,14.74,0,0,5.73,0
2022,9,27,14,0,445.06,247.07,505.35,0,14.6,0,0,5.27,0
2022,9,27,15,0,364.46,185.8,338.92,0,14.51,0,0,4.51,0
2022,9,27,16,0,159.49,149.89,174.52,0,14.01,0,0,2.92,0
2022,9,27,17,0,34.94,26.66,34.33,0,12.95,0,0,2.18,0
2022,9,27,18,0,0.0,0.0,0.0,0,11.77,0,0,2.19,0
2022,9,27,19,0,0.0,0.0,0.0,0,11.37,0,0,1.75,0
2022,9,27,20,0,0.0,0.0,0.0,0,11.01,0,0,1.47,0
2022,9,27,21,0,0.0,0.0,0.0,0,10.56,0,0,1.59,0
2022,9,27,22,0,0.0,0.0,0.0,0,10.07,0,0,1.84,0
2022,9,27,23,0,0.0,0.0,0.0,0,9.61,0,0,2.24,0
2022,9,28,0,0,0.0,0.0,0.0,0,8.99,0,0,2.71,0
2022,9,28,1,0,0.0,0.0,0.0,0,8.23,0,0,2.98,0
2022,9,28,2,0,0.0,0.0,0.0,0,7.28,0,0,2.34,0
2022,9,28,3,0,0.0,0.0,0.0,0,6.42,0,0,1.55,0
2022,9,28,4,0,0.0,0.0,0.0,0,5.71,0,0,1.12,0
2022,9,28,5,0,0.0,0.0,0.0,0,5.21,0,0,0.92,0
2022,9,28,6,0,248.24,43.09,95.12,0,4.91,0,0,0.72,0
2022,9,28,7,0,528.2,104.97,287.4,0,5.79,0,0,0.93,0
2022,9,28,8,0,547.79,182.68,489.7,0,7.75,0,0,0.84,0
2022,9,28,9,0,502.27,313.77,666.17,0,10.31,0,0,1.17,0
2022,9,28,10,0,321.96,432.9,734.03,0,12.32,0,0,1.87,0
2022,9,28,11,0,394.23,327.76,656.3,0,13.61,0,0,2.32,0
2022,9,28,12,0,252.06,324.81,583.4,0,13.97,0,0,2.59,0
2022,9,28,13,0,407.12,264.5,457.1,0,13.67,0,0,2.57,0
2022,9,28,14,0,217.11,243.78,376.38,0,13.1,0,0,2.35,0
2022,9,28,15,0,171.97,186.9,244.48,0,12.29,0,0,2.3,0
2022,9,28,16,0,155.13,93.78,138.7,0,11.25,0,0,2.58,0
2022,9,28,17,0,77.72,30.06,37.47,0,10.2,0,0,2.52,0
2022,9,28,18,0,0.0,0.0,0.0,0,9.06,0,0,2.79,0
2022,9,28,19,0,0.0,0.0,0.0,0,7.97,0,0,2.76,0
2022,9,28,20,0,0.0,0.0,0.0,0,6.86,0,0,2.53,0
2022,9,28,21,0,0.0,0.0,0.0,0,5.9,0,0,2.53,0
2022,9,28,22,0,0.0,0.0,0.0,0,5.24,0,0,2.58,0
2022,9,28,23,0,0.0,0.0,0.0,0,4.86,0,0,2.72,0
2022,9,29,0,0,0.0,0.0,0.0,0,4.71,0,0,2.94,0
2022,9,29,1,0,0.0,0.0,0.0,0,5.21,0,0,3.2,0
2022,9,29,2,0,0.0,0.0,0.0,0,5.76,0,0,3.01,0
2022,9,29,3,0,0.0,0.0,0.0,0,6.14,0,0,2.93,0
2022,9,29,4,0,0.0,0.0,0.0,0,6.44,0,0,2.87,0
2022,9,29,5,0,0.0,0.0,0.0,0,6.52,0,0,2.46,0
2022,9,29,6,0,273.55,49.48,96.18,0,6.88,0,0,2.62,0
2022,9,29,7,0,490.87,108.85,287.95,0,7.82,0,0,2.93,0
2022,9,29,8,0,667.02,132.13,494.23,0,9.32,0,0,4.2,0
2022,9,29,9,0,520.05,222.8,635.5,0,11.16,0,0,4.52,0
2022,9,29,10,0,595.63,232.93,655.62,0,12.92,0,0,4.5,0
2022,9,29,11,0,331.84,360.0,678.42,0,14.25,0,0,4.22,0
2022,9,29,12,0,330.47,321.22,661.0,0,15.15,0,0,4.04,0
2022,9,29,13,0,231.32,316.35,580.33,0,15.73,0,0,4.01,0
2022,9,29,14,0,307.57,210.3,424.42,0,15.81,0,0,4.12,0
2022,9,29,15,0,165.51,193.79,298.65,0,15.5,0,0,4.27,0
2022,9,29,16,0,275.49,78.3,163.27,0,14.71,0,0,4.17,0
2022,9,29,17,0,133.19,28.55,48.3,0,13.28,0,0,3.76,0
2022,9,29,18,0,0.0,0.0,0.0,0,11.14,0,0,3.72,0
2022,9,29,19,0,0.0,0.0,0.0,0,9.92,0,0,3.73,0
2022,9,29,20,0,0.0,0.0,0.0,0,8.97,0,0,3.79,0
2022,9,29,21,0,0.0,0.0,0.0,0,8.14,0,0,3.9,0
2022,9,29,22,0,0.0,0.0,0.0,0,7.44,0,0,3.93,0
2022,9,29,23,0,0.0,0.0,0.0,0,6.95,0,0,3.76,0
2022,9,30,0,0,0.0,0.0,0.0,0,6.67,0,0,3.79,0
2022,9,30,1,0,0.0,0.0,0.0,0,6.44,0,0,3.96,0
2022,9,30,2,0,0.0,0.0,0.0,0,6.19,0,0,3.99,0
2022,9,30,3,0,0.0,0.0,0.0,0,5.99,0,0,4.11,0
2022,9,30,4,0,0.0,0.0,0.0,0,5.93,0,0,4.32,0
2022,9,30,5,0,0.0,0.0,0.0,0,5.88,0,0,4.38,0
2022,9,30,6,0,431.56,35.82,109.7,0,6.47,0,0,4.38,0
2022,9,30,7,0,748.38,60.57,304.58,0,8.11,0,0,4.94,0
2022,9,30,8,0,781.17,77.63,518.58,0,9.95,0,0,5.54,0
2022,9,30,9,0,717.47,141.25,629.5,0,11.93,0,0,5.52,0
2022,9,30,10,0,335.38,377.26,711.78,0,13.61,0,0,5.2,0
2022,9,30,11,0,202.63,377.1,648.38,0,14.76,0,0,4.76,0
2022,9,30,12,0,252.81,359.8,599.53,0,15.46,0,0,4.45,0
2022,9,30,13,0,224.88,352.21,586.08,0,15.74,0,0,4.31,0
2022,9,30,14,0,450.2,168.7,402.45,0,15.69,0,0,4.11,0
2022,9,30,15,0,242.19,196.41,313.15,0,15.17,0,0,3.98,0
2022,9,30,16,0,389.77,73.69,181.25,0,14.14,0,0,3.99,0
2022,9,30,17,0,173.28,32.3,52.55,0,12.53,0,0,3.85,0
2022,9,30,18,0,0.0,0.0,0.0,0,10.47,0,0,4.06,0
2022,9,30,19,0,0.0,0.0,0.0,0,9.37,0,0,4.76,0
2022,9,30,20,0,0.0,0.0,0.0,0,8.71,0,0,4.97,0
2022,9,30,21,0,0.0,0.0,0.0,0,8.24,0,0,4.88,0
2022,9,30,22,0,0.0,0.0,0.0,0,7.99,0,0,5.08,0
2022,9,30,23,0,0.0,0.0,0.0,0,7.81,0,0,5.24,0
2022,10,1,0,0,0.0,0.0,0.0,0,7.65,0,0,5.04,0
2022,10,1,1,0,0.0,0.0,0.0,0,7.41,0,0,4.75,0
2022,10,1,2,0,0.0,0.0,0.0,0,7.17,0,0,4.71,0
2022,10,1,3,0,0.0,0.0,0.0,0,6.95,0,0,4.56,0
2022,10,1,4,0,0.0,0.0,0.0,0,6.66,0,0,4.5,0
2022,10,1,5,0,0.0,0.0,0.0,0,6.3,0,0,4.42,0
2022,10,1,6,0,192.93,56.36,86.8,0,6.54,0,0,4.22,0
2022,10,1,7,0,217.98,134.14,202.93,0,7.58,0,0,4.68,0
2022,10,1,8,0,204.08,208.15,333.58,0,9.03,0,0,5.01,0
2022,10,1,9,0,244.32,303.1,510.02,0,10.74,0,0,4.56,0
2022,10,1,10,0,288.75,388.36,642.33,0,12.33,0,0,3.78,0
2022,10,1,11,0,230.67,380.6,668.0,0,13.59,0,0,3.07,0
2022,10,1,12,0,133.76,413.05,629.0,0,14.22,0,0,2.62,0
2022,10,1,13,0,457.71,183.48,453.92,0,14.25,0,0,2.43,0
2022,10,1,14,0,189.19,267.76,430.8,0,13.83,0,0,2.53,0
2022,10,1,15,0,310.23,128.71,277.52,0,13.11,0,0,2.82,0
2022,10,1,16,0,190.93,90.35,156.65,0,12.08,0,0,3.17,0
2022,10,1,17,0,62.69,28.3,43.95,0,10.85,0,0,3.37,0
2022,10,1,18,0,0.0,0.0,0.0,0,9.55,0,0,3.6,0
2022,10,1,19,0,0.0,0.0,0.0,0,8.55,0,0,3.77,0
2022,10,1,20,0,0.0,0.0,0.0,0,7.68,0,0,3.47,0
2022,10,1,21,0,0.0,0.0,0.0,0,6.87,0,0,3.32,0
2022,10,1,22,0,0.0,0.0,0.0,0,6.26,0,0,2.94,0
2022,10,1,23,0,0.0,0.0,0.0,0,5.88,0,0,3.05,0
2022,10,2,0,0,0.0,0.0,0.0,0,5.79,0,0,3.31,0
2022,10,2,1,0,0.0,0.0,0.0,0,5.71,0,0,3.11,0
2022,10,2,2,0,0.0,0.0,0.0,0,5.62,0,0,2.85,0
2022,10,2,3,0,0.0,0.0,0.0,0,5.51,0,0,2.68,0
2022,10,2,4,0,0.0,0.0,0.0,0,5.41,0,0,2.38,0
2022,10,2,5,0,0.0,0.0,0.0,0,5.28,0,0,2.1,0
2022,10,2,6,0,419.87,41.5,127.72,0,5.62,0,0,1.77,0
2022,10,2,7,0,660.47,76.17,327.73,0,6.92,0,0,1.67,0
2022,10,2,8,0,828.1,81.97,540.35,0,9.09,0,0,0.33,0
2022,10,2,9,0,801.68,140.54,671.95,0,11.61,0,0,1.96,0
2022,10,2,10,0,670.26,197.04,711.25,0,12.9,0,0,3.06,0
2022,10,2,11,0,477.38,310.26,787.33,0,13.84,0,0,3.52,0
2022,10,2,12,0,555.47,256.94,759.0,0,14.51,0,0,3.73,0
2022,10,2,13,0,858.13,92.04,637.0,0,14.9,0,0,3.79,0
2022,10,2,14,0,513.63,229.08,586.62,0,15.0,0,0,3.82,0
2022,10,2,15,0,514.74,139.13,430.55,0,14.79,0,0,3.69,0
2022,10,2,16,0,437.34,92.72,240.43,0,14.23,0,0,3.31,0
2022,10,2,17,0,167.85,37.89,61.33,0,12.85,0,0,2.32,0
2022,10,2,18,0,0.0,0.0,0.0,0,10.43,0,0,2.36,0
2022,10,2,19,0,0.0,0.0,0.0,0,9.08,0,0,2.41,0
2022,10,2,20,0,0.0,0.0,0.0,0,8.46,0,0,2.08,0
2022,10,2,21,0,0.0,0.0,0.0,0,8.07,0,0,1.84,0
2022,10,2,22,0,0.0,0.0,0.0,0,7.36,0,0,2.01,0
2022,10,2,23,0,0.0,0.0,0.0,0,6.46,0,0,2.34,0
2022,10,3,0,0,0.0,0.0,0.0,0,5.51,0,0,2.7,0
2022,10,3,1,0,0.0,0.0,0.0,0,4.71,0,0,2.96,0
2022,10,3,2,0,0.0,0.0,0.0,0,4.41,0,0,3.01,0
2022,10,3,3,0,0.0,0.0,0.0,0,4.6,0,0,2.82,0
2022,10,3,4,0,0.0,0.0,0.0,0,4.95,0,0,2.16,0
2022,10,3,5,0,51.7,4.01,4.4,0,5.03,0,0,1.65,0
2022,10,3,6,0,495.08,39.95,134.75,0,5.22,0,0,1.26,0
2022,10,3,7,0,621.58,90.64,344.2,0,6.41,0,0,1.02,0
2022,10,3,8,0,794.9,114.63,558.95,0,9.77,0,0,0.51,0
2022,10,3,9,0,721.45,155.53,684.03,0,13.29,0,0,0.4,0
2022,10,3,10,0,627.79,226.77,785.92,0,14.98,0,0,0.48,0
2022,10,3,11,0,556.04,257.94,806.75,0,16.24,0,0,0.57,0
2022,10,3,12,0,690.18,222.59,797.15,0,17.11,0,0,0.72,0
2022,10,3,13,0,472.73,350.75,752.2,0,17.47,0,0,0.89,0
2022,10,3,14,0,497.3,263.38,561.85,0,17.54,0,0,1.09,0
2022,10,3,15,0,421.51,176.66,407.8,0,17.42,0,0,1.29,0
2022,10,3,16,0,309.4,114.67,213.77,0,16.81,0,0,1.44,0
2022,10,3,17,0,105.72,40.84,54.3,0,15.18,0,0,1.68,0
2022,10,3,18,0,0.0,0.0,0.0,0,12.41,0,0,2.77,0
2022,10,3,19,0,0.0,0.0,0.0,0,11.01,0,0,2.84,0
2022,10,3,20,0,0.0,0.0,0.0,0,9.88,0,0,2.78,0
2022,10,3,21,0,0.0,0.0,0.0,0,8.82,0,0,3.07,0
2022,10,3,22,0,0.0,0.0,0.0,0,7.8,0,0,3.82,0
2022,10,3,23,0,0.0,0.0,0.0,0,7.46,0,0,3.42,0
2022,10,4,0,0,0.0,0.0,0.0,0,7.19,0,0,2.89,0
2022,10,4,1,0,0.0,0.0,0.0,0,6.99,0,0,2.77,0
2022,10,4,2,0,0.0,0.0,0.0,0,6.82,0,0,2.38,0
2022,10,4,3,0,0.0,0.0,0.0,0,6.84,0,0,2.0,0
2022,10,4,4,0,0.0,0.0,0.0,0,6.99,0,0,1.41,0
2022,10,4,5,0,21.33,6.53,4.55,0,7.06,0,0,1.12,0
2022,10,4,6,0,312.03,65.89,119.82,0,7.68,0,0,0.83,0
2022,10,4,7,0,467.57,146.73,310.25,0,10.12,0,0,0.65,0
2022,10,4,8,0,619.06,166.36,514.1,0,13.57,0,0,0.16,0
2022,10,4,9,0,510.59,296.94,628.7,0,15.68,0,0,0.59,0
2022,10,4,10,0,491.88,359.52,738.8,0,16.76,0,0,1.06,0
2022,10,4,11,0,266.77,438.83,761.65,0,17.47,0,0,0.86,0
2022,10,4,12,0,340.11,428.9,697.95,0,18.05,0,0,0.81,0
2022,10,4,13,0,231.49,394.56,621.1,0,18.37,0,0,0.72,0
2022,10,4,14,0,108.33,300.1,448.17,0,18.56,0,0,0.54,0
2022,10,4,15,0,110.04,216.59,287.98,0,18.25,0,0,0.66,0
2022,10,4,16,0,98.05,128.01,160.55,0,17.41,0,0,1.41,0
2022,10,4,17,0,16.47,41.95,42.78,0,15.82,0,0,2.39,0
2022,10,4,18,0,0.0,0.0,0.0,0,13.7,0,0,3.37,0
2022,10,4,19,0,0.0,0.0,0.0,0,12.8,0,0,3.88,0
2022,10,4,20,0,0.0,0.0,0.0,0,12.4,0,0,4.12,0
2022,10,4,21,0,0.0,0.0,0.0,0,11.49,0,0,4.26,0
2022,10,4,22,0,0.0,0.0,0.0,0,10.7,0,0,4.44,0
2022,10,4,23,0,0.0,0.0,0.0,0,10.19,0,0,4.62,0
2022,10,5,0,0,0.0,0.0,0.0,0,9.85,0,0,4.88,0
2022,10,5,1,0,0.0,0.0,0.0,0,9.65,0,0,5.02,0
2022,10,5,2,0,0.0,0.0,0.0,0,9.62,0,0,5.32,0
2022,10,5,3,0,0.0,0.0,0.0,0,9.49,0,0,5.71,0
2022,10,5,4,0,0.0,0.0,0.0,0,9.37,0,0,5.72,0
2022,10,5,5,0,0.0,3.01,2.45,0,9.36,0,0,5.47,0
2022,10,5,6,0,0.0,34.82,39.83,0,9.59,0,0,5.77,0
2022,10,5,7,0,0.0,82.42,91.43,0,9.9,0,0,6.11,0
2022,10,5,8,0,0.0,40.4,48.35,0,10.44,0,0,6.53,0
2022,10,5,9,0,0.0,101.99,121.88,0,11.38,0,0,7.08,0
2022,10,5,10,0,0.0,127.79,156.1,0,12.52,0,0,7.52,0
2022,10,5,11,0,0.0,193.25,232.68,0,12.86,0,0,7.25,0
2022,10,5,12,0,0.0,184.55,230.73,0,13.06,0,0,6.84,0
2022,10,5,13,0,0.0,158.18,192.57,0,13.15,0,0,6.6,0
2022,10,5,14,0,0.0,111.66,135.57,0,12.97,0,0,6.28,0
2022,10,5,15,0,0.0,30.04,34.15,0,12.63,0,0,5.92,0
2022,10,5,16,0,0.0,14.66,18.08,0,12.02,0,0,5.88,0
2022,10,5,17,0,0.0,5.89,6.05,0,11.23,0,0,5.92,0
2022,10,5,18,0,0.0,0.0,0.0,0,10.54,0,0,6.01,0
2022,10,5,19,0,0.0,0.0,0.0,0,10.17,0,0,6.02,0
2022,10,5,20,0,0.0,0.0,0.0,0,9.98,0,0,5.97,0
2022,10,5,21,0,0.0,0.0,0.0,0,9.84,0,0,5.81,0
2022,10,5,22,0,0.0,0.0,0.0,0,9.75,0,0,5.69,0
2022,10,5,23,0,0.0,0.0,0.0,0,9.71,0,0,5.42,0
2022,10,6,0,0,0.0,0.0,0.0,0,9.7,0,0,5.35,0
2022,10,6,1,0,0.0,0.0,0.0,0,9.64,0,0,5.27,0
2022,10,6,2,0,0.0,0.0,0.0,0,9.53,0,0,5.02,0
2022,10,6,3,0,0.0,0.0,0.0,0,9.41,0,0,4.79,0
2022,10,6,4,0,0.0,0.0,0.0,0,9.34,0,0,4.59,0
2022,10,6,5,0,0.0,3.51,2.62,0,9.22,0,0,4.34,0
2022,10,6,6,0,3.5,36.17,40.28,0,9.36,0,0,4.19,0
2022,10,6,7,0,0.79,95.07,105.55,0,9.91,0,0,4.03,0
2022,10,6,8,0,3.01,148.4,178.0,0,10.65,0,0,4.4,0
2022,10,6,9,0,5.08,201.23,241.2,0,11.5,0,0,4.5,0
2022,10,6,10,0,19.09,193.02,238.98,0,12.45,0,0,4.38,0
2022,10,6,11,0,33.92,182.91,225.68,0,13.42,0,0,4.3,0
2022,10,6,12,0,53.95,196.56,255.3,0,14.09,0,0,4.23,0
2022,10,6,13,0,98.97,211.23,299.5,0,14.64,0,0,4.07,0
2022,10,6,14,0,52.64,172.07,233.18,0,14.98,0,0,3.86,0
2022,10,6,15,0,66.5,120.94,161.02,0,14.89,0,0,3.53,0
2022,10,6,16,0,123.0,82.32,104.97,0,14.44,0,0,3.11,0
2022,10,6,17,0,54.36,25.04,29.12,0,13.65,0,0,2.59,0
2022,10,6,18,0,0.0,0.0,0.0,0,12.34,0,0,2.94,0
2022,10,6,19,0,0.0,0.0,0.0,0,11.49,0,0,3.4,0
2022,10,6,20,0,0.0,0.0,0.0,0,10.97,0,0,3.46,0
2022,10,6,21,0,0.0,0.0,0.0,0,10.71,0,0,3.44,0
2022,10,6,22,0,0.0,0.0,0.0,0,10.63,0,0,3.45,0
2022,10,6,23,0,0.0,0.0,0.0,0,10.59,0,0,3.45,0
2022,10,7,0,0,0.0,0.0,0.0,0,10.49,0,0,3.06,0
2022,10,7,1,0,0.0,0.0,0.0,0,10.31,0,0,3.04,0
2022,10,7,2,0,0.0,0.0,0.0,0,10.16,0,0,2.97,0
2022,10,7,3,0,0.0,0.0,0.0,0,10.1,0,0,2.86,0
2022,10,7,4,0,0.0,0.0,0.0,0,10.07,0,0,2.88,0
2022,10,7,5,0,2.14,5.27,4.2,0,10.03,0,0,3.07,0
2022,10,7,6,0,37.42,63.35,71.4,0,10.8,0,0,3.35,0
2022,10,7,7,0,29.75,148.81,172.43,0,12.53,0,0,3.13,0
2022,10,7,8,0,0.0,130.87,155.68,0,14.05,0,0,3.48,0
2022,10,7,9,0,0.0,143.15,177.07,0,14.68,0,0,3.78,0
2022,10,7,10,0,3.19,78.97,101.8,0,14.57,0,0,3.75,0
2022,10,7,11,0,16.97,132.14,161.82,0,14.74,0,0,4.33,0
2022,10,7,12,0,0.0,135.86,169.85,0,14.99,0,0,5.03,0
2022,10,7,13,0,0.0,151.37,181.48,0,14.83,0,0,4.52,0
2022,10,7,14,0,0.0,83.86,101.82,0,14.75,0,0,3.52,0
2022,10,7,15,0,0.0,62.32,70.8,0,14.9,0,0,3.08,0
2022,10,7,16,0,0.0,45.02,55.53,0,14.94,0,0,2.4,0
2022,10,7,17,0,0.0,21.35,21.92,0,14.61,0,0,2.58,0
2022,10,7,18,0,0.0,0.0,0.0,0,13.68,0,0,3.3,0
2022,10,7,19,0,0.0,0.0,0.0,0,13.39,0,0,3.46,0
2022,10,7,20,0,0.0,0.0,0.0,0,13.24,0,0,3.44,0
2022,10,7,21,0,0.0,0.0,0.0,0,13.03,0,0,3.33,0
2022,10,7,22,0,0.0,0.0,0.0,0,12.8,0,0,3.38,0
2022,10,7,23,0,0.0,0.0,0.0,0,12.66,0,0,3.23,0
2022,10,8,0,0,0.0,0.0,0.0,0,12.49,0,0,3.34,0
2022,10,8,1,0,0.0,0.0,0.0,0,12.32,0,0,3.31,0
2022,10,8,2,0,0.0,0.0,0.0,0,12.05,0,0,2.98,0
2022,10,8,3,0,0.0,0.0,0.0,0,11.74,0,0,2.85,0
2022,10,8,4,0,0.0,0.0,0.0,0,11.4,0,0,2.65,0
2022,10,8,5,0,9.62,5.91,4.7,0,11.1,0,0,2.51,0
2022,10,8,6,0,136.3,42.91,61.58,0,11.58,0,0,2.0,0
2022,10,8,7,0,95.06,73.49,108.53,0,12.73,0,0,1.27,0
2022,10,8,8,0,0.69,97.11,115.6,0,13.7,0,0,1.38,0
2022,10,8,9,0,64.85,142.16,196.1,0,14.66,0,0,1.39,0
2022,10,8,10,0,9.17,243.02,313.15,0,16.16,0,0,1.96,0
2022,10,8,11,0,54.86,232.76,334.48,0,17.45,0,0,2.62,0
2022,10,8,12,0,63.29,192.73,292.4,0,17.8,0,0,2.59,0
2022,10,8,13,0,0.49,147.72,177.2,0,17.87,0,0,1.83,0
2022,10,8,14,0,59.25,39.19,64.78,0,17.84,0,0,1.22,0
2022,10,8,15,0,4.76,41.72,47.83,0,17.54,0,0,2.45,0
2022,10,8,16,0,0.0,90.31,111.38,0,16.61,0,0,0.74,0
2022,10,8,17,0,0.0,33.83,34.75,0,14.96,0,0,1.94,0
2022,10,8,18,0,0.0,0.0,0.0,0,13.09,0,0,3.72,0
2022,10,8,19,0,0.0,0.0,0.0,0,11.65,0,0,3.44,0
2022,10,8,20,0,0.0,0.0,0.0,0,9.87,0,0,4.59,0
2022,10,8,21,0,0.0,0.0,0.0,0,7.57,0,0,5.61,0
2022,10,8,22,0,0.0,0.0,0.0,0,6.63,0,0,6.09,0
2022,10,8,23,0,0.0,0.0,0.0,0,6.19,0,0,5.25,0
2022,10,9,0,0,0.0,0.0,0.0,0,5.66,0,0,4.22,0
2022,10,9,1,0,0.0,0.0,0.0,0,4.93,0,0,3.7,0
2022,10,9,2,0,0.0,0.0,0.0,0,3.95,0,0,3.62,0
2022,10,9,3,0,0.0,0.0,0.0,0,2.94,0,0,3.95,0
2022,10,9,4,0,0.0,0.0,0.0,0,2.21,0,0,3.81,0
2022,10,9,5,0,14.18,8.88,7.03,0,2.0,0,0,3.52,0
2022,10,9,6,0,115.32,76.47,92.65,0,2.35,0,0,3.17,0
2022,10,9,7,0,296.3,116.32,201.48,0,3.53,0,0,3.03,0
2022,10,9,8,0,181.95,209.6,330.23,0,5.77,0,0,2.81,0
2022,10,9,9,0,141.38,354.24,516.78,0,8.86,0,0,3.33,0
2022,10,9,10,0,364.75,413.92,668.78,0,11.24,0,0,3.67,0
2022,10,9,11,0,398.36,418.9,783.53,0,12.52,0,0,3.49,0
2022,10,9,12,0,556.91,157.2,767.65,0,13.26,0,0,3.4,0
2022,10,9,13,0,594.01,326.68,722.15,0,13.52,0,0,3.44,0
2022,10,9,14,0,658.93,130.52,560.6,0,13.45,0,0,3.5,0
2022,10,9,15,0,735.67,90.63,426.98,0,13.04,0,0,3.54,0
2022,10,9,16,0,544.24,78.12,262.3,0,12.22,0,0,3.5,0
2022,10,9,17,0,315.06,32.46,87.57,0,10.84,0,0,3.11,0
2022,10,9,18,0,0.0,0.0,0.0,0,8.62,0,0,3.04,0
2022,10,9,19,0,0.0,0.0,0.0,0,7.25,0,0,3.07,0
2022,10,9,20,0,0.0,0.0,0.0,0,6.31,0,0,2.81,0
2022,10,9,21,0,0.0,0.0,0.0,0,5.47,0,0,2.57,0
2022,10,9,22,0,0.0,0.0,0.0,0,4.67,0,0,2.53,0
2022,10,9,23,0,0.0,0.0,0.0,0,3.94,0,0,2.56,0
2022,10,10,0,0,0.0,0.0,0.0,0,3.38,0,0,2.74,0
2022,10,10,1,0,0.0,0.0,0.0,0,2.98,0,0,2.98,0
2022,10,10,2,0,0.0,0.0,0.0,0,2.71,0,0,3.08,0
2022,10,10,3,0,0.0,0.0,0.0,0,2.58,0,0,3.18,0
2022,10,10,4,0,0.0,0.0,0.0,0,3.14,0,0,3.18,0
2022,10,10,5,0,76.52,8.1,10.25,0,3.97,0,0,2.84,0
2022,10,10,6,0,570.23,43.93,151.52,0,4.96,0,0,2.65,0
2022,10,10,7,0,582.5,83.15,338.55,0,6.29,0,0,2.68,0
2022,10,10,8,0,710.82,109.12,528.17,0,7.63,0,0,2.95,0
2022,10,10,9,0,771.59,176.54,698.9,0,8.87,0,0,3.23,0
2022,10,10,10,0,729.87,227.15,828.8,0,10.77,0,0,3.17,0
2022,10,10,11,0,623.91,274.66,851.6,0,12.87,0,0,3.13,0
2022,10,10,12,0,545.14,253.36,836.67,0,14.47,0,0,2.96,0
2022,10,10,13,0,778.07,175.2,747.15,0,15.46,0,0,2.6,0
2022,10,10,14,0,621.82,200.01,643.8,0,15.85,0,0,2.35,0
2022,10,10,15,0,386.29,202.94,406.52,0,15.73,0,0,2.34,0
2022,10,10,16,0,391.67,85.27,218.32,0,15.09,0,0,2.4,0
2022,10,10,17,0,168.24,36.07,72.65,0,13.78,0,0,2.28,0
2022,10,10,18,0,0.0,0.0,0.0,0,11.66,0,0,2.85,0
2022,10,10,19,0,0.0,0.0,0.0,0,10.49,0,0,3.36,0
2022,10,10,20,0,0.0,0.0,0.0,0,9.49,0,0,3.88,0
2022,10,10,21,0,0.0,0.0,0.0,0,8.82,0,0,4.09,0
2022,10,10,22,0,0.0,0.0,0.0,0,8.08,0,0,4.17,0
2022,10,10,23,0,0.0,0.0,0.0,0,7.71,0,0,4.33,0
2022,10,11,0,0,0.0,0.0,0.0,0,7.46,0,0,4.42,0
2022,10,11,1,0,0.0,0.0,0.0,0,7.27,0,0,4.19,0
2022,10,11,2,0,0.0,0.0,0.0,0,7.13,0,0,4.12,0
2022,10,11,3,0,0.0,0.0,0.0,0,7.07,0,0,3.99,0
2022,10,11,4,0,0.0,0.0,0.0,0,7.1,0,0,4.0,0
2022,10,11,5,0,13.97,11.73,8.23,0,7.1,0,0,3.95,0
2022,10,11,6,0,156.74,85.9,113.38,0,7.71,0,0,3.77,0
2022,10,11,7,0,319.75,131.35,254.52,0,9.11,0,0,4.33,0
2022,10,11,8,0,480.91,168.84,413.0,0,11.39,0,0,4.31,0
2022,10,11,9,0,283.05,334.45,560.1,0,13.53,0,0,3.61,0
2022,10,11,10,0,517.76,371.32,570.08,0,14.89,0,0,2.99,0
2022,10,11,11,0,236.05,441.04,601.55,0,15.67,0,0,2.63,0
2022,10,11,12,0,186.51,461.61,621.75,0,16.26,0,0,2.47,0
2022,10,11,13,0,237.11,334.81,574.72,0,16.77,0,0,2.42,0
2022,10,11,14,0,165.95,316.51,497.77,0,16.86,0,0,2.45,0
2022,10,11,15,0,201.89,231.27,342.62,0,16.5,0,0,2.52,0
2022,10,11,16,0,313.02,101.02,184.88,0,15.72,0,0,2.65,0
2022,10,11,17,0,130.71,47.59,64.07,0,14.69,0,0,2.79,0
2022,10,11,18,0,0.0,0.0,0.0,0,13.22,0,0,3.3,0
2022,10,11,19,0,0.0,0.0,0.0,0,12.24,0,0,3.49,0
2022,10,11,20,0,0.0,0.0,0.0,0,11.29,0,0,3.07,0
2022,10,11,21,0,0.0,0.0,0.0,0,10.32,0,0,3.22,0
2022,10,11,22,0,0.0,0.0,0.0,0,9.73,0,0,3.47,0
2022,10,11,23,0,0.0,0.0,0.0,0,9.43,0,0,3.29,0
2022,10,12,0,0,0.0,0.0,0.0,0,9.16,0,0,3.3,0
2022,10,12,1,0,0.0,0.0,0.0,0,8.92,0,0,3.46,0
2022,10,12,2,0,0.0,0.0,0.0,0,8.76,0,0,3.55,0
2022,10,12,3,0,0.0,0.0,0.0,0,8.49,0,0,3.35,0
2022,10,12,4,0,0.0,0.0,0.0,0,8.35,0,0,3.57,0
2022,10,12,5,0,31.74,9.39,10.35,0,8.21,0,0,3.69,0
2022,10,12,6,0,399.31,55.29,147.02,0,8.61,0,0,3.99,0
2022,10,12,7,0,576.1,83.33,329.35,0,9.96,0,0,4.42,0
2022,10,12,8,0,645.96,122.69,513.05,0,12.15,0,0,4.42,0
2022,10,12,9,0,637.13,383.63,657.38,0,14.26,0,0,4.22,0
2022,10,12,10,0,584.56,507.64,755.58,0,15.83,0,0,3.86,0
2022,10,12,11,0,173.72,497.07,657.17,0,16.81,0,0,3.48,0
2022,10,12,12,0,688.69,391.5,612.88,0,17.19,0,0,3.07,0
2022,10,12,13,0,5.76,377.47,468.12,0,16.91,0,0,2.77,0
2022,10,12,14,0,25.0,333.02,411.75,0,16.46,0,0,2.67,0
2022,10,12,15,0,0.0,191.76,216.65,0,16.02,0,0,2.6,0
2022,10,12,16,0,0.0,110.78,116.2,0,15.4,0,0,2.49,0
2022,10,12,17,0,0.0,28.55,30.33,0,14.4,0,0,2.89,0
2022,10,12,18,0,0.0,0.0,0.0,0,13.29,0,0,3.4,0
2022,10,12,19,0,0.0,0.0,0.0,0,12.65,0,0,3.84,0
2022,10,12,20,0,0.0,0.0,0.0,0,12.2,0,0,4.32,0
2022,10,12,21,0,0.0,0.0,0.0,0,11.64,0,0,4.29,0
2022,10,12,22,0,0.0,0.0,0.0,0,11.01,0,0,4.24,0
2022,10,12,23,0,0.0,0.0,0.0,0,10.43,0,0,4.27,0
2022,10,13,0,0,0.0,0.0,0.0,0,9.98,0,0,4.4,0
2022,10,13,1,0,0.0,0.0,0.0,0,9.51,0,0,4.4,0
2022,10,13,2,0,0.0,0.0,0.0,0,8.98,0,0,4.48,0
2022,10,13,3,0,0.0,0.0,0.0,0,8.5,0,0,4.53,0
2022,10,13,4,0,0.0,0.0,0.0,0,8.24,0,0,4.62,0
2022,10,13,5,0,6.63,8.0,6.95,0,8.22,0,0,4.49,0
2022,10,13,6,0,29.22,77.02,81.53,0,9.08,0,0,4.45,0
2022,10,13,7,0,30.1,151.51,187.45,0,10.05,0,0,4.55,0
2022,10,13,8,0,0.0,168.41,198.93,0,11.58,0,0,5.01,0
2022,10,13,9,0,20.41,244.14,286.73,0,13.82,0,0,5.38,0
2022,10,13,10,0,24.58,351.09,436.05,0,15.61,0,0,5.61,0
2022,10,13,11,0,72.18,488.7,644.8,0,16.91,0,0,5.81,0
2022,10,13,12,0,186.38,441.15,693.92,0,17.67,0,0,5.98,0
2022,10,13,13,0,283.99,494.05,654.78,0,17.95,0,0,6.27,0
2022,10,13,14,0,58.19,358.67,452.33,0,17.87,0,0,6.6,0
2022,10,13,15,0,6.94,252.43,293.17,0,17.21,0,0,6.75,0
2022,10,13,16,0,0.52,127.38,141.2,0,16.28,0,0,6.67,0
2022,10,13,17,0,0.0,37.73,40.08,0,15.19,0,0,6.55,0
2022,10,13,18,0,0.0,0.0,0.0,0,13.92,0,0,6.66,0
2022,10,13,19,0,0.0,0.0,0.0,0,13.42,0,0,6.9,0
2022,10,13,20,0,0.0,0.0,0.0,0,13.36,0,0,6.83,0
2022,10,13,21,0,0.0,0.0,0.0,0,13.37,0,0,7.12,0
2022,10,13,22,0,0.0,0.0,0.0,0,13.49,0,0,7.37,0
2022,10,13,23,0,0.0,0.0,0.0,0,13.64,0,0,7.78,0
2022,10,14,0,0,0.0,0.0,0.0,0,13.65,0,0,7.82,0
2022,10,14,1,0,0.0,0.0,0.0,0,13.39,0,0,7.04,0
2022,10,14,2,0,0.0,0.0,0.0,0,12.54,0,0,5.76,0
2022,10,14,3,0,0.0,0.0,0.0,0,10.98,0,0,6.69,0
2022,10,14,4,0,0.0,0.0,0.0,0,8.28,0,0,5.37,0
2022,10,14,5,0,14.51,10.67,7.12,0,6.48,0,0,3.2,0
2022,10,14,6,0,108.49,83.04,98.93,0,6.06,0,0,3.4,0
2022,10,14,7,0,237.41,151.34,239.77,0,6.79,0,0,4.33,0
2022,10,14,8,0,354.91,212.67,402.73,0,8.79,0,0,5.41,0
2022,10,14,9,0,593.42,223.94,658.67,0,11.03,0,0,6.52,0
2022,10,14,10,0,603.94,288.27,820.83,0,12.55,0,0,6.8,0
2022,10,14,11,0,579.91,297.75,816.35,0,13.34,0,0,6.95,0
2022,10,14,12,0,585.79,182.58,694.65,0,13.77,0,0,6.98,0
2022,10,14,13,0,332.73,348.97,673.03,0,13.86,0,0,6.99,0
2022,10,14,14,0,652.89,101.27,477.2,0,13.61,0,0,7.01,0
2022,10,14,15,0,548.14,124.46,361.4,0,13.18,0,0,6.88,0
2022,10,14,16,0,448.53,72.54,228.88,0,12.56,0,0,6.51,0
2022,10,14,17,0,359.51,35.45,88.7,0,11.54,0,0,5.49,0
2022,10,14,18,0,0.0,0.0,0.0,0,10.09,0,0,4.62,0
2022,10,14,19,0,0.0,0.0,0.0,0,9.43,0,0,4.58,0
2022,10,14,20,0,0.0,0.0,0.0,0,8.74,0,0,4.58,0
2022,10,14,21,0,0.0,0.0,0.0,0,8.27,0,0,4.28,0
2022,10,14,22,0,0.0,0.0,0.0,0,7.78,0,0,4.07,0
2022,10,14,23,0,0.0,0.0,0.0,0,7.39,0,0,3.95,0
2022,10,15,0,0,0.0,0.0,0.0,0,7.03,0,0,3.73,0
2022,10,15,1,0,0.0,0.0,0.0,0,6.55,0,0,3.5,0
2022,10,15,2,0,0.0,0.0,0.0,0,6.09,0,0,3.21,0
2022,10,15,3,0,0.0,0.0,0.0,0,5.82,0,0,3.1,0
2022,10,15,4,0,0.0,0.0,0.0,0,5.73,0,0,2.83,0
2022,10,15,5,0,113.03,10.78,18.08,0,5.72,0,0,2.61,0
2022,10,15,6,0,634.14,41.98,196.93,0,6.79,0,0,2.4,0
2022,10,15,7,0,848.75,59.51,427.27,0,9.2,0,0,2.87,0
2022,10,15,8,0,921.04,74.57,643.22,0,11.6,0,0,2.61,0
2022,10,15,9,0,898.01,134.95,812.3,0,13.45,0,0,2.13,0
2022,10,15,10,0,693.78,239.88,877.75,0,14.97,0,0,2.13,0
2022,10,15,11,0,679.66,266.83,897.05,0,16.05,0,0,2.41,0
2022,10,15,12,0,757.32,214.92,900.72,0,16.75,0,0,2.76,0
2022,10,15,13,0,635.34,262.98,822.97,0,17.05,0,0,3.02,0
2022,10,15,14,0,834.34,99.39,673.4,0,16.94,0,0,3.14,0
2022,10,15,15,0,634.95,121.73,469.85,0,16.48,0,0,3.18,0
2022,10,15,16,0,527.46,80.7,281.33,0,15.62,0,0,3.14,0
2022,10,15,17,0,431.89,35.79,98.7,0,14.26,0,0,2.97,0
2022,10,15,18,0,0.0,0.0,0.0,0,12.3,0,0,3.03,0
2022,10,15,19,0,0.0,0.0,0.0,0,11.05,0,0,3.22,0
2022,10,15,20,0,0.0,0.0,0.0,0,10.18,0,0,3.26,0
2022,10,15,21,0,0.0,0.0,0.0,0,9.38,0,0,3.2,0
2022,10,15,22,0,0.0,0.0,0.0,0,8.68,0,0,3.06,0
2022,10,15,23,0,0.0,0.0,0.0,0,8.0,0,0,3.03,0
2022,10,16,0,0,0.0,0.0,0.0,0,7.23,0,0,3.04,0
2022,10,16,1,0,0.0,0.0,0.0,0,6.49,0,0,2.99,0
2022,10,16,2,0,0.0,0.0,0.0,0,5.89,0,0,2.92,0
2022,10,16,3,0,0.0,0.0,0.0,0,5.52,0,0,2.79,0
2022,10,16,4,0,0.0,0.0,0.0,0,5.34,0,0,2.54,0
2022,10,16,5,0,76.22,14.22,16.7,0,5.23,0,0,2.29,0
2022,10,16,6,0,353.56,81.08,161.6,0,6.44,0,0,1.76,0
2022,10,16,7,0,338.13,185.73,319.52,0,9.15,0,0,1.6,0
2022,10,16,8,0,371.77,253.67,472.7,0,12.29,0,0,2.03,0
2022,10,16,9,0,381.69,326.9,652.62,0,14.02,0,0,2.25,0
2022,10,16,10,0,332.65,563.07,750.35,0,15.17,0,0,2.52,0
2022,10,16,11,0,502.62,450.1,835.62,0,15.95,0,0,2.82,0
2022,10,16,12,0,539.84,357.89,840.53,0,16.02,0,0,2.95,0
2022,10,16,13,0,250.95,404.53,739.62,0,15.86,0,0,2.98,0
2022,10,16,14,0,501.7,314.51,616.42,0,15.43,0,0,3.01,0
2022,10,16,15,0,86.4,292.15,367.92,0,14.75,0,0,3.06,0
2022,10,16,16,0,118.58,181.33,211.07,0,13.9,0,0,3.02,0
2022,10,16,17,0,81.28,60.36,73.82,0,12.89,0,0,2.78,0
2022,10,16,18,0,0.0,0.0,0.0,0,11.64,0,0,3.0,0
2022,10,16,19,0,0.0,0.0,0.0,0,10.69,0,0,3.24,0
2022,10,16,20,0,0.0,0.0,0.0,0,10.05,0,0,2.98,0
2022,10,16,21,0,0.0,0.0,0.0,0,9.61,0,0,3.18,0
2022,10,16,22,0,0.0,0.0,0.0,0,9.33,0,0,3.18,0
2022,10,16,23,0,0.0,0.0,0.0,0,9.07,0,0,3.08,0
2022,10,17,0,0,0.0,0.0,0.0,0,8.72,0,0,2.97,0
2022,10,17,1,0,0.0,0.0,0.0,0,8.29,0,0,2.86,0
2022,10,17,2,0,0.0,0.0,0.0,0,7.88,0,0,2.7,0
2022,10,17,3,0,0.0,0.0,0.0,0,7.51,0,0,2.54,0
2022,10,17,4,0,0.0,0.0,0.0,0,7.23,0,0,2.7,0
2022,10,17,5,0,11.99,11.65,11.62,0,7.1,0,0,2.81,0
2022,10,17,6,0,105.69,83.83,111.43,0,8.12,0,0,2.64,0
2022,10,17,7,0,162.86,218.2,271.73,0,9.97,0,0,2.88,0
2022,10,17,8,0,211.13,256.11,393.45,0,12.11,0,0,3.06,0
2022,10,17,9,0,271.74,262.77,504.95,0,13.96,0,0,3.04,0
2022,10,17,10,0,279.1,306.31,653.55,0,15.41,0,0,2.88,0
2022,10,17,11,0,338.14,382.18,748.25,0,16.25,0,0,2.46,0
2022,10,17,12,0,383.94,324.5,753.75,0,16.99,0,0,1.87,0
2022,10,17,13,0,623.98,155.4,608.88,0,17.45,0,0,1.21,0
2022,10,17,14,0,483.31,249.15,568.58,0,17.6,0,0,0.77,0
2022,10,17,15,0,260.84,238.52,416.2,0,17.46,0,0,0.62,0
2022,10,17,16,0,433.16,83.74,229.38,0,16.91,0,0,0.99,0
2022,10,17,17,0,296.4,41.15,87.3,0,15.67,0,0,1.73,0
2022,10,17,18,0,0.0,0.0,0.0,0,13.67,0,0,2.78,0
2022,10,17,19,0,0.0,0.0,0.0,0,12.4,0,0,3.3,0
2022,10,17,20,0,0.0,0.0,0.0,0,11.56,0,0,3.72,0
2022,10,17,21,0,0.0,0.0,0.0,0,11.24,0,0,3.98,0
2022,10,17,22,0,0.0,0.0,0.0,0,10.54,0,0,3.95,0
2022,10,17,23,0,0.0,0.0,0.0,0,9.9,0,0,4.17,0
2022,10,18,0,0,0.0,0.0,0.0,0,9.44,0,0,3.78,0
2022,10,18,1,0,0.0,0.0,0.0,0,9.18,0,0,4.05,0
2022,10,18,2,0,0.0,0.0,0.0,0,9.01,0,0,3.85,0
2022,10,18,3,0,0.0,0.0,0.0,0,8.9,0,0,3.72,0
2022,10,18,4,0,0.0,0.0,0.0,0,8.73,0,0,3.95,0
2022,10,18,5,0,68.43,16.57,17.52,0,8.57,0,0,4.3,0
2022,10,18,6,0,281.72,98.04,157.18,0,9.35,0,0,3.94,0
2022,10,18,7,0,330.02,168.08,325.6,0,10.87,0,0,4.42,0
2022,10,18,8,0,397.84,303.01,494.45,0,12.96,0,0,4.32,0
2022,10,18,9,0,192.07,462.95,585.28,0,15.09,0,0,4.29,0
2022,10,18,10,0,109.44,428.22,648.25,0,16.51,0,0,4.21,0
2022,10,18,11,0,107.52,456.32,656.08,0,16.98,0,0,3.95,0
2022,10,18,12,0,161.93,406.93,659.9,0,16.87,0,0,3.75,0
2022,10,18,13,0,3.31,341.2,437.73,0,16.42,0,0,3.5,0
2022,10,18,14,0,0.3,300.66,353.52,0,16.45,0,0,3.32,0
2022,10,18,15,0,0.0,213.57,242.48,0,16.4,0,0,2.93,0
2022,10,18,16,0,3.66,131.0,143.88,0,15.9,0,0,2.35,0
2022,10,18,17,0,11.51,42.88,45.78,0,15.04,0,0,2.34,0
2022,10,18,18,0,0.0,0.0,0.0,0,13.79,0,0,2.96,0
2022,10,18,19,0,0.0,0.0,0.0,0,13.11,0,0,3.33,0
2022,10,18,20,0,0.0,0.0,0.0,0,12.73,0,0,3.27,0
2022,10,18,21,0,0.0,0.0,0.0,0,12.35,0,0,2.83,0
2022,10,18,22,0,0.0,0.0,0.0,0,12.22,0,0,2.05,0
2022,10,18,23,0,0.0,0.0,0.0,0,12.23,0,0,1.41,0
2022,10,19,0,0,0.0,0.0,0.0,0,11.73,0,0,1.23,0
2022,10,19,1,0,0.0,0.0,0.0,0,11.09,0,0,1.92,0
2022,10,19,2,0,0.0,0.0,0.0,0,11.06,0,0,2.58,0
2022,10,19,3,0,0.0,0.0,0.0,0,11.07,0,0,2.72,0
2022,10,19,4,0,0.0,0.0,0.0,0,10.83,0,0,2.74,0
2022,10,19,5,0,8.01,16.17,13.77,0,10.6,0,0,3.09,0
2022,10,19,6,0,61.75,100.4,122.8,0,11.12,0,0,3.37,0
2022,10,19,7,0,57.03,227.58,277.5,0,12.06,0,0,2.82,0
2022,10,19,8,0,69.67,375.51,449.33,0,12.96,0,0,2.34,0
2022,10,19,9,0,36.41,428.36,519.47,0,14.2,0,0,2.69,0
2022,10,19,10,0,23.38,448.3,566.03,0,15.35,0,0,3.09,0
2022,10,19,11,0,19.84,487.66,601.5,0,16.09,0,0,3.41,0
2022,10,19,12,0,30.02,388.34,494.33,0,16.35,0,0,3.78,0
2022,10,19,13,0,3.55,280.87,360.48,0,16.32,0,0,3.88,0
2022,10,19,14,0,0.0,187.33,220.25,0,16.08,0,0,3.56,0
2022,10,19,15,0,0.0,142.38,161.65,0,15.82,0,0,3.43,0
2022,10,19,16,0,0.0,73.6,80.75,0,15.5,0,0,3.53,0
2022,10,19,17,0,0.0,34.83,35.72,0,14.88,0,0,3.87,0
2022,10,19,18,0,0.0,0.0,0.0,0,13.93,0,0,4.05,0
2022,10,19,19,0,0.0,0.0,0.0,0,13.46,0,0,4.24,0
2022,10,19,20,0,0.0,0.0,0.0,0,13.3,0,0,4.3,0
2022,10,19,21,0,0.0,0.0,0.0,0,13.17,0,0,4.33,0
2022,10,19,22,0,0.0,0.0,0.0,0,13.02,0,0,4.26,0
2022,10,19,23,0,0.0,0.0,0.0,0,12.89,0,0,4.24,0
2022,10,20,0,0,0.0,0.0,0.0,0,12.76,0,0,4.23,0
2022,10,20,1,0,0.0,0.0,0.0,0,12.63,0,0,4.11,0
2022,10,20,2,0,0.0,0.0,0.0,0,12.5,0,0,4.45,0
2022,10,20,3,0,0.0,0.0,0.0,0,12.44,0,0,4.6,0
2022,10,20,4,0,0.0,0.0,0.0,0,12.37,0,0,4.41,0
2022,10,20,5,0,0.0,8.03,7.97,0,12.31,0,0,4.07,0
2022,10,20,6,0,0.0,54.29,61.22,0,12.64,0,0,4.11,0
2022,10,20,7,0,0.0,103.57,125.25,0,13.22,0,0,3.56,0
2022,10,20,8,0,0.0,166.7,193.48,0,14.17,0,0,3.84,0
2022,10,20,9,0,21.73,173.5,211.48,0,15.63,0,0,4.36,0
2022,10,20,10,0,4.66,334.5,403.45,0,17.59,0,0,4.5,0
2022,10,20,11,0,14.73,377.09,465.02,0,19.34,0,0,4.22,0
2022,10,20,12,0,3.07,329.38,416.2,0,20.5,0,0,4.03,0
2022,10,20,13,0,21.97,312.66,404.98,0,20.65,0,0,4.71,0
2022,10,20,14,0,15.39,300.83,356.3,0,19.37,0,0,4.49,0
2022,10,20,15,0,3.86,182.72,207.85,0,18.02,0,0,3.62,0
2022,10,20,16,0,1.2,106.03,116.38,0,17.07,0,0,3.18,0
2022,10,20,17,0,0.0,26.93,27.62,0,16.15,0,0,3.45,0
2022,10,20,18,0,0.0,0.0,0.0,0,15.26,0,0,3.8,0
2022,10,20,19,0,0.0,0.0,0.0,0,14.95,0,0,4.34,0
2022,10,20,20,0,0.0,0.0,0.0,0,14.83,0,0,4.82,0
2022,10,20,21,0,0.0,0.0,0.0,0,14.6,0,0,4.63,0
2022,10,20,22,0,0.0,0.0,0.0,0,14.3,0,0,4.35,0
2022,10,20,23,0,0.0,0.0,0.0,0,14.08,0,0,4.12,0
2022,10,21,0,0,0.0,0.0,0.0,0,14.01,0,0,4.51,0
2022,10,21,1,0,0.0,0.0,0.0,0,13.96,0,0,4.54,0
2022,10,21,2,0,0.0,0.0,0.0,0,13.99,0,0,4.64,0
2022,10,21,3,0,0.0,0.0,0.0,0,14.06,0,0,4.62,0
2022,10,21,4,0,0.0,0.0,0.0,0,14.03,0,0,4.67,0
2022,10,21,5,0,0.0,8.88,8.6,0,13.92,0,0,5.04,0
2022,10,21,6,0,0.0,54.78,61.78,0,14.25,0,0,5.0,0
2022,10,21,7,0,0.0,115.45,139.62,0,14.81,0,0,4.3,0
2022,10,21,8,0,0.0,187.66,217.8,0,15.45,0,0,3.75,0
2022,10,21,9,0,0.33,312.09,374.48,0,16.09,0,0,3.3,0
2022,10,21,10,0,67.99,401.48,494.33,0,16.67,0,0,3.38,0
2022,10,21,11,0,84.79,389.53,492.8,0,17.59,0,0,3.81,0
2022,10,21,12,0,128.63,378.04,546.85,0,18.62,0,0,4.47,0
2022,10,21,13,0,304.42,264.51,560.58,0,19.11,0,0,4.83,0
2022,10,21,14,0,354.93,232.9,435.15,0,18.95,0,0,4.51,0
2022,10,21,15,0,123.23,268.03,347.2,0,18.36,0,0,3.74,0
2022,10,21,16,0,52.44,154.81,186.15,0,17.57,0,0,2.97,0
2022,10,21,17,0,14.58,59.79,65.8,0,16.69,0,0,2.82,0
2022,10,21,18,0,0.0,0.0,0.0,0,15.61,0,0,3.17,0
2022,10,21,19,0,0.0,0.0,0.0,0,15.12,0,0,3.69,0
2022,10,21,20,0,0.0,0.0,0.0,0,15.06,0,0,4.17,0
2022,10,21,21,0,0.0,0.0,0.0,0,14.98,0,0,4.45,0
2022,10,21,22,0,0.0,0.0,0.0,0,14.68,0,0,4.29,0
2022,10,21,23,0,0.0,0.0,0.0,0,14.53,0,0,4.8,0
2022,10,22,0,0,0.0,0.0,0.0,0,14.38,0,0,4.77,0
2022,10,22,1,0,0.0,0.0,0.0,0,14.27,0,0,4.71,0
2022,10,22,2,0,0.0,0.0,0.0,0,14.33,0,0,5.23,0
2022,10,22,3,0,0.0,0.0,0.0,0,14.37,0,0,5.16,0
2022,10,22,4,0,0.0,0.0,0.0,0,14.29,0,0,4.76,0
2022,10,22,5,0,19.92,12.74,12.95,0,14.18,0,0,4.26,0
2022,10,22,6,0,158.65,55.48,87.12,0,14.98,0,0,3.87,0
2022,10,22,7,0,236.71,99.66,176.93,0,16.09,0,0,3.55,0
2022,10,22,8,0,161.14,172.95,229.15,0,17.02,0,0,3.94,0
2022,10,22,9,0,21.81,275.96,349.42,0,17.8,0,0,4.89,0
2022,10,22,10,0,62.38,422.82,519.1,0,18.24,0,0,5.25,0
2022,10,22,11,0,112.94,401.32,623.72,0,18.11,0,0,4.97,0
2022,10,22,12,0,88.03,393.74,553.83,0,17.93,0,0,4.79,0
2022,10,22,13,0,21.73,281.29,364.77,0,17.69,0,0,4.45,0
2022,10,22,14,0,66.58,199.38,284.88,0,17.46,0,0,4.13,0
2022,10,22,15,0,34.49,152.98,190.85,0,17.13,0,0,3.71,0
2022,10,22,16,0,33.15,104.3,121.62,0,16.69,0,0,3.66,0
2022,10,22,17,0,18.07,38.23,44.0,0,16.16,0,0,3.96,0
2022,10,22,18,0,0.0,0.0,0.0,0,15.43,0,0,3.96,0
2022,10,22,19,0,0.0,0.0,0.0,0,15.01,0,0,3.72,0
2022,10,22,20,0,0.0,0.0,0.0,0,14.74,0,0,3.47,0
2022,10,22,21,0,0.0,0.0,0.0,0,14.5,0,0,3.34,0
2022,10,22,22,0,0.0,0.0,0.0,0,14.28,0,0,3.26,0
2022,10,22,23,0,0.0,0.0,0.0,0,14.1,0,0,3.37,0
2022,10,23,0,0,0.0,0.0,0.0,0,14.14,0,0,4.03,0
2022,10,23,1,0,0.0,0.0,0.0,0,14.32,0,0,4.2,0
2022,10,23,2,0,0.0,0.0,0.0,0,14.39,0,0,4.22,0
2022,10,23,3,0,0.0,0.0,0.0,0,14.3,0,0,3.94,0
2022,10,23,4,0,0.0,0.0,0.0,0,14.2,0,0,3.9,0
2022,10,23,5,0,4.6,14.94,14.65,0,14.06,0,0,3.15,0
2022,10,23,6,0,37.29,91.27,108.07,0,14.43,0,0,2.83,0
2022,10,23,7,0,83.4,171.97,228.27,0,14.88,0,0,2.67,0
2022,10,23,8,0,182.1,229.58,377.35,0,15.23,0,0,3.05,0
2022,10,23,9,0,231.41,290.47,522.97,0,15.68,0,0,3.37,0
2022,10,23,10,0,214.96,367.43,635.5,0,16.4,0,0,3.29,0
2022,10,23,11,0,220.73,353.92,651.67,0,17.09,0,0,2.81,0
2022,10,23,12,0,155.42,320.8,569.15,0,17.35,0,0,2.21,0
2022,10,23,13,0,137.86,331.97,472.9,0,17.53,0,0,1.46,0
2022,10,23,14,0,182.47,243.09,428.83,0,17.86,0,0,1.04,0
2022,10,23,15,0,129.83,180.74,270.95,0,17.81,0,0,1.8,0
2022,10,23,16,0,110.94,99.44,147.3,0,17.31,0,0,2.42,0
2022,10,23,17,0,58.03,41.4,56.42,0,16.4,0,0,2.71,0
2022,10,23,18,0,0.0,0.0,0.0,0,14.85,0,0,3.76,0
2022,10,23,19,0,0.0,0.0,0.0,0,13.9,0,0,4.13,0
2022,10,23,20,0,0.0,0.0,0.0,0,13.24,0,0,3.81,0
2022,10,23,21,0,0.0,0.0,0.0,0,12.58,0,0,3.73,0
2022,10,23,22,0,0.0,0.0,0.0,0,12.13,0,0,4.12,0
2022,10,23,23,0,0.0,0.0,0.0,0,11.74,0,0,4.15,0
2022,10,24,0,0,0.0,0.0,0.0,0,11.44,0,0,4.13,0
2022,10,24,1,0,0.0,0.0,0.0,0,11.17,0,0,4.18,0
2022,10,24,2,0,0.0,0.0,0.0,0,10.95,0,0,4.39,0
2022,10,24,3,0,0.0,0.0,0.0,0,10.77,0,0,4.51,0
2022,10,24,4,0,0.0,0.0,0.0,0,10.69,0,0,4.54,0
2022,10,24,5,0,49.64,22.45,21.75,0,10.72,0,0,4.5,0
2022,10,24,6,0,143.99,104.3,154.07,0,11.44,0,0,4.48,0
2022,10,24,7,0,313.77,193.03,300.95,0,12.46,0,0,4.82,0
2022,10,24,8,0,408.16,206.94,476.25,0,13.85,0,0,5.07,0
2022,10,24,9,0,182.09,404.74,594.25,0,15.48,0,0,4.91,0
2022,10,24,10,0,186.96,356.78,570.25,0,17.02,0,0,4.23,0
2022,10,24,11,0,147.86,470.85,661.3,0,17.99,0,0,3.45,0
2022,10,24,12,0,136.19,440.27,619.97,0,18.57,0,0,2.71,0
2022,10,24,13,0,122.22,363.16,498.6,0,18.77,0,0,1.88,0
2022,10,24,14,0,4.4,177.29,212.5,0,18.56,0,0,1.46,0
2022,10,24,15,0,176.78,170.32,267.38,0,17.85,0,0,1.49,0
2022,10,24,16,0,83.26,105.97,159.95,0,17.17,0,0,1.37,0
2022,10,24,17,0,29.66,53.57,66.38,0,16.56,0,0,0.93,0
2022,10,24,18,0,0.0,0.0,0.0,0,15.68,0,0,0.47,0
2022,10,24,19,0,0.0,0.0,0.0,0,14.91,0,0,0.57,0
2022,10,24,20,0,0.0,0.0,0.0,0,13.49,0,0,2.0,0
2022,10,24,21,0,0.0,0.0,0.0,0,12.51,0,0,3.38,0
2022,10,24,22,0,0.0,0.0,0.0,0,12.73,0,0,3.08,0
2022,10,24,23,0,0.0,0.0,0.0,0,12.52,0,0,2.71,0
2022,10,25,0,0,0.0,0.0,0.0,0,12.23,0,0,2.51,0
2022,10,25,1,0,0.0,0.0,0.0,0,11.95,0,0,2.34,0
2022,10,25,2,0,0.0,0.0,0.0,0,11.73,0,0,1.99,0
2022,10,25,3,0,0.0,0.0,0.0,0,11.56,0,0,1.42,0
2022,10,25,4,0,0.0,0.0,0.0,0,11.36,0,0,1.06,0
2022,10,25,5,0,14.45,12.53,12.88,0,11.02,0,0,1.34,0
2022,10,25,6,0,69.82,68.58,92.28,0,11.61,0,0,1.05,0
2022,10,25,7,0,182.76,125.14,200.02,0,12.75,0,0,1.54,0
2022,10,25,8,0,140.64,249.38,355.92,0,14.12,0,0,2.58,0
2022,10,25,9,0,255.3,326.1,541.7,0,15.65,0,0,3.62,0
2022,10,25,10,0,157.91,415.7,675.05,0,17.62,0,0,4.46,0
2022,10,25,11,0,400.13,336.99,715.53,0,18.87,0,0,5.13,0
2022,10,25,12,0,452.26,300.24,697.85,0,19.13,0,0,5.65,0
2022,10,25,13,0,318.49,300.54,642.25,0,19.12,0,0,5.92,0
2022,10,25,14,0,457.66,179.97,483.5,0,18.74,0,0,5.89,0
2022,10,25,15,0,219.97,241.68,351.77,0,17.82,0,0,5.56,0
2022,10,25,16,0,215.15,126.94,196.45,0,16.82,0,0,4.64,0
2022,10,25,17,0,39.61,59.81,75.38,0,15.71,0,0,3.16,0
2022,10,25,18,0,4.17,4.91,2.9,0,14.04,0,0,2.9,0
2022,10,25,19,0,0.0,0.0,0.0,0,12.73,0,0,2.95,0
2022,10,25,20,0,0.0,0.0,0.0,0,12.1,0,0,3.15,0
2022,10,25,21,0,0.0,0.0,0.0,0,11.8,0,0,3.26,0
2022,10,25,22,0,0.0,0.0,0.0,0,11.75,0,0,3.1,0
2022,10,25,23,0,0.0,0.0,0.0,0,11.83,0,0,3.33,0
2022,10,26,0,0,0.0,0.0,0.0,0,12.01,0,0,3.5,0
2022,10,26,1,0,0.0,0.0,0.0,0,12.02,0,0,3.74,0
2022,10,26,2,0,0.0,0.0,0.0,0,11.97,0,0,3.82,0
2022,10,26,3,0,0.0,0.0,0.0,0,11.86,0,0,3.89,0
2022,10,26,4,0,0.0,0.0,0.0,0,11.75,0,0,4.18,0
2022,10,26,5,0,120.65,16.52,23.12,0,11.64,0,0,4.11,0
2022,10,26,6,0,389.25,67.11,152.55,0,12.46,0,0,3.86,0
2022,10,26,7,0,491.38,97.85,284.98,0,13.25,0,0,4.49,0
2022,10,26,8,0,388.91,219.91,478.38,0,14.22,0,0,5.01,0
2022,10,26,9,0,233.56,365.47,573.12,0,15.8,0,0,5.72,0
2022,10,26,10,0,115.8,370.56,575.38,0,17.18,0,0,6.19,0
2022,10,26,11,0,256.29,444.93,711.58,0,17.84,0,0,6.45,0
2022,10,26,12,0,334.67,391.99,689.47,0,18.13,0,0,6.56,0
2022,10,26,13,0,367.03,257.52,617.75,0,18.3,0,0,6.76,0
2022,10,26,14,0,668.59,118.16,484.2,0,18.38,0,0,6.98,0
2022,10,26,15,0,284.38,199.34,354.38,0,18.13,0,0,7.01,0
2022,10,26,16,0,353.14,116.09,201.73,0,17.56,0,0,6.34,0
2022,10,26,17,0,211.73,49.39,79.18,0,16.64,0,0,5.48,0
2022,10,26,18,0,9.32,4.42,3.72,0,15.05,0,0,5.02,0
2022,10,26,19,0,0.0,0.0,0.0,0,14.01,0,0,4.78,0
2022,10,26,20,0,0.0,0.0,0.0,0,13.55,0,0,4.63,0
2022,10,26,21,0,0.0,0.0,0.0,0,13.16,0,0,4.65,0
2022,10,26,22,0,0.0,0.0,0.0,0,12.59,0,0,4.41,0
2022,10,26,23,0,0.0,0.0,0.0,0,12.2,0,0,4.22,0
2022,10,27,0,0,0.0,0.0,0.0,0,11.81,0,0,4.07,0
2022,10,27,1,0,0.0,0.0,0.0,0,11.44,0,0,3.48,0
2022,10,27,2,0,0.0,0.0,0.0,0,11.13,0,0,3.33,0
2022,10,27,3,0,0.0,0.0,0.0,0,10.91,0,0,3.09,0
2022,10,27,4,0,0.0,0.0,0.0,0,10.59,0,0,3.06,0
2022,10,27,5,0,61.48,28.21,29.2,0,10.41,0,0,3.1,0
2022,10,27,6,0,316.15,101.95,184.0,0,11.84,0,0,2.76,0
2022,10,27,7,0,358.14,182.17,352.58,0,13.73,0,0,3.64,0
2022,10,27,8,0,350.73,249.45,510.35,0,15.23,0,0,4.5,0
2022,10,27,9,0,154.95,248.35,356.95,0,15.9,0,0,5.16,0
2022,10,27,10,0,124.92,248.79,396.52,0,15.83,0,0,5.66,0
2022,10,27,11,0,78.96,279.52,391.35,0,15.55,0,0,5.59,0
2022,10,27,12,0,72.27,322.83,451.2,0,16.27,0,0,5.75,0
2022,10,27,13,0,718.92,122.17,526.38,0,16.88,0,0,6.42,0
2022,10,27,14,0,400.81,264.98,559.28,0,16.9,0,0,7.16,0
2022,10,27,15,0,375.35,207.73,432.65,0,16.59,0,0,7.44,0
2022,10,27,16,0,424.03,112.36,260.3,0,15.95,0,0,7.14,0
2022,10,27,17,0,331.61,49.54,106.32,0,14.67,0,0,6.23,0
2022,10,27,18,0,21.13,5.1,4.47,0,12.8,0,0,5.36,0
2022,10,27,19,0,0.0,0.0,0.0,0,11.78,0,0,5.22,0
2022,10,27,20,0,0.0,0.0,0.0,0,11.29,0,0,5.22,0
2022,10,27,21,0,0.0,0.0,0.0,0,10.8,0,0,5.23,0
2022,10,27,22,0,0.0,0.0,0.0,0,10.35,0,0,5.22,0
2022,10,27,23,0,0.0,0.0,0.0,0,9.98,0,0,5.3,0
2022,10,28,0,0,0.0,0.0,0.0,0,9.69,0,0,5.41,0
2022,10,28,1,0,0.0,0.0,0.0,0,9.4,0,0,5.47,0
2022,10,28,2,0,0.0,0.0,0.0,0,9.03,0,0,5.6,0
2022,10,28,3,0,0.0,0.0,0.0,0,8.84,0,0,5.89,0
2022,10,28,4,0,0.0,0.0,0.0,0,8.64,0,0,5.92,0
2022,10,28,5,0,129.3,24.51,38.28,0,8.32,0,0,5.98,0
2022,10,28,6,0,502.59,84.19,217.52,0,8.87,0,0,6.22,0
2022,10,28,7,0,490.78,163.55,405.67,0,9.69,0,0,6.96,0
2022,10,28,8,0,574.5,200.37,587.33,0,10.94,0,0,7.59,0
2022,10,28,9,0,556.81,262.84,741.83,0,12.09,0,0,7.88,0
2022,10,28,10,0,412.56,383.04,855.05,0,13.06,0,0,8.03,0
2022,10,28,11,0,633.09,262.79,883.65,0,13.75,0,0,8.1,0
2022,10,28,12,0,567.04,318.13,835.83,0,14.13,0,0,8.12,0
2022,10,28,13,0,556.57,227.98,742.85,0,14.35,0,0,8.26,0
2022,10,28,14,0,459.52,273.76,587.12,0,14.05,0,0,8.3,0
2022,10,28,15,0,482.65,161.31,371.7,0,13.46,0,0,8.27,0
2022,10,28,16,0,352.85,119.0,237.82,0,12.69,0,0,8.07,0
2022,10,28,17,0,265.45,50.78,100.03,0,11.61,0,0,7.28,0
2022,10,28,18,0,26.2,5.8,4.93,0,10.42,0,0,6.38,0
2022,10,28,19,0,0.0,0.0,0.0,0,9.67,0,0,6.23,0
2022,10,28,20,0,0.0,0.0,0.0,0,9.32,0,0,6.26,0
2022,10,28,21,0,0.0,0.0,0.0,0,9.28,0,0,6.23,0
2022,10,28,22,0,0.0,0.0,0.0,0,9.28,0,0,6.32,0
2022,10,28,23,0,0.0,0.0,0.0,0,8.94,0,0,6.44,0
2022,10,29,0,0,0.0,0.0,0.0,0,8.54,0,0,6.16,0
2022,10,29,1,0,0.0,0.0,0.0,0,8.12,0,0,6.05,0
2022,10,29,2,0,0.0,0.0,0.0,0,7.89,0,0,5.93,0
2022,10,29,3,0,0.0,0.0,0.0,0,7.51,0,0,5.88,0
2022,10,29,4,0,0.0,0.0,0.0,0,7.32,0,0,5.92,0
2022,10,29,5,0,190.07,24.68,40.22,0,7.27,0,0,5.44,0
2022,10,29,6,0,572.04,81.28,228.77,0,7.61,0,0,6.1,0
2022,10,29,7,0,681.51,121.91,426.2,0,8.58,0,0,6.55,0
2022,10,29,8,0,598.69,172.2,619.08,0,9.85,0,0,6.46,0
2022,10,29,9,0,754.95,192.01,842.47,0,11.12,0,0,6.46,0
2022,10,29,10,0,922.82,194.69,963.22,0,12.41,0,0,6.43,0
2022,10,29,11,0,838.11,225.88,1012.8,0,13.65,0,0,6.55,0
2022,10,29,12,0,776.54,254.83,977.1,0,14.53,0,0,6.89,0
2022,10,29,13,0,773.26,214.66,917.42,0,15.03,0,0,7.05,0
2022,10,29,14,0,813.19,150.32,788.35,0,15.11,0,0,7.15,0
2022,10,29,15,0,798.48,103.29,553.0,0,14.86,0,0,7.22,0
2022,10,29,16,0,690.49,72.58,342.6,0,14.25,0,0,7.03,0
2022,10,29,17,0,497.61,46.2,138.6,0,13.3,0,0,6.49,0
2022,10,29,18,0,52.72,5.91,6.03,0,11.79,0,0,6.0,0
2022,10,29,19,0,0.0,0.0,0.0,0,10.75,0,0,5.78,0
2022,10,29,20,0,0.0,0.0,0.0,0,10.15,0,0,5.59,0
2022,10,29,21,0,0.0,0.0,0.0,0,9.43,0,0,5.27,0
2022,10,29,22,0,0.0,0.0,0.0,0,8.5,0,0,4.64,0
2022,10,29,23,0,0.0,0.0,0.0,0,7.5,0,0,3.79,0
2022,10,30,0,0,0.0,0.0,0.0,0,6.58,0,0,3.24,0
2022,10,30,1,0,0.0,0.0,0.0,0,6.08,0,0,2.59,0
2022,10,30,2,0,0.0,0.0,0.0,0,5.48,0,0,2.35,0
2022,10,30,3,0,0.0,0.0,0.0,0,4.77,0,0,2.64,0
2022,10,30,4,0,0.0,0.0,0.0,0,4.15,0,0,3.14,0
2022,10,30,5,0,222.23,21.06,43.8,0,4.13,0,0,3.12,0
2022,10,30,6,0,601.13,67.24,243.18,0,6.38,0,0,2.42,0
2022,10,30,7,0,721.13,120.06,451.73,0,9.85,0,0,2.59,0
2022,10,30,8,0,688.74,187.37,670.67,0,12.29,0,0,2.99,0
2022,10,30,9,0,332.65,417.81,730.08,0,14.14,0,0,3.17,0
2022,10,30,10,0,619.87,350.64,885.08,0,15.56,0,0,2.94,0
2022,10,30,11,0,434.36,389.82,888.72,0,16.49,0,0,2.98,0
2022,10,30,12,0,338.92,609.13,819.53,0,17.2,0,0,3.1,0
2022,10,30,13,0,119.96,522.5,663.45,0,17.94,0,0,3.19,0
2022,10,30,14,0,12.41,374.73,463.33,0,18.42,0,0,3.56,0
2022,10,30,15,0,11.89,263.04,314.55,0,18.44,0,0,3.71,0
2022,10,30,16,0,11.93,181.27,202.2,0,17.99,0,0,3.81,0
2022,10,30,17,0,39.25,70.67,81.47,0,17.0,0,0,3.06,0
2022,10,30,18,0,0.0,5.92,4.85,0,14.74,0,0,3.15,0
2022,10,30,19,0,0.0,0.0,0.0,0,13.06,0,0,4.02,0
2022,10,30,20,0,0.0,0.0,0.0,0,12.87,0,0,3.65,0
2022,10,30,21,0,0.0,0.0,0.0,0,12.9,0,0,3.99,0
2022,10,30,22,0,0.0,0.0,0.0,0,12.35,0,0,3.23,0
2022,10,30,23,0,0.0,0.0,0.0,0,11.69,0,0,4.05,0
2022,10,31,0,0,0.0,0.0,0.0,0,12.16,0,0,5.17,0
2022,10,31,1,0,0.0,0.0,0.0,0,12.71,0,0,5.1,0
2022,10,31,2,0,0.0,0.0,0.0,0,12.94,0,0,4.85,0
2022,10,31,3,0,0.0,0.0,0.0,0,12.7,0,0,5.06,0
2022,10,31,4,0,0.0,0.0,0.0,0,12.79,0,0,5.46,0
2022,10,31,5,0,66.37,23.4,31.62,0,12.86,0,0,5.06,0
2022,10,31,6,0,270.37,75.3,141.15,0,14.29,0,0,4.98,0
2022,10,31,7,0,217.0,142.89,224.2,0,15.96,0,0,5.37,0
2022,10,31,8,0,27.26,190.62,232.5,0,17.5,0,0,6.37,0
2022,10,31,9,0,435.86,207.34,336.8,0,17.63,0,0,7.43,0
2022,10,31,10,0,3.71,120.09,151.85,0,17.37,0,0,7.99,0
2022,10,31,11,0,26.48,124.63,158.23,0,17.33,0,0,8.07,0
2022,10,31,12,0,41.32,169.45,235.82,0,17.38,0,0,7.37,0
2022,10,31,13,0,37.74,187.28,236.9,0,17.67,0,0,7.1,0
2022,10,31,14,0,211.6,189.04,298.33,0,18.01,0,0,7.21,0
2022,10,31,15,0,9.75,72.92,88.15,0,18.17,0,0,7.22,0
2022,10,31,16,0,5.27,50.28,56.3,0,17.68,0,0,6.49,0
2022,10,31,17,0,4.3,20.26,23.23,0,17.04,0,0,7.44,0
2022,10,31,18,0,0.0,2.7,2.2,0,16.57,0,0,8.8,0
2022,10,31,19,0,0.0,0.0,0.0,0,16.2,0,0,9.49,0
2022,10,31,20,0,0.0,0.0,0.0,0,16.12,0,0,9.88,0
2022,10,31,21,0,0.0,0.0,0.0,0,16.18,0,0,9.37,0
2022,10,31,22,0,0.0,0.0,0.0,0,16.31,0,0,8.49,0
2022,10,31,23,0,0.0,0.0,0.0,0,16.24,0,0,7.74,0
2022,11,1,0,0,0.0,0.0,0.0,0,14.97,0,0,8.26,0
2022,11,1,1,0,0.0,0.0,0.0,0,13.45,0,0,8.07,0
2022,11,1,2,0,0.0,0.0,0.0,0,12.38,0,0,8.53,0
2022,11,1,3,0,0.0,0.0,0.0,0,11.46,0,0,8.68,0
2022,11,1,4,0,0.0,0.0,0.0,0,10.47,0,0,8.48,0
2022,11,1,5,0,26.69,25.05,24.33,0,9.19,0,0,8.52,0
2022,11,1,6,0,98.6,98.11,121.47,0,7.93,0,0,7.99,0
2022,11,1,7,0,117.19,205.01,285.48,0,7.65,0,0,7.64,0
2022,11,1,8,0,351.8,260.89,469.83,0,8.34,0,0,7.5,0
2022,11,1,9,0,472.05,231.78,558.85,0,9.42,0,0,7.19,0
2022,11,1,10,0,337.07,386.52,721.92,0,10.56,0,0,6.99,0
2022,11,1,11,0,340.49,413.58,772.83,0,11.38,0,0,7.06,0
2022,11,1,12,0,331.69,396.05,692.05,0,11.64,0,0,7.1,0
2022,11,1,13,0,146.96,293.84,399.65,0,11.24,0,0,7.42,0
2022,11,1,14,0,2.7,341.87,421.02,0,9.95,0,0,7.38,0
2022,11,1,15,0,175.67,171.05,286.83,0,8.64,0,0,6.72,0
2022,11,1,16,0,121.35,134.65,174.9,0,7.49,0,0,5.76,0
2022,11,1,17,0,49.63,50.67,64.7,0,6.43,0,0,4.81,0
2022,11,1,18,0,6.57,4.79,3.35,0,5.48,0,0,4.65,0
2022,11,1,19,0,0.0,0.0,0.0,0,4.87,0,0,5.76,0
2022,11,1,20,0,0.0,0.0,0.0,0,4.37,0,0,6.57,0
2022,11,1,21,0,0.0,0.0,0.0,0,3.7,0,0,6.57,0
2022,11,1,22,0,0.0,0.0,0.0,0,3.17,0,0,6.49,0
2022,11,1,23,0,0.0,0.0,0.0,0,2.89,0,0,6.68,0
2022,11,2,0,0,0.0,0.0,0.0,0,2.74,0,0,6.68,0
2022,11,2,1,0,0.0,0.0,0.0,0,2.54,0,0,6.47,0
2022,11,2,2,0,0.0,0.0,0.0,0,2.27,0,0,6.26,0
2022,11,2,3,0,0.0,0.0,0.0,0,2.03,0,0,6.11,0
2022,11,2,4,0,0.0,0.0,0.0,0,1.78,0,0,5.99,0
2022,11,2,5,0,70.43,27.29,31.05,0,1.59,0,0,6.02,0
2022,11,2,6,0,168.37,101.3,150.7,0,1.57,0,0,6.01,0
2022,11,2,7,0,323.37,173.31,299.58,0,2.0,0,0,6.57,0
2022,11,2,8,0,371.42,250.73,485.5,0,2.95,0,0,6.86,0
2022,11,2,9,0,378.26,314.54,662.72,0,4.43,0,0,7.02,0
2022,11,2,10,0,442.84,392.84,812.2,0,6.44,0,0,6.91,0
2022,11,2,11,0,323.23,400.36,752.58,0,8.15,0,0,6.89,0
2022,11,2,12,0,264.46,354.88,666.08,0,8.95,0,0,6.93,0
2022,11,2,13,0,622.54,172.09,511.75,0,9.18,0,0,7.1,0
2022,11,2,14,0,259.57,287.37,443.02,0,9.14,0,0,7.29,0
2022,11,2,15,0,120.39,235.54,317.9,0,8.97,0,0,7.24,0
2022,11,2,16,0,275.48,110.18,203.8,0,8.57,0,0,6.9,0
2022,11,2,17,0,147.42,57.26,95.47,0,7.79,0,0,6.21,0
2022,11,2,18,0,28.54,7.82,7.38,0,6.51,0,0,4.98,0
2022,11,2,19,0,0.0,0.0,0.0,0,5.49,0,0,4.5,0
2022,11,2,20,0,0.0,0.0,0.0,0,4.94,0,0,4.24,0
2022,11,2,21,0,0.0,0.0,0.0,0,4.57,0,0,4.04,0
2022,11,2,22,0,0.0,0.0,0.0,0,4.31,0,0,4.19,0
2022,11,2,23,0,0.0,0.0,0.0,0,4.04,0,0,4.19,0
2022,11,3,0,0,0.0,0.0,0.0,0,3.77,0,0,3.98,0
2022,11,3,1,0,0.0,0.0,0.0,0,3.52,0,0,3.83,0
2022,11,3,2,0,0.0,0.0,0.0,0,3.43,0,0,3.63,0
2022,11,3,3,0,0.0,0.0,0.0,0,3.34,0,0,3.23,0
2022,11,3,4,0,0.0,0.0,0.0,0,3.33,0,0,3.04,0
2022,11,3,5,0,172.58,27.09,39.65,0,3.49,0,0,2.97,0
2022,11,3,6,0,218.98,121.89,168.0,0,4.71,0,0,3.26,0
2022,11,3,7,0,310.47,190.79,299.9,0,6.72,0,0,4.72,0
2022,11,3,8,0,104.34,312.87,447.3,0,8.83,0,0,5.31,0
2022,11,3,9,0,250.75,358.72,610.53,0,10.52,0,0,5.11,0
2022,11,3,10,0,388.73,363.84,670.67,0,11.95,0,0,4.93,0
2022,11,3,11,0,223.79,433.87,678.7,0,12.95,0,0,4.78,0
2022,11,3,12,0,252.5,359.3,721.3,0,13.68,0,0,4.69,0
2022,11,3,13,0,649.23,222.47,694.42,0,14.06,0,0,4.56,0
2022,11,3,14,0,371.77,318.82,632.47,0,14.15,0,0,4.42,0
2022,11,3,15,0,200.29,289.65,459.85,0,13.9,0,0,4.24,0
2022,11,3,16,0,475.92,94.74,252.32,0,13.3,0,0,3.95,0
2022,11,3,17,0,317.2,38.96,110.32,0,12.23,0,0,3.47,0
2022,11,3,18,0,58.28,7.43,7.05,0,10.48,0,0,2.91,0
2022,11,3,19,0,0.0,0.0,0.0,0,8.85,0,0,3.08,0
2022,11,3,20,0,0.0,0.0,0.0,0,7.9,0,0,3.09,0
2022,11,3,21,0,0.0,0.0,0.0,0,7.2,0,0,3.05,0
2022,11,3,22,0,0.0,0.0,0.0,0,6.78,0,0,3.01,0
2022,11,3,23,0,0.0,0.0,0.0,0,6.53,0,0,2.92,0
2022,11,4,0,0,0.0,0.0,0.0,0,6.34,0,0,2.8,0
2022,11,4,1,0,0.0,0.0,0.0,0,6.12,0,0,2.63,0
2022,11,4,2,0,0.0,0.0,0.0,0,5.81,0,0,2.67,0
2022,11,4,3,0,0.0,0.0,0.0,0,5.52,0,0,2.93,0
2022,11,4,4,0,0.0,0.0,0.0,0,5.45,0,0,3.21,0
2022,11,4,5,0,174.27,27.5,49.88,0,5.77,0,0,3.22,0
2022,11,4,6,0,479.39,87.59,235.25,0,7.41,0,0,2.91,0
2022,11,4,7,0,616.19,127.04,427.42,0,9.61,0,0,2.64,0
2022,11,4,8,0,721.4,144.19,569.2,0,11.69,0,0,3.35,0
2022,11,4,9,0,447.85,311.66,650.53,0,13.11,0,0,3.24,0
2022,11,4,10,0,227.16,377.37,563.05,0,14.1,0,0,2.97,0
2022,11,4,11,0,304.31,313.42,509.38,0,15.4,0,0,2.74,0
2022,11,4,12,0,151.53,404.49,576.15,0,16.57,0,0,2.52,0
2022,11,4,13,0,28.79,352.11,447.05,0,17.36,0,0,2.38,0
2022,11,4,14,0,97.34,312.82,410.02,0,17.62,0,0,2.32,0
2022,11,4,15,0,79.29,360.49,443.0,0,17.48,0,0,2.17,0
2022,11,4,16,0,69.46,133.61,179.35,0,16.81,0,0,1.99,0
2022,11,4,17,0,65.32,60.44,72.1,0,15.63,0,0,1.7,0
2022,11,4,18,0,5.37,6.77,5.53,0,14.14,0,0,2.02,0
2022,11,4,19,0,0.0,0.0,0.0,0,13.14,0,0,2.63,0
2022,11,4,20,0,0.0,0.0,0.0,0,12.64,0,0,3.04,0
2022,11,4,21,0,0.0,0.0,0.0,0,12.03,0,0,3.35,0
2022,11,4,22,0,0.0,0.0,0.0,0,11.43,0,0,3.43,0
2022,11,4,23,0,0.0,0.0,0.0,0,10.8,0,0,3.13,0
2022,11,5,0,0,0.0,0.0,0.0,0,10.05,0,0,3.13,0
2022,11,5,1,0,0.0,0.0,0.0,0,9.5,0,0,3.1,0
2022,11,5,2,0,0.0,0.0,0.0,0,9.01,0,0,3.11,0
2022,11,5,3,0,0.0,0.0,0.0,0,8.56,0,0,3.03,0
2022,11,5,4,0,0.0,0.0,0.0,0,8.06,0,0,2.95,0
2022,11,5,5,0,183.23,28.89,53.88,0,7.99,0,0,2.95,0
2022,11,5,6,0,539.71,84.02,254.5,0,9.2,0,0,3.16,0
2022,11,5,7,0,676.61,132.43,477.75,0,11.4,0,0,3.59,0
2022,11,5,8,0,796.48,113.78,647.22,0,13.87,0,0,3.38,0
2022,11,5,9,0,661.89,263.1,826.75,0,15.87,0,0,2.83,0
2022,11,5,10,0,529.11,289.18,822.08,0,17.2,0,0,2.44,0
2022,11,5,11,0,240.9,318.44,598.47,0,17.77,0,0,2.2,0
2022,11,5,12,0,232.34,280.47,501.1,0,18.28,0,0,1.98,0
2022,11,5,13,0,351.23,262.57,444.67,0,18.43,0,0,1.83,0
2022,11,5,14,0,106.04,237.91,319.25,0,18.38,0,0,1.66,0
2022,11,5,15,0,249.11,188.7,309.92,0,17.97,0,0,1.44,0
2022,11,5,16,0,267.77,121.27,189.62,0,17.11,0,0,1.19,0
2022,11,5,17,0,165.55,73.54,90.25,0,16.19,0,0,0.89,0
2022,11,5,18,0,25.07,7.48,7.93,0,14.96,0,0,1.1,0
2022,11,5,19,0,0.0,0.0,0.0,0,14.11,0,0,1.72,0
2022,11,5,20,0,0.0,0.0,0.0,0,13.43,0,0,2.44,0
2022,11,5,21,0,0.0,0.0,0.0,0,12.96,0,0,2.96,0
2022,11,5,22,0,0.0,0.0,0.0,0,12.69,0,0,3.11,0
2022,11,5,23,0,0.0,0.0,0.0,0,12.28,0,0,2.92,0
2022,11,6,0,0,0.0,0.0,0.0,0,11.69,0,0,2.79,0
2022,11,6,1,0,0.0,0.0,0.0,0,11.19,0,0,2.46,0
2022,11,6,2,0,0.0,0.0,0.0,0,10.94,0,0,2.14,0
2022,11,6,3,0,0.0,0.0,0.0,0,10.7,0,0,1.98,0
2022,11,6,4,0,0.0,0.0,0.0,0,10.44,0,0,2.02,0
2022,11,6,5,0,94.62,38.87,46.58,0,10.29,0,0,2.09,0
2022,11,6,6,0,386.86,126.5,225.88,0,11.34,0,0,1.88,0
2022,11,6,7,0,620.72,138.83,431.9,0,13.25,0,0,1.82,0
2022,11,6,8,0,681.95,214.43,656.95,0,15.82,0,0,1.62,0
2022,11,6,9,0,715.34,215.27,826.45,0,17.61,0,0,1.5,0
2022,11,6,10,0,563.74,353.74,881.88,0,18.72,0,0,1.54,0
2022,11,6,11,0,333.89,363.23,729.72,0,19.35,0,0,1.46,0
2022,11,6,12,0,241.06,392.37,665.2,0,19.63,0,0,1.24,0
2022,11,6,13,0,174.06,437.75,600.88,0,19.51,0,0,1.14,0
2022,11,6,14,0,229.79,341.99,486.17,0,19.37,0,0,1.04,0
2022,11,6,15,0,169.69,248.46,369.48,0,18.63,0,0,0.98,0
2022,11,6,16,0,80.98,176.42,216.38,0,17.63,0,0,0.84,0
2022,11,6,17,0,202.45,64.55,88.68,0,16.57,0,0,0.74,0
2022,11,6,18,0,4.08,8.95,7.18,0,15.49,0,0,0.74,0
2022,11,6,19,0,0.0,0.0,0.0,0,14.8,0,0,0.86,0
2022,11,6,20,0,0.0,0.0,0.0,0,14.39,0,0,1.21,0
2022,11,6,21,0,0.0,0.0,0.0,0,13.89,0,0,1.69,0
2022,11,6,22,0,0.0,0.0,0.0,0,13.32,0,0,2.13,0
2022,11,6,23,0,0.0,0.0,0.0,0,12.68,0,0,2.57,0
2022,11,7,0,0,0.0,0.0,0.0,0,12.31,0,0,2.63,0
2022,11,7,1,0,0.0,0.0,0.0,0,12.05,0,0,2.59,0
2022,11,7,2,0,0.0,0.0,0.0,0,11.73,0,0,2.5,0
2022,11,7,3,0,0.0,0.0,0.0,0,11.37,0,0,2.6,0
2022,11,7,4,0,0.0,0.0,0.0,0,11.06,0,0,2.66,0
2022,11,7,5,0,77.69,25.78,30.05,0,10.92,0,0,2.69,0
2022,11,7,6,0,179.9,95.8,149.1,0,11.46,0,0,2.45,0
2022,11,7,7,0,393.21,134.35,288.3,0,12.64,0,0,2.49,0
2022,11,7,8,0,441.89,250.81,549.42,0,14.48,0,0,2.55,0
2022,11,7,9,0,615.65,238.63,743.47,0,16.75,0,0,2.28,0
2022,11,7,10,0,705.58,246.99,903.8,0,18.32,0,0,1.71,0
2022,11,7,11,0,583.31,339.22,945.08,0,18.91,0,0,1.46,0
2022,11,7,12,0,577.19,278.54,859.47,0,18.72,0,0,1.45,0
2022,11,7,13,0,593.95,165.33,695.55,0,18.54,0,0,1.37,0
2022,11,7,14,0,359.79,277.11,568.05,0,18.13,0,0,1.23,0
2022,11,7,15,0,255.51,217.48,413.15,0,17.36,0,0,1.27,0
2022,11,7,16,0,271.54,138.08,242.88,0,16.49,0,0,1.41,0
2022,11,7,17,0,161.92,80.42,99.8,0,15.59,0,0,1.93,0
2022,11,7,18,0,11.73,8.17,7.65,0,14.56,0,0,2.8,0
2022,11,7,19,0,0.0,0.0,0.0,0,13.77,0,0,3.47,0
2022,11,7,20,0,0.0,0.0,0.0,0,13.22,0,0,3.74,0
2022,11,7,21,0,0.0,0.0,0.0,0,12.7,0,0,3.45,0
2022,11,7,22,0,0.0,0.0,0.0,0,12.2,0,0,3.43,0
2022,11,7,23,0,0.0,0.0,0.0,0,11.85,0,0,3.21,0
2022,11,8,0,0,0.0,0.0,0.0,0,11.42,0,0,3.21,0
2022,11,8,1,0,0.0,0.0,0.0,0,10.97,0,0,3.18,0
2022,11,8,2,0,0.0,0.0,0.0,0,10.66,0,0,3.18,0
2022,11,8,3,0,0.0,0.0,0.0,0,10.4,0,0,3.28,0
2022,11,8,4,0,0.0,0.0,0.0,0,10.1,0,0,3.35,0
2022,11,8,5,0,166.82,33.05,59.1,0,9.99,0,0,3.38,0
2022,11,8,6,0,533.91,84.02,261.17,0,10.65,0,0,3.51,0
2022,11,8,7,0,762.02,94.31,494.08,0,12.07,0,0,3.52,0
2022,11,8,8,0,876.02,104.35,712.67,0,14.45,0,0,3.08,0
2022,11,8,9,0,924.91,111.54,879.0,0,16.71,0,0,2.33,0
2022,11,8,10,0,757.12,232.17,971.22,0,18.36,0,0,1.75,0
2022,11,8,11,0,450.94,391.03,953.58,0,19.48,0,0,1.53,0
2022,11,8,12,0,461.76,381.85,899.17,0,20.21,0,0,1.38,0
2022,11,8,13,0,618.18,158.65,777.25,0,20.6,0,0,1.36,0
2022,11,8,14,0,419.16,347.52,664.75,0,20.64,0,0,1.32,0
2022,11,8,15,0,500.26,207.45,480.52,0,20.36,0,0,1.37,0
2022,11,8,16,0,503.38,101.28,286.77,0,19.7,0,0,1.55,0
2022,11,8,17,0,283.58,65.78,126.93,0,18.65,0,0,1.77,0
2022,11,8,18,0,27.79,11.02,10.25,0,16.62,0,0,2.33,0
2022,11,8,19,0,0.0,0.0,0.0,0,14.45,0,0,2.97,0
2022,11,8,20,0,0.0,0.0,0.0,0,13.12,0,0,3.83,0
2022,11,8,21,0,0.0,0.0,0.0,0,12.64,0,0,3.74,0
2022,11,8,22,0,0.0,0.0,0.0,0,12.09,0,0,3.07,0
2022,11,8,23,0,0.0,0.0,0.0,0,11.48,0,0,2.88,0
2022,11,9,0,0,0.0,0.0,0.0,0,11.04,0,0,2.87,0
2022,11,9,1,0,0.0,0.0,0.0,0,10.69,0,0,2.84,0
2022,11,9,2,0,0.0,0.0,0.0,0,10.44,0,0,2.82,0
2022,11,9,3,0,0.0,0.0,0.0,0,10.23,0,0,2.75,0
2022,11,9,4,0,0.0,0.0,0.0,0,10.04,0,0,2.69,0
2022,11,9,5,0,197.79,33.97,63.35,0,10.0,0,0,2.58,0
2022,11,9,6,0,636.11,68.71,273.75,0,11.32,0,0,2.33,0
2022,11,9,7,0,765.14,102.22,500.67,0,13.51,0,0,2.41,0
2022,11,9,8,0,821.95,129.02,709.35,0,16.02,0,0,2.24,0
2022,11,9,9,0,822.13,149.8,881.28,0,17.85,0,0,1.99,0
2022,11,9,10,0,745.34,266.83,948.65,0,19.12,0,0,1.99,0
2022,11,9,11,0,693.56,275.19,961.92,0,20.08,0,0,2.06,0
2022,11,9,12,0,537.82,348.02,964.22,0,20.78,0,0,2.14,0
2022,11,9,13,0,680.91,151.03,802.15,0,21.13,0,0,2.39,0
2022,11,9,14,0,602.21,127.09,557.15,0,21.13,0,0,2.77,0
2022,11,9,15,0,664.07,149.35,531.97,0,20.7,0,0,3.19,0
2022,11,9,16,0,554.76,113.84,331.75,0,19.88,0,0,3.57,0
2022,11,9,17,0,369.96,54.94,147.3,0,18.6,0,0,3.8,0
2022,11,9,18,0,62.56,10.3,12.5,0,16.49,0,0,4.12,0
2022,11,9,19,0,0.0,0.0,0.0,0,14.59,0,0,4.12,0
2022,11,9,20,0,0.0,0.0,0.0,0,13.38,0,0,4.35,0
2022,11,9,21,0,0.0,0.0,0.0,0,12.29,0,0,4.06,0
2022,11,9,22,0,0.0,0.0,0.0,0,11.28,0,0,3.94,0
2022,11,9,23,0,0.0,0.0,0.0,0,10.4,0,0,3.92,0
2022,11,10,0,0,0.0,0.0,0.0,0,9.71,0,0,4.02,0
2022,11,10,1,0,0.0,0.0,0.0,0,9.09,0,0,3.85,0
2022,11,10,2,0,0.0,0.0,0.0,0,8.52,0,0,3.79,0
2022,11,10,3,0,0.0,0.0,0.0,0,8.04,0,0,3.77,0
2022,11,10,4,0,0.0,0.0,0.0,0,7.76,0,0,3.67,0
2022,11,10,5,0,314.4,28.32,73.97,0,8.02,0,0,3.58,0
2022,11,10,6,0,706.09,61.15,294.33,0,9.62,0,0,3.46,0
2022,11,10,7,0,892.19,65.65,529.62,0,12.05,0,0,3.63,0
2022,11,10,8,0,945.27,95.1,732.6,0,14.63,0,0,3.03,0
2022,11,10,9,0,960.91,120.36,897.17,0,16.85,0,0,2.43,0
2022,11,10,10,0,829.9,158.43,1009.53,0,18.66,0,0,1.86,0
2022,11,10,11,0,685.98,225.49,1011.03,0,19.92,0,0,1.59,0
2022,11,10,12,0,677.49,278.9,986.2,0,20.75,0,0,1.59,0
2022,11,10,13,0,495.87,328.09,854.92,0,21.21,0,0,1.71,0
2022,11,10,14,0,958.2,134.61,644.28,0,21.31,0,0,1.86,0
2022,11,10,15,0,430.95,248.02,506.95,0,21.09,0,0,1.98,0
2022,11,10,16,0,272.51,201.9,312.98,0,20.52,0,0,2.17,0
2022,11,10,17,0,198.63,101.15,133.3,0,19.37,0,0,2.36,0
2022,11,10,18,0,16.81,14.44,12.6,0,17.46,0,0,3.15,0
2022,11,10,19,0,0.0,0.0,0.0,0,15.7,0,0,3.9,0
2022,11,10,20,0,0.0,0.0,0.0,0,14.71,0,0,4.27,0
2022,11,10,21,0,0.0,0.0,0.0,0,13.81,0,0,3.57,0
2022,11,10,22,0,0.0,0.0,0.0,0,12.95,0,0,3.44,0
2022,11,10,23,0,0.0,0.0,0.0,0,12.23,0,0,3.11,0
2022,11,11,0,0,0.0,0.0,0.0,0,11.64,0,0,3.3,0
2022,11,11,1,0,0.0,0.0,0.0,0,11.13,0,0,2.8,0
2022,11,11,2,0,0.0,0.0,0.0,0,10.75,0,0,2.64,0
2022,11,11,3,0,0.0,0.0,0.0,0,10.47,0,0,2.76,0
2022,11,11,4,0,0.0,0.0,0.0,0,10.3,0,0,2.66,0
2022,11,11,5,0,32.39,35.32,37.35,0,10.28,0,0,2.52,0
2022,11,11,6,0,28.32,113.45,141.02,0,11.53,0,0,2.05,0
2022,11,11,7,0,4.37,191.8,224.68,0,13.11,0,0,1.55,0
2022,11,11,8,0,2.78,267.05,324.65,0,15.39,0,0,2.14,0
2022,11,11,9,0,0.15,172.02,210.15,0,17.46,0,0,3.23,0
2022,11,11,10,0,35.33,140.41,178.48,0,18.32,0,0,3.66,0
2022,11,11,11,0,29.65,171.83,225.73,0,18.81,0,0,3.38,0
2022,11,11,12,0,28.65,214.05,285.65,0,19.59,0,0,2.79,0
2022,11,11,13,0,47.63,246.38,319.15,0,20.36,0,0,2.6,0
2022,11,11,14,0,16.9,198.66,241.77,0,20.62,0,0,2.65,0
2022,11,11,15,0,55.0,276.01,348.48,0,20.3,0,0,2.8,0
2022,11,11,16,0,105.34,142.67,191.55,0,19.55,0,0,2.74,0
2022,11,11,17,0,50.31,65.96,73.95,0,18.53,0,0,2.0,0
2022,11,11,18,0,3.81,10.53,8.73,0,16.83,0,0,1.74,0
2022,11,11,19,0,0.0,0.0,0.0,0,15.32,0,0,1.99,0
2022,11,11,20,0,0.0,0.0,0.0,0,14.58,0,0,2.02,0
2022,11,11,21,0,0.0,0.0,0.0,0,13.94,0,0,2.08,0
2022,11,11,22,0,0.0,0.0,0.0,0,13.56,0,0,2.12,0
2022,11,11,23,0,0.0,0.0,0.0,0,13.24,0,0,2.03,0
2022,11,12,0,0,0.0,0.0,0.0,0,12.97,0,0,1.84,0
2022,11,12,1,0,0.0,0.0,0.0,0,12.84,0,0,1.57,0
2022,11,12,2,0,0.0,0.0,0.0,0,12.73,0,0,1.55,0
2022,11,12,3,0,0.0,0.0,0.0,0,12.24,0,0,2.7,0
2022,11,12,4,0,0.0,0.0,0.0,0,12.01,0,0,2.97,0
2022,11,12,5,0,131.49,38.63,56.25,0,12.1,0,0,2.34,0
2022,11,12,6,0,339.16,102.43,225.68,0,13.84,0,0,1.83,0
2022,11,12,7,0,468.96,160.74,419.0,0,16.41,0,0,1.65,0
2022,11,12,8,0,545.58,334.72,603.1,0,18.2,0,0,2.0,0
2022,11,12,9,0,491.51,480.16,714.17,0,19.15,0,0,2.19,0
2022,11,12,10,0,534.11,416.53,801.53,0,19.83,0,0,2.48,0
2022,11,12,11,0,530.06,389.98,890.33,0,20.41,0,0,2.91,0
2022,11,12,12,0,371.6,397.8,801.5,0,20.94,0,0,3.08,0
2022,11,12,13,0,165.47,411.3,634.4,0,21.32,0,0,2.89,0
2022,11,12,14,0,157.13,336.61,483.85,0,21.34,0,0,2.66,0
2022,11,12,15,0,78.89,212.22,302.62,0,21.18,0,0,2.49,0
2022,11,12,16,0,76.15,151.03,197.43,0,20.35,0,0,2.32,0
2022,11,12,17,0,48.96,75.07,80.65,0,18.97,0,0,2.52,0
2022,11,12,18,0,4.92,12.21,9.93,0,17.52,0,0,2.89,0
2022,11,12,19,0,0.0,0.0,0.0,0,16.56,0,0,3.19,0
2022,11,12,20,0,0.0,0.0,0.0,0,16.1,0,0,3.77,0
2022,11,12,21,0,0.0,0.0,0.0,0,15.92,0,0,4.14,0
2022,11,12,22,0,0.0,0.0,0.0,0,15.74,0,0,4.16,0
2022,11,12,23,0,0.0,0.0,0.0,0,15.56,0,0,4.23,0
2022,11,13,0,0,0.0,0.0,0.0,0,15.24,0,0,4.12,0
2022,11,13,1,0,0.0,0.0,0.0,0,14.9,0,0,3.84,0
2022,11,13,2,0,0.0,0.0,0.0,0,14.58,0,0,3.92,0
2022,11,13,3,0,0.0,0.0,0.0,0,14.39,0,0,3.95,0
2022,11,13,4,0,0.0,0.0,0.0,0,14.29,0,0,4.08,0
2022,11,13,5,0,0.0,14.33,15.48,0,14.49,0,0,4.01,0
2022,11,13,6,0,0.0,34.19,39.5,0,15.57,0,0,4.25,0
2022,11,13,7,0,0.0,77.84,90.95,0,16.99,0,0,4.15,0
2022,11,13,8,0,12.37,132.78,163.1,0,18.87,0,0,5.32,0
2022,11,13,9,0,0.0,288.82,352.8,0,19.66,0,0,6.26,0
2022,11,13,10,0,175.05,430.22,667.08,0,19.61,0,0,5.76,0
2022,11,13,11,0,353.18,378.36,769.5,0,20.46,0,0,6.01,0
2022,11,13,12,0,79.18,499.85,643.92,0,21.28,0,0,6.4,0
2022,11,13,13,0,35.42,360.32,465.15,0,21.19,0,0,6.28,0
2022,11,13,14,0,21.9,183.08,223.73,0,20.76,0,0,5.99,0
2022,11,13,15,0,0.0,91.8,110.47,0,20.15,0,0,5.28,0
2022,11,13,16,0,0.0,64.52,78.7,0,19.43,0,0,5.04,0
2022,11,13,17,0,0.0,35.23,38.45,0,18.8,0,0,5.44,0
2022,11,13,18,0,0.0,6.03,5.78,0,18.23,0,0,5.84,0
2022,11,13,19,0,0.0,0.0,0.0,0,17.99,0,0,6.24,0
2022,11,13,20,0,0.0,0.0,0.0,0,17.75,0,0,6.81,0
2022,11,13,21,0,0.0,0.0,0.0,0,17.6,0,0,7.95,0
2022,11,13,22,0,0.0,0.0,0.0,0,17.47,0,0,8.45,0
2022,11,13,23,0,0.0,0.0,0.0,0,17.18,0,0,8.26,0
2022,11,14,0,0,0.0,0.0,0.0,0,16.89,0,0,6.17,0
2022,11,14,1,0,0.0,0.0,0.0,0,15.54,0,0,5.64,0
2022,11,14,2,0,0.0,0.0,0.0,0,13.18,0,0,4.51,0
2022,11,14,3,0,0.0,0.0,0.0,0,11.29,0,0,2.61,0
2022,11,14,4,0,0.0,0.0,0.0,0,10.28,0,0,2.81,0
2022,11,14,5,0,117.0,36.11,56.47,0,9.81,0,0,3.49,0
2022,11,14,6,0,496.35,92.51,233.23,0,10.59,0,0,3.97,0
2022,11,14,7,0,588.61,150.03,468.9,0,11.73,0,0,4.9,0
2022,11,14,8,0,506.48,278.5,603.58,0,13.03,0,0,6.59,0
2022,11,14,9,0,374.94,305.6,582.65,0,14.09,0,0,7.9,0
2022,11,14,10,0,363.68,300.61,682.35,0,14.56,0,0,8.35,0
2022,11,14,11,0,421.56,302.74,724.67,0,15.06,0,0,8.64,0
2022,11,14,12,0,420.36,401.63,761.03,0,15.67,0,0,8.8,0
2022,11,14,13,0,815.57,130.72,644.22,0,16.13,0,0,8.74,0
2022,11,14,14,0,418.21,291.75,607.6,0,16.3,0,0,8.56,0
2022,11,14,15,0,327.8,154.58,411.33,0,16.15,0,0,8.18,0
2022,11,14,16,0,465.76,105.61,275.15,0,15.38,0,0,7.49,0
2022,11,14,17,0,405.11,55.54,138.1,0,14.27,0,0,6.34,0
2022,11,14,18,0,94.37,13.8,16.38,0,12.95,0,0,5.23,0
2022,11,14,19,0,0.0,0.0,0.0,0,11.84,0,0,5.15,0
2022,11,14,20,0,0.0,0.0,0.0,0,11.38,0,0,5.41,0
2022,11,14,21,0,0.0,0.0,0.0,0,11.05,0,0,5.25,0
2022,11,14,22,0,0.0,0.0,0.0,0,10.82,0,0,5.02,0
2022,11,14,23,0,0.0,0.0,0.0,0,10.77,0,0,4.63,0
2022,11,15,0,0,0.0,0.0,0.0,0,10.62,0,0,4.37,0
2022,11,15,1,0,0.0,0.0,0.0,0,10.46,0,0,4.41,0
2022,11,15,2,0,0.0,0.0,0.0,0,10.05,0,0,4.58,0
2022,11,15,3,0,0.0,0.0,0.0,0,9.52,0,0,4.33,0
2022,11,15,4,0,0.0,0.0,0.0,0,8.94,0,0,3.98,0
2022,11,15,5,0,102.94,42.23,52.67,0,8.63,0,0,3.93,0
2022,11,15,6,0,203.97,135.75,180.68,0,8.99,0,0,4.33,0
2022,11,15,7,0,235.72,198.38,336.05,0,9.79,0,0,4.58,0
2022,11,15,8,0,248.67,276.33,444.25,0,10.82,0,0,4.67,0
2022,11,15,9,0,262.68,348.22,627.85,0,11.91,0,0,4.67,0
2022,11,15,10,0,288.7,388.28,718.45,0,12.96,0,0,4.63,0
2022,11,15,11,0,242.59,404.44,769.03,0,13.85,0,0,4.8,0
2022,11,15,12,0,330.86,518.09,858.7,0,14.37,0,0,5.12,0
2022,11,15,13,0,294.1,428.79,796.45,0,14.58,0,0,5.45,0
2022,11,15,14,0,255.83,345.4,633.92,0,14.32,0,0,5.61,0
2022,11,15,15,0,214.33,343.58,478.7,0,13.75,0,0,5.6,0
2022,11,15,16,0,188.26,251.47,288.1,0,12.98,0,0,5.48,0
2022,11,15,17,0,175.68,89.53,123.43,0,11.91,0,0,5.1,0
2022,11,15,18,0,27.86,18.04,13.8,0,10.38,0,0,4.14,0
2022,11,15,19,0,0.0,0.0,0.0,0,9.14,0,0,3.63,0
2022,11,15,20,0,0.0,0.0,0.0,0,8.44,0,0,3.61,0
2022,11,15,21,0,0.0,0.0,0.0,0,7.71,0,0,3.42,0
2022,11,15,22,0,0.0,0.0,0.0,0,7.1,0,0,3.38,0
2022,11,15,23,0,0.0,0.0,0.0,0,6.58,0,0,3.57,0
2022,11,16,0,0,0.0,0.0,0.0,0,6.05,0,0,3.39,0
2022,11,16,1,0,0.0,0.0,0.0,0,5.55,0,0,3.46,0
2022,11,16,2,0,0.0,0.0,0.0,0,5.12,0,0,3.53,0
2022,11,16,3,0,0.0,0.0,0.0,0,4.65,0,0,3.52,0
2022,11,16,4,0,0.0,0.0,0.0,0,4.26,0,0,3.43,0
2022,11,16,5,0,61.92,41.46,47.65,0,4.23,0,0,3.31,0
2022,11,16,6,0,132.0,130.96,166.7,0,5.66,0,0,4.26,0
2022,11,16,7,0,132.82,219.23,307.12,0,7.05,0,0,5.48,0
2022,11,16,8,0,440.45,258.73,439.85,0,8.1,0,0,5.66,0
2022,11,16,9,0,234.72,318.34,495.9,0,9.08,0,0,5.77,0
2022,11,16,10,0,406.14,334.25,657.22,0,10.01,0,0,6.13,0
2022,11,16,11,0,397.29,300.79,708.12,0,10.31,0,0,6.61,0
2022,11,16,12,0,479.47,251.92,628.4,0,10.2,0,0,7.14,0
2022,11,16,13,0,411.0,297.06,645.8,0,9.94,0,0,7.25,0
2022,11,16,14,0,767.18,154.26,561.62,0,9.76,0,0,7.05,0
2022,11,16,15,0,288.95,330.11,536.45,0,9.62,0,0,6.34,0
2022,11,16,16,0,396.48,183.22,341.85,0,9.4,0,0,5.54,0
2022,11,16,17,0,467.91,72.13,168.62,0,8.81,0,0,4.77,0
2022,11,16,18,0,143.0,14.51,21.35,0,7.56,0,0,3.5,0
2022,11,16,19,0,0.0,0.0,0.0,0,5.79,0,0,2.87,0
2022,11,16,20,0,0.0,0.0,0.0,0,4.7,0,0,3.03,0
2022,11,16,21,0,0.0,0.0,0.0,0,4.03,0,0,3.36,0
2022,11,16,22,0,0.0,0.0,0.0,0,3.62,0,0,3.04,0
2022,11,16,23,0,0.0,0.0,0.0,0,3.12,0,0,3.1,0
2022,11,17,0,0,0.0,0.0,0.0,0,2.77,0,0,3.05,0
2022,11,17,1,0,0.0,0.0,0.0,0,2.45,0,0,2.84,0
2022,11,17,2,0,0.0,0.0,0.0,0,2.35,0,0,2.7,0
2022,11,17,3,0,0.0,0.0,0.0,0,2.47,0,0,2.57,0
2022,11,17,4,0,0.0,0.0,0.0,0,2.61,0,0,2.36,0
2022,11,17,5,0,412.12,25.89,92.82,0,3.07,0,0,1.93,0
2022,11,17,6,0,801.44,49.14,316.8,0,4.48,0,0,2.15,0
2022,11,17,7,0,939.81,57.96,553.0,0,7.19,0,0,2.49,0
2022,11,17,8,0,984.4,73.58,750.25,0,9.67,0,0,1.81,0
2022,11,17,9,0,805.86,131.37,885.42,0,11.6,0,0,1.55,0
2022,11,17,10,0,812.46,212.15,1010.6,0,13.15,0,0,1.71,0
2022,11,17,11,0,527.3,336.33,1046.97,0,14.39,0,0,1.87,0
2022,11,17,12,0,654.59,309.5,1024.12,0,15.36,0,0,1.99,0
2022,11,17,13,0,631.21,306.32,933.7,0,15.92,0,0,2.33,0
2022,11,17,14,0,756.65,133.58,699.62,0,15.98,0,0,2.7,0
2022,11,17,15,0,618.28,164.36,530.7,0,15.67,0,0,2.88,0
2022,11,17,16,0,559.34,118.07,359.62,0,15.06,0,0,2.96,0
2022,11,17,17,0,545.24,52.28,178.45,0,14.06,0,0,2.88,0
2022,11,17,18,0,155.28,12.31,22.67,0,12.07,0,0,2.61,0
2022,11,17,19,0,0.0,0.0,0.0,0,9.69,0,0,3.05,0
2022,11,17,20,0,0.0,0.0,0.0,0,8.52,0,0,3.52,0
2022,11,17,21,0,0.0,0.0,0.0,0,7.79,0,0,3.62,0
2022,11,17,22,0,0.0,0.0,0.0,0,7.22,0,0,3.55,0
2022,11,17,23,0,0.0,0.0,0.0,0,6.72,0,0,3.21,0
2022,11,18,0,0,0.0,0.0,0.0,0,6.28,0,0,2.8,0
2022,11,18,1,0,0.0,0.0,0.0,0,5.89,0,0,2.43,0
2022,11,18,2,0,0.0,0.0,0.0,0,5.57,0,0,2.3,0
2022,11,18,3,0,0.0,0.0,0.0,0,5.26,0,0,2.43,0
2022,11,18,4,0,0.0,0.0,0.0,0,4.93,0,0,2.59,0
2022,11,18,5,0,393.64,26.51,93.93,0,4.98,0,0,2.64,0
2022,11,18,6,0,807.72,49.29,315.5,0,7.21,0,0,1.91,0
2022,11,18,7,0,912.42,62.31,547.28,0,10.34,0,0,0.96,0
2022,11,18,8,0,972.39,70.28,756.12,0,13.52,0,0,0.55,0
2022,11,18,9,0,915.34,159.62,907.47,0,15.35,0,0,0.44,0
2022,11,18,10,0,750.44,251.6,986.05,0,16.79,0,0,0.45,0
2022,11,18,11,0,521.09,313.59,1017.6,0,18.0,0,0,0.7,0
2022,11,18,12,0,455.65,404.45,988.47,0,18.89,0,0,0.87,0
2022,11,18,13,0,699.73,244.91,860.78,0,19.42,0,0,0.92,0
2022,11,18,14,0,410.73,339.02,713.65,0,19.52,0,0,0.97,0
2022,11,18,15,0,647.0,129.92,487.52,0,19.36,0,0,0.89,0
2022,11,18,16,0,493.36,124.87,331.17,0,18.82,0,0,0.75,0
2022,11,18,17,0,425.14,72.82,164.82,0,17.76,0,0,0.76,0
2022,11,18,18,0,132.88,13.37,22.25,0,15.8,0,0,0.98,0
2022,11,18,19,0,0.0,0.0,0.0,0,13.83,0,0,1.34,0
2022,11,18,20,0,0.0,0.0,0.0,0,13.23,0,0,1.89,0
2022,11,18,21,0,0.0,0.0,0.0,0,12.96,0,0,2.36,0
2022,11,18,22,0,0.0,0.0,0.0,0,12.42,0,0,2.62,0
2022,11,18,23,0,0.0,0.0,0.0,0,11.63,0,0,3.14,0
2022,11,19,0,0,0.0,0.0,0.0,0,11.11,0,0,3.17,0
2022,11,19,1,0,0.0,0.0,0.0,0,10.56,0,0,2.96,0
2022,11,19,2,0,0.0,0.0,0.0,0,10.0,0,0,2.87,0
2022,11,19,3,0,0.0,0.0,0.0,0,9.39,0,0,2.86,0
2022,11,19,4,0,0.0,0.0,0.0,0,8.88,0,0,2.85,0
2022,11,19,5,0,141.46,40.55,70.75,0,8.91,0,0,2.76,0
2022,11,19,6,0,527.13,122.85,273.98,0,10.53,0,0,2.41,0
2022,11,19,7,0,793.45,112.07,502.98,0,13.05,0,0,2.77,0
2022,11,19,8,0,894.04,94.39,730.03,0,15.89,0,0,3.6,0
2022,11,19,9,0,768.23,221.96,846.53,0,17.74,0,0,3.84,0
2022,11,19,10,0,812.67,212.42,965.05,0,19.04,0,0,3.97,0
2022,11,19,11,0,848.28,196.94,1034.43,0,20.07,0,0,4.24,0
2022,11,19,12,0,647.73,311.21,991.7,0,20.74,0,0,4.53,0
2022,11,19,13,0,483.76,344.36,853.28,0,20.87,0,0,4.37,0
2022,11,19,14,0,72.28,264.03,352.2,0,19.98,0,0,3.95,0
2022,11,19,15,0,141.55,211.74,295.55,0,19.02,0,0,3.59,0
2022,11,19,16,0,156.21,134.3,198.18,0,17.96,0,0,3.2,0
2022,11,19,17,0,68.11,67.54,85.78,0,16.77,0,0,2.83,0
2022,11,19,18,0,4.53,11.27,10.18,0,15.49,0,0,2.42,0
2022,11,19,19,0,0.0,0.0,0.0,0,14.44,0,0,3.54,0
2022,11,19,20,0,0.0,0.0,0.0,0,14.33,0,0,4.62,0
2022,11,19,21,0,0.0,0.0,0.0,0,14.18,0,0,5.33,0
2022,11,19,22,0,0.0,0.0,0.0,0,14.25,0,0,5.35,0
2022,11,19,23,0,0.0,0.0,0.0,0,14.91,0,0,6.87,0
2022,11,20,0,0,0.0,0.0,0.0,0,15.45,0,0,8.64,0
2022,11,20,1,0,0.0,0.0,0.0,0,15.7,0,0,9.47,0
2022,11,20,2,0,0.0,0.0,0.0,0,15.24,0,0,7.29,0
2022,11,20,3,0,0.0,0.0,0.0,0,14.64,0,0,6.12,0
2022,11,20,4,0,0.0,0.0,0.0,0,14.32,0,0,6.76,0
2022,11,20,5,0,72.48,38.31,50.65,0,12.94,0,0,7.43,0
2022,11,20,6,0,223.66,138.0,209.4,0,11.57,0,0,6.81,0
2022,11,20,7,0,566.42,158.63,414.67,0,11.75,0,0,6.97,0
2022,11,20,8,0,377.68,260.36,498.48,0,12.55,0,0,7.71,0
2022,11,20,9,0,475.02,334.32,720.8,0,13.25,0,0,7.87,0
2022,11,20,10,0,585.53,372.29,786.42,0,13.73,0,0,7.86,0
2022,11,20,11,0,411.59,376.02,871.85,0,14.09,0,0,8.07,0
2022,11,20,12,0,507.88,361.62,867.4,0,14.52,0,0,8.4,0
2022,11,20,13,0,782.77,130.87,776.72,0,14.84,0,0,8.69,0
2022,11,20,14,0,678.11,248.72,762.45,0,14.89,0,0,8.66,0
2022,11,20,15,0,489.33,260.52,551.95,0,14.71,0,0,8.3,0
2022,11,20,16,0,497.64,148.15,361.5,0,14.27,0,0,7.77,0
2022,11,20,17,0,540.99,60.17,183.4,0,13.52,0,0,7.03,0
2022,11,20,18,0,188.8,13.78,28.3,0,12.17,0,0,6.14,0
2022,11,20,19,0,0.0,0.0,0.0,0,10.51,0,0,5.76,0
2022,11,20,20,0,0.0,0.0,0.0,0,9.75,0,0,5.56,0
2022,11,20,21,0,0.0,0.0,0.0,0,9.2,0,0,5.5,0
2022,11,20,22,0,0.0,0.0,0.0,0,8.79,0,0,5.5,0
2022,11,20,23,0,0.0,0.0,0.0,0,8.5,0,0,5.6,0
2022,11,21,0,0,0.0,0.0,0.0,0,8.38,0,0,5.63,0
2022,11,21,1,0,0.0,0.0,0.0,0,8.37,0,0,5.76,0
2022,11,21,2,0,0.0,0.0,0.0,0,8.38,0,0,5.93,0
2022,11,21,3,0,0.0,0.0,0.0,0,8.23,0,0,6.16,0
2022,11,21,4,0,0.0,0.0,0.0,0,7.79,0,0,5.95,0
2022,11,21,5,0,192.86,40.24,55.35,0,7.57,0,0,5.3,0
2022,11,21,6,0,376.82,80.78,175.75,0,8.35,0,0,5.38,0
2022,11,21,7,0,392.88,144.87,305.52,0,8.47,0,0,6.76,0
2022,11,21,8,0,399.62,204.52,416.42,0,8.41,0,0,7.16,0
2022,11,21,9,0,272.34,253.08,489.25,0,9.15,0,0,7.56,0
2022,11,21,10,0,189.06,358.72,559.42,0,10.25,0,0,8.39,0
2022,11,21,11,0,223.22,430.76,694.35,0,11.37,0,0,9.15,0
2022,11,21,12,0,356.67,370.24,749.4,0,11.96,0,0,9.38,0
2022,11,21,13,0,439.52,293.62,686.9,0,12.01,0,0,9.3,0
2022,11,21,14,0,680.07,159.22,478.0,0,11.59,0,0,9.17,0
2022,11,21,15,0,185.87,231.63,367.17,0,11.03,0,0,8.92,0
2022,11,21,16,0,163.06,166.91,235.25,0,10.3,0,0,8.47,0
2022,11,21,17,0,97.5,83.04,107.15,0,9.33,0,0,7.66,0
2022,11,21,18,0,28.7,15.85,15.3,0,8.15,0,0,6.56,0
2022,11,21,19,0,0.0,0.0,0.0,0,6.98,0,0,5.95,0
2022,11,21,20,0,0.0,0.0,0.0,0,6.38,0,0,5.73,0
2022,11,21,21,0,0.0,0.0,0.0,0,5.85,0,0,5.7,0
2022,11,21,22,0,0.0,0.0,0.0,0,5.4,0,0,5.87,0
2022,11,21,23,0,0.0,0.0,0.0,0,5.07,0,0,6.24,0
2022,11,22,0,0,0.0,0.0,0.0,0,4.64,0,0,6.83,0
2022,11,22,1,0,0.0,0.0,0.0,0,4.09,0,0,7.25,0
2022,11,22,2,0,0.0,0.0,0.0,0,3.64,0,0,7.29,0
2022,11,22,3,0,0.0,0.0,0.0,0,3.35,0,0,7.06,0
2022,11,22,4,0,0.0,0.0,0.0,0,2.98,0,0,6.73,0
2022,11,22,5,0,271.01,42.24,73.3,0,2.92,0,0,6.53,0
2022,11,22,6,0,501.87,80.55,225.18,0,3.6,0,0,6.95,0
2022,11,22,7,0,629.94,119.15,389.48,0,4.91,0,0,7.03,0
2022,11,22,8,0,764.86,171.06,694.65,0,6.71,0,0,6.99,0
2022,11,22,9,0,800.86,201.59,869.47,0,8.63,0,0,6.84,0
2022,11,22,10,0,669.17,263.22,944.72,0,10.32,0,0,6.64,0
2022,11,22,11,0,566.75,401.65,973.08,0,11.71,0,0,6.32,0
2022,11,22,12,0,415.6,406.97,945.28,0,12.68,0,0,6.17,0
2022,11,22,13,0,325.0,495.38,833.35,0,13.2,0,0,6.35,0
2022,11,22,14,0,433.34,361.74,692.6,0,13.16,0,0,6.61,0
2022,11,22,15,0,112.11,292.96,422.12,0,12.89,0,0,6.71,0
2022,11,22,16,0,232.74,196.19,278.5,0,12.33,0,0,6.62,0
2022,11,22,17,0,144.93,89.45,130.98,0,11.42,0,0,6.13,0
2022,11,22,18,0,21.53,16.55,16.25,0,10.29,0,0,5.31,0
2022,11,22,19,0,0.0,0.0,0.0,0,9.09,0,0,4.81,0
2022,11,22,20,0,0.0,0.0,0.0,0,8.32,0,0,4.71,0
2022,11,22,21,0,0.0,0.0,0.0,0,7.83,0,0,4.86,0
2022,11,22,22,0,0.0,0.0,0.0,0,7.59,0,0,4.82,0
2022,11,22,23,0,0.0,0.0,0.0,0,7.31,0,0,4.93,0
2022,11,23,0,0,0.0,0.0,0.0,0,7.04,0,0,4.94,0
2022,11,23,1,0,0.0,0.0,0.0,0,6.97,0,0,5.05,0
2022,11,23,2,0,0.0,0.0,0.0,0,6.94,0,0,5.08,0
2022,11,23,3,0,0.0,0.0,0.0,0,6.81,0,0,4.95,0
2022,11,23,4,0,0.0,0.0,0.0,0,6.5,0,0,4.67,0
2022,11,23,5,0,268.11,45.81,79.07,0,6.67,0,0,4.39,0
2022,11,23,6,0,261.83,131.32,227.75,0,7.78,0,0,4.53,0
2022,11,23,7,0,142.49,248.07,368.95,0,9.42,0,0,5.02,0
2022,11,23,8,0,514.39,274.83,574.38,0,11.06,0,0,4.85,0
2022,11,23,9,0,543.45,308.12,761.65,0,12.62,0,0,4.87,0
2022,11,23,10,0,536.71,363.09,875.83,0,14.04,0,0,5.02,0
2022,11,23,11,0,485.43,414.94,897.65,0,15.02,0,0,5.21,0
2022,11,23,12,0,420.2,398.59,857.97,0,15.55,0,0,5.4,0
2022,11,23,13,0,465.42,381.7,818.38,0,15.67,0,0,5.34,0
2022,11,23,14,0,376.16,325.4,691.75,0,15.71,0,0,5.23,0
2022,11,23,15,0,528.81,239.01,510.98,0,15.58,0,0,5.04,0
2022,11,23,16,0,382.05,166.67,336.88,0,15.26,0,0,4.7,0
2022,11,23,17,0,323.12,84.76,174.73,0,14.64,0,0,3.96,0
2022,11,23,18,0,166.69,19.67,28.55,0,13.66,0,0,3.2,0
2022,11,23,19,0,0.0,0.0,0.0,0,12.43,0,0,2.91,0
2022,11,23,20,0,0.0,0.0,0.0,0,11.69,0,0,2.88,0
2022,11,23,21,0,0.0,0.0,0.0,0,11.19,0,0,2.77,0
2022,11,23,22,0,0.0,0.0,0.0,0,10.77,0,0,2.65,0
2022,11,23,23,0,0.0,0.0,0.0,0,10.33,0,0,2.7,0
2022,11,24,0,0,0.0,0.0,0.0,0,9.84,0,0,2.78,0
2022,11,24,1,0,0.0,0.0,0.0,0,9.35,0,0,2.73,0
2022,11,24,2,0,0.0,0.0,0.0,0,8.86,0,0,2.93,0
2022,11,24,3,0,0.0,0.0,0.0,0,8.52,0,0,2.82,0
2022,11,24,4,0,0.0,0.0,0.0,0,8.22,0,0,2.63,0
2022,11,24,5,0,319.05,30.29,96.32,0,8.21,0,0,2.41,0
2022,11,24,6,0,743.05,55.29,311.92,0,10.38,0,0,2.15,0
2022,11,24,7,0,865.39,77.48,541.45,0,13.37,0,0,3.36,0
2022,11,24,8,0,933.68,86.19,750.2,0,15.22,0,0,3.38,0
2022,11,24,9,0,974.21,96.46,915.9,0,16.78,0,0,3.1,0
2022,11,24,10,0,1019.42,98.0,1034.57,0,18.18,0,0,2.96,0
2022,11,24,11,0,869.09,180.69,1079.88,0,19.3,0,0,3.1,0
2022,11,24,12,0,878.09,191.24,1062.78,0,20.06,0,0,3.35,0
2022,11,24,13,0,957.39,104.72,988.5,0,20.44,0,0,3.36,0
2022,11,24,14,0,850.5,151.57,836.62,0,20.5,0,0,3.48,0
2022,11,24,15,0,812.77,125.82,656.33,0,20.17,0,0,3.77,0
2022,11,24,16,0,760.86,83.59,441.7,0,19.46,0,0,3.95,0
2022,11,24,17,0,586.43,62.26,219.52,0,18.38,0,0,3.58,0
2022,11,24,18,0,139.25,19.32,32.03,0,16.5,0,0,3.03,0
2022,11,24,19,0,0.0,0.0,0.0,0,14.1,0,0,3.46,0
2022,11,24,20,0,0.0,0.0,0.0,0,12.7,0,0,3.84,0
2022,11,24,21,0,0.0,0.0,0.0,0,11.88,0,0,3.71,0
2022,11,24,22,0,0.0,0.0,0.0,0,11.26,0,0,3.45,0
2022,11,24,23,0,0.0,0.0,0.0,0,10.72,0,0,3.23,0
2022,11,25,0,0,0.0,0.0,0.0,0,10.1,0,0,3.27,0
2022,11,25,1,0,0.0,0.0,0.0,0,9.3,0,0,3.68,0
2022,11,25,2,0,0.0,0.0,0.0,0,8.85,0,0,3.84,0
2022,11,25,3,0,0.0,0.0,0.0,0,8.59,0,0,3.38,0
2022,11,25,4,0,0.0,0.0,0.0,0,8.19,0,0,3.22,0
2022,11,25,5,0,315.02,34.29,95.7,0,8.38,0,0,3.21,0
2022,11,25,6,0,708.17,62.58,310.67,0,11.11,0,0,2.23,0
2022,11,25,7,0,854.51,81.4,540.55,0,14.35,0,0,3.09,0
2022,11,25,8,0,927.57,89.47,750.1,0,16.4,0,0,3.66,0
2022,11,25,9,0,971.9,92.13,919.9,0,17.76,0,0,3.86,0
2022,11,25,10,0,998.97,92.36,1036.78,0,18.89,0,0,4.23,0
2022,11,25,11,0,944.9,134.58,1082.72,0,19.75,0,0,4.69,0
2022,11,25,12,0,880.06,158.61,1066.5,0,20.24,0,0,4.94,0
2022,11,25,13,0,951.37,106.51,986.83,0,20.46,0,0,5.11,0
2022,11,25,14,0,1118.2,110.99,843.72,0,20.44,0,0,5.24,0
2022,11,25,15,0,815.04,111.3,646.08,0,20.14,0,0,5.18,0
2022,11,25,16,0,787.85,77.01,428.98,0,19.54,0,0,4.89,0
2022,11,25,17,0,575.46,54.9,216.95,0,18.57,0,0,4.11,0
2022,11,25,18,0,180.18,18.77,33.35,0,16.69,0,0,3.16,0
2022,11,25,19,0,0.0,0.0,0.0,0,14.27,0,0,3.23,0
2022,11,25,20,0,0.0,0.0,0.0,0,12.97,0,0,3.43,0
2022,11,25,21,0,0.0,0.0,0.0,0,12.04,0,0,3.49,0
2022,11,25,22,0,0.0,0.0,0.0,0,11.2,0,0,3.56,0
2022,11,25,23,0,0.0,0.0,0.0,0,10.45,0,0,3.38,0
2022,11,26,0,0,0.0,0.0,0.0,0,9.69,0,0,3.32,0
2022,11,26,1,0,0.0,0.0,0.0,0,9.12,0,0,3.25,0
2022,11,26,2,0,0.0,0.0,0.0,0,8.74,0,0,2.97,0
2022,11,26,3,0,0.0,0.0,0.0,0,8.48,0,0,2.79,0
2022,11,26,4,0,0.0,0.0,0.0,0,8.31,0,0,2.78,0
2022,11,26,5,0,258.83,46.19,95.32,0,8.91,0,0,2.79,0
2022,11,26,6,0,712.36,69.48,302.52,0,10.95,0,0,2.4,0
2022,11,26,7,0,825.01,82.75,534.78,0,13.55,0,0,2.34,0
2022,11,26,8,0,891.72,89.28,745.05,0,16.22,0,0,1.55,0
2022,11,26,9,0,997.24,72.65,920.33,0,18.5,0,0,0.88,0
2022,11,26,10,0,979.53,103.37,1036.93,0,20.25,0,0,0.48,0
2022,11,26,11,0,959.06,116.16,1079.7,0,21.58,0,0,0.93,0
2022,11,26,12,0,738.68,214.67,1046.18,0,22.44,0,0,1.5,0
2022,11,26,13,0,399.18,455.8,834.08,0,22.9,0,0,2.18,0
2022,11,26,14,0,809.61,240.03,793.8,0,22.96,0,0,2.74,0
2022,11,26,15,0,380.85,304.0,548.0,0,22.53,0,0,2.88,0
2022,11,26,16,0,459.76,173.47,363.58,0,21.43,0,0,2.48,0
2022,11,26,17,0,164.46,127.26,175.43,0,20.39,0,0,2.21,0
2022,11,26,18,0,82.56,22.49,28.8,0,18.44,0,0,2.37,0
2022,11,26,19,0,0.0,0.0,0.0,0,16.42,0,0,2.68,0
2022,11,26,20,0,0.0,0.0,0.0,0,16.18,0,0,2.2,0
2022,11,26,21,0,0.0,0.0,0.0,0,15.95,0,0,2.23,0
2022,11,26,22,0,0.0,0.0,0.0,0,15.11,0,0,2.87,0
2022,11,26,23,0,0.0,0.0,0.0,0,14.49,0,0,3.45,0
2022,11,27,0,0,0.0,0.0,0.0,0,13.98,0,0,3.94,0
2022,11,27,1,0,0.0,0.0,0.0,0,13.57,0,0,4.08,0
2022,11,27,2,0,0.0,0.0,0.0,0,12.67,0,0,4.28,0
2022,11,27,3,0,0.0,0.0,0.0,0,11.91,0,0,4.4,0
2022,11,27,4,0,0.0,0.0,0.0,0,11.78,0,0,4.19,0
2022,11,27,5,0,27.97,43.9,48.6,0,12.17,0,0,4.22,0
2022,11,27,6,0,78.4,120.33,146.57,0,14.81,0,0,3.19,0
2022,11,27,7,0,154.81,202.55,274.55,0,17.39,0,0,2.56,0
2022,11,27,8,0,21.08,280.24,346.5,0,20.08,0,0,4.51,0
2022,11,27,9,0,48.47,435.06,567.17,0,21.69,0,0,5.09,0
2022,11,27,10,0,701.95,385.27,848.5,0,22.66,0,0,5.24,0
2022,11,27,11,0,502.03,364.56,918.47,0,23.33,0,0,5.52,0
2022,11,27,12,0,370.66,389.17,926.08,0,23.74,0,0,5.42,0
2022,11,27,13,0,112.43,378.49,530.9,0,23.88,0,0,5.45,0
2022,11,27,14,0,237.55,289.45,480.77,0,23.79,0,0,5.8,0
2022,11,27,15,0,343.76,196.36,396.5,0,22.42,0,0,5.51,0
2022,11,27,16,0,180.68,171.07,247.07,0,20.22,0,0,5.1,0
2022,11,27,17,0,82.02,96.16,117.43,0,18.41,0,0,3.94,0
2022,11,27,18,0,6.72,16.64,18.33,0,17.26,0,0,3.05,0
2022,11,27,19,0,0.0,0.0,0.0,0,16.04,0,0,3.31,0
2022,11,27,20,0,0.0,0.0,0.0,0,15.27,0,0,3.37,0
2022,11,27,21,0,0.0,0.0,0.0,0,14.95,0,0,3.18,0
2022,11,27,22,0,0.0,0.0,0.0,0,14.69,0,0,3.22,0
2022,11,27,23,0,0.0,0.0,0.0,0,14.22,0,0,3.38,0
2022,11,28,0,0,0.0,0.0,0.0,0,13.52,0,0,3.15,0
2022,11,28,1,0,0.0,0.0,0.0,0,12.79,0,0,2.74,0
2022,11,28,2,0,0.0,0.0,0.0,0,12.11,0,0,2.41,0
2022,11,28,3,0,0.0,0.0,0.0,0,11.46,0,0,1.96,0
2022,11,28,4,0,0.0,0.0,0.0,0,10.88,0,0,1.53,0
2022,11,28,5,0,240.04,46.97,87.78,0,10.56,0,0,1.46,0
2022,11,28,6,0,574.38,98.62,285.98,0,11.44,0,0,1.76,0
2022,11,28,7,0,652.91,153.89,505.05,0,13.5,0,0,2.87,0
2022,11,28,8,0,615.27,244.7,676.05,0,15.25,0,0,3.65,0
2022,11,28,9,0,407.85,406.31,819.65,0,16.57,0,0,4.09,0
2022,11,28,10,0,630.53,262.25,852.65,0,17.61,0,0,4.37,0
2022,11,28,11,0,746.25,276.94,1015.67,0,18.44,0,0,4.5,0
2022,11,28,12,0,510.49,330.15,1026.07,0,19.0,0,0,4.6,0
2022,11,28,13,0,818.53,141.4,905.92,0,19.3,0,0,4.73,0
2022,11,28,14,0,740.93,138.3,797.75,0,19.22,0,0,4.9,0
2022,11,28,15,0,758.53,132.31,643.2,0,18.73,0,0,5.01,0
2022,11,28,16,0,711.18,106.23,444.2,0,17.93,0,0,4.99,0
2022,11,28,17,0,601.74,64.17,231.1,0,16.85,0,0,4.66,0
2022,11,28,18,0,220.56,20.78,40.38,0,15.26,0,0,3.72,0
2022,11,28,19,0,0.0,0.0,0.0,0,13.37,0,0,3.3,0
2022,11,28,20,0,0.0,0.0,0.0,0,12.17,0,0,3.19,0
2022,11,28,21,0,0.0,0.0,0.0,0,11.32,0,0,3.05,0
2022,11,28,22,0,0.0,0.0,0.0,0,10.58,0,0,2.84,0
2022,11,28,23,0,0.0,0.0,0.0,0,9.74,0,0,2.78,0
2022,11,29,0,0,0.0,0.0,0.0,0,8.89,0,0,2.91,0
2022,11,29,1,0,0.0,0.0,0.0,0,8.15,0,0,3.15,0
2022,11,29,2,0,0.0,0.0,0.0,0,7.6,0,0,3.27,0
2022,11,29,3,0,0.0,0.0,0.0,0,7.13,0,0,3.27,0
2022,11,29,4,0,0.0,0.0,0.0,0,6.71,0,0,3.26,0
2022,11,29,5,0,355.94,29.11,103.62,0,7.01,0,0,3.18,0
2022,11,29,6,0,784.07,51.08,321.85,0,9.39,0,0,3.41,0
2022,11,29,7,0,898.98,70.79,552.88,0,12.08,0,0,5.3,0
2022,11,29,8,0,963.23,78.41,763.08,0,13.83,0,0,5.04,0
2022,11,29,9,0,1008.53,77.95,933.6,0,15.49,0,0,4.44,0
2022,11,29,10,0,1011.61,84.17,1051.3,0,17.12,0,0,3.73,0
2022,11,29,11,0,1051.77,73.84,1105.55,0,18.54,0,0,3.18,0
2022,11,29,12,0,974.3,95.0,1088.47,0,19.66,0,0,2.79,0
2022,11,29,13,0,978.95,94.26,1006.22,0,20.36,0,0,2.54,0
2022,11,29,14,0,958.89,92.46,875.03,0,20.61,0,0,2.42,0
2022,11,29,15,0,898.75,91.95,684.55,0,20.42,0,0,2.35,0
2022,11,29,16,0,814.27,76.61,461.0,0,19.81,0,0,2.34,0
2022,11,29,17,0,653.35,51.17,237.55,0,18.77,0,0,2.29,0
2022,11,29,18,0,197.71,20.57,39.72,0,16.63,0,0,2.35,0
2022,11,29,19,0,0.0,0.0,0.0,0,14.1,0,0,3.19,0
2022,11,29,20,0,0.0,0.0,0.0,0,12.87,0,0,3.85,0
2022,11,29,21,0,0.0,0.0,0.0,0,12.08,0,0,4.47,0
2022,11,29,22,0,0.0,0.0,0.0,0,11.5,0,0,4.99,0
2022,11,29,23,0,0.0,0.0,0.0,0,10.99,0,0,4.59,0
2022,11,30,0,0,0.0,0.0,0.0,0,10.34,0,0,4.6,0
2022,11,30,1,0,0.0,0.0,0.0,0,9.87,0,0,4.38,0
2022,11,30,2,0,0.0,0.0,0.0,0,9.59,0,0,4.41,0
2022,11,30,3,0,0.0,0.0,0.0,0,9.43,0,0,4.45,0
2022,11,30,4,0,0.0,0.0,0.0,0,9.25,0,0,4.46,0
2022,11,30,5,0,248.95,41.02,88.8,0,9.32,0,0,4.49,0
2022,11,30,6,0,595.74,73.85,284.4,0,10.34,0,0,4.74,0
2022,11,30,7,0,726.89,99.58,494.95,0,12.37,0,0,4.34,0
2022,11,30,8,0,823.44,108.96,702.33,0,14.87,0,0,3.58,0
2022,11,30,9,0,889.98,136.43,901.58,0,17.27,0,0,2.55,0
2022,11,30,10,0,774.32,237.26,1011.85,0,19.26,0,0,1.79,0
2022,11,30,11,0,653.36,326.44,1008.25,0,20.69,0,0,1.45,0
2022,11,30,12,0,552.38,277.11,891.3,0,21.61,0,0,1.28,0
2022,11,30,13,0,691.36,207.36,815.4,0,21.98,0,0,1.2,0
2022,11,30,14,0,398.21,417.57,701.05,0,21.85,0,0,1.22,0
2022,11,30,15,0,281.51,272.51,493.5,0,21.27,0,0,1.32,0
2022,11,30,16,0,254.25,205.83,307.4,0,20.63,0,0,1.53,0
2022,11,30,17,0,181.82,96.46,156.43,0,19.72,0,0,1.84,0
2022,11,30,18,0,53.78,26.23,29.02,0,18.17,0,0,2.59,0
2022,11,30,19,0,0.0,0.0,0.0,0,16.23,0,0,3.75,0
2022,11,30,20,0,0.0,0.0,0.0,0,15.48,0,0,4.02,0
2022,11,30,21,0,0.0,0.0,0.0,0,14.6,0,0,3.95,0
2022,11,30,22,0,0.0,0.0,0.0,0,13.63,0,0,3.95,0
2022,11,30,23,0,0.0,0.0,0.0,0,12.6,0,0,3.66,0
2022,12,1,0,0,0.0,0.0,0.0,0,11.66,0,0,3.5,0
2022,12,1,1,0,0.0,0.0,0.0,0,10.98,0,0,3.38,0
2022,12,1,2,0,0.0,0.0,0.0,0,10.46,0,0,3.47,0
2022,12,1,3,0,0.0,0.0,0.0,0,10.02,0,0,3.28,0
2022,12,1,4,0,0.0,0.0,0.0,0,9.6,0,0,3.26,0
2022,12,1,5,0,68.24,64.99,73.35,0,9.73,0,0,3.31,0
2022,12,1,6,0,181.65,158.95,234.15,0,10.77,0,0,3.7,0
2022,12,1,7,0,303.97,244.68,445.15,0,12.29,0,0,4.06,0
2022,12,1,8,0,360.56,357.54,607.78,0,14.17,0,0,3.72,0
2022,12,1,9,0,532.44,317.4,777.45,0,16.17,0,0,3.1,0
2022,12,1,10,0,428.86,415.66,861.38,0,17.77,0,0,2.48,0
2022,12,1,11,0,355.16,441.05,889.15,0,18.46,0,0,2.19,0
2022,12,1,12,0,250.31,391.68,739.6,0,18.72,0,0,2.37,0
2022,12,1,13,0,414.36,349.8,794.0,0,18.77,0,0,2.79,0
2022,12,1,14,0,371.48,279.62,608.38,0,18.81,0,0,3.17,0
2022,12,1,15,0,342.65,260.01,524.0,0,18.34,0,0,3.49,0
2022,12,1,16,0,402.15,162.62,341.23,0,17.53,0,0,3.93,0
2022,12,1,17,0,435.06,75.9,190.57,0,16.4,0,0,4.19,0
2022,12,1,18,0,163.64,23.96,39.55,0,14.95,0,0,4.01,0
2022,12,1,19,0,0.0,0.0,0.0,0,13.15,0,0,3.94,0
2022,12,1,20,0,0.0,0.0,0.0,0,11.91,0,0,4.04,0
2022,12,1,21,0,0.0,0.0,0.0,0,10.95,0,0,4.06,0
2022,12,1,22,0,0.0,0.0,0.0,0,10.13,0,0,3.97,0
2022,12,1,23,0,0.0,0.0,0.0,0,9.4,0,0,3.93,0
2022,12,2,0,0,0.0,0.0,0.0,0,8.8,0,0,3.91,0
2022,12,2,1,0,0.0,0.0,0.0,0,8.34,0,0,3.9,0
2022,12,2,2,0,0.0,0.0,0.0,0,8.03,0,0,3.89,0
2022,12,2,3,0,0.0,0.0,0.0,0,7.78,0,0,3.86,0
2022,12,2,4,0,0.0,0.0,0.0,0,7.54,0,0,3.74,0
2022,12,2,5,0,294.31,45.97,91.5,0,8.06,0,0,3.61,0
2022,12,2,6,0,554.33,83.71,271.6,0,10.36,0,0,3.82,0
2022,12,2,7,0,620.27,113.47,459.35,0,12.87,0,0,4.86,0
2022,12,2,8,0,589.66,198.89,612.0,0,15.15,0,0,4.53,0
2022,12,2,9,0,647.66,213.12,788.35,0,17.17,0,0,3.96,0
2022,12,2,10,0,537.68,312.74,762.4,0,18.86,0,0,3.44,0
2022,12,2,11,0,250.16,411.89,761.65,0,20.13,0,0,3.15,0
2022,12,2,12,0,223.34,384.48,696.5,0,20.74,0,0,3.08,0
2022,12,2,13,0,375.74,319.45,662.38,0,20.76,0,0,3.08,0
2022,12,2,14,0,235.64,302.32,533.55,0,20.81,0,0,3.08,0
2022,12,2,15,0,224.67,254.07,452.77,0,20.41,0,0,3.16,0
2022,12,2,16,0,227.16,195.42,303.38,0,19.56,0,0,3.36,0
2022,12,2,17,0,257.02,97.13,165.5,0,18.49,0,0,3.5,0
2022,12,2,18,0,69.19,25.83,35.42,0,16.89,0,0,3.59,0
2022,12,2,19,0,0.0,0.0,0.0,0,15.07,0,0,3.88,0
2022,12,2,20,0,0.0,0.0,0.0,0,13.76,0,0,3.78,0
2022,12,2,21,0,0.0,0.0,0.0,0,12.52,0,0,3.67,0
2022,12,2,22,0,0.0,0.0,0.0,0,11.39,0,0,3.32,0
2022,12,2,23,0,0.0,0.0,0.0,0,10.5,0,0,3.17,0
2022,12,3,0,0,0.0,0.0,0.0,0,9.98,0,0,3.15,0
2022,12,3,1,0,0.0,0.0,0.0,0,9.68,0,0,3.03,0
2022,12,3,2,0,0.0,0.0,0.0,0,9.42,0,0,2.92,0
2022,12,3,3,0,0.0,0.0,0.0,0,9.06,0,0,2.82,0
2022,12,3,4,0,0.0,0.0,0.0,0,8.53,0,0,2.65,0
2022,12,3,5,0,303.19,39.01,97.95,0,8.55,0,0,2.4,0
2022,12,3,6,0,698.4,68.71,306.23,0,10.27,0,0,2.07,0
2022,12,3,7,0,766.53,115.32,532.17,0,13.0,0,0,1.76,0
2022,12,3,8,0,876.04,120.19,742.9,0,16.2,0,0,2.05,0
2022,12,3,9,0,946.2,107.13,910.55,0,18.5,0,0,2.58,0
2022,12,3,10,0,784.14,182.23,960.67,0,20.02,0,0,2.75,0
2022,12,3,11,0,639.43,302.68,1029.28,0,21.27,0,0,2.71,0
2022,12,3,12,0,645.04,344.85,980.25,0,22.2,0,0,2.55,0
2022,12,3,13,0,609.96,299.82,885.47,0,22.75,0,0,2.34,0
2022,12,3,14,0,482.61,264.55,737.33,0,22.88,0,0,2.2,0
2022,12,3,15,0,580.64,228.39,586.05,0,22.4,0,0,2.21,0
2022,12,3,16,0,619.41,132.02,392.12,0,21.53,0,0,2.27,0
2022,12,3,17,0,562.01,63.69,212.2,0,20.44,0,0,2.36,0
2022,12,3,18,0,227.6,23.65,46.15,0,18.53,0,0,2.95,0
2022,12,3,19,0,0.0,0.0,0.0,0,16.15,0,0,3.72,0
2022,12,3,20,0,0.0,0.0,0.0,0,14.96,0,0,3.67,0
2022,12,3,21,0,0.0,0.0,0.0,0,13.89,0,0,3.37,0
2022,12,3,22,0,0.0,0.0,0.0,0,12.89,0,0,3.08,0
2022,12,3,23,0,0.0,0.0,0.0,0,11.99,0,0,3.01,0
2022,12,4,0,0,0.0,0.0,0.0,0,11.26,0,0,2.94,0
2022,12,4,1,0,0.0,0.0,0.0,0,10.66,0,0,2.67,0
2022,12,4,2,0,0.0,0.0,0.0,0,10.03,0,0,2.64,0
2022,12,4,3,0,0.0,0.0,0.0,0,9.57,0,0,2.66,0
2022,12,4,4,0,0.0,0.0,0.0,0,9.24,0,0,2.66,0
2022,12,4,5,0,342.27,41.21,97.55,0,9.75,0,0,2.55,0
2022,12,4,6,0,703.86,65.72,306.3,0,12.03,0,0,1.78,0
2022,12,4,7,0,823.66,95.54,532.95,0,15.39,0,0,1.6,0
2022,12,4,8,0,902.52,98.96,745.33,0,18.79,0,0,2.23,0
2022,12,4,9,0,978.27,86.68,919.2,0,20.6,0,0,2.26,0
2022,12,4,10,0,959.09,113.16,1033.72,0,21.97,0,0,2.1,0
2022,12,4,11,0,930.47,152.41,1082.25,0,23.09,0,0,1.89,0
2022,12,4,12,0,776.47,223.52,1045.45,0,23.89,0,0,1.71,0
2022,12,4,13,0,851.36,128.31,951.17,0,24.23,0,0,1.5,0
2022,12,4,14,0,632.33,223.33,827.4,0,24.17,0,0,1.36,0
2022,12,4,15,0,698.88,183.88,646.58,0,24.07,0,0,1.22,0
2022,12,4,16,0,679.95,96.54,445.05,0,23.51,0,0,1.15,0
2022,12,4,17,0,567.78,67.42,238.23,0,22.42,0,0,1.23,0
2022,12,4,18,0,269.48,21.7,49.3,0,20.77,0,0,1.84,0
2022,12,4,19,0,0.0,0.0,0.0,0,18.56,0,0,2.7,0
2022,12,4,20,0,0.0,0.0,0.0,0,16.79,0,0,3.38,0
2022,12,4,21,0,0.0,0.0,0.0,0,15.36,0,0,3.78,0
2022,12,4,22,0,0.0,0.0,0.0,0,14.67,0,0,4.1,0
2022,12,4,23,0,0.0,0.0,0.0,0,14.41,0,0,3.49,0
2022,12,5,0,0,0.0,0.0,0.0,0,13.89,0,0,3.06,0
2022,12,5,1,0,0.0,0.0,0.0,0,13.49,0,0,2.6,0
2022,12,5,2,0,0.0,0.0,0.0,0,13.04,0,0,2.43,0
2022,12,5,3,0,0.0,0.0,0.0,0,12.39,0,0,2.71,0
2022,12,5,4,0,0.0,0.0,0.0,0,11.7,0,0,3.12,0
2022,12,5,5,0,332.36,33.99,97.4,0,12.04,0,0,3.44,0
2022,12,5,6,0,679.3,63.72,301.33,0,14.83,0,0,2.7,0
2022,12,5,7,0,807.11,93.37,523.4,0,17.96,0,0,2.66,0
2022,12,5,8,0,868.97,109.22,724.8,0,20.92,0,0,3.88,0
2022,12,5,9,0,911.97,124.73,898.03,0,22.92,0,0,4.71,0
2022,12,5,10,0,877.02,149.63,1012.08,0,24.16,0,0,5.01,0
2022,12,5,11,0,638.92,319.96,1028.28,0,24.99,0,0,5.08,0
2022,12,5,12,0,446.89,338.5,911.8,0,25.23,0,0,5.24,0
2022,12,5,13,0,443.59,431.21,798.38,0,23.97,0,0,5.29,0
2022,12,5,14,0,232.93,353.48,578.6,0,21.71,0,0,5.06,0
2022,12,5,15,0,93.4,326.76,394.35,0,19.85,0,0,4.35,0
2022,12,5,16,0,160.75,168.58,240.7,0,18.94,0,0,3.47,0
2022,12,5,17,0,80.13,93.72,124.12,0,18.84,0,0,2.9,0
2022,12,5,18,0,38.75,21.19,21.48,0,18.47,0,0,3.15,0
2022,12,5,19,0,0.0,0.0,0.0,0,17.51,0,0,3.84,0
2022,12,5,20,0,0.0,0.0,0.0,0,17.0,0,0,4.23,0
2022,12,5,21,0,0.0,0.0,0.0,0,16.03,0,0,3.83,0
2022,12,5,22,0,0.0,0.0,0.0,0,14.97,0,0,2.93,0
2022,12,5,23,0,0.0,0.0,0.0,0,14.14,0,0,2.65,0
2022,12,6,0,0,0.0,0.0,0.0,0,13.36,0,0,2.93,0
2022,12,6,1,0,0.0,0.0,0.0,0,12.63,0,0,2.86,0
2022,12,6,2,0,0.0,0.0,0.0,0,11.93,0,0,2.53,0
2022,12,6,3,0,0.0,0.0,0.0,0,11.19,0,0,2.16,0
2022,12,6,4,0,0.0,0.0,0.0,0,10.55,0,0,1.9,0
2022,12,6,5,0,360.48,36.61,101.75,0,10.51,0,0,1.79,0
2022,12,6,6,0,712.89,75.01,309.88,0,11.54,0,0,1.83,0
2022,12,6,7,0,752.72,118.07,535.67,0,13.25,0,0,1.72,0
2022,12,6,8,0,820.04,144.24,728.28,0,15.17,0,0,1.36,0
2022,12,6,9,0,991.69,105.01,937.83,0,17.08,0,0,1.68,0
2022,12,6,10,0,1032.22,78.13,1063.75,0,18.74,0,0,2.28,0
2022,12,6,11,0,1004.26,96.86,1115.47,0,19.98,0,0,2.84,0
2022,12,6,12,0,973.42,111.45,1103.0,0,20.77,0,0,3.48,0
2022,12,6,13,0,995.36,98.88,1025.97,0,21.07,0,0,4.16,0
2022,12,6,14,0,928.29,101.92,881.7,0,20.92,0,0,4.68,0
2022,12,6,15,0,912.27,89.58,711.03,0,20.38,0,0,4.85,0
2022,12,6,16,0,857.91,70.64,492.75,0,19.55,0,0,4.93,0
2022,12,6,17,0,692.81,56.62,262.5,0,18.49,0,0,4.64,0
2022,12,6,18,0,272.62,23.79,56.62,0,16.77,0,0,3.62,0
2022,12,6,19,0,0.0,0.0,0.0,0,14.31,0,0,3.58,0
2022,12,6,20,0,0.0,0.0,0.0,0,12.83,0,0,4.17,0
2022,12,6,21,0,0.0,0.0,0.0,0,12.1,0,0,4.33,0
2022,12,6,22,0,0.0,0.0,0.0,0,11.6,0,0,4.2,0
2022,12,6,23,0,0.0,0.0,0.0,0,11.2,0,0,3.89,0
2022,12,7,0,0,0.0,0.0,0.0,0,10.65,0,0,3.77,0
2022,12,7,1,0,0.0,0.0,0.0,0,10.26,0,0,3.92,0
2022,12,7,2,0,0.0,0.0,0.0,0,10.2,0,0,3.22,0
2022,12,7,3,0,0.0,0.0,0.0,0,10.43,0,0,2.39,0
2022,12,7,4,0,0.0,0.0,0.0,0,10.24,0,0,2.92,0
2022,12,7,5,0,248.54,56.18,85.97,0,10.37,0,0,3.3,0
2022,12,7,6,0,402.24,137.73,280.55,0,12.83,0,0,2.5,0
2022,12,7,7,0,673.47,135.28,504.42,0,15.49,0,0,3.45,0
2022,12,7,8,0,355.54,300.19,588.53,0,16.14,0,0,3.58,0
2022,12,7,9,0,156.26,348.3,551.8,0,18.25,0,0,4.34,0
2022,12,7,10,0,124.23,362.2,550.85,0,19.06,0,0,5.39,0
2022,12,7,11,0,66.15,386.52,551.78,0,18.96,0,0,5.73,0
2022,12,7,12,0,0.0,180.16,238.15,0,18.74,0,0,5.74,0
2022,12,7,13,0,0.0,174.72,214.27,0,18.94,0,0,6.27,0
2022,12,7,14,0,6.02,171.35,206.65,0,18.96,0,0,7.06,0
2022,12,7,15,0,0.17,76.54,91.75,0,18.08,0,0,7.26,0
2022,12,7,16,0,8.17,78.12,98.43,0,17.07,0,0,7.26,0
2022,12,7,17,0,12.21,51.37,60.62,0,15.69,0,0,6.84,0
2022,12,7,18,0,9.25,16.45,17.65,0,14.69,0,0,6.13,0
2022,12,7,19,0,0.0,0.0,0.0,0,13.97,0,0,5.4,0
2022,12,7,20,0,0.0,0.0,0.0,0,13.34,0,0,4.69,0
2022,12,7,21,0,0.0,0.0,0.0,0,13.03,0,0,4.41,0
2022,12,7,22,0,0.0,0.0,0.0,0,13.07,0,0,4.22,0
2022,12,7,23,0,0.0,0.0,0.0,0,13.32,0,0,4.76,0
2022,12,8,0,0,0.0,0.0,0.0,0,13.33,0,0,5.15,0
2022,12,8,1,0,0.0,0.0,0.0,0,12.6,0,0,5.37,0
2022,12,8,2,0,0.0,0.0,0.0,0,11.65,0,0,5.61,0
2022,12,8,3,0,0.0,0.0,0.0,0,10.69,0,0,5.5,0
2022,12,8,4,0,0.0,0.0,0.0,0,9.55,0,0,5.63,0
2022,12,8,5,0,419.92,30.18,108.07,0,8.33,0,0,5.78,0
2022,12,8,6,0,817.04,49.34,329.83,0,8.31,0,0,5.93,0
2022,12,8,7,0,966.19,57.97,563.25,0,9.31,0,0,6.28,0
2022,12,8,8,0,1012.28,64.18,778.92,0,10.73,0,0,6.15,0
2022,12,8,9,0,1062.58,61.99,955.28,0,12.3,0,0,6.07,0
2022,12,8,10,0,1069.46,66.98,1078.55,0,13.66,0,0,6.17,0
2022,12,8,11,0,1062.7,66.11,1135.4,0,14.71,0,0,6.25,0
2022,12,8,12,0,1064.48,62.87,1127.18,0,15.41,0,0,6.38,0
2022,12,8,13,0,1076.84,57.72,1053.65,0,15.75,0,0,6.54,0
2022,12,8,14,0,1061.41,55.65,920.2,0,15.73,0,0,6.51,0
2022,12,8,15,0,1030.09,51.16,736.47,0,15.36,0,0,6.32,0
2022,12,8,16,0,969.48,46.45,518.05,0,14.7,0,0,6.0,0
2022,12,8,17,0,791.53,46.64,284.5,0,13.65,0,0,5.42,0
2022,12,8,18,0,373.46,21.17,67.72,0,12.03,0,0,4.56,0
2022,12,8,19,0,0.0,0.0,0.0,0,9.89,0,0,3.94,0
2022,12,8,20,0,0.0,0.0,0.0,0,8.74,0,0,3.53,0
2022,12,8,21,0,0.0,0.0,0.0,0,7.7,0,0,3.17,0
2022,12,8,22,0,0.0,0.0,0.0,0,6.77,0,0,3.43,0
2022,12,8,23,0,0.0,0.0,0.0,0,6.18,0,0,3.68,0
2022,12,9,0,0,0.0,0.0,0.0,0,5.69,0,0,3.36,0
2022,12,9,1,0,0.0,0.0,0.0,0,5.17,0,0,2.92,0
2022,12,9,2,0,0.0,0.0,0.0,0,4.64,0,0,2.55,0
2022,12,9,3,0,0.0,0.0,0.0,0,4.32,0,0,2.34,0
2022,12,9,4,0,0.0,0.0,0.0,0,3.99,0,0,2.36,0
2022,12,9,5,0,403.77,28.84,106.5,0,4.29,0,0,2.46,0
2022,12,9,6,0,747.82,60.38,320.12,0,7.03,0,0,2.02,0
2022,12,9,7,0,761.08,110.89,540.03,0,10.71,0,0,1.51,0
2022,12,9,8,0,819.25,139.23,731.62,0,13.1,0,0,0.51,0
2022,12,9,9,0,874.58,175.93,901.55,0,15.12,0,0,0.2,0
2022,12,9,10,0,867.23,179.36,1036.88,0,16.89,0,0,0.79,0
2022,12,9,11,0,866.07,187.31,1083.15,0,18.32,0,0,1.56,0
2022,12,9,12,0,728.73,326.74,1060.45,0,19.29,0,0,2.18,0
2022,12,9,13,0,908.01,188.68,948.38,0,19.85,0,0,2.5,0
2022,12,9,14,0,194.98,491.43,675.88,0,19.93,0,0,2.72,0
2022,12,9,15,0,35.37,365.42,443.23,0,19.37,0,0,2.83,0
2022,12,9,16,0,13.81,227.94,286.12,0,18.03,0,0,2.53,0
2022,12,9,17,0,8.53,119.57,139.82,0,16.85,0,0,2.07,0
2022,12,9,18,0,5.86,32.38,34.55,0,15.28,0,0,1.88,0
2022,12,9,19,0,0.0,0.0,0.0,0,13.48,0,0,1.85,0
2022,12,9,20,0,0.0,0.0,0.0,0,12.63,0,0,2.06,0
2022,12,9,21,0,0.0,0.0,0.0,0,11.71,0,0,2.76,0
2022,12,9,22,0,0.0,0.0,0.0,0,10.28,0,0,4.42,0
2022,12,9,23,0,0.0,0.0,0.0,0,9.83,0,0,4.36,0
2022,12,10,0,0,0.0,0.0,0.0,0,9.21,0,0,4.07,0
2022,12,10,1,0,0.0,0.0,0.0,0,8.77,0,0,4.25,0
2022,12,10,2,0,0.0,0.0,0.0,0,8.29,0,0,3.79,0
2022,12,10,3,0,0.0,0.0,0.0,0,7.76,0,0,3.9,0
2022,12,10,4,0,0.0,0.0,0.0,0,7.44,0,0,4.06,0
2022,12,10,5,0,105.61,42.33,57.78,0,7.72,0,0,4.12,0
2022,12,10,6,0,220.17,105.38,187.0,0,9.21,0,0,4.33,0
2022,12,10,7,0,294.37,185.81,347.33,0,11.54,0,0,4.03,0
2022,12,10,8,0,532.07,188.52,489.52,0,14.17,0,0,3.29,0
2022,12,10,9,0,404.16,364.11,721.95,0,16.53,0,0,2.5,0
2022,12,10,10,0,619.49,261.03,850.72,0,18.43,0,0,2.05,0
2022,12,10,11,0,573.48,360.11,877.6,0,19.86,0,0,1.83,0
2022,12,10,12,0,522.22,348.65,938.33,0,20.88,0,0,1.67,0
2022,12,10,13,0,596.76,288.25,867.3,0,21.57,0,0,1.67,0
2022,12,10,14,0,500.71,337.78,709.78,0,21.71,0,0,1.69,0
2022,12,10,15,0,372.29,258.27,536.17,0,21.72,0,0,1.64,0
2022,12,10,16,0,290.36,232.21,372.0,0,21.34,0,0,1.55,0
2022,12,10,17,0,296.29,138.21,210.55,0,20.46,0,0,1.56,0
2022,12,10,18,0,122.11,32.67,50.25,0,18.7,0,0,2.07,0
2022,12,10,19,0,0.0,0.0,0.0,0,16.36,0,0,2.94,0
2022,12,10,20,0,0.0,0.0,0.0,0,15.13,0,0,3.42,0
2022,12,10,21,0,0.0,0.0,0.0,0,14.15,0,0,3.77,0
2022,12,10,22,0,0.0,0.0,0.0,0,13.4,0,0,3.68,0
2022,12,10,23,0,0.0,0.0,0.0,0,12.45,0,0,3.42,0
2022,12,11,0,0,0.0,0.0,0.0,0,11.55,0,0,3.18,0
2022,12,11,1,0,0.0,0.0,0.0,0,10.87,0,0,2.95,0
2022,12,11,2,0,0.0,0.0,0.0,0,10.43,0,0,2.85,0
2022,12,11,3,0,0.0,0.0,0.0,0,9.96,0,0,2.65,0
2022,12,11,4,0,0.0,0.0,0.0,0,9.52,0,0,2.66,0
2022,12,11,5,0,244.4,36.15,91.07,0,10.0,0,0,2.48,0
2022,12,11,6,0,643.59,69.33,296.17,0,12.3,0,0,2.03,0
2022,12,11,7,0,795.16,95.99,523.05,0,15.77,0,0,2.05,0
2022,12,11,8,0,883.68,103.95,733.05,0,19.3,0,0,2.68,0
2022,12,11,9,0,944.06,100.48,905.6,0,21.65,0,0,3.03,0
2022,12,11,10,0,983.36,94.54,1026.88,0,23.36,0,0,3.2,0
2022,12,11,11,0,1000.84,90.3,1083.97,0,24.75,0,0,3.62,0
2022,12,11,12,0,957.74,105.54,1076.97,0,25.78,0,0,4.33,0
2022,12,11,13,0,945.26,109.48,998.53,0,26.36,0,0,5.07,0
2022,12,11,14,0,596.4,293.0,759.72,0,26.36,0,0,5.27,0
2022,12,11,15,0,715.34,157.58,614.08,0,26.03,0,0,4.62,0
2022,12,11,16,0,552.81,161.22,408.6,0,25.45,0,0,3.99,0
2022,12,11,17,0,394.32,130.77,226.38,0,24.33,0,0,3.52,0
2022,12,11,18,0,111.34,40.98,48.28,0,21.85,0,0,3.65,0
2022,12,11,19,0,0.0,0.0,0.0,0,19.19,0,0,4.83,0
2022,12,11,20,0,0.0,0.0,0.0,0,18.84,0,0,5.77,0
2022,12,11,21,0,0.0,0.0,0.0,0,19.01,0,0,6.23,0
2022,12,11,22,0,0.0,0.0,0.0,0,19.13,0,0,6.74,0
2022,12,11,23,0,0.0,0.0,0.0,0,19.33,0,0,6.69,0
2022,12,12,0,0,0.0,0.0,0.0,0,19.21,0,0,6.96,0
2022,12,12,1,0,0.0,0.0,0.0,0,19.2,0,0,7.54,0
2022,12,12,2,0,0.0,0.0,0.0,0,19.43,0,0,7.97,0
2022,12,12,3,0,0.0,0.0,0.0,0,19.55,0,0,8.2,0
2022,12,12,4,0,0.0,0.0,0.0,0,19.4,0,0,8.52,0
2022,12,12,5,0,15.66,19.26,21.38,0,19.36,0,0,7.75,0
2022,12,12,6,0,59.66,62.79,75.05,0,18.89,0,0,6.98,0
2022,12,12,7,0,111.53,97.31,142.93,0,17.92,0,0,6.87,0
2022,12,12,8,0,38.84,82.03,110.5,0,17.85,0,0,7.01,0
2022,12,12,9,0,42.6,118.8,155.45,0,18.06,0,0,7.65,0
2022,12,12,10,0,11.73,221.81,275.23,0,17.59,0,0,8.58,0
2022,12,12,11,0,31.27,196.25,270.62,0,16.13,0,0,9.16,0
2022,12,12,12,0,411.76,229.6,616.0,0,15.03,0,0,9.42,0
2022,12,12,13,0,300.31,258.91,602.88,0,15.54,0,0,9.81,0
2022,12,12,14,0,722.17,143.43,576.97,0,16.27,0,0,10.29,0
2022,12,12,15,0,509.16,216.56,483.75,0,16.23,0,0,10.32,0
2022,12,12,16,0,518.53,137.8,360.77,0,15.44,0,0,9.77,0
2022,12,12,17,0,487.34,73.02,212.9,0,14.18,0,0,8.98,0
2022,12,12,18,0,303.24,27.0,60.45,0,12.53,0,0,7.92,0
2022,12,12,19,0,0.0,0.0,0.0,0,10.82,0,0,6.63,0
2022,12,12,20,0,0.0,0.0,0.0,0,9.87,0,0,5.65,0
2022,12,12,21,0,0.0,0.0,0.0,0,9.13,0,0,5.31,0
2022,12,12,22,0,0.0,0.0,0.0,0,8.5,0,0,5.02,0
2022,12,12,23,0,0.0,0.0,0.0,0,7.94,0,0,4.72,0
2022,12,13,0,0,0.0,0.0,0.0,0,7.42,0,0,4.07,0
2022,12,13,1,0,0.0,0.0,0.0,0,6.81,0,0,3.54,0
2022,12,13,2,0,0.0,0.0,0.0,0,6.26,0,0,3.45,0
2022,12,13,3,0,0.0,0.0,0.0,0,5.81,0,0,2.83,0
2022,12,13,4,0,0.0,0.0,0.0,0,5.23,0,0,2.67,0
2022,12,13,5,0,443.87,30.08,105.6,0,5.5,0,0,2.68,0
2022,12,13,6,0,808.99,57.79,322.5,0,8.17,0,0,3.03,0
2022,12,13,7,0,869.36,90.43,555.12,0,11.0,0,0,4.67,0
2022,12,13,8,0,861.47,129.91,706.67,0,12.86,0,0,4.96,0
2022,12,13,9,0,921.6,205.52,888.83,0,14.49,0,0,5.12,0
2022,12,13,10,0,804.35,211.46,986.97,0,15.85,0,0,5.26,0
2022,12,13,11,0,752.21,277.91,1063.62,0,16.91,0,0,5.48,0
2022,12,13,12,0,748.86,278.66,1087.7,0,17.67,0,0,5.73,0
2022,12,13,13,0,895.44,192.52,1028.22,0,18.09,0,0,5.68,0
2022,12,13,14,0,1029.92,68.2,901.15,0,18.28,0,0,5.54,0
2022,12,13,15,0,937.83,94.44,731.2,0,18.03,0,0,5.56,0
2022,12,13,16,0,872.39,72.73,510.45,0,17.34,0,0,5.49,0
2022,12,13,17,0,681.18,60.72,280.75,0,16.27,0,0,5.1,0
2022,12,13,18,0,423.73,24.47,71.62,0,14.63,0,0,4.13,0
2022,12,13,19,0,0.0,0.0,0.0,0,12.7,0,0,3.79,0
2022,12,13,20,0,0.0,0.0,0.0,0,11.78,0,0,4.01,0
2022,12,13,21,0,0.0,0.0,0.0,0,11.02,0,0,3.81,0
2022,12,13,22,0,0.0,0.0,0.0,0,10.32,0,0,3.79,0
2022,12,13,23,0,0.0,0.0,0.0,0,9.63,0,0,3.87,0
2022,12,14,0,0,0.0,0.0,0.0,0,9.05,0,0,4.03,0
2022,12,14,1,0,0.0,0.0,0.0,0,8.64,0,0,4.15,0
2022,12,14,2,0,0.0,0.0,0.0,0,8.25,0,0,3.89,0
2022,12,14,3,0,0.0,0.0,0.0,0,7.64,0,0,3.55,0
2022,12,14,4,0,0.0,0.0,0.0,0,7.19,0,0,4.06,0
2022,12,14,5,0,276.99,42.62,69.95,0,7.25,0,0,4.38,0
2022,12,14,6,0,195.07,98.09,186.18,0,7.39,0,0,4.71,0
2022,12,14,7,0,247.6,157.39,284.7,0,8.62,0,0,5.28,0
2022,12,14,8,0,528.35,226.91,609.28,0,10.13,0,0,6.11,0
2022,12,14,9,0,737.16,239.05,862.12,0,11.31,0,0,6.46,0
2022,12,14,10,0,904.72,155.13,1035.4,0,12.58,0,0,6.53,0
2022,12,14,11,0,906.92,176.03,1114.53,0,13.66,0,0,6.67,0
2022,12,14,12,0,838.16,246.37,1086.93,0,14.45,0,0,7.06,0
2022,12,14,13,0,587.05,149.54,775.6,0,14.83,0,0,7.48,0
2022,12,14,14,0,469.13,354.93,758.42,0,14.75,0,0,7.66,0
2022,12,14,15,0,334.85,318.74,582.67,0,14.4,0,0,7.61,0
2022,12,14,16,0,469.2,175.36,390.5,0,13.77,0,0,7.41,0
2022,12,14,17,0,312.15,102.53,208.15,0,12.78,0,0,7.07,0
2022,12,14,18,0,177.73,29.67,56.72,0,11.39,0,0,6.3,0
2022,12,14,19,0,0.0,0.0,0.0,0,9.82,0,0,5.52,0
2022,12,14,20,0,0.0,0.0,0.0,0,9.07,0,0,5.24,0
2022,12,14,21,0,0.0,0.0,0.0,0,8.49,0,0,5.0,0
2022,12,14,22,0,0.0,0.0,0.0,0,7.81,0,0,4.89,0
2022,12,14,23,0,0.0,0.0,0.0,0,7.03,0,0,4.57,0
2022,12,15,0,0,0.0,0.0,0.0,0,6.24,0,0,4.31,0
2022,12,15,1,0,0.0,0.0,0.0,0,5.43,0,0,3.87,0
2022,12,15,2,0,0.0,0.0,0.0,0,4.66,0,0,3.2,0
2022,12,15,3,0,0.0,0.0,0.0,0,4.0,0,0,2.59,0
2022,12,15,4,0,0.0,0.0,0.0,0,3.42,0,0,2.6,0
2022,12,15,5,0,394.45,26.38,104.38,0,3.96,0,0,2.47,0
2022,12,15,6,0,842.35,46.1,325.5,0,6.08,0,0,3.19,0
2022,12,15,7,0,943.56,61.0,558.78,0,8.86,0,0,3.86,0
2022,12,15,8,0,1004.86,67.76,772.22,0,11.33,0,0,3.98,0
2022,12,15,9,0,1034.58,75.31,944.97,0,13.28,0,0,3.72,0
2022,12,15,10,0,966.86,148.54,1057.32,0,14.99,0,0,3.5,0
2022,12,15,11,0,763.98,254.13,1085.15,0,16.41,0,0,3.34,0
2022,12,15,12,0,736.77,302.93,1042.3,0,17.47,0,0,3.18,0
2022,12,15,13,0,651.34,263.4,879.7,0,18.1,0,0,3.19,0
2022,12,15,14,0,323.09,386.45,701.75,0,18.26,0,0,3.28,0
2022,12,15,15,0,468.19,259.72,559.25,0,18.01,0,0,3.3,0
2022,12,15,16,0,575.73,122.4,344.15,0,17.38,0,0,3.24,0
2022,12,15,17,0,460.14,83.88,189.18,0,16.35,0,0,3.12,0
2022,12,15,18,0,126.25,37.95,53.42,0,14.52,0,0,2.8,0
2022,12,15,19,0,0.0,0.0,0.0,0,11.75,0,0,3.43,0
2022,12,15,20,0,0.0,0.0,0.0,0,10.31,0,0,3.46,0
2022,12,15,21,0,0.0,0.0,0.0,0,9.24,0,0,3.06,0
2022,12,15,22,0,0.0,0.0,0.0,0,8.21,0,0,2.89,0
2022,12,15,23,0,0.0,0.0,0.0,0,7.59,0,0,3.11,0
2022,12,16,0,0,0.0,0.0,0.0,0,7.11,0,0,2.95,0
2022,12,16,1,0,0.0,0.0,0.0,0,6.64,0,0,2.8,0
2022,12,16,2,0,0.0,0.0,0.0,0,6.15,0,0,2.81,0
2022,12,16,3,0,0.0,0.0,0.0,0,5.84,0,0,2.65,0
2022,12,16,4,0,0.0,0.0,0.0,0,5.55,0,0,2.72,0
2022,12,16,5,0,301.42,46.69,77.15,0,5.98,0,0,2.88,0
2022,12,16,6,0,629.8,72.72,255.62,0,7.91,0,0,2.41,0
2022,12,16,7,0,667.48,127.12,478.5,0,10.49,0,0,1.46,0
2022,12,16,8,0,689.85,188.31,701.92,0,13.08,0,0,0.41,0
2022,12,16,9,0,758.81,247.38,857.95,0,15.16,0,0,0.86,0
2022,12,16,10,0,678.37,353.08,958.03,0,16.87,0,0,1.31,0
2022,12,16,11,0,534.67,367.94,1025.68,0,18.21,0,0,1.65,0
2022,12,16,12,0,664.57,348.16,1019.55,0,19.21,0,0,1.98,0
2022,12,16,13,0,689.19,247.47,953.62,0,19.88,0,0,2.35,0
2022,12,16,14,0,353.3,403.6,729.88,0,20.05,0,0,2.69,0
2022,12,16,15,0,331.88,279.79,530.92,0,19.8,0,0,3.03,0
2022,12,16,16,0,291.42,211.56,346.4,0,19.15,0,0,3.35,0
2022,12,16,17,0,588.45,63.52,194.7,0,18.09,0,0,3.56,0
2022,12,16,18,0,258.09,27.48,61.97,0,16.25,0,0,3.41,0
2022,12,16,19,0,0.0,0.0,0.0,0,13.63,0,0,3.55,0
2022,12,16,20,0,0.0,0.0,0.0,0,12.13,0,0,4.15,0
2022,12,16,21,0,0.0,0.0,0.0,0,11.08,0,0,4.14,0
2022,12,16,22,0,0.0,0.0,0.0,0,9.98,0,0,3.68,0
2022,12,16,23,0,0.0,0.0,0.0,0,9.14,0,0,3.94,0
2022,12,17,0,0,0.0,0.0,0.0,0,8.37,0,0,3.63,0
2022,12,17,1,0,0.0,0.0,0.0,0,7.74,0,0,3.56,0
2022,12,17,2,0,0.0,0.0,0.0,0,7.2,0,0,3.49,0
2022,12,17,3,0,0.0,0.0,0.0,0,6.74,0,0,3.41,0
2022,12,17,4,0,0.0,0.0,0.0,0,6.26,0,0,3.35,0
2022,12,17,5,0,370.42,29.99,96.5,0,6.52,0,0,2.98,0
2022,12,17,6,0,784.12,53.52,311.3,0,8.32,0,0,3.29,0
2022,12,17,7,0,921.34,62.44,541.95,0,11.11,0,0,2.8,0
2022,12,17,8,0,889.37,106.43,738.17,0,14.1,0,0,2.16,0
2022,12,17,9,0,813.37,200.22,904.67,0,16.6,0,0,2.05,0
2022,12,17,10,0,870.79,207.98,1009.85,0,18.45,0,0,2.15,0
2022,12,17,11,0,727.53,327.15,1063.53,0,19.86,0,0,2.24,0
2022,12,17,12,0,639.66,316.17,1027.72,0,20.86,0,0,2.35,0
2022,12,17,13,0,677.17,258.29,961.55,0,21.47,0,0,2.46,0
2022,12,17,14,0,770.7,132.89,719.35,0,21.64,0,0,2.64,0
2022,12,17,15,0,623.91,186.17,606.92,0,21.34,0,0,2.95,0
2022,12,17,16,0,607.85,109.61,401.92,0,20.58,0,0,3.42,0
2022,12,17,17,0,471.52,86.49,237.77,0,19.32,0,0,3.97,0
2022,12,17,18,0,155.94,24.99,70.55,0,17.29,0,0,4.21,0
2022,12,17,19,0,0.0,0.0,0.0,0,14.58,0,0,4.45,0
2022,12,17,20,0,0.0,0.0,0.0,0,12.82,0,0,5.01,0
2022,12,17,21,0,0.0,0.0,0.0,0,11.17,0,0,5.04,0
2022,12,17,22,0,0.0,0.0,0.0,0,9.71,0,0,4.79,0
2022,12,17,23,0,0.0,0.0,0.0,0,8.65,0,0,4.51,0
2022,12,18,0,0,0.0,0.0,0.0,0,7.9,0,0,4.33,0
2022,12,18,1,0,0.0,0.0,0.0,0,7.41,0,0,4.38,0
2022,12,18,2,0,0.0,0.0,0.0,0,7.25,0,0,4.24,0
2022,12,18,3,0,0.0,0.0,0.0,0,7.3,0,0,4.17,0
2022,12,18,4,0,0.0,0.0,0.0,0,7.39,0,0,4.06,0
2022,12,18,5,0,387.44,33.61,90.9,0,7.76,0,0,4.22,0
2022,12,18,6,0,530.34,98.99,286.1,0,9.02,0,0,4.8,0
2022,12,18,7,0,617.42,178.7,497.73,0,11.1,0,0,4.65,0
2022,12,18,8,0,636.8,208.53,624.6,0,13.37,0,0,4.17,0
2022,12,18,9,0,686.88,231.64,812.67,0,15.49,0,0,3.48,0
2022,12,18,10,0,593.68,248.73,843.35,0,17.49,0,0,2.91,0
2022,12,18,11,0,612.53,316.56,917.08,0,19.11,0,0,2.59,0
2022,12,18,12,0,515.61,452.78,959.8,0,20.24,0,0,2.52,0
2022,12,18,13,0,471.08,395.08,930.47,0,20.94,0,0,2.7,0
2022,12,18,14,0,728.78,177.17,721.78,0,21.19,0,0,3.03,0
2022,12,18,15,0,539.0,248.36,625.03,0,20.91,0,0,3.41,0
2022,12,18,16,0,526.23,136.79,413.48,0,20.17,0,0,3.87,0
2022,12,18,17,0,498.3,87.15,245.93,0,18.99,0,0,4.25,0
2022,12,18,18,0,188.92,36.56,73.35,0,17.15,0,0,4.26,0
2022,12,18,19,0,0.0,0.0,0.0,0,14.59,0,0,4.51,0
2022,12,18,20,0,0.0,0.0,0.0,0,12.88,0,0,4.44,0
2022,12,18,21,0,0.0,0.0,0.0,0,11.38,0,0,4.81,0
2022,12,18,22,0,0.0,0.0,0.0,0,9.89,0,0,4.85,0
2022,12,18,23,0,0.0,0.0,0.0,0,8.58,0,0,4.49,0
2022,12,19,0,0,0.0,0.0,0.0,0,7.54,0,0,4.26,0
2022,12,19,1,0,0.0,0.0,0.0,0,6.89,0,0,4.33,0
2022,12,19,2,0,0.0,0.0,0.0,0,6.82,0,0,4.48,0
2022,12,19,3,0,0.0,0.0,0.0,0,6.67,0,0,4.55,0
2022,12,19,4,0,0.0,0.0,0.0,0,6.42,0,0,4.48,0
2022,12,19,5,0,230.98,38.72,75.07,0,7.04,0,0,4.43,0
2022,12,19,6,0,515.12,91.48,278.17,0,9.02,0,0,4.9,0
2022,12,19,7,0,855.27,85.57,525.95,0,11.43,0,0,4.92,0
2022,12,19,8,0,973.42,76.04,759.88,0,14.03,0,0,4.33,0
2022,12,19,9,0,1052.1,70.18,944.0,0,16.49,0,0,3.6,0
2022,12,19,10,0,1062.92,70.81,1072.93,0,18.62,0,0,2.9,0
2022,12,19,11,0,1087.07,65.61,1131.25,0,20.3,0,0,2.56,0
2022,12,19,12,0,1086.9,64.55,1128.55,0,21.46,0,0,2.53,0
2022,12,19,13,0,1069.02,64.71,1059.4,0,22.14,0,0,2.69,0
2022,12,19,14,0,1026.86,68.63,924.4,0,22.31,0,0,3.04,0
2022,12,19,15,0,979.44,73.92,749.0,0,21.97,0,0,3.5,0
2022,12,19,16,0,916.13,60.84,535.65,0,21.1,0,0,3.99,0
2022,12,19,17,0,794.7,45.92,305.9,0,19.71,0,0,4.43,0
2022,12,19,18,0,438.67,25.11,89.38,0,17.54,0,0,4.49,0
2022,12,19,19,0,0.0,0.0,0.0,0,14.68,0,0,4.54,0
2022,12,19,20,0,0.0,0.0,0.0,0,12.87,0,0,5.01,0
2022,12,19,21,0,0.0,0.0,0.0,0,11.26,0,0,4.82,0
2022,12,19,22,0,0.0,0.0,0.0,0,9.92,0,0,4.67,0
2022,12,19,23,0,0.0,0.0,0.0,0,8.81,0,0,4.5,0
2022,12,20,0,0,0.0,0.0,0.0,0,7.76,0,0,4.38,0
2022,12,20,1,0,0.0,0.0,0.0,0,6.81,0,0,4.16,0
2022,12,20,2,0,0.0,0.0,0.0,0,6.05,0,0,4.2,0
2022,12,20,3,0,0.0,0.0,0.0,0,5.46,0,0,4.09,0
2022,12,20,4,0,0.0,0.0,0.0,0,5.22,0,0,4.03,0
2022,12,20,5,0,461.68,27.8,99.65,0,5.96,0,0,4.0,0
2022,12,20,6,0,850.72,42.68,321.33,0,7.85,0,0,3.79,0
2022,12,20,7,0,959.93,52.79,552.15,0,10.7,0,0,3.61,0
2022,12,20,8,0,1035.66,58.08,770.15,0,13.78,0,0,3.14,0
2022,12,20,9,0,1052.77,66.0,946.22,0,16.68,0,0,2.59,0
2022,12,20,10,0,1058.72,73.68,1071.78,0,19.11,0,0,2.37,0
2022,12,20,11,0,1058.14,82.36,1131.45,0,20.58,0,0,2.39,0
2022,12,20,12,0,1040.93,90.72,1129.07,0,21.54,0,0,2.41,0
2022,12,20,13,0,1017.63,93.11,1058.15,0,22.15,0,0,2.37,0
2022,12,20,14,0,977.73,104.43,920.88,0,22.39,0,0,2.39,0
2022,12,20,15,0,901.35,101.12,734.6,0,22.21,0,0,2.43,0
2022,12,20,16,0,886.66,66.77,521.47,0,21.61,0,0,2.48,0
2022,12,20,17,0,769.87,52.24,298.9,0,20.5,0,0,2.66,0
2022,12,20,18,0,360.79,28.06,87.2,0,18.13,0,0,3.15,0
2022,12,20,19,0,0.0,0.0,0.0,0,14.92,0,0,4.33,0
2022,12,20,20,0,0.0,0.0,0.0,0,13.59,0,0,5.09,0
2022,12,20,21,0,0.0,0.0,0.0,0,12.51,0,0,4.66,0
2022,12,20,22,0,0.0,0.0,0.0,0,11.25,0,0,4.23,0
2022,12,20,23,0,0.0,0.0,0.0,0,10.22,0,0,4.08,0
2022,12,21,0,0,0.0,0.0,0.0,0,9.49,0,0,4.03,0
2022,12,21,1,0,0.0,0.0,0.0,0,8.99,0,0,3.76,0
2022,12,21,2,0,0.0,0.0,0.0,0,8.7,0,0,3.45,0
2022,12,21,3,0,0.0,0.0,0.0,0,8.67,0,0,3.41,0
2022,12,21,4,0,0.0,0.0,0.0,0,8.68,0,0,3.49,0
2022,12,21,5,0,396.1,30.22,91.57,0,9.24,0,0,3.38,0
2022,12,21,6,0,815.23,44.92,309.65,0,10.8,0,0,2.81,0
2022,12,21,7,0,934.71,53.55,538.45,0,13.23,0,0,2.08,0
2022,12,21,8,0,1005.64,58.62,749.35,0,16.37,0,0,0.09,0
2022,12,21,9,0,1021.68,89.17,919.33,0,19.11,0,0,1.63,0
2022,12,21,10,0,893.12,162.52,1039.18,0,20.7,0,0,2.02,0
2022,12,21,11,0,628.08,322.88,1045.2,0,22.06,0,0,1.89,0
2022,12,21,12,0,750.69,315.07,1025.4,0,23.2,0,0,1.57,0
2022,12,21,13,0,849.88,184.62,971.35,0,23.98,0,0,1.35,0
2022,12,21,14,0,751.04,267.03,848.85,0,24.34,0,0,1.21,0
2022,12,21,15,0,573.01,267.76,649.4,0,24.27,0,0,0.91,0
2022,12,21,16,0,552.93,163.34,457.67,0,23.83,0,0,0.48,0
2022,12,21,17,0,498.41,141.0,251.68,0,22.8,0,0,0.57,0
2022,12,21,18,0,110.42,50.59,68.03,0,20.99,0,0,1.54,0
2022,12,21,19,0,0.0,0.0,0.0,0,19.45,0,0,2.24,0
2022,12,21,20,0,0.0,0.0,0.0,0,17.58,0,0,3.37,0
2022,12,21,21,0,0.0,0.0,0.0,0,15.3,0,0,4.17,0
2022,12,21,22,0,0.0,0.0,0.0,0,14.26,0,0,4.58,0
2022,12,21,23,0,0.0,0.0,0.0,0,13.53,0,0,3.65,0
2022,12,22,0,0,0.0,0.0,0.0,0,12.68,0,0,3.2,0
2022,12,22,1,0,0.0,0.0,0.0,0,12.14,0,0,3.09,0
2022,12,22,2,0,0.0,0.0,0.0,0,11.77,0,0,2.96,0
2022,12,22,3,0,0.0,0.0,0.0,0,11.43,0,0,2.84,0
2022,12,22,4,0,0.0,0.0,0.0,0,11.15,0,0,2.82,0
2022,12,22,5,0,22.2,38.09,40.15,0,11.41,0,0,2.87,0
2022,12,22,6,0,84.32,92.7,120.25,0,12.49,0,0,2.72,0
2022,12,22,7,0,83.95,171.59,213.6,0,14.3,0,0,2.99,0
2022,12,22,8,0,76.65,175.25,243.1,0,17.23,0,0,3.25,0
2022,12,22,9,0,65.5,133.64,190.57,0,20.58,0,0,3.55,0
2022,12,22,10,0,5.78,223.6,276.17,0,22.23,0,0,3.6,0
2022,12,22,11,0,70.46,238.88,332.95,0,23.02,0,0,3.78,0
2022,12,22,12,0,50.11,178.23,247.7,0,23.16,0,0,4.05,0
2022,12,22,13,0,176.95,176.62,254.0,0,22.45,0,0,4.12,0
2022,12,22,14,0,16.42,104.01,129.8,0,21.3,0,0,3.9,0
2022,12,22,15,0,0.0,142.05,172.48,0,20.14,0,0,3.55,0
2022,12,22,16,0,5.36,96.54,113.47,0,19.02,0,0,3.01,0
2022,12,22,17,0,10.5,89.04,97.55,0,18.07,0,0,2.79,0
2022,12,22,18,0,8.22,25.7,26.55,0,16.9,0,0,3.29,0
2022,12,22,19,0,0.0,0.0,0.0,0,15.58,0,0,3.5,0
2022,12,22,20,0,0.0,0.0,0.0,0,14.96,0,0,4.25,0
2022,12,22,21,0,0.0,0.0,0.0,0,14.62,0,0,4.0,0
2022,12,22,22,0,0.0,0.0,0.0,0,14.36,0,0,4.06,0
2022,12,22,23,0,0.0,0.0,0.0,0,14.21,0,0,3.83,0
2022,12,23,0,0,0.0,0.0,0.0,0,14.09,0,0,3.56,0
2022,12,23,1,0,0.0,0.0,0.0,0,13.98,0,0,3.4,0
2022,12,23,2,0,0.0,0.0,0.0,0,13.91,0,0,2.91,0
2022,12,23,3,0,0.0,0.0,0.0,0,13.79,0,0,2.63,0
2022,12,23,4,0,0.0,0.0,0.0,0,13.7,0,0,2.55,0
2022,12,23,5,0,150.28,37.06,34.72,0,13.97,0,0,2.27,0
2022,12,23,6,0,274.57,82.17,125.6,0,14.95,0,0,1.5,0
2022,12,23,7,0,41.64,194.16,248.2,0,16.57,0,0,1.67,0
2022,12,23,8,0,83.64,356.01,459.85,0,19.26,0,0,2.12,0
2022,12,23,9,0,323.22,393.51,731.08,0,21.96,0,0,2.75,0
2022,12,23,10,0,212.03,522.22,825.97,0,23.6,0,0,3.43,0
2022,12,23,11,0,217.15,429.93,854.03,0,24.7,0,0,3.65,0
2022,12,23,12,0,415.69,408.42,884.25,0,25.62,0,0,3.89,0
2022,12,23,13,0,442.02,393.9,820.33,0,26.15,0,0,3.68,0
2022,12,23,14,0,537.64,201.68,621.28,0,26.23,0,0,3.52,0
2022,12,23,15,0,333.65,258.12,499.38,0,25.83,0,0,3.35,0
2022,12,23,16,0,173.81,223.87,335.33,0,24.85,0,0,3.14,0
2022,12,23,17,0,143.35,142.1,170.05,0,23.67,0,0,2.64,0
2022,12,23,18,0,27.4,48.15,50.05,0,22.04,0,0,2.21,0
2022,12,23,19,0,0.0,0.0,0.0,0,20.48,0,0,2.03,0
2022,12,23,20,0,0.0,0.0,0.0,0,19.64,0,0,1.74,0
2022,12,23,21,0,0.0,0.0,0.0,0,18.65,0,0,1.88,0
2022,12,23,22,0,0.0,0.0,0.0,0,17.42,0,0,2.72,0
2022,12,23,23,0,0.0,0.0,0.0,0,16.19,0,0,3.86,0
2022,12,24,0,0,0.0,0.0,0.0,0,15.47,0,0,4.37,0
2022,12,24,1,0,0.0,0.0,0.0,0,14.91,0,0,3.96,0
2022,12,24,2,0,0.0,0.0,0.0,0,14.5,0,0,3.39,0
2022,12,24,3,0,0.0,0.0,0.0,0,14.08,0,0,2.9,0
2022,12,24,4,0,0.0,0.0,0.0,0,13.8,0,0,3.04,0
2022,12,24,5,0,84.74,41.37,57.8,0,14.63,0,0,2.75,0
2022,12,24,6,0,366.01,104.1,227.62,0,16.48,0,0,2.82,0
2022,12,24,7,0,485.34,177.76,443.45,0,18.7,0,0,3.38,0
2022,12,24,8,0,689.28,183.14,678.9,0,21.25,0,0,3.32,0
2022,12,24,9,0,707.1,242.04,852.1,0,23.22,0,0,3.45,0
2022,12,24,10,0,591.63,307.83,907.08,0,24.57,0,0,3.65,0
2022,12,24,11,0,434.49,423.11,931.4,0,25.45,0,0,3.87,0
2022,12,24,12,0,672.01,269.93,979.25,0,25.97,0,0,4.06,0
2022,12,24,13,0,547.89,334.04,904.78,0,26.04,0,0,3.83,0
2022,12,24,14,0,526.21,183.8,702.55,0,25.84,0,0,3.26,0
2022,12,24,15,0,465.35,264.0,610.5,0,25.57,0,0,2.58,0
2022,12,24,16,0,564.42,133.78,420.98,0,25.21,0,0,1.91,0
2022,12,24,17,0,391.03,117.54,237.07,0,24.47,0,0,1.3,0
2022,12,24,18,0,222.8,48.7,71.43,0,23.16,0,0,1.19,0
2022,12,24,19,0,0.0,0.0,0.0,0,21.55,0,0,1.72,0
2022,12,24,20,0,0.0,0.0,0.0,0,20.37,0,0,2.1,0
2022,12,24,21,0,0.0,0.0,0.0,0,19.34,0,0,2.29,0
2022,12,24,22,0,0.0,0.0,0.0,0,18.53,0,0,2.43,0
2022,12,24,23,0,0.0,0.0,0.0,0,17.73,0,0,2.49,0
2022,12,25,0,0,0.0,0.0,0.0,0,17.07,0,0,2.52,0
2022,12,25,1,0,0.0,0.0,0.0,0,16.5,0,0,2.47,0
2022,12,25,2,0,0.0,0.0,0.0,0,16.14,0,0,2.16,0
2022,12,25,3,0,0.0,0.0,0.0,0,15.96,0,0,1.68,0
2022,12,25,4,0,0.0,0.0,0.0,0,15.6,0,0,1.15,0
2022,12,25,5,0,130.81,42.64,61.8,0,15.46,0,0,0.57,0
2022,12,25,6,0,462.32,93.55,242.45,0,16.98,0,0,0.08,0
2022,12,25,7,0,573.02,162.29,467.9,0,20.19,0,0,0.19,0
2022,12,25,8,0,783.25,142.87,696.03,0,23.04,0,0,0.08,0
2022,12,25,9,0,809.74,167.11,866.3,0,25.02,0,0,0.32,0
2022,12,25,10,0,820.41,174.76,985.0,0,26.45,0,0,0.75,0
2022,12,25,11,0,643.42,324.19,1026.9,0,27.2,0,0,1.16,0
2022,12,25,12,0,648.24,319.64,995.95,0,27.39,0,0,1.43,0
2022,12,25,13,0,642.32,316.49,948.45,0,27.24,0,0,1.32,0
2022,12,25,14,0,633.07,225.49,785.1,0,27.36,0,0,0.89,0
2022,12,25,15,0,544.84,233.95,599.53,0,27.51,0,0,0.51,0
2022,12,25,16,0,449.49,166.39,400.75,0,26.8,0,0,0.87,0
2022,12,25,17,0,446.91,90.68,230.1,0,25.68,0,0,1.79,0
2022,12,25,18,0,258.84,41.43,72.22,0,23.51,0,0,2.89,0
2022,12,25,19,0,0.0,0.0,0.0,0,20.56,0,0,4.26,0
2022,12,25,20,0,0.0,0.0,0.0,0,19.23,0,0,4.78,0
2022,12,25,21,0,0.0,0.0,0.0,0,18.5,0,0,4.57,0
2022,12,25,22,0,0.0,0.0,0.0,0,17.86,0,0,4.49,0
2022,12,25,23,0,0.0,0.0,0.0,0,17.23,0,0,4.3,0
2022,12,26,0,0,0.0,0.0,0.0,0,16.52,0,0,4.04,0
2022,12,26,1,0,0.0,0.0,0.0,0,15.94,0,0,3.76,0
2022,12,26,2,0,0.0,0.0,0.0,0,15.53,0,0,3.49,0
2022,12,26,3,0,0.0,0.0,0.0,0,15.3,0,0,3.18,0
2022,12,26,4,0,0.0,0.0,0.0,0,15.14,0,0,2.85,0
2022,12,26,5,0,325.48,26.69,77.03,0,15.71,0,0,2.55,0
2022,12,26,6,0,761.44,46.31,283.2,0,17.74,0,0,1.87,0
2022,12,26,7,0,863.59,60.89,502.62,0,20.55,0,0,1.21,0
2022,12,26,8,0,930.45,73.36,706.78,0,24.28,0,0,1.16,0
2022,12,26,9,0,1007.82,77.9,893.15,0,26.63,0,0,1.92,0
2022,12,26,10,0,692.7,307.28,983.38,0,27.92,0,0,2.42,0
2022,12,26,11,0,704.83,331.09,1047.2,0,28.89,0,0,2.61,0
2022,12,26,12,0,753.11,286.37,1047.07,0,29.59,0,0,2.67,0
2022,12,26,13,0,842.48,114.31,938.35,0,29.9,0,0,2.79,0
2022,12,26,14,0,709.03,225.89,859.78,0,29.84,0,0,2.98,0
2022,12,26,15,0,829.86,132.98,713.3,0,29.33,0,0,3.23,0
2022,12,26,16,0,779.06,87.85,515.35,0,28.37,0,0,3.57,0
2022,12,26,17,0,763.14,47.87,297.4,0,26.86,0,0,3.64,0
2022,12,26,18,0,384.87,26.99,96.05,0,24.32,0,0,3.49,0
2022,12,26,19,0,0.0,0.0,0.0,0,21.46,0,0,4.05,0
2022,12,26,20,0,0.0,0.0,0.0,0,19.96,0,0,4.23,0
2022,12,26,21,0,0.0,0.0,0.0,0,18.84,0,0,4.2,0
2022,12,26,22,0,0.0,0.0,0.0,0,17.89,0,0,4.2,0
2022,12,26,23,0,0.0,0.0,0.0,0,16.95,0,0,4.0,0
2022,12,27,0,0,0.0,0.0,0.0,0,15.95,0,0,3.87,0
2022,12,27,1,0,0.0,0.0,0.0,0,15.08,0,0,3.82,0
2022,12,27,2,0,0.0,0.0,0.0,0,14.33,0,0,3.74,0
2022,12,27,3,0,0.0,0.0,0.0,0,13.65,0,0,3.72,0
2022,12,27,4,0,0.0,0.0,0.0,0,13.03,0,0,3.73,0
2022,12,27,5,0,386.2,26.7,81.0,0,13.38,0,0,3.57,0
2022,12,27,6,0,780.6,50.76,299.55,0,15.77,0,0,2.74,0
2022,12,27,7,0,925.78,58.49,532.67,0,19.02,0,0,3.75,0
2022,12,27,8,0,1008.59,61.16,749.1,0,21.94,0,0,4.25,0
2022,12,27,9,0,1050.07,60.92,929.17,0,24.07,0,0,3.9,0
2022,12,27,10,0,1080.49,57.98,1058.3,0,25.8,0,0,3.37,0
2022,12,27,11,0,1090.69,58.4,1122.38,0,27.12,0,0,3.08,0
2022,12,27,12,0,1088.29,57.39,1121.28,0,28.02,0,0,3.1,0
2022,12,27,13,0,1068.16,58.98,1056.0,0,28.52,0,0,3.32,0
2022,12,27,14,0,1034.89,61.36,929.3,0,28.58,0,0,3.65,0
2022,12,27,15,0,988.11,62.41,754.25,0,28.19,0,0,3.93,0
2022,12,27,16,0,922.18,56.51,542.33,0,27.37,0,0,4.13,0
2022,12,27,17,0,821.95,42.96,315.0,0,26.03,0,0,3.96,0
2022,12,27,18,0,385.11,24.6,100.4,0,23.65,0,0,3.92,0
2022,12,27,19,0,0.0,0.0,0.0,0,20.92,0,0,4.39,0
2022,12,27,20,0,0.0,0.0,0.0,0,19.48,0,0,4.43,0
2022,12,27,21,0,0.0,0.0,0.0,0,18.19,0,0,4.18,0
2022,12,27,22,0,0.0,0.0,0.0,0,16.98,0,0,4.12,0
2022,12,27,23,0,0.0,0.0,0.0,0,15.83,0,0,3.99,0
2022,12,28,0,0,0.0,0.0,0.0,0,14.79,0,0,3.87,0
2022,12,28,1,0,0.0,0.0,0.0,0,13.83,0,0,3.84,0
2022,12,28,2,0,0.0,0.0,0.0,0,12.84,0,0,3.87,0
2022,12,28,3,0,0.0,0.0,0.0,0,12.13,0,0,3.8,0
2022,12,28,4,0,0.0,0.0,0.0,0,11.63,0,0,3.72,0
2022,12,28,5,0,381.08,23.98,77.97,0,12.16,0,0,3.45,0
2022,12,28,6,0,747.93,51.77,286.0,0,14.31,0,0,2.75,0
2022,12,28,7,0,865.15,66.74,507.35,0,17.71,0,0,3.49,0
2022,12,28,8,0,911.66,85.76,715.05,0,21.1,0,0,3.76,0
2022,12,28,9,0,993.49,88.13,888.62,0,23.61,0,0,3.29,0
2022,12,28,10,0,906.77,139.46,1016.33,0,25.69,0,0,2.8,0
2022,12,28,11,0,928.43,154.81,1081.25,0,27.33,0,0,2.49,0
2022,12,28,12,0,944.14,114.51,1049.85,0,28.46,0,0,2.41,0
2022,12,28,13,0,924.68,160.74,1024.28,0,29.14,0,0,2.48,0
2022,12,28,14,0,692.92,206.7,885.55,0,29.45,0,0,2.63,0
2022,12,28,15,0,528.52,267.25,649.22,0,29.33,0,0,2.78,0
2022,12,28,16,0,561.79,151.72,434.45,0,28.74,0,0,2.94,0
2022,12,28,17,0,556.32,81.71,244.62,0,27.54,0,0,2.79,0
2022,12,28,18,0,322.05,36.41,83.43,0,25.21,0,0,2.71,0
2022,12,28,19,0,0.0,0.0,0.0,0,22.64,0,0,2.99,0
2022,12,28,20,0,0.0,0.0,0.0,0,21.21,0,0,3.07,0
2022,12,28,21,0,0.0,0.0,0.0,0,20.4,0,0,2.96,0
2022,12,28,22,0,0.0,0.0,0.0,0,20.24,0,0,2.5,0
2022,12,28,23,0,0.0,0.0,0.0,0,20.27,0,0,2.08,0
2022,12,29,0,0,0.0,0.0,0.0,0,19.78,0,0,2.0,0
2022,12,29,1,0,0.0,0.0,0.0,0,18.7,0,0,2.22,0
2022,12,29,2,0,0.0,0.0,0.0,0,17.88,0,0,2.4,0
2022,12,29,3,0,0.0,0.0,0.0,0,17.74,0,0,2.24,0
2022,12,29,4,0,0.0,0.0,0.0,0,17.83,0,0,2.04,0
2022,12,29,5,0,53.47,39.06,39.47,0,17.29,0,0,2.5,0
2022,12,29,6,0,84.48,132.8,150.65,0,17.69,0,0,3.2,0
2022,12,29,7,0,36.6,208.83,273.17,0,19.36,0,0,2.41,0
2022,12,29,8,0,20.74,306.91,378.42,0,21.68,0,0,1.82,0
2022,12,29,9,0,0.82,328.13,406.27,0,24.19,0,0,1.14,0
2022,12,29,10,0,2.93,372.28,457.0,0,26.12,0,0,1.08,0
2022,12,29,11,0,0.35,365.78,479.38,0,26.6,0,0,1.15,0
2022,12,29,12,0,0.18,358.78,470.17,0,27.19,0,0,1.27,0
2022,12,29,13,0,1.32,257.42,316.85,0,27.73,0,0,1.27,0
2022,12,29,14,0,0.0,233.77,299.42,0,27.17,0,0,1.35,0
2022,12,29,15,0,0.0,135.62,166.0,0,26.01,0,0,1.29,0
2022,12,29,16,0,0.0,86.73,98.53,0,24.81,0,0,1.1,0
2022,12,29,17,0,0.0,49.83,61.45,0,23.5,0,0,1.25,0
2022,12,29,18,0,0.0,20.39,21.8,0,21.91,0,0,1.6,0
2022,12,29,19,0,0.0,0.0,0.0,0,20.24,0,0,2.14,0
2022,12,29,20,0,0.0,0.0,0.0,0,19.1,0,0,2.7,0
2022,12,29,21,0,0.0,0.0,0.0,0,18.13,0,0,3.2,0
2022,12,29,22,0,0.0,0.0,0.0,0,17.44,0,0,3.42,0
2022,12,29,23,0,0.0,0.0,0.0,0,16.92,0,0,3.27,0
2022,12,30,0,0,0.0,0.0,0.0,0,16.41,0,0,3.4,0
2022,12,30,1,0,0.0,0.0,0.0,0,15.91,0,0,3.53,0
2022,12,30,2,0,0.0,0.0,0.0,0,15.42,0,0,3.83,0
2022,12,30,3,0,0.0,0.0,0.0,0,14.97,0,0,3.98,0
2022,12,30,4,0,0.0,0.0,0.0,0,14.59,0,0,4.09,0
2022,12,30,5,0,27.65,26.35,29.5,0,14.66,0,0,4.03,0
2022,12,30,6,0,85.31,99.56,133.77,0,15.62,0,0,4.47,0
2022,12,30,7,0,178.02,184.66,265.67,0,17.54,0,0,5.21,0
2022,12,30,8,0,244.42,226.28,421.73,0,19.95,0,0,5.14,0
2022,12,30,9,0,283.29,329.22,566.83,0,22.09,0,0,4.64,0
2022,12,30,10,0,526.63,299.06,789.55,0,23.96,0,0,4.06,0
2022,12,30,11,0,460.89,425.55,884.97,0,25.47,0,0,3.41,0
2022,12,30,12,0,435.4,393.0,905.0,0,26.06,0,0,2.68,0
2022,12,30,13,0,392.86,272.74,687.1,0,25.78,0,0,2.19,0
2022,12,30,14,0,328.8,309.81,637.92,0,25.02,0,0,2.25,0
2022,12,30,15,0,416.77,233.51,557.75,0,24.36,0,0,2.64,0
2022,12,30,16,0,479.44,139.19,368.62,0,23.47,0,0,3.16,0
2022,12,30,17,0,244.72,139.94,206.4,0,22.39,0,0,3.76,0
2022,12,30,18,0,141.29,48.65,66.53,0,20.83,0,0,3.99,0
2022,12,30,19,0,0.0,0.0,0.0,0,18.82,0,0,4.29,0
2022,12,30,20,0,0.0,0.0,0.0,0,17.59,0,0,4.72,0
2022,12,30,21,0,0.0,0.0,0.0,0,16.51,0,0,4.98,0
2022,12,30,22,0,0.0,0.0,0.0,0,15.45,0,0,4.82,0
2022,12,30,23,0,0.0,0.0,0.0,0,14.51,0,0,4.49,0
2022,12,31,0,0,0.0,0.0,0.0,0,13.76,0,0,4.39,0
2022,12,31,1,0,0.0,0.0,0.0,0,13.21,0,0,4.21,0
2022,12,31,2,0,0.0,0.0,0.0,0,12.86,0,0,3.97,0
2022,12,31,3,0,0.0,0.0,0.0,0,12.72,0,0,3.82,0
2022,12,31,4,0,0.0,0.0,0.0,0,12.64,0,0,3.83,0
2022,12,31,5,0,88.09,26.07,38.4,0,12.99,0,0,3.79,0
2022,12,31,6,0,157.58,102.33,145.05,0,14.41,0,0,3.97,0
2022,12,31,7,0,187.59,184.75,286.45,0,16.93,0,0,3.66,0
2022,12,31,8,0,244.03,230.71,369.73,0,19.91,0,0,2.42,0
2022,12,31,9,0,200.8,259.49,398.5,0,22.51,0,0,0.88,0
2022,12,31,10,0,462.84,248.37,545.92,0,24.16,0,0,0.5,0
2022,12,31,11,0,387.69,364.13,796.92,0,24.93,0,0,0.81,0
2022,12,31,12,0,411.07,386.03,863.15,0,24.93,0,0,0.91,0
2022,12,31,13,0,694.61,201.0,781.7,0,24.93,0,0,0.98,0
2022,12,31,14,0,352.24,376.48,698.6,0,24.95,0,0,1.02,0
2022,12,31,15,0,357.33,224.61,524.83,0,24.79,0,0,1.11,0
2022,12,31,16,0,395.87,165.61,366.4,0,24.53,0,0,1.35,0
2022,12,31,17,0,265.7,126.13,207.18,0,23.75,0,0,1.91,0
2022,12,31,18,0,100.92,44.76,67.57,0,22.17,0,0,2.76,0
2022,12,31,19,0,0.0,0.0,0.0,0,19.95,0,0,3.91,0
2022,12,31,20,0,0.0,0.0,0.0,0,18.81,0,0,3.91,0
2022,12,31,21,0,0.0,0.0,0.0,0,17.81,0,0,3.87,0
2022,12,31,22,0,0.0,0.0,0.0,0,16.94,0,0,3.74,0
2022,12,31,23,0,0.0,0.0,0.0,0,16.23,0,0,3.87,0
