Source,Location ID,Latitude,Longitude,Time Zone,Elevation,DNI Units,DHI Units,GHI Units,Temperature Units
NASA Power,34149,-33.5265,149.1588,10,606,w/m2,w/m2,w/m2,c
Year,Month,Day,Hour,Minute,DNI,DHI,GHI,Dew Point,Temperature,Pressure,Wind Direction,Wind Speed,Surface Albedo
2021,1,1,0,0,0.0,0.0,0.0,0,14.17,0,0,4.49,0
2021,1,1,1,0,0.0,0.0,0.0,0,13.81,0,0,4.56,0
2021,1,1,2,0,0.0,0.0,0.0,0,13.51,0,0,4.63,0
2021,1,1,3,0,0.0,0.0,0.0,0,13.29,0,0,4.76,0
2021,1,1,4,0,0.0,0.0,0.0,0,13.09,0,0,4.89,0
2021,1,1,5,0,6.81,24.78,23.83,0,13.15,0,0,4.84,0
2021,1,1,6,0,21.0,64.49,77.82,0,14.03,0,0,5.27,0
2021,1,1,7,0,77.61,132.04,166.1,0,15.46,0,0,5.3,0
2021,1,1,8,0,33.01,124.91,176.0,0,17.13,0,0,4.82,0
2021,1,1,9,0,55.08,155.58,220.02,0,18.54,0,0,4.3,0
2021,1,1,10,0,0.0,121.08,148.48,0,19.06,0,0,3.83,0
2021,1,1,11,0,19.88,107.99,147.12,0,19.35,0,0,3.33,0
2021,1,1,12,0,24.03,119.44,166.65,0,19.11,0,0,3.29,0
2021,1,1,13,0,57.61,171.94,254.52,0,18.69,0,0,3.48,0
2021,1,1,14,0,28.37,132.61,175.65,0,18.35,0,0,3.86,0
2021,1,1,15,0,60.28,272.57,368.8,0,17.94,0,0,4.43,0
2021,1,1,16,0,42.87,189.01,237.4,0,17.51,0,0,4.74,0
2021,1,1,17,0,83.98,105.73,129.75,0,16.94,0,0,4.79,0
2021,1,1,18,0,19.68,33.48,36.1,0,15.89,0,0,4.42,0
2021,1,1,19,0,0.0,0.0,0.0,0,14.53,0,0,4.29,0
2021,1,1,20,0,0.0,0.0,0.0,0,13.66,0,0,4.71,0
2021,1,1,21,0,0.0,0.0,0.0,0,12.98,0,0,4.62,0
2021,1,1,22,0,0.0,0.0,0.0,0,12.52,0,0,4.69,0
2021,1,1,23,0,0.0,0.0,0.0,0,12.15,0,0,4.41,0
2021,1,2,0,0,0.0,0.0,0.0,0,11.86,0,0,4.16,0
2021,1,2,1,0,0.0,0.0,0.0,0,11.69,0,0,4.05,0
2021,1,2,2,0,0.0,0.0,0.0,0,11.58,0,0,3.98,0
2021,1,2,3,0,0.0,0.0,0.0,0,11.51,0,0,3.99,0
2021,1,2,4,0,0.0,0.0,0.0,0,11.46,0,0,3.59,0
2021,1,2,5,0,14.53,28.03,30.1,0,11.59,0,0,3.34,0
2021,1,2,6,0,109.99,114.89,143.77,0,12.14,0,0,3.44,0
2021,1,2,7,0,141.48,215.84,277.42,0,13.07,0,0,3.68,0
2021,1,2,8,0,155.53,339.39,429.7,0,14.37,0,0,3.41,0
2021,1,2,9,0,89.52,412.75,546.88,0,15.86,0,0,2.92,0
2021,1,2,10,0,153.36,347.45,562.35,0,17.25,0,0,2.57,0
2021,1,2,11,0,13.05,373.72,493.35,0,18.52,0,0,2.44,0
2021,1,2,12,0,61.2,343.51,491.45,0,19.53,0,0,2.39,0
2021,1,2,13,0,100.23,350.19,524.0,0,20.06,0,0,2.49,0
2021,1,2,14,0,54.65,318.93,403.5,0,20.24,0,0,2.63,0
2021,1,2,15,0,112.53,249.27,362.83,0,20.33,0,0,2.82,0
2021,1,2,16,0,49.49,184.4,243.85,0,19.91,0,0,3.01,0
2021,1,2,17,0,46.26,114.51,131.43,0,19.07,0,0,3.15,0
2021,1,2,18,0,17.94,37.05,39.92,0,17.86,0,0,3.15,0
2021,1,2,19,0,0.0,0.0,0.0,0,16.53,0,0,3.5,0
2021,1,2,20,0,0.0,0.0,0.0,0,15.77,0,0,3.53,0
2021,1,2,21,0,0.0,0.0,0.0,0,15.2,0,0,3.78,0
2021,1,2,22,0,0.0,0.0,0.0,0,14.7,0,0,3.97,0
2021,1,2,23,0,0.0,0.0,0.0,0,14.39,0,0,4.09,0
2021,1,3,0,0,0.0,0.0,0.0,0,14.21,0,0,4.32,0
2021,1,3,1,0,0.0,0.0,0.0,0,14.16,0,0,4.46,0
2021,1,3,2,0,0.0,0.0,0.0,0,14.16,0,0,4.52,0
2021,1,3,3,0,0.0,0.0,0.0,0,14.18,0,0,4.23,0
2021,1,3,4,0,0.0,0.0,0.0,0,14.2,0,0,3.91,0
2021,1,3,5,0,8.95,20.25,19.6,0,14.43,0,0,3.69,0
2021,1,3,6,0,55.57,84.56,101.2,0,15.44,0,0,3.37,0
2021,1,3,7,0,59.97,178.78,233.95,0,17.24,0,0,3.83,0
2021,1,3,8,0,120.44,226.99,334.38,0,19.39,0,0,3.65,0
2021,1,3,9,0,45.38,265.9,328.05,0,20.72,0,0,3.32,0
2021,1,3,10,0,214.28,363.11,648.33,0,21.05,0,0,3.61,0
2021,1,3,11,0,305.49,380.27,754.65,0,20.93,0,0,4.06,0
2021,1,3,12,0,360.13,390.89,817.6,0,20.81,0,0,4.01,0
2021,1,3,13,0,549.34,286.07,818.8,0,20.78,0,0,3.41,0
2021,1,3,14,0,379.63,354.1,730.97,0,20.57,0,0,2.45,0
2021,1,3,15,0,463.67,245.53,584.85,0,20.23,0,0,1.8,0
2021,1,3,16,0,455.06,165.16,354.8,0,20.05,0,0,2.18,0
2021,1,3,17,0,253.85,119.9,206.98,0,19.89,0,0,2.32,0
2021,1,3,18,0,125.88,51.92,68.1,0,19.09,0,0,1.84,0
2021,1,3,19,0,0.0,0.0,0.0,0,17.4,0,0,1.76,0
2021,1,3,20,0,0.0,0.0,0.0,0,16.45,0,0,2.11,0
2021,1,3,21,0,0.0,0.0,0.0,0,15.88,0,0,2.53,0
2021,1,3,22,0,0.0,0.0,0.0,0,15.54,0,0,2.68,0
2021,1,3,23,0,0.0,0.0,0.0,0,15.54,0,0,2.55,0
2021,1,4,0,0,0.0,0.0,0.0,0,15.41,0,0,2.45,0
2021,1,4,1,0,0.0,0.0,0.0,0,15.04,0,0,2.57,0
2021,1,4,2,0,0.0,0.0,0.0,0,14.8,0,0,2.79,0
2021,1,4,3,0,0.0,0.0,0.0,0,14.93,0,0,3.01,0
2021,1,4,4,0,0.0,0.0,0.0,0,15.11,0,0,3.31,0
2021,1,4,5,0,0.0,22.39,23.83,0,15.54,0,0,3.3,0
2021,1,4,6,0,0.0,80.2,93.4,0,17.39,0,0,2.73,0
2021,1,4,7,0,0.0,134.4,167.9,0,19.42,0,0,2.08,0
2021,1,4,8,0,0.17,273.53,327.92,0,20.94,0,0,2.9,0
2021,1,4,9,0,102.91,356.17,520.3,0,21.63,0,0,4.01,0
2021,1,4,10,0,255.54,363.29,490.9,0,22.06,0,0,4.88,0
2021,1,4,11,0,28.54,362.79,483.38,0,21.9,0,0,5.13,0
2021,1,4,12,0,28.1,70.94,100.9,0,21.95,0,0,5.43,0
2021,1,4,13,0,30.53,33.3,48.22,0,21.62,0,0,5.51,0
2021,1,4,14,0,20.87,61.72,83.32,0,21.02,0,0,5.55,0
2021,1,4,15,0,188.45,237.47,352.65,0,20.64,0,0,5.21,0
2021,1,4,16,0,92.51,218.49,286.0,0,20.14,0,0,5.64,0
2021,1,4,17,0,43.38,117.53,148.0,0,18.97,0,0,3.89,0
2021,1,4,18,0,31.3,45.19,47.7,0,17.81,0,0,1.54,0
2021,1,4,19,0,0.0,0.0,0.0,0,16.83,0,0,1.89,0
2021,1,4,20,0,0.0,0.0,0.0,0,16.48,0,0,0.59,0
2021,1,4,21,0,0.0,0.0,0.0,0,15.86,0,0,0.92,0
2021,1,4,22,0,0.0,0.0,0.0,0,14.87,0,0,1.87,0
2021,1,4,23,0,0.0,0.0,0.0,0,14.49,0,0,2.4,0
2021,1,5,0,0,0.0,0.0,0.0,0,14.5,0,0,2.41,0
2021,1,5,1,0,0.0,0.0,0.0,0,14.37,0,0,1.84,0
2021,1,5,2,0,0.0,0.0,0.0,0,14.11,0,0,1.47,0
2021,1,5,3,0,0.0,0.0,0.0,0,13.88,0,0,1.18,0
2021,1,5,4,0,0.0,0.0,0.0,0,13.59,0,0,1.17,0
2021,1,5,5,0,54.15,35.54,37.35,0,13.71,0,0,1.54,0
2021,1,5,6,0,377.25,92.62,182.77,0,14.8,0,0,1.74,0
2021,1,5,7,0,317.0,225.26,367.67,0,16.41,0,0,2.68,0
2021,1,5,8,0,558.26,206.77,580.15,0,18.84,0,0,3.47,0
2021,1,5,9,0,548.5,239.09,772.53,0,20.86,0,0,4.17,0
2021,1,5,10,0,591.22,305.33,872.47,0,22.13,0,0,4.5,0
2021,1,5,11,0,453.03,389.51,927.97,0,23.08,0,0,4.62,0
2021,1,5,12,0,536.6,354.84,928.17,0,23.74,0,0,4.57,0
2021,1,5,13,0,584.18,302.43,878.53,0,24.23,0,0,4.61,0
2021,1,5,14,0,587.62,238.86,757.65,0,24.47,0,0,4.61,0
2021,1,5,15,0,444.32,295.92,625.15,0,24.32,0,0,4.59,0
2021,1,5,16,0,515.27,161.41,461.17,0,23.88,0,0,4.4,0
2021,1,5,17,0,539.56,86.8,256.5,0,22.98,0,0,3.92,0
2021,1,5,18,0,184.87,46.43,82.53,0,21.1,0,0,3.57,0
2021,1,5,19,0,0.0,0.0,0.0,0,18.58,0,0,4.11,0
2021,1,5,20,0,0.0,0.0,0.0,0,17.25,0,0,4.32,0
2021,1,5,21,0,0.0,0.0,0.0,0,16.42,0,0,4.27,0
2021,1,5,22,0,0.0,0.0,0.0,0,15.48,0,0,4.27,0
2021,1,5,23,0,0.0,0.0,0.0,0,14.69,0,0,4.05,0
2021,1,6,0,0,0.0,0.0,0.0,0,14.01,0,0,3.71,0
2021,1,6,1,0,0.0,0.0,0.0,0,13.6,0,0,3.19,0
2021,1,6,2,0,0.0,0.0,0.0,0,13.3,0,0,2.8,0
2021,1,6,3,0,0.0,0.0,0.0,0,13.16,0,0,2.47,0
2021,1,6,4,0,0.0,0.0,0.0,0,12.71,0,0,2.53,0
2021,1,6,5,0,103.11,33.33,47.42,0,12.54,0,0,3.0,0
2021,1,6,6,0,372.82,120.64,228.38,0,14.9,0,0,2.43,0
2021,1,6,7,0,624.03,144.99,435.58,0,18.01,0,0,0.86,0
2021,1,6,8,0,720.59,192.19,669.9,0,20.52,0,0,0.54,0
2021,1,6,9,0,619.86,219.18,731.35,0,22.04,0,0,0.95,0
2021,1,6,10,0,424.86,493.91,869.2,0,23.05,0,0,0.99,0
2021,1,6,11,0,206.46,492.88,844.83,0,24.0,0,0,0.45,0
2021,1,6,12,0,212.51,495.75,815.97,0,24.53,0,0,0.34,0
2021,1,6,13,0,260.33,404.01,770.95,0,24.62,0,0,1.03,0
2021,1,6,14,0,393.42,230.71,526.38,0,23.83,0,0,1.78,0
2021,1,6,15,0,197.06,291.04,431.38,0,22.89,0,0,2.47,0
2021,1,6,16,0,100.87,204.95,264.85,0,21.87,0,0,3.43,0
2021,1,6,17,0,79.21,123.22,149.98,0,20.19,0,0,4.23,0
2021,1,6,18,0,13.28,40.78,43.67,0,18.29,0,0,4.51,0
2021,1,6,19,0,0.0,0.0,0.0,0,16.61,0,0,4.55,0
2021,1,6,20,0,0.0,0.0,0.0,0,15.32,0,0,5.18,0
2021,1,6,21,0,0.0,0.0,0.0,0,14.36,0,0,5.39,0
2021,1,6,22,0,0.0,0.0,0.0,0,13.61,0,0,5.38,0
2021,1,6,23,0,0.0,0.0,0.0,0,13.03,0,0,5.36,0
2021,1,7,0,0,0.0,0.0,0.0,0,12.43,0,0,5.26,0
2021,1,7,1,0,0.0,0.0,0.0,0,11.92,0,0,5.27,0
2021,1,7,2,0,0.0,0.0,0.0,0,11.5,0,0,5.32,0
2021,1,7,3,0,0.0,0.0,0.0,0,11.2,0,0,5.32,0
2021,1,7,4,0,0.0,0.0,0.0,0,10.97,0,0,5.28,0
2021,1,7,5,0,124.93,25.88,35.8,0,11.09,0,0,5.21,0
2021,1,7,6,0,508.71,79.57,189.43,0,12.05,0,0,5.62,0
2021,1,7,7,0,498.82,132.6,374.62,0,13.75,0,0,5.79,0
2021,1,7,8,0,529.21,254.79,625.38,0,15.96,0,0,5.49,0
2021,1,7,9,0,569.82,292.21,810.55,0,18.19,0,0,5.01,0
2021,1,7,10,0,693.83,263.43,904.4,0,20.0,0,0,4.49,0
2021,1,7,11,0,445.81,305.53,731.92,0,21.04,0,0,4.18,0
2021,1,7,12,0,155.79,450.25,749.08,0,21.53,0,0,4.02,0
2021,1,7,13,0,408.59,288.16,543.08,0,21.69,0,0,4.12,0
2021,1,7,14,0,764.58,212.0,468.45,0,21.65,0,0,4.35,0
2021,1,7,15,0,201.22,315.86,475.6,0,21.09,0,0,4.64,0
2021,1,7,16,0,329.6,158.32,319.17,0,20.37,0,0,4.99,0
2021,1,7,17,0,347.52,84.09,192.95,0,19.15,0,0,5.16,0
2021,1,7,18,0,224.88,35.1,70.97,0,17.47,0,0,4.85,0
2021,1,7,19,0,0.0,0.0,0.0,0,15.62,0,0,4.82,0
2021,1,7,20,0,0.0,0.0,0.0,0,14.31,0,0,5.12,0
2021,1,7,21,0,0.0,0.0,0.0,0,13.3,0,0,5.54,0
2021,1,7,22,0,0.0,0.0,0.0,0,12.34,0,0,5.44,0
2021,1,7,23,0,0.0,0.0,0.0,0,11.44,0,0,5.49,0
2021,1,8,0,0,0.0,0.0,0.0,0,10.62,0,0,5.49,0
2021,1,8,1,0,0.0,0.0,0.0,0,10.08,0,0,5.5,0
2021,1,8,2,0,0.0,0.0,0.0,0,9.91,0,0,5.24,0
2021,1,8,3,0,0.0,0.0,0.0,0,9.93,0,0,5.33,0
2021,1,8,4,0,0.0,0.0,0.0,0,10.06,0,0,5.48,0
2021,1,8,5,0,210.6,24.46,45.15,0,10.42,0,0,5.45,0
2021,1,8,6,0,551.59,59.97,193.77,0,11.45,0,0,5.97,0
2021,1,8,7,0,650.6,99.62,341.83,0,13.2,0,0,6.17,0
2021,1,8,8,0,652.76,147.66,439.52,0,15.28,0,0,5.94,0
2021,1,8,9,0,259.04,317.15,524.28,0,17.18,0,0,5.54,0
2021,1,8,10,0,229.86,363.05,648.88,0,18.87,0,0,5.18,0
2021,1,8,11,0,243.39,406.15,738.58,0,20.24,0,0,4.98,0
2021,1,8,12,0,240.87,471.72,754.53,0,21.1,0,0,4.97,0
2021,1,8,13,0,264.45,356.22,633.75,0,21.47,0,0,5.03,0
2021,1,8,14,0,248.24,415.84,614.83,0,21.38,0,0,5.13,0
2021,1,8,15,0,160.55,335.48,476.62,0,20.78,0,0,5.29,0
2021,1,8,16,0,158.26,218.18,314.92,0,19.78,0,0,5.47,0
2021,1,8,17,0,216.01,128.19,171.5,0,18.37,0,0,5.58,0
2021,1,8,18,0,111.01,35.88,51.33,0,16.59,0,0,5.35,0
2021,1,8,19,0,0.0,0.0,0.0,0,14.84,0,0,5.06,0
2021,1,8,20,0,0.0,0.0,0.0,0,13.6,0,0,4.86,0
2021,1,8,21,0,0.0,0.0,0.0,0,12.68,0,0,4.83,0
2021,1,8,22,0,0.0,0.0,0.0,0,12.16,0,0,4.9,0
2021,1,8,23,0,0.0,0.0,0.0,0,11.91,0,0,4.91,0
2021,1,9,0,0,0.0,0.0,0.0,0,11.62,0,0,4.84,0
2021,1,9,1,0,0.0,0.0,0.0,0,11.24,0,0,4.72,0
2021,1,9,2,0,0.0,0.0,0.0,0,10.62,0,0,4.33,0
2021,1,9,3,0,0.0,0.0,0.0,0,9.95,0,0,4.05,0
2021,1,9,4,0,0.0,0.0,0.0,0,9.42,0,0,3.69,0
2021,1,9,5,0,256.26,24.01,48.03,0,9.94,0,0,3.56,0
2021,1,9,6,0,571.5,65.59,233.62,0,11.86,0,0,4.3,0
2021,1,9,7,0,577.22,129.47,426.0,0,14.37,0,0,4.97,0
2021,1,9,8,0,771.43,121.3,544.58,0,16.84,0,0,4.61,0
2021,1,9,9,0,515.25,259.02,730.2,0,19.07,0,0,4.04,0
2021,1,9,10,0,704.2,157.35,763.92,0,20.99,0,0,3.54,0
2021,1,9,11,0,400.02,461.01,932.88,0,22.57,0,0,3.2,0
2021,1,9,12,0,327.99,480.54,936.9,0,23.76,0,0,2.95,0
2021,1,9,13,0,585.17,323.73,911.78,0,24.49,0,0,2.78,0
2021,1,9,14,0,684.98,187.28,751.75,0,24.77,0,0,2.71,0
2021,1,9,15,0,742.25,194.65,718.12,0,24.59,0,0,2.76,0
2021,1,9,16,0,627.32,120.07,490.33,0,23.92,0,0,2.95,0
2021,1,9,17,0,613.7,73.36,294.25,0,22.69,0,0,3.38,0
2021,1,9,18,0,260.92,37.76,102.7,0,20.51,0,0,3.67,0
2021,1,9,19,0,0.0,0.0,0.0,0,17.67,0,0,3.84,0
2021,1,9,20,0,0.0,0.0,0.0,0,16.07,0,0,3.76,0
2021,1,9,21,0,0.0,0.0,0.0,0,14.88,0,0,3.33,0
2021,1,9,22,0,0.0,0.0,0.0,0,13.78,0,0,3.12,0
2021,1,9,23,0,0.0,0.0,0.0,0,12.83,0,0,2.98,0
2021,1,10,0,0,0.0,0.0,0.0,0,12.02,0,0,2.91,0
2021,1,10,1,0,0.0,0.0,0.0,0,11.67,0,0,2.74,0
2021,1,10,2,0,0.0,0.0,0.0,0,11.52,0,0,2.69,0
2021,1,10,3,0,0.0,0.0,0.0,0,11.34,0,0,2.7,0
2021,1,10,4,0,0.0,0.0,0.0,0,11.05,0,0,2.49,0
2021,1,10,5,0,268.21,20.45,49.5,0,11.3,0,0,2.09,0
2021,1,10,6,0,741.27,42.3,254.65,0,12.94,0,0,1.42,0
2021,1,10,7,0,887.5,61.21,485.98,0,16.06,0,0,0.98,0
2021,1,10,8,0,984.9,58.75,705.42,0,20.43,0,0,2.09,0
2021,1,10,9,0,1022.01,59.59,891.45,0,23.28,0,0,2.64,0
2021,1,10,10,0,477.59,258.22,758.49,0,25.15,0,0,2.98,0
2021,1,10,11,0,1053.11,55.31,1097.32,0,26.58,0,0,3.11,0
2021,1,10,12,0,981.6,112.82,1104.3,0,27.61,0,0,3.09,0
2021,1,10,13,0,1057.82,59.68,1058.1,0,28.18,0,0,3.08,0
2021,1,10,14,0,953.48,111.63,932.35,0,28.28,0,0,3.19,0
2021,1,10,15,0,993.22,68.47,769.55,0,27.87,0,0,3.44,0
2021,1,10,16,0,946.48,55.06,562.12,0,26.96,0,0,3.87,0
2021,1,10,17,0,831.61,42.81,332.1,0,25.4,0,0,4.35,0
2021,1,10,18,0,484.62,26.48,112.93,0,22.75,0,0,4.2,0
2021,1,10,19,0,0.0,0.0,0.0,0,19.72,0,0,4.3,0
2021,1,10,20,0,0.0,0.0,0.0,0,18.09,0,0,4.03,0
2021,1,10,21,0,0.0,0.0,0.0,0,16.75,0,0,3.93,0
2021,1,10,22,0,0.0,0.0,0.0,0,15.56,0,0,3.82,0
2021,1,10,23,0,0.0,0.0,0.0,0,14.46,0,0,3.52,0
2021,1,11,0,0,0.0,0.0,0.0,0,13.43,0,0,3.38,0
2021,1,11,1,0,0.0,0.0,0.0,0,12.56,0,0,3.31,0
2021,1,11,2,0,0.0,0.0,0.0,0,12.1,0,0,3.15,0
2021,1,11,3,0,0.0,0.0,0.0,0,11.91,0,0,3.02,0
2021,1,11,4,0,0.0,0.0,0.0,0,11.58,0,0,3.03,0
2021,1,11,5,0,248.41,20.14,46.45,0,11.86,0,0,2.95,0
2021,1,11,6,0,741.93,43.9,252.73,0,13.66,0,0,2.84,0
2021,1,11,7,0,903.27,58.52,485.55,0,16.76,0,0,2.9,0
2021,1,11,8,0,941.57,70.33,708.03,0,20.09,0,0,2.65,0
2021,1,11,9,0,1013.77,76.22,894.42,0,23.07,0,0,2.23,0
2021,1,11,10,0,1040.93,68.12,1035.82,0,25.38,0,0,2.02,0
2021,1,11,11,0,1048.06,67.43,1110.32,0,27.05,0,0,1.93,0
2021,1,11,12,0,1058.13,60.03,1121.1,0,28.18,0,0,1.91,0
2021,1,11,13,0,1086.07,53.38,1065.65,0,28.8,0,0,1.98,0
2021,1,11,14,0,1058.06,55.64,948.6,0,29.01,0,0,2.07,0
2021,1,11,15,0,1022.03,56.76,777.47,0,28.76,0,0,2.13,0
2021,1,11,16,0,951.18,56.4,566.85,0,28.02,0,0,2.22,0
2021,1,11,17,0,858.87,39.9,334.77,0,26.64,0,0,2.5,0
2021,1,11,18,0,490.56,24.69,113.43,0,23.81,0,0,3.21,0
2021,1,11,19,0,0.0,0.0,0.0,0,20.62,0,0,4.06,0
2021,1,11,20,0,0.0,0.0,0.0,0,18.96,0,0,4.27,0
2021,1,11,21,0,0.0,0.0,0.0,0,17.9,0,0,4.12,0
2021,1,11,22,0,0.0,0.0,0.0,0,17.03,0,0,3.59,0
2021,1,11,23,0,0.0,0.0,0.0,0,16.03,0,0,3.35,0
2021,1,12,0,0,0.0,0.0,0.0,0,15.24,0,0,3.19,0
2021,1,12,1,0,0.0,0.0,0.0,0,14.69,0,0,3.02,0
2021,1,12,2,0,0.0,0.0,0.0,0,14.31,0,0,2.85,0
2021,1,12,3,0,0.0,0.0,0.0,0,14.0,0,0,2.72,0
2021,1,12,4,0,0.0,0.0,0.0,0,13.68,0,0,2.59,0
2021,1,12,5,0,125.4,32.21,38.33,0,14.08,0,0,2.41,0
2021,1,12,6,0,293.88,139.94,202.77,0,16.21,0,0,1.81,0
2021,1,12,7,0,223.94,254.77,391.1,0,18.85,0,0,1.49,0
2021,1,12,8,0,383.58,323.05,586.33,0,21.97,0,0,2.41,0
2021,1,12,9,0,412.72,407.62,777.15,0,24.75,0,0,3.03,0
2021,1,12,10,0,299.69,543.75,825.85,0,26.51,0,0,2.88,0
2021,1,12,11,0,540.58,342.88,898.67,0,27.4,0,0,2.77,0
2021,1,12,12,0,670.0,360.95,1041.43,0,27.72,0,0,2.62,0
2021,1,12,13,0,869.02,238.76,1000.62,0,28.08,0,0,2.16,0
2021,1,12,14,0,534.77,338.35,860.15,0,28.7,0,0,1.68,0
2021,1,12,15,0,578.1,245.88,666.92,0,29.03,0,0,1.54,0
2021,1,12,16,0,761.02,89.63,462.85,0,28.74,0,0,1.6,0
2021,1,12,17,0,647.75,88.96,265.62,0,27.67,0,0,1.81,0
2021,1,12,18,0,301.03,39.72,85.53,0,25.07,0,0,2.63,0
2021,1,12,19,0,0.0,0.0,0.0,0,21.91,0,0,4.04,0
2021,1,12,20,0,0.0,0.0,0.0,0,20.45,0,0,4.79,0
2021,1,12,21,0,0.0,0.0,0.0,0,19.82,0,0,4.29,0
2021,1,12,22,0,0.0,0.0,0.0,0,19.11,0,0,3.47,0
2021,1,12,23,0,0.0,0.0,0.0,0,18.38,0,0,3.05,0
2021,1,13,0,0,0.0,0.0,0.0,0,17.76,0,0,2.75,0
2021,1,13,1,0,0.0,0.0,0.0,0,17.35,0,0,2.73,0
2021,1,13,2,0,0.0,0.0,0.0,0,17.21,0,0,3.04,0
2021,1,13,3,0,0.0,0.0,0.0,0,17.09,0,0,3.32,0
2021,1,13,4,0,0.0,0.0,0.0,0,16.91,0,0,3.45,0
2021,1,13,5,0,85.8,29.98,30.6,0,16.96,0,0,3.13,0
2021,1,13,6,0,292.95,122.26,203.5,0,18.34,0,0,2.57,0
2021,1,13,7,0,606.06,154.4,418.55,0,21.35,0,0,2.66,0
2021,1,13,8,0,741.27,172.51,624.6,0,24.8,0,0,1.61,0
2021,1,13,9,0,878.06,100.02,828.85,0,27.38,0,0,0.97,0
2021,1,13,10,0,868.31,145.66,960.05,0,29.22,0,0,1.14,0
2021,1,13,11,0,681.54,238.98,1018.47,0,30.51,0,0,1.33,0
2021,1,13,12,0,568.2,264.54,903.85,0,31.0,0,0,1.4,0
2021,1,13,13,0,496.09,303.73,798.22,0,31.18,0,0,1.43,0
2021,1,13,14,0,614.66,178.46,618.1,0,30.51,0,0,1.25,0
2021,1,13,15,0,485.8,275.1,598.55,0,29.28,0,0,0.99,0
2021,1,13,16,0,429.69,215.37,430.5,0,28.1,0,0,0.84,0
2021,1,13,17,0,336.36,140.3,234.68,0,26.91,0,0,1.7,0
2021,1,13,18,0,171.82,54.88,75.7,0,25.19,0,0,3.17,0
2021,1,13,19,0,0.0,0.0,0.0,0,23.67,0,0,4.03,0
2021,1,13,20,0,0.0,0.0,0.0,0,22.72,0,0,3.94,0
2021,1,13,21,0,0.0,0.0,0.0,0,21.62,0,0,3.92,0
2021,1,13,22,0,0.0,0.0,0.0,0,20.5,0,0,3.75,0
2021,1,13,23,0,0.0,0.0,0.0,0,19.47,0,0,3.65,0
2021,1,14,0,0,0.0,0.0,0.0,0,18.75,0,0,3.4,0
2021,1,14,1,0,0.0,0.0,0.0,0,18.51,0,0,2.98,0
2021,1,14,2,0,0.0,0.0,0.0,0,18.35,0,0,2.68,0
2021,1,14,3,0,0.0,0.0,0.0,0,18.18,0,0,2.44,0
2021,1,14,4,0,0.0,0.0,0.0,0,18.0,0,0,2.46,0
2021,1,14,5,0,76.81,22.48,26.92,0,18.06,0,0,3.05,0
2021,1,14,6,0,388.79,101.11,208.68,0,20.07,0,0,3.01,0
2021,1,14,7,0,632.62,121.19,411.45,0,23.22,0,0,3.33,0
2021,1,14,8,0,741.4,152.71,644.03,0,26.21,0,0,4.29,0
2021,1,14,9,0,935.33,104.17,855.35,0,28.24,0,0,4.83,0
2021,1,14,10,0,977.14,95.64,998.4,0,29.62,0,0,5.15,0
2021,1,14,11,0,967.61,110.31,1077.03,0,30.62,0,0,5.41,0
2021,1,14,12,0,901.64,172.45,1075.72,0,31.25,0,0,5.71,0
2021,1,14,13,0,895.16,152.51,920.97,0,31.46,0,0,6.06,0
2021,1,14,14,0,609.61,251.59,831.78,0,31.22,0,0,6.29,0
2021,1,14,15,0,716.43,178.64,693.33,0,30.62,0,0,6.26,0
2021,1,14,16,0,783.5,98.69,497.08,0,29.68,0,0,6.0,0
2021,1,14,17,0,700.76,73.95,298.75,0,28.39,0,0,5.33,0
2021,1,14,18,0,442.41,30.91,103.97,0,26.08,0,0,4.12,0
2021,1,14,19,0,0.0,0.0,0.0,0,23.1,0,0,3.78,0
2021,1,14,20,0,0.0,0.0,0.0,0,21.23,0,0,4.07,0
2021,1,14,21,0,0.0,0.0,0.0,0,19.87,0,0,4.18,0
2021,1,14,22,0,0.0,0.0,0.0,0,18.58,0,0,3.94,0
2021,1,14,23,0,0.0,0.0,0.0,0,17.31,0,0,3.46,0
2021,1,15,0,0,0.0,0.0,0.0,0,16.26,0,0,3.17,0
2021,1,15,1,0,0.0,0.0,0.0,0,15.58,0,0,2.85,0
2021,1,15,2,0,0.0,0.0,0.0,0,15.09,0,0,2.44,0
2021,1,15,3,0,0.0,0.0,0.0,0,14.77,0,0,1.88,0
2021,1,15,4,0,0.0,0.0,0.0,0,14.59,0,0,1.32,0
2021,1,15,5,0,241.87,18.44,39.92,0,14.85,0,0,0.93,0
2021,1,15,6,0,668.74,55.54,240.75,0,16.26,0,0,1.45,0
2021,1,15,7,0,879.84,65.94,474.67,0,19.65,0,0,3.23,0
2021,1,15,8,0,924.49,91.57,695.0,0,21.98,0,0,4.72,0
2021,1,15,9,0,1002.2,80.92,891.28,0,23.55,0,0,5.62,0
2021,1,15,10,0,1043.11,74.57,1031.28,0,24.72,0,0,6.1,0
2021,1,15,11,0,976.2,114.13,1101.57,0,25.43,0,0,6.55,0
2021,1,15,12,0,750.86,304.49,1052.15,0,25.89,0,0,6.91,0
2021,1,15,13,0,1008.31,122.9,1036.55,0,26.21,0,0,7.37,0
2021,1,15,14,0,1022.46,85.95,938.05,0,26.05,0,0,7.75,0
2021,1,15,15,0,851.49,125.88,767.65,0,25.63,0,0,8.11,0
2021,1,15,16,0,838.67,96.62,543.85,0,24.65,0,0,8.27,0
2021,1,15,17,0,742.45,69.03,324.65,0,23.04,0,0,8.07,0
2021,1,15,18,0,430.01,33.63,110.47,0,20.74,0,0,7.48,0
2021,1,15,19,0,0.0,0.0,0.0,0,18.27,0,0,7.43,0
2021,1,15,20,0,0.0,0.0,0.0,0,16.65,0,0,7.87,0
2021,1,15,21,0,0.0,0.0,0.0,0,15.31,0,0,8.15,0
2021,1,15,22,0,0.0,0.0,0.0,0,14.2,0,0,8.17,0
2021,1,15,23,0,0.0,0.0,0.0,0,13.06,0,0,7.36,0
2021,1,16,0,0,0.0,0.0,0.0,0,11.68,0,0,6.5,0
2021,1,16,1,0,0.0,0.0,0.0,0,10.6,0,0,6.64,0
2021,1,16,2,0,0.0,0.0,0.0,0,9.54,0,0,6.65,0
2021,1,16,3,0,0.0,0.0,0.0,0,8.53,0,0,6.56,0
2021,1,16,4,0,0.0,0.0,0.0,0,7.66,0,0,6.39,0
2021,1,16,5,0,344.8,14.13,43.58,0,7.4,0,0,5.99,0
2021,1,16,6,0,847.05,33.96,256.0,0,8.48,0,0,6.16,0
2021,1,16,7,0,985.46,42.48,494.62,0,10.39,0,0,6.26,0
2021,1,16,8,0,1038.62,52.11,718.3,0,12.56,0,0,6.23,0
2021,1,16,9,0,1068.3,52.45,908.53,0,14.6,0,0,6.26,0
2021,1,16,10,0,1100.69,48.73,1048.82,0,16.4,0,0,6.31,0
2021,1,16,11,0,1095.93,48.77,1124.78,0,17.93,0,0,6.37,0
2021,1,16,12,0,477.4,266.0,825.77,0,19.11,0,0,6.5,0
2021,1,16,13,0,476.61,265.67,784.34,0,19.9,0,0,6.49,0
2021,1,16,14,0,1081.27,48.58,958.58,0,20.25,0,0,6.56,0
2021,1,16,15,0,1045.37,49.8,785.42,0,20.04,0,0,6.75,0
2021,1,16,16,0,975.79,49.81,572.53,0,19.29,0,0,6.81,0
2021,1,16,17,0,892.18,35.84,339.9,0,18.17,0,0,6.42,0
2021,1,16,18,0,456.66,22.23,114.6,0,16.59,0,0,5.2,0
2021,1,16,19,0,0.0,0.0,0.0,0,14.48,0,0,4.25,0
2021,1,16,20,0,0.0,0.0,0.0,0,13.32,0,0,3.92,0
2021,1,16,21,0,0.0,0.0,0.0,0,12.31,0,0,3.81,0
2021,1,16,22,0,0.0,0.0,0.0,0,11.45,0,0,3.71,0
2021,1,16,23,0,0.0,0.0,0.0,0,10.75,0,0,3.67,0
2021,1,17,0,0,0.0,0.0,0.0,0,10.11,0,0,3.7,0
2021,1,17,1,0,0.0,0.0,0.0,0,9.54,0,0,4.08,0
2021,1,17,2,0,0.0,0.0,0.0,0,9.22,0,0,4.35,0
2021,1,17,3,0,0.0,0.0,0.0,0,9.04,0,0,4.04,0
2021,1,17,4,0,0.0,0.0,0.0,0,8.66,0,0,3.57,0
2021,1,17,5,0,273.03,14.91,38.47,0,8.92,0,0,3.17,0
2021,1,17,6,0,784.89,37.19,241.9,0,11.26,0,0,3.64,0
2021,1,17,7,0,938.64,46.6,476.4,0,14.03,0,0,4.14,0
2021,1,17,8,0,1002.94,56.39,698.5,0,16.48,0,0,3.84,0
2021,1,17,9,0,1035.38,58.3,887.65,0,18.78,0,0,3.69,0
2021,1,17,10,0,1065.11,57.28,1026.32,0,20.81,0,0,3.78,0
2021,1,17,11,0,1073.68,61.81,1106.7,0,22.44,0,0,3.89,0
2021,1,17,12,0,1098.71,55.5,1121.95,0,23.68,0,0,3.9,0
2021,1,17,13,0,1082.06,58.49,1068.97,0,24.48,0,0,3.98,0
2021,1,17,14,0,807.49,233.61,913.97,0,24.82,0,0,4.26,0
2021,1,17,15,0,721.27,244.8,728.0,0,24.54,0,0,4.42,0
2021,1,17,16,0,464.37,212.86,483.1,0,23.75,0,0,4.3,0
2021,1,17,17,0,359.8,147.88,276.15,0,22.56,0,0,3.99,0
2021,1,17,18,0,234.56,64.88,88.6,0,20.52,0,0,3.38,0
2021,1,17,19,0,0.0,0.0,0.0,0,17.41,0,0,3.75,0
2021,1,17,20,0,0.0,0.0,0.0,0,15.61,0,0,4.08,0
2021,1,17,21,0,0.0,0.0,0.0,0,14.48,0,0,4.02,0
2021,1,17,22,0,0.0,0.0,0.0,0,13.56,0,0,3.97,0
2021,1,17,23,0,0.0,0.0,0.0,0,12.74,0,0,3.91,0
2021,1,18,0,0,0.0,0.0,0.0,0,12.12,0,0,3.7,0
2021,1,18,1,0,0.0,0.0,0.0,0,11.74,0,0,3.31,0
2021,1,18,2,0,0.0,0.0,0.0,0,11.63,0,0,2.68,0
2021,1,18,3,0,0.0,0.0,0.0,0,11.81,0,0,1.9,0
2021,1,18,4,0,0.0,0.0,0.0,0,11.99,0,0,1.25,0
2021,1,18,5,0,177.59,16.99,33.75,0,12.13,0,0,1.09,0
2021,1,18,6,0,676.94,52.23,230.07,0,13.78,0,0,0.83,0
2021,1,18,7,0,860.37,65.33,465.05,0,17.64,0,0,0.66,0
2021,1,18,8,0,964.11,69.44,690.72,0,20.77,0,0,1.97,0
2021,1,18,9,0,1010.58,71.73,882.17,0,22.9,0,0,2.68,0
2021,1,18,10,0,1046.37,69.2,1023.22,0,24.75,0,0,3.25,0
2021,1,18,11,0,1064.51,66.97,1103.38,0,26.25,0,0,3.78,0
2021,1,18,12,0,1057.66,63.52,1116.5,0,27.29,0,0,4.25,0
2021,1,18,13,0,1073.61,59.96,1062.68,0,27.82,0,0,4.63,0
2021,1,18,14,0,1049.69,60.93,947.03,0,27.82,0,0,4.95,0
2021,1,18,15,0,1008.74,62.64,774.4,0,27.37,0,0,5.14,0
2021,1,18,16,0,942.5,58.64,563.3,0,26.51,0,0,5.18,0
2021,1,18,17,0,838.12,43.35,330.58,0,25.25,0,0,4.99,0
2021,1,18,18,0,401.77,25.63,107.47,0,22.84,0,0,4.31,0
2021,1,18,19,0,0.0,0.0,0.0,0,19.81,0,0,4.62,0
2021,1,18,20,0,0.0,0.0,0.0,0,18.2,0,0,4.86,0
2021,1,18,21,0,0.0,0.0,0.0,0,17.08,0,0,4.82,0
2021,1,18,22,0,0.0,0.0,0.0,0,16.13,0,0,4.69,0
2021,1,18,23,0,0.0,0.0,0.0,0,15.29,0,0,4.57,0
2021,1,19,0,0,0.0,0.0,0.0,0,14.48,0,0,4.36,0
2021,1,19,1,0,0.0,0.0,0.0,0,13.69,0,0,3.76,0
2021,1,19,2,0,0.0,0.0,0.0,0,12.91,0,0,3.68,0
2021,1,19,3,0,0.0,0.0,0.0,0,12.21,0,0,3.75,0
2021,1,19,4,0,0.0,0.0,0.0,0,11.67,0,0,3.65,0
2021,1,19,5,0,234.41,14.36,33.6,0,12.0,0,0,3.29,0
2021,1,19,6,0,699.78,41.44,230.38,0,14.87,0,0,2.16,0
2021,1,19,7,0,887.62,53.37,461.15,0,19.03,0,0,1.92,0
2021,1,19,8,0,956.96,65.7,683.08,0,22.29,0,0,1.19,0
2021,1,19,9,0,896.28,117.49,826.85,0,24.47,0,0,0.17,0
2021,1,19,10,0,944.98,124.33,974.55,0,26.3,0,0,0.8,0
2021,1,19,11,0,907.15,166.22,1072.18,0,27.75,0,0,1.3,0
2021,1,19,12,0,786.5,203.82,1073.38,0,28.78,0,0,1.67,0
2021,1,19,13,0,768.51,247.95,974.45,0,29.4,0,0,1.86,0
2021,1,19,14,0,790.8,206.34,869.35,0,29.55,0,0,1.83,0
2021,1,19,15,0,815.44,155.99,731.42,0,29.19,0,0,1.68,0
2021,1,19,16,0,728.81,115.18,521.2,0,28.3,0,0,1.36,0
2021,1,19,17,0,714.36,55.75,285.55,0,26.75,0,0,1.05,0
2021,1,19,18,0,302.87,30.66,84.88,0,23.88,0,0,2.25,0
2021,1,19,19,0,0.0,0.0,0.0,0,19.89,0,0,4.7,0
2021,1,19,20,0,0.0,0.0,0.0,0,17.47,0,0,5.88,0
2021,1,19,21,0,0.0,0.0,0.0,0,15.8,0,0,5.45,0
2021,1,19,22,0,0.0,0.0,0.0,0,14.06,0,0,5.48,0
2021,1,19,23,0,0.0,0.0,0.0,0,12.91,0,0,5.04,0
2021,1,20,0,0,0.0,0.0,0.0,0,12.29,0,0,4.88,0
2021,1,20,1,0,0.0,0.0,0.0,0,11.85,0,0,4.98,0
2021,1,20,2,0,0.0,0.0,0.0,0,11.53,0,0,5.0,0
2021,1,20,3,0,0.0,0.0,0.0,0,11.31,0,0,4.84,0
2021,1,20,4,0,0.0,0.0,0.0,0,11.15,0,0,5.03,0
2021,1,20,5,0,47.19,17.84,20.35,0,11.13,0,0,4.93,0
2021,1,20,6,0,282.17,73.32,143.62,0,12.11,0,0,4.91,0
2021,1,20,7,0,383.52,159.18,305.48,0,14.16,0,0,4.3,0
2021,1,20,8,0,412.16,218.55,481.7,0,16.72,0,0,3.4,0
2021,1,20,9,0,448.7,288.83,631.28,0,19.49,0,0,2.34,0
2021,1,20,10,0,459.93,294.02,707.22,0,22.11,0,0,1.45,0
2021,1,20,11,0,269.03,501.19,883.85,0,24.25,0,0,0.78,0
2021,1,20,12,0,232.38,531.02,916.15,0,25.85,0,0,0.41,0
2021,1,20,13,0,298.54,529.85,882.55,0,26.84,0,0,0.29,0
2021,1,20,14,0,585.23,186.85,633.65,0,27.26,0,0,0.37,0
2021,1,20,15,0,514.94,249.06,650.47,0,27.17,0,0,0.4,0
2021,1,20,16,0,445.6,233.48,466.8,0,26.54,0,0,0.24,0
2021,1,20,17,0,364.04,133.46,253.82,0,25.35,0,0,0.25,0
2021,1,20,18,0,189.8,44.94,78.78,0,23.22,0,0,1.17,0
2021,1,20,19,0,0.0,0.0,0.0,0,20.71,0,0,2.15,0
2021,1,20,20,0,0.0,0.0,0.0,0,18.03,0,0,3.95,0
2021,1,20,21,0,0.0,0.0,0.0,0,16.52,0,0,5.23,0
2021,1,20,22,0,0.0,0.0,0.0,0,15.36,0,0,4.25,0
2021,1,20,23,0,0.0,0.0,0.0,0,14.02,0,0,4.13,0
2021,1,21,0,0,0.0,0.0,0.0,0,12.91,0,0,3.86,0
2021,1,21,1,0,0.0,0.0,0.0,0,12.02,0,0,3.67,0
2021,1,21,2,0,0.0,0.0,0.0,0,11.31,0,0,3.6,0
2021,1,21,3,0,0.0,0.0,0.0,0,10.75,0,0,3.48,0
2021,1,21,4,0,0.0,0.0,0.0,0,10.29,0,0,3.35,0
2021,1,21,5,0,78.98,17.76,24.85,0,10.43,0,0,3.33,0
2021,1,21,6,0,502.41,71.06,203.3,0,12.47,0,0,3.31,0
2021,1,21,7,0,731.4,94.33,433.77,0,15.84,0,0,2.95,0
2021,1,21,8,0,841.66,116.22,658.92,0,19.4,0,0,2.21,0
2021,1,21,9,0,906.79,123.36,851.8,0,22.86,0,0,1.72,0
2021,1,21,10,0,957.47,116.14,999.15,0,25.08,0,0,1.95,0
2021,1,21,11,0,1032.51,84.04,1091.25,0,26.55,0,0,2.13,0
2021,1,21,12,0,820.33,205.14,1084.78,0,27.6,0,0,2.3,0
2021,1,21,13,0,914.27,265.06,1026.8,0,28.3,0,0,2.38,0
2021,1,21,14,0,659.46,261.05,863.2,0,28.61,0,0,2.36,0
2021,1,21,15,0,596.22,330.42,659.22,0,28.51,0,0,2.26,0
2021,1,21,16,0,366.34,183.77,423.7,0,28.0,0,0,2.11,0
2021,1,21,17,0,508.12,111.59,255.6,0,26.98,0,0,1.92,0
2021,1,21,18,0,209.17,38.12,82.05,0,24.73,0,0,1.85,0
2021,1,21,19,0,0.0,0.0,0.0,0,22.61,0,0,2.09,0
2021,1,21,20,0,0.0,0.0,0.0,0,20.83,0,0,2.54,0
2021,1,21,21,0,0.0,0.0,0.0,0,18.95,0,0,3.45,0
2021,1,21,22,0,0.0,0.0,0.0,0,17.54,0,0,4.81,0
2021,1,21,23,0,0.0,0.0,0.0,0,17.36,0,0,4.86,0
2021,1,22,0,0,0.0,0.0,0.0,0,17.11,0,0,4.36,0
2021,1,22,1,0,0.0,0.0,0.0,0,16.37,0,0,3.99,0
2021,1,22,2,0,0.0,0.0,0.0,0,15.69,0,0,3.78,0
2021,1,22,3,0,0.0,0.0,0.0,0,15.1,0,0,3.77,0
2021,1,22,4,0,0.0,0.0,0.0,0,14.68,0,0,3.92,0
2021,1,22,5,0,81.41,18.48,22.98,0,15.21,0,0,4.11,0
2021,1,22,6,0,518.09,64.82,198.15,0,17.35,0,0,3.62,0
2021,1,22,7,0,766.75,83.38,426.3,0,19.87,0,0,4.67,0
2021,1,22,8,0,898.76,80.44,648.58,0,22.48,0,0,4.8,0
2021,1,22,9,0,940.09,92.79,839.83,0,24.97,0,0,4.35,0
2021,1,22,10,0,982.76,84.87,980.62,0,26.99,0,0,4.1,0
2021,1,22,11,0,921.32,131.79,1052.2,0,28.59,0,0,4.12,0
2021,1,22,12,0,846.07,179.31,1050.43,0,29.76,0,0,4.18,0
2021,1,22,13,0,706.94,260.93,954.53,0,30.4,0,0,4.22,0
2021,1,22,14,0,961.77,104.62,735.28,0,30.49,0,0,4.21,0
2021,1,22,15,0,535.82,206.72,613.1,0,30.21,0,0,4.12,0
2021,1,22,16,0,621.97,102.84,447.12,0,29.48,0,0,3.89,0
2021,1,22,17,0,563.15,76.24,265.1,0,28.23,0,0,3.38,0
2021,1,22,18,0,332.01,39.69,85.82,0,25.83,0,0,2.72,0
2021,1,22,19,0,0.0,0.0,0.0,0,23.07,0,0,2.86,0
2021,1,22,20,0,0.0,0.0,0.0,0,21.64,0,0,3.1,0
2021,1,22,21,0,0.0,0.0,0.0,0,20.74,0,0,3.71,0
2021,1,22,22,0,0.0,0.0,0.0,0,20.13,0,0,4.32,0
2021,1,22,23,0,0.0,0.0,0.0,0,19.53,0,0,4.27,0
2021,1,23,0,0,0.0,0.0,0.0,0,18.77,0,0,4.36,0
2021,1,23,1,0,0.0,0.0,0.0,0,18.04,0,0,4.26,0
2021,1,23,2,0,0.0,0.0,0.0,0,17.4,0,0,3.67,0
2021,1,23,3,0,0.0,0.0,0.0,0,16.69,0,0,3.41,0
2021,1,23,4,0,0.0,0.0,0.0,0,16.2,0,0,3.39,0
2021,1,23,5,0,164.7,13.49,25.48,0,16.27,0,0,3.12,0
2021,1,23,6,0,684.73,44.0,212.3,0,18.63,0,0,2.16,0
2021,1,23,7,0,869.68,55.69,444.25,0,22.19,0,0,3.91,0
2021,1,23,8,0,953.49,65.33,666.15,0,25.07,0,0,4.31,0
2021,1,23,9,0,991.29,73.04,854.0,0,27.18,0,0,4.29,0
2021,1,23,10,0,985.64,89.59,992.83,0,28.92,0,0,4.29,0
2021,1,23,11,0,956.59,125.52,1066.5,0,30.17,0,0,4.29,0
2021,1,23,12,0,504.43,326.21,1004.8,0,30.98,0,0,4.24,0
2021,1,23,13,0,743.7,169.08,665.38,0,31.52,0,0,4.12,0
2021,1,23,14,0,571.8,280.25,685.33,0,31.58,0,0,3.79,0
2021,1,23,15,0,503.92,241.37,578.33,0,31.32,0,0,3.4,0
2021,1,23,16,0,597.04,145.22,483.3,0,30.64,0,0,3.0,0
2021,1,23,17,0,524.23,74.62,264.9,0,29.58,0,0,2.4,0
2021,1,23,18,0,378.24,33.37,82.43,0,27.24,0,0,2.32,0
2021,1,23,19,0,0.0,0.0,0.0,0,24.85,0,0,2.98,0
2021,1,23,20,0,0.0,0.0,0.0,0,23.49,0,0,3.47,0
2021,1,23,21,0,0.0,0.0,0.0,0,22.38,0,0,3.9,0
2021,1,23,22,0,0.0,0.0,0.0,0,21.56,0,0,4.18,0
2021,1,23,23,0,0.0,0.0,0.0,0,20.69,0,0,4.36,0
2021,1,24,0,0,0.0,0.0,0.0,0,19.85,0,0,4.55,0
2021,1,24,1,0,0.0,0.0,0.0,0,19.3,0,0,4.44,0
2021,1,24,2,0,0.0,0.0,0.0,0,18.95,0,0,4.2,0
2021,1,24,3,0,0.0,0.0,0.0,0,18.48,0,0,3.97,0
2021,1,24,4,0,0.0,0.0,0.0,0,17.99,0,0,3.84,0
2021,1,24,5,0,143.95,13.31,23.73,0,17.95,0,0,3.7,0
2021,1,24,6,0,655.99,43.31,207.1,0,20.64,0,0,3.02,0
2021,1,24,7,0,845.41,61.26,438.3,0,24.48,0,0,2.44,0
2021,1,24,8,0,939.15,69.66,660.15,0,28.13,0,0,3.03,0
2021,1,24,9,0,989.3,71.61,849.1,0,30.36,0,0,2.4,0
2021,1,24,10,0,946.69,114.12,973.38,0,32.07,0,0,2.01,0
2021,1,24,11,0,819.63,199.6,1034.78,0,33.35,0,0,2.02,0
2021,1,24,12,0,571.64,399.12,971.78,0,33.94,0,0,2.28,0
2021,1,24,13,0,330.44,348.67,766.33,0,34.03,0,0,2.48,0
2021,1,24,14,0,330.35,316.83,607.53,0,33.07,0,0,2.43,0
2021,1,24,15,0,420.2,259.42,478.8,0,31.89,0,0,2.03,0
2021,1,24,16,0,255.9,189.82,286.4,0,30.71,0,0,1.47,0
2021,1,24,17,0,87.32,120.88,161.95,0,29.37,0,0,1.64,0
2021,1,24,18,0,15.19,29.83,36.4,0,27.45,0,0,2.94,0
2021,1,24,19,0,0.0,0.0,0.0,0,25.66,0,0,3.95,0
2021,1,24,20,0,0.0,0.0,0.0,0,24.64,0,0,4.15,0
2021,1,24,21,0,0.0,0.0,0.0,0,23.78,0,0,4.03,0
2021,1,24,22,0,0.0,0.0,0.0,0,22.96,0,0,4.07,0
2021,1,24,23,0,0.0,0.0,0.0,0,22.33,0,0,3.81,0
2021,1,25,0,0,0.0,0.0,0.0,0,21.78,0,0,3.51,0
2021,1,25,1,0,0.0,0.0,0.0,0,21.44,0,0,3.43,0
2021,1,25,2,0,0.0,0.0,0.0,0,21.23,0,0,3.31,0
2021,1,25,3,0,0.0,0.0,0.0,0,21.06,0,0,3.29,0
2021,1,25,4,0,0.0,0.0,0.0,0,20.92,0,0,3.24,0
2021,1,25,5,0,17.52,16.93,15.75,0,21.01,0,0,3.02,0
2021,1,25,6,0,364.37,101.04,174.85,0,22.34,0,0,2.39,0
2021,1,25,7,0,474.15,172.32,396.3,0,24.67,0,0,1.45,0
2021,1,25,8,0,849.94,144.35,622.88,0,28.08,0,0,0.89,0
2021,1,25,9,0,894.66,124.19,825.95,0,30.74,0,0,0.66,0
2021,1,25,10,0,925.9,99.29,967.05,0,32.5,0,0,1.02,0
2021,1,25,11,0,1015.64,75.79,1060.3,0,33.5,0,0,1.42,0
2021,1,25,12,0,928.65,118.02,1070.47,0,33.27,0,0,1.83,0
2021,1,25,13,0,881.72,146.03,1007.15,0,32.33,0,0,2.13,0
2021,1,25,14,0,883.48,117.1,841.08,0,31.59,0,0,2.21,0
2021,1,25,15,0,883.44,99.65,711.42,0,31.01,0,0,2.2,0
2021,1,25,16,0,709.2,120.63,517.0,0,30.35,0,0,2.32,0
2021,1,25,17,0,726.71,62.66,294.25,0,29.39,0,0,2.32,0
2021,1,25,18,0,378.18,32.33,86.28,0,27.61,0,0,2.66,0
2021,1,25,19,0,0.0,0.0,0.0,0,25.67,0,0,3.61,0
2021,1,25,20,0,0.0,0.0,0.0,0,24.45,0,0,4.13,0
2021,1,25,21,0,0.0,0.0,0.0,0,23.43,0,0,4.09,0
2021,1,25,22,0,0.0,0.0,0.0,0,22.59,0,0,4.23,0
2021,1,25,23,0,0.0,0.0,0.0,0,22.02,0,0,3.81,0
2021,1,26,0,0,0.0,0.0,0.0,0,21.45,0,0,3.41,0
2021,1,26,1,0,0.0,0.0,0.0,0,20.84,0,0,3.46,0
2021,1,26,2,0,0.0,0.0,0.0,0,20.32,0,0,3.78,0
2021,1,26,3,0,0.0,0.0,0.0,0,19.76,0,0,3.85,0
2021,1,26,4,0,0.0,0.0,0.0,0,19.16,0,0,4.0,0
2021,1,26,5,0,84.69,15.09,17.67,0,19.17,0,0,4.03,0
2021,1,26,6,0,307.26,77.13,145.35,0,21.28,0,0,3.58,0
2021,1,26,7,0,406.04,191.86,322.58,0,24.08,0,0,6.35,0
2021,1,26,8,0,361.91,315.5,497.83,0,25.65,0,0,7.21,0
2021,1,26,9,0,297.35,385.31,713.2,0,26.72,0,0,7.52,0
2021,1,26,10,0,191.33,490.23,748.3,0,26.41,0,0,7.27,0
2021,1,26,11,0,78.6,642.49,855.0,0,25.33,0,0,6.37,0
2021,1,26,12,0,144.56,550.62,797.12,0,24.96,0,0,5.76,0
2021,1,26,13,0,319.0,401.37,619.28,0,25.53,0,0,5.56,0
2021,1,26,14,0,251.51,286.41,450.62,0,25.97,0,0,5.24,0
2021,1,26,15,0,53.51,222.83,286.6,0,26.13,0,0,4.62,0
2021,1,26,16,0,115.21,84.59,122.85,0,26.36,0,0,4.02,0
2021,1,26,17,0,39.37,52.75,72.45,0,26.05,0,0,3.48,0
2021,1,26,18,0,1.63,22.1,22.75,0,24.73,0,0,2.37,0
2021,1,26,19,0,0.0,0.0,0.0,0,23.22,0,0,2.53,0
2021,1,26,20,0,0.0,0.0,0.0,0,22.47,0,0,2.86,0
2021,1,26,21,0,0.0,0.0,0.0,0,21.97,0,0,2.84,0
2021,1,26,22,0,0.0,0.0,0.0,0,21.47,0,0,2.55,0
2021,1,26,23,0,0.0,0.0,0.0,0,21.02,0,0,2.23,0
2021,1,27,0,0,0.0,0.0,0.0,0,20.74,0,0,1.85,0
2021,1,27,1,0,0.0,0.0,0.0,0,20.37,0,0,1.58,0
2021,1,27,2,0,0.0,0.0,0.0,0,19.56,0,0,1.75,0
2021,1,27,3,0,0.0,0.0,0.0,0,18.57,0,0,2.43,0
2021,1,27,4,0,0.0,0.0,0.0,0,18.11,0,0,3.18,0
2021,1,27,5,0,26.36,16.58,12.55,0,18.45,0,0,3.22,0
2021,1,27,6,0,142.56,81.49,102.35,0,20.26,0,0,2.45,0
2021,1,27,7,0,231.37,135.16,223.98,0,22.94,0,0,1.89,0
2021,1,27,8,0,220.79,243.0,364.52,0,25.38,0,0,1.19,0
2021,1,27,9,0,68.76,315.93,390.5,0,27.3,0,0,0.92,0
2021,1,27,10,0,569.34,262.92,429.35,0,28.83,0,0,0.85,0
2021,1,27,11,0,116.99,263.41,380.02,0,29.82,0,0,0.73,0
2021,1,27,12,0,198.32,230.88,419.02,0,29.66,0,0,1.17,0
2021,1,27,13,0,168.36,300.09,493.75,0,29.28,0,0,2.16,0
2021,1,27,14,0,172.9,224.43,434.8,0,28.43,0,0,3.23,0
2021,1,27,15,0,263.92,304.49,517.22,0,27.0,0,0,4.4,0
2021,1,27,16,0,311.76,160.31,347.08,0,25.19,0,0,5.5,0
2021,1,27,17,0,212.54,107.84,190.02,0,22.98,0,0,6.26,0
2021,1,27,18,0,60.9,37.71,45.12,0,20.54,0,0,6.46,0
2021,1,27,19,0,0.0,0.0,0.0,0,18.42,0,0,6.37,0
2021,1,27,20,0,0.0,0.0,0.0,0,16.97,0,0,6.36,0
2021,1,27,21,0,0.0,0.0,0.0,0,15.95,0,0,6.29,0
2021,1,27,22,0,0.0,0.0,0.0,0,15.29,0,0,6.18,0
2021,1,27,23,0,0.0,0.0,0.0,0,14.96,0,0,6.24,0
2021,1,28,0,0,0.0,0.0,0.0,0,14.84,0,0,6.32,0
2021,1,28,1,0,0.0,0.0,0.0,0,14.8,0,0,6.29,0
2021,1,28,2,0,0.0,0.0,0.0,0,14.83,0,0,6.24,0
2021,1,28,3,0,0.0,0.0,0.0,0,14.82,0,0,6.21,0
2021,1,28,4,0,0.0,0.0,0.0,0,14.77,0,0,6.27,0
2021,1,28,5,0,39.74,12.79,13.88,0,14.74,0,0,6.32,0
2021,1,28,6,0,246.34,74.61,126.97,0,15.19,0,0,6.64,0
2021,1,28,7,0,312.47,161.54,272.27,0,16.24,0,0,6.98,0
2021,1,28,8,0,266.75,252.22,430.42,0,17.52,0,0,6.9,0
2021,1,28,9,0,342.39,275.98,550.0,0,19.2,0,0,6.85,0
2021,1,28,10,0,165.29,225.41,419.9,0,21.33,0,0,6.83,0
2021,1,28,11,0,159.02,310.36,455.05,0,23.52,0,0,6.65,0
2021,1,28,12,0,58.29,286.02,383.17,0,25.04,0,0,6.1,0
2021,1,28,13,0,49.05,246.68,340.17,0,25.45,0,0,5.43,0
2021,1,28,14,0,27.06,184.01,229.32,0,24.79,0,0,5.48,0
2021,1,28,15,0,40.16,158.13,203.93,0,23.55,0,0,6.19,0
2021,1,28,16,0,110.44,121.98,148.27,0,22.05,0,0,7.05,0
2021,1,28,17,0,0.0,61.74,67.28,0,19.95,0,0,7.56,0
2021,1,28,18,0,0.0,20.86,21.42,0,17.44,0,0,7.46,0
2021,1,28,19,0,0.0,0.0,0.0,0,15.5,0,0,7.16,0
2021,1,28,20,0,0.0,0.0,0.0,0,14.57,0,0,7.47,0
2021,1,28,21,0,0.0,0.0,0.0,0,14.23,0,0,7.45,0
2021,1,28,22,0,0.0,0.0,0.0,0,14.04,0,0,7.13,0
2021,1,28,23,0,0.0,0.0,0.0,0,13.87,0,0,6.56,0
2021,1,29,0,0,0.0,0.0,0.0,0,13.78,0,0,6.41,0
2021,1,29,1,0,0.0,0.0,0.0,0,13.86,0,0,6.61,0
2021,1,29,2,0,0.0,0.0,0.0,0,14.01,0,0,6.72,0
2021,1,29,3,0,0.0,0.0,0.0,0,14.14,0,0,6.62,0
2021,1,29,4,0,0.0,0.0,0.0,0,14.25,0,0,6.32,0
2021,1,29,5,0,10.09,9.77,8.0,0,14.38,0,0,6.2,0
2021,1,29,6,0,27.67,65.34,71.88,0,15.04,0,0,5.89,0
2021,1,29,7,0,45.47,127.03,162.77,0,15.97,0,0,6.02,0
2021,1,29,8,0,32.69,212.2,255.77,0,16.78,0,0,6.04,0
2021,1,29,9,0,24.09,282.63,343.98,0,17.69,0,0,5.77,0
2021,1,29,10,0,0.0,303.96,365.95,0,18.75,0,0,5.55,0
2021,1,29,11,0,31.59,336.2,428.45,0,19.83,0,0,5.21,0
2021,1,29,12,0,16.16,336.53,432.25,0,20.73,0,0,4.83,0
2021,1,29,13,0,44.35,146.44,206.07,0,21.38,0,0,4.52,0
2021,1,29,14,0,74.4,255.21,353.52,0,21.53,0,0,4.32,0
2021,1,29,15,0,38.79,233.95,296.27,0,21.43,0,0,4.29,0
2021,1,29,16,0,38.01,159.01,189.68,0,20.95,0,0,4.27,0
2021,1,29,17,0,34.62,82.05,98.35,0,20.0,0,0,4.13,0
2021,1,29,18,0,0.0,21.51,23.23,0,18.69,0,0,3.76,0
2021,1,29,19,0,0.0,0.0,0.0,0,17.63,0,0,3.75,0
2021,1,29,20,0,0.0,0.0,0.0,0,17.12,0,0,3.99,0
2021,1,29,21,0,0.0,0.0,0.0,0,16.87,0,0,4.3,0
2021,1,29,22,0,0.0,0.0,0.0,0,16.76,0,0,4.63,0
2021,1,29,23,0,0.0,0.0,0.0,0,16.71,0,0,4.7,0
2021,1,30,0,0,0.0,0.0,0.0,0,16.61,0,0,4.42,0
2021,1,30,1,0,0.0,0.0,0.0,0,16.48,0,0,4.17,0
2021,1,30,2,0,0.0,0.0,0.0,0,16.41,0,0,3.66,0
2021,1,30,3,0,0.0,0.0,0.0,0,16.37,0,0,3.31,0
2021,1,30,4,0,0.0,0.0,0.0,0,16.35,0,0,3.18,0
2021,1,30,5,0,0.0,6.45,6.18,0,16.55,0,0,3.01,0
2021,1,30,6,0,80.73,49.55,60.97,0,17.23,0,0,2.57,0
2021,1,30,7,0,102.07,113.08,147.57,0,18.25,0,0,3.08,0
2021,1,30,8,0,117.37,160.86,229.43,0,19.7,0,0,4.16,0
2021,1,30,9,0,95.84,226.12,323.75,0,21.28,0,0,4.93,0
2021,1,30,10,0,147.4,258.96,413.35,0,22.46,0,0,5.11,0
2021,1,30,11,0,176.08,328.46,586.42,0,23.7,0,0,5.1,0
2021,1,30,12,0,343.95,330.89,772.92,0,24.58,0,0,4.78,0
2021,1,30,13,0,338.95,367.96,767.58,0,25.05,0,0,4.56,0
2021,1,30,14,0,410.47,263.08,584.12,0,25.09,0,0,4.27,0
2021,1,30,15,0,434.02,231.93,548.08,0,24.84,0,0,3.88,0
2021,1,30,16,0,360.35,171.87,368.05,0,24.37,0,0,3.42,0
2021,1,30,17,0,362.79,97.95,200.05,0,23.64,0,0,2.65,0
2021,1,30,18,0,150.11,30.86,55.17,0,22.06,0,0,2.18,0
2021,1,30,19,0,0.0,0.0,0.0,0,20.38,0,0,2.27,0
2021,1,30,20,0,0.0,0.0,0.0,0,19.76,0,0,2.12,0
2021,1,30,21,0,0.0,0.0,0.0,0,19.23,0,0,2.14,0
2021,1,30,22,0,0.0,0.0,0.0,0,18.6,0,0,2.33,0
2021,1,30,23,0,0.0,0.0,0.0,0,17.92,0,0,2.59,0
2021,1,31,0,0,0.0,0.0,0.0,0,17.23,0,0,2.91,0
2021,1,31,1,0,0.0,0.0,0.0,0,16.52,0,0,3.5,0
2021,1,31,2,0,0.0,0.0,0.0,0,16.09,0,0,4.07,0
2021,1,31,3,0,0.0,0.0,0.0,0,15.76,0,0,4.15,0
2021,1,31,4,0,0.0,0.0,0.0,0,15.47,0,0,3.93,0
2021,1,31,5,0,34.7,10.33,12.1,0,15.55,0,0,3.57,0
2021,1,31,6,0,295.41,68.36,140.02,0,16.89,0,0,3.27,0
2021,1,31,7,0,422.41,133.85,315.52,0,18.95,0,0,3.44,0
2021,1,31,8,0,525.92,197.33,499.75,0,21.08,0,0,2.55,0
2021,1,31,9,0,334.34,313.9,607.2,0,22.89,0,0,1.58,0
2021,1,31,10,0,388.36,293.26,737.45,0,24.2,0,0,0.86,0
2021,1,31,11,0,315.66,398.17,765.35,0,24.87,0,0,0.93,0
2021,1,31,12,0,250.38,343.61,713.12,0,25.41,0,0,1.31,0
2021,1,31,13,0,218.69,285.87,523.67,0,26.02,0,0,1.27,0
2021,1,31,14,0,171.68,288.76,443.83,0,26.32,0,0,0.73,0
2021,1,31,15,0,278.16,275.23,457.62,0,26.01,0,0,0.32,0
2021,1,31,16,0,291.62,158.3,327.95,0,25.16,0,0,1.64,0
2021,1,31,17,0,277.95,102.34,182.15,0,23.52,0,0,2.93,0
2021,1,31,18,0,119.04,33.42,53.7,0,21.21,0,0,4.09,0
2021,1,31,19,0,0.0,0.0,0.0,0,19.3,0,0,4.8,0
2021,1,31,20,0,0.0,0.0,0.0,0,17.94,0,0,4.84,0
2021,1,31,21,0,0.0,0.0,0.0,0,16.73,0,0,4.98,0
2021,1,31,22,0,0.0,0.0,0.0,0,15.81,0,0,4.49,0
2021,1,31,23,0,0.0,0.0,0.0,0,15.23,0,0,4.38,0
2021,2,1,0,0,0.0,0.0,0.0,0,14.82,0,0,4.38,0
2021,2,1,1,0,0.0,0.0,0.0,0,14.52,0,0,4.28,0
2021,2,1,2,0,0.0,0.0,0.0,0,14.3,0,0,4.05,0
2021,2,1,3,0,0.0,0.0,0.0,0,14.11,0,0,3.93,0
2021,2,1,4,0,0.0,0.0,0.0,0,13.97,0,0,3.87,0
2021,2,1,5,0,55.61,10.77,12.1,0,14.0,0,0,3.72,0
2021,2,1,6,0,336.43,56.53,146.55,0,14.99,0,0,3.98,0
2021,2,1,7,0,654.11,85.77,324.67,0,17.43,0,0,4.26,0
2021,2,1,8,0,743.94,111.94,562.88,0,20.64,0,0,3.92,0
2021,2,1,9,0,923.16,88.31,808.97,0,23.37,0,0,3.12,0
2021,2,1,10,0,890.67,125.4,936.55,0,25.48,0,0,2.39,0
2021,2,1,11,0,685.49,264.02,990.53,0,26.79,0,0,1.93,0
2021,2,1,12,0,377.33,417.52,945.95,0,27.37,0,0,1.59,0
2021,2,1,13,0,355.38,456.45,748.42,0,27.89,0,0,1.27,0
2021,2,1,14,0,19.59,344.98,424.67,0,28.32,0,0,1.1,0
2021,2,1,15,0,17.92,248.85,304.9,0,28.04,0,0,1.59,0
2021,2,1,16,0,242.67,112.27,192.7,0,26.58,0,0,2.35,0
2021,2,1,17,0,72.8,56.96,72.47,0,24.62,0,0,2.84,0
2021,2,1,18,0,10.04,14.63,15.0,0,22.84,0,0,3.47,0
2021,2,1,19,0,0.0,0.0,0.0,0,21.39,0,0,3.54,0
2021,2,1,20,0,0.0,0.0,0.0,0,20.35,0,0,3.17,0
2021,2,1,21,0,0.0,0.0,0.0,0,19.45,0,0,2.71,0
2021,2,1,22,0,0.0,0.0,0.0,0,18.9,0,0,2.99,0
2021,2,1,23,0,0.0,0.0,0.0,0,17.84,0,0,5.64,0
2021,2,2,0,0,0.0,0.0,0.0,0,15.66,0,0,6.41,0
2021,2,2,1,0,0.0,0.0,0.0,0,13.91,0,0,3.38,0
2021,2,2,2,0,0.0,0.0,0.0,0,13.31,0,0,1.3,0
2021,2,2,3,0,0.0,0.0,0.0,0,12.75,0,0,1.06,0
2021,2,2,4,0,0.0,0.0,0.0,0,11.91,0,0,1.89,0
2021,2,2,5,0,23.79,11.09,9.55,0,11.54,0,0,2.6,0
2021,2,2,6,0,209.81,73.44,110.6,0,12.48,0,0,2.42,0
2021,2,2,7,0,288.16,161.18,257.83,0,14.78,0,0,3.4,0
2021,2,2,8,0,254.67,234.56,428.12,0,17.48,0,0,3.59,0
2021,2,2,9,0,257.38,391.22,575.42,0,19.54,0,0,3.36,0
2021,2,2,10,0,477.57,312.82,836.53,0,21.19,0,0,3.15,0
2021,2,2,11,0,499.15,371.61,933.55,0,22.46,0,0,3.2,0
2021,2,2,12,0,666.19,297.19,977.35,0,23.29,0,0,3.5,0
2021,2,2,13,0,678.31,289.73,928.4,0,23.7,0,0,3.74,0
2021,2,2,14,0,466.99,327.31,820.62,0,23.67,0,0,3.94,0
2021,2,2,15,0,531.12,272.46,641.08,0,23.26,0,0,3.97,0
2021,2,2,16,0,617.12,132.28,457.2,0,22.48,0,0,3.71,0
2021,2,2,17,0,445.97,88.24,234.6,0,21.27,0,0,2.93,0
2021,2,2,18,0,193.84,34.21,58.5,0,19.0,0,0,2.14,0
2021,2,2,19,0,0.0,0.0,0.0,0,16.63,0,0,2.43,0
2021,2,2,20,0,0.0,0.0,0.0,0,15.86,0,0,2.94,0
2021,2,2,21,0,0.0,0.0,0.0,0,14.64,0,0,3.51,0
2021,2,2,22,0,0.0,0.0,0.0,0,13.7,0,0,4.56,0
2021,2,2,23,0,0.0,0.0,0.0,0,13.74,0,0,4.48,0
2021,2,3,0,0,0.0,0.0,0.0,0,13.3,0,0,4.29,0
2021,2,3,1,0,0.0,0.0,0.0,0,12.51,0,0,3.77,0
2021,2,3,2,0,0.0,0.0,0.0,0,11.93,0,0,3.64,0
2021,2,3,3,0,0.0,0.0,0.0,0,11.5,0,0,3.72,0
2021,2,3,4,0,0.0,0.0,0.0,0,11.05,0,0,3.69,0
2021,2,3,5,0,54.25,9.49,11.3,0,10.96,0,0,3.29,0
2021,2,3,6,0,474.85,53.86,167.52,0,12.48,0,0,2.78,0
2021,2,3,7,0,806.34,69.63,398.38,0,14.93,0,0,2.29,0
2021,2,3,8,0,891.68,83.97,624.33,0,17.8,0,0,0.96,0
2021,2,3,9,0,902.04,106.76,820.78,0,20.24,0,0,1.03,0
2021,2,3,10,0,953.27,108.37,964.62,0,21.67,0,0,1.5,0
2021,2,3,11,0,682.38,204.66,903.1,0,22.42,0,0,1.95,0
2021,2,3,12,0,269.59,498.32,879.22,0,22.86,0,0,2.36,0
2021,2,3,13,0,328.22,466.71,830.28,0,23.32,0,0,2.68,0
2021,2,3,14,0,437.12,325.12,746.4,0,23.17,0,0,2.78,0
2021,2,3,15,0,599.82,191.39,565.1,0,22.92,0,0,2.69,0
2021,2,3,16,0,477.72,128.23,380.7,0,22.4,0,0,2.29,0
2021,2,3,17,0,444.35,87.44,208.52,0,21.48,0,0,1.9,0
2021,2,3,18,0,97.62,50.8,51.72,0,19.52,0,0,2.47,0
2021,2,3,19,0,0.0,0.0,0.0,0,17.43,0,0,4.08,0
2021,2,3,20,0,0.0,0.0,0.0,0,16.87,0,0,4.92,0
2021,2,3,21,0,0.0,0.0,0.0,0,16.64,0,0,4.82,0
2021,2,3,22,0,0.0,0.0,0.0,0,16.08,0,0,4.8,0
2021,2,3,23,0,0.0,0.0,0.0,0,15.15,0,0,4.3,0
2021,2,4,0,0,0.0,0.0,0.0,0,14.28,0,0,4.09,0
2021,2,4,1,0,0.0,0.0,0.0,0,13.71,0,0,3.83,0
2021,2,4,2,0,0.0,0.0,0.0,0,13.47,0,0,3.86,0
2021,2,4,3,0,0.0,0.0,0.0,0,13.33,0,0,4.09,0
2021,2,4,4,0,0.0,0.0,0.0,0,13.15,0,0,3.76,0
2021,2,4,5,0,62.6,9.02,10.38,0,13.31,0,0,3.72,0
2021,2,4,6,0,542.27,44.6,161.3,0,14.75,0,0,4.01,0
2021,2,4,7,0,737.29,65.45,380.95,0,17.4,0,0,4.6,0
2021,2,4,8,0,870.55,88.47,607.03,0,20.33,0,0,5.25,0
2021,2,4,9,0,851.33,162.76,790.25,0,22.44,0,0,5.44,0
2021,2,4,10,0,593.43,474.1,792.62,0,23.93,0,0,5.25,0
2021,2,4,11,0,195.05,493.83,837.7,0,25.01,0,0,5.08,0
2021,2,4,12,0,432.16,415.86,889.45,0,25.49,0,0,5.0,0
2021,2,4,13,0,227.78,480.52,783.72,0,25.42,0,0,4.66,0
2021,2,4,14,0,191.61,415.8,601.33,0,24.48,0,0,3.93,0
2021,2,4,15,0,34.12,280.46,345.73,0,23.75,0,0,3.03,0
2021,2,4,16,0,64.63,105.47,143.98,0,23.19,0,0,2.55,0
2021,2,4,17,0,100.95,92.25,120.12,0,21.84,0,0,3.47,0
2021,2,4,18,0,11.08,17.68,18.12,0,20.42,0,0,4.77,0
2021,2,4,19,0,0.0,0.0,0.0,0,19.46,0,0,4.83,0
2021,2,4,20,0,0.0,0.0,0.0,0,18.43,0,0,4.35,0
2021,2,4,21,0,0.0,0.0,0.0,0,17.76,0,0,4.6,0
2021,2,4,22,0,0.0,0.0,0.0,0,17.25,0,0,4.16,0
2021,2,4,23,0,0.0,0.0,0.0,0,16.92,0,0,4.25,0
2021,2,5,0,0,0.0,0.0,0.0,0,16.75,0,0,3.92,0
2021,2,5,1,0,0.0,0.0,0.0,0,16.61,0,0,3.56,0
2021,2,5,2,0,0.0,0.0,0.0,0,16.6,0,0,3.88,0
2021,2,5,3,0,0.0,0.0,0.0,0,16.52,0,0,4.2,0
2021,2,5,4,0,0.0,0.0,0.0,0,16.02,0,0,4.02,0
2021,2,5,5,0,9.16,8.34,6.32,0,15.81,0,0,4.11,0
2021,2,5,6,0,54.86,80.06,89.12,0,16.84,0,0,3.52,0
2021,2,5,7,0,134.85,164.62,228.85,0,18.42,0,0,3.86,0
2021,2,5,8,0,210.96,264.62,388.15,0,20.34,0,0,4.51,0
2021,2,5,9,0,619.18,305.65,564.95,0,22.27,0,0,5.15,0
2021,2,5,10,0,393.14,409.64,729.38,0,24.71,0,0,6.01,0
2021,2,5,11,0,604.0,299.87,838.83,0,26.69,0,0,6.54,0
2021,2,5,12,0,429.42,335.36,805.58,0,27.43,0,0,6.79,0
2021,2,5,13,0,227.68,418.4,657.9,0,27.32,0,0,6.69,0
2021,2,5,14,0,587.11,178.8,489.95,0,26.86,0,0,6.17,0
2021,2,5,15,0,59.18,234.53,313.12,0,26.18,0,0,5.51,0
2021,2,5,16,0,76.32,130.44,178.6,0,25.18,0,0,4.57,0
2021,2,5,17,0,83.69,67.22,88.32,0,23.76,0,0,3.74,0
2021,2,5,18,0,5.47,17.72,18.65,0,22.41,0,0,3.94,0
2021,2,5,19,0,0.0,0.0,0.0,0,21.49,0,0,4.34,0
2021,2,5,20,0,0.0,0.0,0.0,0,20.92,0,0,5.03,0
2021,2,5,21,0,0.0,0.0,0.0,0,20.33,0,0,5.05,0
2021,2,5,22,0,0.0,0.0,0.0,0,19.81,0,0,5.24,0
2021,2,5,23,0,0.0,0.0,0.0,0,19.51,0,0,5.7,0
2021,2,6,0,0,0.0,0.0,0.0,0,19.35,0,0,6.04,0
2021,2,6,1,0,0.0,0.0,0.0,0,19.13,0,0,5.75,0
2021,2,6,2,0,0.0,0.0,0.0,0,19.05,0,0,5.4,0
2021,2,6,3,0,0.0,0.0,0.0,0,18.97,0,0,5.49,0
2021,2,6,4,0,0.0,0.0,0.0,0,18.88,0,0,5.79,0
2021,2,6,5,0,0.0,2.03,1.88,0,18.89,0,0,5.96,0
2021,2,6,6,0,0.0,19.82,22.02,0,19.19,0,0,5.71,0
2021,2,6,7,0,0.0,43.7,49.9,0,20.02,0,0,5.5,0
2021,2,6,8,0,4.98,60.75,71.75,0,21.7,0,0,6.73,0
2021,2,6,9,0,52.68,97.0,137.9,0,23.37,0,0,7.46,0
2021,2,6,10,0,31.56,180.47,233.12,0,23.2,0,0,7.04,0
2021,2,6,11,0,52.41,114.18,172.68,0,22.33,0,0,6.23,0
2021,2,6,12,0,78.55,160.48,238.77,0,22.88,0,0,5.85,0
2021,2,6,13,0,120.71,175.24,274.62,0,23.41,0,0,6.01,0
2021,2,6,14,0,159.29,187.05,322.1,0,23.25,0,0,6.14,0
2021,2,6,15,0,242.28,148.77,321.8,0,22.85,0,0,5.83,0
2021,2,6,16,0,466.1,91.38,286.45,0,22.21,0,0,5.26,0
2021,2,6,17,0,507.08,51.12,180.85,0,21.17,0,0,4.29,0
2021,2,6,18,0,267.39,22.44,53.92,0,19.27,0,0,3.69,0
2021,2,6,19,0,0.0,0.0,0.0,0,17.39,0,0,3.67,0
2021,2,6,20,0,0.0,0.0,0.0,0,16.14,0,0,3.53,0
2021,2,6,21,0,0.0,0.0,0.0,0,15.15,0,0,3.43,0
2021,2,6,22,0,0.0,0.0,0.0,0,14.37,0,0,3.39,0
2021,2,6,23,0,0.0,0.0,0.0,0,13.65,0,0,3.28,0
2021,2,7,0,0,0.0,0.0,0.0,0,12.97,0,0,3.2,0
2021,2,7,1,0,0.0,0.0,0.0,0,12.33,0,0,3.27,0
2021,2,7,2,0,0.0,0.0,0.0,0,11.77,0,0,3.55,0
2021,2,7,3,0,0.0,0.0,0.0,0,11.4,0,0,4.04,0
2021,2,7,4,0,0.0,0.0,0.0,0,11.27,0,0,4.26,0
2021,2,7,5,0,48.52,8.03,7.38,0,11.46,0,0,3.95,0
2021,2,7,6,0,396.84,75.45,151.15,0,13.23,0,0,3.05,0
2021,2,7,7,0,688.69,108.15,369.5,0,15.88,0,0,3.58,0
2021,2,7,8,0,661.42,174.03,592.67,0,18.53,0,0,3.91,0
2021,2,7,9,0,954.8,154.31,799.08,0,20.18,0,0,3.61,0
2021,2,7,10,0,710.06,260.49,916.97,0,21.66,0,0,3.42,0
2021,2,7,11,0,601.54,298.92,990.9,0,22.9,0,0,3.43,0
2021,2,7,12,0,807.7,215.01,1038.9,0,23.84,0,0,3.48,0
2021,2,7,13,0,780.51,215.12,974.1,0,24.37,0,0,3.49,0
2021,2,7,14,0,768.46,143.36,793.95,0,24.52,0,0,3.46,0
2021,2,7,15,0,683.07,216.41,664.33,0,24.26,0,0,3.35,0
2021,2,7,16,0,687.91,115.56,467.12,0,23.54,0,0,3.11,0
2021,2,7,17,0,482.46,77.64,243.93,0,22.25,0,0,2.77,0
2021,2,7,18,0,242.81,24.94,55.25,0,20.08,0,0,2.54,0
2021,2,7,19,0,0.0,0.0,0.0,0,17.97,0,0,2.95,0
2021,2,7,20,0,0.0,0.0,0.0,0,16.82,0,0,3.46,0
2021,2,7,21,0,0.0,0.0,0.0,0,15.96,0,0,3.7,0
2021,2,7,22,0,0.0,0.0,0.0,0,15.08,0,0,3.79,0
2021,2,7,23,0,0.0,0.0,0.0,0,14.53,0,0,4.11,0
2021,2,8,0,0,0.0,0.0,0.0,0,14.31,0,0,4.11,0
2021,2,8,1,0,0.0,0.0,0.0,0,14.13,0,0,3.49,0
2021,2,8,2,0,0.0,0.0,0.0,0,13.88,0,0,3.69,0
2021,2,8,3,0,0.0,0.0,0.0,0,13.57,0,0,3.63,0
2021,2,8,4,0,0.0,0.0,0.0,0,13.22,0,0,3.69,0
2021,2,8,5,0,30.51,7.71,7.1,0,13.0,0,0,3.73,0
2021,2,8,6,0,546.21,46.33,138.4,0,13.49,0,0,3.8,0
2021,2,8,7,0,623.1,83.57,346.8,0,14.97,0,0,3.81,0
2021,2,8,8,0,764.4,90.39,546.92,0,17.47,0,0,3.01,0
2021,2,8,9,0,724.91,180.2,750.12,0,20.18,0,0,1.84,0
2021,2,8,10,0,726.01,236.26,879.53,0,22.39,0,0,0.86,0
2021,2,8,11,0,519.06,335.8,901.8,0,23.47,0,0,0.38,0
2021,2,8,12,0,373.86,418.41,883.47,0,24.39,0,0,0.07,0
2021,2,8,13,0,307.34,439.09,856.42,0,25.17,0,0,0.25,0
2021,2,8,14,0,599.04,319.29,729.55,0,24.97,0,0,0.42,0
2021,2,8,15,0,392.68,266.82,561.28,0,24.55,0,0,0.64,0
2021,2,8,16,0,460.7,147.13,366.95,0,24.07,0,0,0.85,0
2021,2,8,17,0,417.5,75.97,174.55,0,22.83,0,0,1.25,0
2021,2,8,18,0,151.94,26.14,35.45,0,20.71,0,0,2.06,0
2021,2,8,19,0,0.0,0.0,0.0,0,18.86,0,0,2.98,0
2021,2,8,20,0,0.0,0.0,0.0,0,17.73,0,0,3.88,0
2021,2,8,21,0,0.0,0.0,0.0,0,17.11,0,0,4.48,0
2021,2,8,22,0,0.0,0.0,0.0,0,16.64,0,0,4.22,0
2021,2,8,23,0,0.0,0.0,0.0,0,15.95,0,0,3.98,0
2021,2,9,0,0,0.0,0.0,0.0,0,15.32,0,0,3.79,0
2021,2,9,1,0,0.0,0.0,0.0,0,14.83,0,0,3.51,0
2021,2,9,2,0,0.0,0.0,0.0,0,14.55,0,0,3.65,0
2021,2,9,3,0,0.0,0.0,0.0,0,14.38,0,0,3.81,0
2021,2,9,4,0,0.0,0.0,0.0,0,14.19,0,0,3.84,0
2021,2,9,5,0,14.56,6.7,5.15,0,14.07,0,0,3.7,0
2021,2,9,6,0,230.48,64.24,94.18,0,14.76,0,0,4.1,0
2021,2,9,7,0,194.65,122.4,251.15,0,16.34,0,0,4.11,0
2021,2,9,8,0,573.16,130.46,421.85,0,18.56,0,0,3.41,0
2021,2,9,9,0,303.67,229.01,547.6,0,20.67,0,0,2.46,0
2021,2,9,10,0,553.1,234.96,720.97,0,22.24,0,0,1.8,0
2021,2,9,11,0,413.51,365.16,771.3,0,23.23,0,0,1.54,0
2021,2,9,12,0,385.91,400.57,814.05,0,24.31,0,0,1.36,0
2021,2,9,13,0,286.79,425.85,799.28,0,24.81,0,0,1.29,0
2021,2,9,14,0,463.92,328.82,708.8,0,25.18,0,0,1.39,0
2021,2,9,15,0,506.33,245.52,605.33,0,24.9,0,0,1.44,0
2021,2,9,16,0,636.07,99.42,391.45,0,24.0,0,0,1.78,0
2021,2,9,17,0,529.89,68.01,224.95,0,22.77,0,0,2.39,0
2021,2,9,18,0,243.56,23.35,53.38,0,20.69,0,0,3.18,0
2021,2,9,19,0,0.0,0.0,0.0,0,18.8,0,0,4.45,0
2021,2,9,20,0,0.0,0.0,0.0,0,17.86,0,0,4.69,0
2021,2,9,21,0,0.0,0.0,0.0,0,16.74,0,0,4.58,0
2021,2,9,22,0,0.0,0.0,0.0,0,15.56,0,0,4.48,0
2021,2,9,23,0,0.0,0.0,0.0,0,14.63,0,0,4.11,0
2021,2,10,0,0,0.0,0.0,0.0,0,14.07,0,0,3.82,0
2021,2,10,1,0,0.0,0.0,0.0,0,13.64,0,0,3.63,0
2021,2,10,2,0,0.0,0.0,0.0,0,13.28,0,0,3.66,0
2021,2,10,3,0,0.0,0.0,0.0,0,12.97,0,0,3.5,0
2021,2,10,4,0,0.0,0.0,0.0,0,12.62,0,0,3.37,0
2021,2,10,5,0,57.43,5.89,6.57,0,12.55,0,0,3.58,0
2021,2,10,6,0,552.32,34.07,148.85,0,13.57,0,0,3.73,0
2021,2,10,7,0,807.37,62.55,375.95,0,15.53,0,0,3.67,0
2021,2,10,8,0,885.52,79.26,598.62,0,18.13,0,0,2.9,0
2021,2,10,9,0,937.93,78.57,796.1,0,20.72,0,0,1.78,0
2021,2,10,10,0,975.68,90.51,937.38,0,22.54,0,0,1.21,0
2021,2,10,11,0,754.71,219.34,983.28,0,23.79,0,0,1.02,0
2021,2,10,12,0,562.48,327.27,950.33,0,24.83,0,0,0.95,0
2021,2,10,13,0,316.95,525.79,865.83,0,25.42,0,0,0.98,0
2021,2,10,14,0,727.18,146.53,565.22,0,25.42,0,0,1.1,0
2021,2,10,15,0,485.94,278.04,612.55,0,25.19,0,0,1.32,0
2021,2,10,16,0,469.93,191.85,416.92,0,24.51,0,0,1.56,0
2021,2,10,17,0,407.93,83.2,224.35,0,23.27,0,0,1.8,0
2021,2,10,18,0,246.56,22.1,50.5,0,21.16,0,0,2.35,0
2021,2,10,19,0,0.0,0.0,0.0,0,19.0,0,0,3.17,0
2021,2,10,20,0,0.0,0.0,0.0,0,17.26,0,0,3.72,0
2021,2,10,21,0,0.0,0.0,0.0,0,16.1,0,0,4.23,0
2021,2,10,22,0,0.0,0.0,0.0,0,15.14,0,0,3.73,0
2021,2,10,23,0,0.0,0.0,0.0,0,14.3,0,0,3.18,0
2021,2,11,0,0,0.0,0.0,0.0,0,13.55,0,0,2.96,0
2021,2,11,1,0,0.0,0.0,0.0,0,12.92,0,0,2.79,0
2021,2,11,2,0,0.0,0.0,0.0,0,12.38,0,0,2.64,0
2021,2,11,3,0,0.0,0.0,0.0,0,11.9,0,0,2.63,0
2021,2,11,4,0,0.0,0.0,0.0,0,11.57,0,0,2.59,0
2021,2,11,5,0,71.17,5.36,5.93,0,11.56,0,0,2.49,0
2021,2,11,6,0,530.46,34.68,143.88,0,13.0,0,0,1.94,0
2021,2,11,7,0,792.77,57.69,371.2,0,15.81,0,0,1.63,0
2021,2,11,8,0,881.92,80.56,594.05,0,19.32,0,0,1.2,0
2021,2,11,9,0,929.81,91.63,792.38,0,22.22,0,0,1.06,0
2021,2,11,10,0,898.36,114.23,930.58,0,24.06,0,0,0.98,0
2021,2,11,11,0,1038.9,79.07,1021.53,0,25.52,0,0,1.0,0
2021,2,11,12,0,445.55,412.04,948.7,0,26.63,0,0,1.12,0
2021,2,11,13,0,867.7,121.16,843.1,0,27.33,0,0,1.42,0
2021,2,11,14,0,600.5,222.18,770.3,0,27.63,0,0,1.81,0
2021,2,11,15,0,736.63,174.48,610.22,0,27.46,0,0,2.22,0
2021,2,11,16,0,672.06,107.64,420.92,0,26.75,0,0,2.58,0
2021,2,11,17,0,630.79,66.66,236.62,0,25.24,0,0,2.71,0
2021,2,11,18,0,283.39,22.47,52.9,0,22.52,0,0,2.99,0
2021,2,11,19,0,0.0,0.0,0.0,0,20.65,0,0,3.17,0
2021,2,11,20,0,0.0,0.0,0.0,0,20.0,0,0,2.93,0
2021,2,11,21,0,0.0,0.0,0.0,0,19.16,0,0,3.04,0
2021,2,11,22,0,0.0,0.0,0.0,0,17.75,0,0,3.7,0
2021,2,11,23,0,0.0,0.0,0.0,0,16.57,0,0,4.56,0
2021,2,12,0,0,0.0,0.0,0.0,0,16.52,0,0,5.12,0
2021,2,12,1,0,0.0,0.0,0.0,0,16.9,0,0,4.77,0
2021,2,12,2,0,0.0,0.0,0.0,0,16.87,0,0,4.37,0
2021,2,12,3,0,0.0,0.0,0.0,0,16.62,0,0,4.45,0
2021,2,12,4,0,0.0,0.0,0.0,0,16.5,0,0,4.53,0
2021,2,12,5,0,5.44,3.95,2.97,0,16.54,0,0,4.6,0
2021,2,12,6,0,30.09,52.84,60.95,0,17.79,0,0,4.29,0
2021,2,12,7,0,5.03,144.34,170.23,0,19.49,0,0,4.28,0
2021,2,12,8,0,28.73,263.47,315.5,0,21.25,0,0,4.46,0
2021,2,12,9,0,1.92,345.21,427.4,0,23.56,0,0,6.05,0
2021,2,12,10,0,111.45,453.33,576.78,0,25.2,0,0,6.92,0
2021,2,12,11,0,391.38,416.64,834.35,0,26.03,0,0,7.0,0
2021,2,12,12,0,756.42,252.55,928.83,0,26.54,0,0,7.14,0
2021,2,12,13,0,337.78,381.37,775.47,0,26.49,0,0,7.12,0
2021,2,12,14,0,154.5,326.68,477.62,0,25.97,0,0,6.72,0
2021,2,12,15,0,28.02,207.54,252.9,0,25.25,0,0,6.01,0
2021,2,12,16,0,22.01,150.89,191.32,0,24.28,0,0,4.82,0
2021,2,12,17,0,11.38,78.4,92.03,0,22.85,0,0,3.69,0
2021,2,12,18,0,0.0,15.26,15.23,0,21.31,0,0,2.74,0
2021,2,12,19,0,0.0,0.0,0.0,0,20.26,0,0,2.77,0
2021,2,12,20,0,0.0,0.0,0.0,0,19.49,0,0,3.74,0
2021,2,12,21,0,0.0,0.0,0.0,0,19.0,0,0,3.74,0
2021,2,12,22,0,0.0,0.0,0.0,0,18.73,0,0,3.79,0
2021,2,12,23,0,0.0,0.0,0.0,0,18.49,0,0,4.51,0
2021,2,13,0,0,0.0,0.0,0.0,0,18.33,0,0,4.03,0
2021,2,13,1,0,0.0,0.0,0.0,0,18.42,0,0,4.3,0
2021,2,13,2,0,0.0,0.0,0.0,0,18.34,0,0,3.01,0
2021,2,13,3,0,0.0,0.0,0.0,0,18.2,0,0,1.49,0
2021,2,13,4,0,0.0,0.0,0.0,0,18.22,0,0,2.36,0
2021,2,13,5,0,0.0,2.24,1.67,0,17.94,0,0,3.05,0
2021,2,13,6,0,46.81,25.18,29.52,0,17.91,0,0,3.21,0
2021,2,13,7,0,56.71,79.56,98.5,0,18.44,0,0,3.8,0
2021,2,13,8,0,147.55,117.36,182.12,0,20.3,0,0,3.83,0
2021,2,13,9,0,76.59,196.19,284.05,0,22.42,0,0,3.77,0
2021,2,13,10,0,164.34,333.72,546.2,0,23.86,0,0,3.86,0
2021,2,13,11,0,430.57,343.47,799.85,0,24.71,0,0,4.15,0
2021,2,13,12,0,613.97,284.5,911.92,0,25.28,0,0,4.39,0
2021,2,13,13,0,551.75,270.71,887.1,0,25.48,0,0,4.34,0
2021,2,13,14,0,605.73,269.88,788.03,0,25.36,0,0,4.03,0
2021,2,13,15,0,631.0,203.53,608.58,0,24.83,0,0,3.53,0
2021,2,13,16,0,554.8,145.95,410.88,0,23.81,0,0,2.98,0
2021,2,13,17,0,331.79,99.34,206.9,0,22.02,0,0,2.3,0
2021,2,13,18,0,90.43,28.71,36.53,0,19.23,0,0,2.72,0
2021,2,13,19,0,0.0,0.0,0.0,0,17.11,0,0,3.4,0
2021,2,13,20,0,0.0,0.0,0.0,0,15.92,0,0,4.54,0
2021,2,13,21,0,0.0,0.0,0.0,0,15.11,0,0,5.0,0
2021,2,13,22,0,0.0,0.0,0.0,0,14.24,0,0,4.27,0
2021,2,13,23,0,0.0,0.0,0.0,0,13.52,0,0,3.91,0
2021,2,14,0,0,0.0,0.0,0.0,0,12.75,0,0,3.6,0
2021,2,14,1,0,0.0,0.0,0.0,0,12.1,0,0,3.51,0
2021,2,14,2,0,0.0,0.0,0.0,0,11.63,0,0,3.57,0
2021,2,14,3,0,0.0,0.0,0.0,0,11.31,0,0,3.64,0
2021,2,14,4,0,0.0,0.0,0.0,0,11.03,0,0,3.57,0
2021,2,14,5,0,40.72,4.44,4.47,0,10.84,0,0,3.55,0
2021,2,14,6,0,495.92,38.67,136.85,0,11.34,0,0,3.82,0
2021,2,14,7,0,819.74,56.07,369.0,0,13.01,0,0,4.0,0
2021,2,14,8,0,866.19,83.11,593.92,0,15.77,0,0,3.69,0
2021,2,14,9,0,790.21,133.23,747.88,0,18.54,0,0,3.2,0
2021,2,14,10,0,934.64,134.67,893.53,0,20.65,0,0,2.91,0
2021,2,14,11,0,690.28,316.81,955.25,0,22.17,0,0,2.8,0
2021,2,14,12,0,606.96,330.49,942.83,0,23.24,0,0,2.88,0
2021,2,14,13,0,659.76,306.14,923.1,0,23.83,0,0,3.07,0
2021,2,14,14,0,926.86,102.48,737.08,0,23.93,0,0,3.27,0
2021,2,14,15,0,772.17,162.17,647.5,0,23.51,0,0,3.46,0
2021,2,14,16,0,729.27,104.42,454.2,0,22.58,0,0,3.62,0
2021,2,14,17,0,589.88,70.45,242.48,0,21.01,0,0,3.64,0
2021,2,14,18,0,271.84,21.93,46.9,0,18.41,0,0,3.93,0
2021,2,14,19,0,0.0,0.0,0.0,0,16.46,0,0,4.32,0
2021,2,14,20,0,0.0,0.0,0.0,0,15.06,0,0,4.11,0
2021,2,14,21,0,0.0,0.0,0.0,0,13.76,0,0,4.13,0
2021,2,14,22,0,0.0,0.0,0.0,0,12.6,0,0,3.95,0
2021,2,14,23,0,0.0,0.0,0.0,0,11.66,0,0,3.91,0
2021,2,15,0,0,0.0,0.0,0.0,0,10.89,0,0,3.79,0
2021,2,15,1,0,0.0,0.0,0.0,0,10.38,0,0,3.7,0
2021,2,15,2,0,0.0,0.0,0.0,0,10.19,0,0,3.53,0
2021,2,15,3,0,0.0,0.0,0.0,0,10.0,0,0,3.55,0
2021,2,15,4,0,0.0,0.0,0.0,0,9.78,0,0,3.7,0
2021,2,15,5,0,0.0,0.0,0.0,0,9.68,0,0,3.78,0
2021,2,15,6,0,535.09,39.88,126.93,0,10.44,0,0,4.34,0
2021,2,15,7,0,629.84,94.67,315.92,0,12.28,0,0,5.46,0
2021,2,15,8,0,802.95,111.27,507.88,0,14.98,0,0,5.73,0
2021,2,15,9,0,739.1,164.92,775.05,0,17.63,0,0,5.43,0
2021,2,15,10,0,888.38,159.2,922.65,0,19.88,0,0,5.06,0
2021,2,15,11,0,938.34,134.77,1023.58,0,21.64,0,0,4.72,0
2021,2,15,12,0,919.58,142.69,1039.97,0,22.85,0,0,4.5,0
2021,2,15,13,0,896.42,175.61,915.58,0,23.48,0,0,4.55,0
2021,2,15,14,0,763.99,182.03,812.85,0,23.46,0,0,4.74,0
2021,2,15,15,0,685.17,149.9,637.22,0,22.86,0,0,5.05,0
2021,2,15,16,0,787.35,85.65,438.23,0,21.71,0,0,5.34,0
2021,2,15,17,0,598.96,68.06,227.6,0,20.0,0,0,5.23,0
2021,2,15,18,0,233.82,18.76,41.17,0,17.62,0,0,4.85,0
2021,2,15,19,0,0.0,0.0,0.0,0,15.88,0,0,4.79,0
2021,2,15,20,0,0.0,0.0,0.0,0,14.83,0,0,5.2,0
2021,2,15,21,0,0.0,0.0,0.0,0,13.94,0,0,5.26,0
2021,2,15,22,0,0.0,0.0,0.0,0,13.24,0,0,5.12,0
2021,2,15,23,0,0.0,0.0,0.0,0,12.8,0,0,5.15,0
2021,2,16,0,0,0.0,0.0,0.0,0,12.57,0,0,5.08,0
2021,2,16,1,0,0.0,0.0,0.0,0,12.62,0,0,5.14,0
2021,2,16,2,0,0.0,0.0,0.0,0,12.81,0,0,5.15,0
2021,2,16,3,0,0.0,0.0,0.0,0,12.99,0,0,5.06,0
2021,2,16,4,0,0.0,0.0,0.0,0,13.14,0,0,4.91,0
2021,2,16,5,0,0.0,0.0,0.0,0,13.39,0,0,4.8,0
2021,2,16,6,0,321.32,54.44,103.32,0,14.71,0,0,4.57,0
2021,2,16,7,0,281.46,147.55,238.32,0,16.57,0,0,5.62,0
2021,2,16,8,0,200.07,288.04,394.25,0,18.9,0,0,6.16,0
2021,2,16,9,0,688.92,220.03,472.27,0,21.05,0,0,5.4,0
2021,2,16,10,0,491.31,259.48,618.2,0,22.8,0,0,4.6,0
2021,2,16,11,0,706.32,229.47,750.6,0,24.12,0,0,4.09,0
2021,2,16,12,0,591.73,255.42,734.1,0,24.89,0,0,3.99,0
2021,2,16,13,0,648.34,223.31,745.58,0,25.07,0,0,4.12,0
2021,2,16,14,0,631.09,212.76,714.25,0,24.91,0,0,4.32,0
2021,2,16,15,0,717.54,171.25,592.28,0,24.27,0,0,4.55,0
2021,2,16,16,0,485.93,142.75,410.38,0,23.04,0,0,4.91,0
2021,2,16,17,0,452.92,83.92,214.25,0,21.29,0,0,4.87,0
2021,2,16,18,0,235.57,21.21,40.3,0,19.15,0,0,4.71,0
2021,2,16,19,0,0.0,0.0,0.0,0,17.38,0,0,5.0,0
2021,2,16,20,0,0.0,0.0,0.0,0,16.06,0,0,5.01,0
2021,2,16,21,0,0.0,0.0,0.0,0,15.23,0,0,4.77,0
2021,2,16,22,0,0.0,0.0,0.0,0,14.76,0,0,4.72,0
2021,2,16,23,0,0.0,0.0,0.0,0,14.4,0,0,4.66,0
2021,2,17,0,0,0.0,0.0,0.0,0,14.13,0,0,4.61,0
2021,2,17,1,0,0.0,0.0,0.0,0,13.92,0,0,4.38,0
2021,2,17,2,0,0.0,0.0,0.0,0,13.73,0,0,4.38,0
2021,2,17,3,0,0.0,0.0,0.0,0,13.54,0,0,4.38,0
2021,2,17,4,0,0.0,0.0,0.0,0,13.35,0,0,4.34,0
2021,2,17,5,0,0.0,0.0,0.0,0,13.23,0,0,4.36,0
2021,2,17,6,0,233.77,66.67,111.03,0,13.69,0,0,4.55,0
2021,2,17,7,0,540.83,145.81,290.9,0,14.87,0,0,5.35,0
2021,2,17,8,0,627.86,138.12,457.6,0,16.8,0,0,5.21,0
2021,2,17,9,0,435.19,339.87,656.45,0,18.82,0,0,4.74,0
2021,2,17,10,0,544.86,259.43,748.83,0,20.56,0,0,4.31,0
2021,2,17,11,0,403.06,470.68,884.45,0,21.94,0,0,4.0,0
2021,2,17,12,0,637.01,331.67,860.28,0,22.95,0,0,3.99,0
2021,2,17,13,0,209.95,480.91,807.4,0,23.52,0,0,4.18,0
2021,2,17,14,0,330.58,394.68,677.97,0,23.51,0,0,4.51,0
2021,2,17,15,0,458.77,271.21,471.6,0,22.92,0,0,5.0,0
2021,2,17,16,0,203.8,213.64,324.5,0,21.7,0,0,5.52,0
2021,2,17,17,0,264.97,109.87,160.68,0,19.89,0,0,5.8,0
2021,2,17,18,0,73.29,25.33,28.33,0,17.59,0,0,5.88,0
2021,2,17,19,0,0.0,0.0,0.0,0,15.54,0,0,5.78,0
2021,2,17,20,0,0.0,0.0,0.0,0,14.19,0,0,5.44,0
2021,2,17,21,0,0.0,0.0,0.0,0,13.34,0,0,5.49,0
2021,2,17,22,0,0.0,0.0,0.0,0,12.7,0,0,5.53,0
2021,2,17,23,0,0.0,0.0,0.0,0,12.4,0,0,5.67,0
2021,2,18,0,0,0.0,0.0,0.0,0,12.26,0,0,5.67,0
2021,2,18,1,0,0.0,0.0,0.0,0,12.08,0,0,5.83,0
2021,2,18,2,0,0.0,0.0,0.0,0,11.78,0,0,5.92,0
2021,2,18,3,0,0.0,0.0,0.0,0,11.51,0,0,6.05,0
2021,2,18,4,0,0.0,0.0,0.0,0,11.31,0,0,6.2,0
2021,2,18,5,0,0.0,0.0,0.0,0,11.28,0,0,6.36,0
2021,2,18,6,0,392.76,42.16,111.78,0,12.59,0,0,6.3,0
2021,2,18,7,0,424.6,139.82,285.12,0,14.52,0,0,7.03,0
2021,2,18,8,0,371.33,276.88,481.83,0,16.75,0,0,7.28,0
2021,2,18,9,0,482.31,264.36,653.58,0,18.97,0,0,6.78,0
2021,2,18,10,0,466.33,301.5,788.3,0,20.87,0,0,6.36,0
2021,2,18,11,0,563.03,306.25,873.35,0,22.34,0,0,6.0,0
2021,2,18,12,0,464.09,388.14,898.28,0,23.36,0,0,5.71,0
2021,2,18,13,0,692.81,187.17,619.7,0,23.94,0,0,5.45,0
2021,2,18,14,0,239.02,359.99,640.3,0,24.07,0,0,5.25,0
2021,2,18,15,0,200.33,274.77,444.02,0,23.53,0,0,5.29,0
2021,2,18,16,0,344.01,177.68,298.95,0,22.47,0,0,5.56,0
2021,2,18,17,0,247.41,78.77,153.2,0,20.73,0,0,5.49,0
2021,2,18,18,0,130.01,17.56,27.88,0,18.67,0,0,5.22,0
2021,2,18,19,0,0.0,0.0,0.0,0,16.95,0,0,5.57,0
2021,2,18,20,0,0.0,0.0,0.0,0,15.85,0,0,5.77,0
2021,2,18,21,0,0.0,0.0,0.0,0,15.02,0,0,5.77,0
2021,2,18,22,0,0.0,0.0,0.0,0,14.42,0,0,5.71,0
2021,2,18,23,0,0.0,0.0,0.0,0,13.89,0,0,5.39,0
2021,2,19,0,0,0.0,0.0,0.0,0,13.4,0,0,5.03,0
2021,2,19,1,0,0.0,0.0,0.0,0,13.08,0,0,4.8,0
2021,2,19,2,0,0.0,0.0,0.0,0,13.0,0,0,4.81,0
2021,2,19,3,0,0.0,0.0,0.0,0,13.05,0,0,4.57,0
2021,2,19,4,0,0.0,0.0,0.0,0,13.11,0,0,4.52,0
2021,2,19,5,0,0.0,0.0,0.0,0,13.29,0,0,4.49,0
2021,2,19,6,0,324.14,38.76,92.3,0,14.59,0,0,4.35,0
2021,2,19,7,0,428.98,108.31,244.9,0,16.68,0,0,5.21,0
2021,2,19,8,0,284.49,232.52,439.4,0,19.29,0,0,5.68,0
2021,2,19,9,0,388.24,292.27,563.35,0,21.62,0,0,4.77,0
2021,2,19,10,0,626.99,165.52,626.55,0,23.44,0,0,3.69,0
2021,2,19,11,0,506.2,358.91,820.7,0,24.89,0,0,2.8,0
2021,2,19,12,0,497.89,334.95,841.97,0,25.78,0,0,2.2,0
2021,2,19,13,0,566.2,353.68,854.78,0,26.28,0,0,1.78,0
2021,2,19,14,0,539.87,188.95,647.38,0,26.27,0,0,1.56,0
2021,2,19,15,0,524.94,236.94,604.55,0,25.38,0,0,1.77,0
2021,2,19,16,0,494.2,175.61,406.4,0,24.35,0,0,2.24,0
2021,2,19,17,0,445.25,82.44,200.12,0,22.88,0,0,2.62,0
2021,2,19,18,0,128.44,20.41,30.42,0,21.06,0,0,3.33,0
2021,2,19,19,0,0.0,0.0,0.0,0,19.88,0,0,4.03,0
2021,2,19,20,0,0.0,0.0,0.0,0,19.07,0,0,4.05,0
2021,2,19,21,0,0.0,0.0,0.0,0,18.29,0,0,3.89,0
2021,2,19,22,0,0.0,0.0,0.0,0,17.66,0,0,3.83,0
2021,2,19,23,0,0.0,0.0,0.0,0,17.21,0,0,3.65,0
2021,2,20,0,0,0.0,0.0,0.0,0,16.78,0,0,3.5,0
2021,2,20,1,0,0.0,0.0,0.0,0,16.31,0,0,3.31,0
2021,2,20,2,0,0.0,0.0,0.0,0,15.84,0,0,3.18,0
2021,2,20,3,0,0.0,0.0,0.0,0,15.34,0,0,2.95,0
2021,2,20,4,0,0.0,0.0,0.0,0,14.96,0,0,2.78,0
2021,2,20,5,0,0.0,0.0,0.0,0,14.77,0,0,2.51,0
2021,2,20,6,0,359.28,45.16,115.22,0,15.8,0,0,2.24,0
2021,2,20,7,0,669.07,81.8,333.2,0,17.96,0,0,2.04,0
2021,2,20,8,0,822.28,91.12,560.25,0,20.93,0,0,1.35,0
2021,2,20,9,0,911.33,97.86,763.42,0,23.74,0,0,1.41,0
2021,2,20,10,0,956.68,93.22,909.62,0,25.49,0,0,1.6,0
2021,2,20,11,0,789.38,205.63,974.12,0,26.7,0,0,1.62,0
2021,2,20,12,0,774.17,238.25,977.72,0,27.52,0,0,1.66,0
2021,2,20,13,0,793.01,156.27,860.45,0,27.88,0,0,1.78,0
2021,2,20,14,0,715.94,215.14,776.12,0,27.93,0,0,1.95,0
2021,2,20,15,0,661.07,200.26,626.08,0,27.42,0,0,2.12,0
2021,2,20,16,0,562.6,142.41,426.62,0,26.52,0,0,2.22,0
2021,2,20,17,0,509.11,76.45,209.5,0,25.05,0,0,2.05,0
2021,2,20,18,0,162.18,18.16,30.62,0,22.51,0,0,2.46,0
2021,2,20,19,0,0.0,0.0,0.0,0,20.86,0,0,3.19,0
2021,2,20,20,0,0.0,0.0,0.0,0,19.47,0,0,3.69,0
2021,2,20,21,0,0.0,0.0,0.0,0,18.46,0,0,3.97,0
2021,2,20,22,0,0.0,0.0,0.0,0,17.93,0,0,3.46,0
2021,2,20,23,0,0.0,0.0,0.0,0,17.33,0,0,2.93,0
2021,2,21,0,0,0.0,0.0,0.0,0,16.87,0,0,2.72,0
2021,2,21,1,0,0.0,0.0,0.0,0,16.52,0,0,2.7,0
2021,2,21,2,0,0.0,0.0,0.0,0,16.15,0,0,2.55,0
2021,2,21,3,0,0.0,0.0,0.0,0,15.78,0,0,2.44,0
2021,2,21,4,0,0.0,0.0,0.0,0,15.43,0,0,2.3,0
2021,2,21,5,0,0.0,0.0,0.0,0,15.1,0,0,2.22,0
2021,2,21,6,0,399.94,38.31,118.03,0,16.26,0,0,1.74,0
2021,2,21,7,0,745.39,62.67,337.83,0,18.69,0,0,1.07,0
2021,2,21,8,0,908.88,64.98,575.6,0,22.45,0,0,1.74,0
2021,2,21,9,0,962.38,76.16,773.15,0,25.14,0,0,2.57,0
2021,2,21,10,0,1003.48,72.76,920.67,0,26.63,0,0,3.04,0
2021,2,21,11,0,906.62,143.62,993.65,0,27.72,0,0,3.37,0
2021,2,21,12,0,892.43,145.56,1007.38,0,28.45,0,0,3.6,0
2021,2,21,13,0,771.98,186.71,936.2,0,28.78,0,0,3.98,0
2021,2,21,14,0,740.97,181.13,801.47,0,28.62,0,0,4.38,0
2021,2,21,15,0,785.23,136.52,631.12,0,27.75,0,0,4.58,0
2021,2,21,16,0,664.72,98.55,397.08,0,26.83,0,0,4.32,0
2021,2,21,17,0,514.11,54.99,193.18,0,25.41,0,0,3.37,0
2021,2,21,18,0,143.51,14.44,24.15,0,22.98,0,0,3.24,0
2021,2,21,19,0,0.0,0.0,0.0,0,21.01,0,0,3.53,0
2021,2,21,20,0,0.0,0.0,0.0,0,19.84,0,0,3.67,0
2021,2,21,21,0,0.0,0.0,0.0,0,18.96,0,0,3.7,0
2021,2,21,22,0,0.0,0.0,0.0,0,18.12,0,0,3.51,0
2021,2,21,23,0,0.0,0.0,0.0,0,17.35,0,0,3.28,0
2021,2,22,0,0,0.0,0.0,0.0,0,16.78,0,0,2.8,0
2021,2,22,1,0,0.0,0.0,0.0,0,16.39,0,0,2.3,0
2021,2,22,2,0,0.0,0.0,0.0,0,16.1,0,0,1.99,0
2021,2,22,3,0,0.0,0.0,0.0,0,15.45,0,0,2.03,0
2021,2,22,4,0,0.0,0.0,0.0,0,14.7,0,0,2.51,0
2021,2,22,5,0,0.0,0.0,0.0,0,14.4,0,0,2.88,0
2021,2,22,6,0,345.99,37.61,108.82,0,15.89,0,0,2.45,0
2021,2,22,7,0,657.86,75.28,321.4,0,17.91,0,0,1.76,0
2021,2,22,8,0,793.38,92.92,542.45,0,21.32,0,0,2.51,0
2021,2,22,9,0,841.21,126.44,734.7,0,24.39,0,0,3.6,0
2021,2,22,10,0,799.91,151.81,850.35,0,26.23,0,0,4.47,0
2021,2,22,11,0,573.76,293.39,854.92,0,27.19,0,0,5.27,0
2021,2,22,12,0,661.61,242.23,828.35,0,27.58,0,0,5.94,0
2021,2,22,13,0,405.96,332.86,825.22,0,27.73,0,0,6.21,0
2021,2,22,14,0,523.22,299.58,674.17,0,27.71,0,0,6.28,0
2021,2,22,15,0,716.28,135.51,595.42,0,27.3,0,0,6.23,0
2021,2,22,16,0,646.91,110.6,409.88,0,26.23,0,0,5.96,0
2021,2,22,17,0,477.31,76.47,208.82,0,24.45,0,0,5.05,0
2021,2,22,18,0,136.97,17.33,27.52,0,21.41,0,0,4.09,0
2021,2,22,19,0,0.0,0.0,0.0,0,19.05,0,0,3.91,0
2021,2,22,20,0,0.0,0.0,0.0,0,17.45,0,0,3.62,0
2021,2,22,21,0,0.0,0.0,0.0,0,16.49,0,0,3.02,0
2021,2,22,22,0,0.0,0.0,0.0,0,15.72,0,0,2.55,0
2021,2,22,23,0,0.0,0.0,0.0,0,14.82,0,0,2.26,0
2021,2,23,0,0,0.0,0.0,0.0,0,13.98,0,0,1.99,0
2021,2,23,1,0,0.0,0.0,0.0,0,13.27,0,0,1.6,0
2021,2,23,2,0,0.0,0.0,0.0,0,12.68,0,0,1.29,0
2021,2,23,3,0,0.0,0.0,0.0,0,12.09,0,0,1.28,0
2021,2,23,4,0,0.0,0.0,0.0,0,11.48,0,0,1.51,0
2021,2,23,5,0,0.0,0.0,0.0,0,11.23,0,0,1.68,0
2021,2,23,6,0,192.37,53.8,79.05,0,12.59,0,0,1.63,0
2021,2,23,7,0,317.77,149.53,243.43,0,15.29,0,0,1.73,0
2021,2,23,8,0,484.25,141.45,433.38,0,18.06,0,0,1.85,0
2021,2,23,9,0,410.54,259.98,557.65,0,19.86,0,0,2.38,0
2021,2,23,10,0,601.28,295.33,788.75,0,21.31,0,0,2.58,0
2021,2,23,11,0,520.87,400.63,884.15,0,22.67,0,0,2.53,0
2021,2,23,12,0,656.4,327.29,932.7,0,23.35,0,0,2.4,0
2021,2,23,13,0,559.23,295.35,870.75,0,23.83,0,0,2.24,0
2021,2,23,14,0,724.11,127.77,665.15,0,23.91,0,0,1.84,0
2021,2,23,15,0,486.44,224.55,560.55,0,23.54,0,0,1.15,0
2021,2,23,16,0,385.32,153.44,355.38,0,22.46,0,0,0.66,0
2021,2,23,17,0,267.54,77.65,156.95,0,20.5,0,0,1.65,0
2021,2,23,18,0,55.61,14.92,16.27,0,17.53,0,0,3.25,0
2021,2,23,19,0,0.0,0.0,0.0,0,14.97,0,0,5.33,0
2021,2,23,20,0,0.0,0.0,0.0,0,13.53,0,0,5.28,0
2021,2,23,21,0,0.0,0.0,0.0,0,12.36,0,0,4.92,0
2021,2,23,22,0,0.0,0.0,0.0,0,11.36,0,0,5.18,0
2021,2,23,23,0,0.0,0.0,0.0,0,10.63,0,0,4.82,0
2021,2,24,0,0,0.0,0.0,0.0,0,10.17,0,0,4.94,0
2021,2,24,1,0,0.0,0.0,0.0,0,9.8,0,0,5.0,0
2021,2,24,2,0,0.0,0.0,0.0,0,9.66,0,0,4.9,0
2021,2,24,3,0,0.0,0.0,0.0,0,9.69,0,0,4.88,0
2021,2,24,4,0,0.0,0.0,0.0,0,9.8,0,0,4.98,0
2021,2,24,5,0,0.0,0.0,0.0,0,9.95,0,0,4.98,0
2021,2,24,6,0,188.52,56.46,83.32,0,10.68,0,0,5.0,0
2021,2,24,7,0,328.22,131.68,256.77,0,12.43,0,0,5.61,0
2021,2,24,8,0,387.29,204.88,449.62,0,14.97,0,0,5.55,0
2021,2,24,9,0,390.46,318.07,607.4,0,17.18,0,0,4.87,0
2021,2,24,10,0,242.58,341.75,646.53,0,18.87,0,0,3.95,0
2021,2,24,11,0,320.72,362.25,721.28,0,20.3,0,0,3.27,0
2021,2,24,12,0,223.22,363.98,730.33,0,21.52,0,0,2.85,0
2021,2,24,13,0,263.06,388.33,591.9,0,21.96,0,0,2.77,0
2021,2,24,14,0,666.99,221.91,472.52,0,21.86,0,0,3.03,0
2021,2,24,15,0,327.65,250.42,488.3,0,21.57,0,0,3.47,0
2021,2,24,16,0,436.97,165.68,311.67,0,20.7,0,0,4.0,0
2021,2,24,17,0,219.8,85.89,140.93,0,19.28,0,0,4.14,0
2021,2,24,18,0,67.23,16.3,18.02,0,17.56,0,0,3.71,0
2021,2,24,19,0,0.0,0.0,0.0,0,16.15,0,0,4.03,0
2021,2,24,20,0,0.0,0.0,0.0,0,15.23,0,0,4.3,0
2021,2,24,21,0,0.0,0.0,0.0,0,14.65,0,0,4.38,0
2021,2,24,22,0,0.0,0.0,0.0,0,14.34,0,0,4.36,0
2021,2,24,23,0,0.0,0.0,0.0,0,14.14,0,0,4.02,0
2021,2,25,0,0,0.0,0.0,0.0,0,14.03,0,0,4.19,0
2021,2,25,1,0,0.0,0.0,0.0,0,14.0,0,0,4.22,0
2021,2,25,2,0,0.0,0.0,0.0,0,14.0,0,0,4.15,0
2021,2,25,3,0,0.0,0.0,0.0,0,13.98,0,0,3.85,0
2021,2,25,4,0,0.0,0.0,0.0,0,14.02,0,0,3.68,0
2021,2,25,5,0,0.0,0.0,0.0,0,14.05,0,0,3.4,0
2021,2,25,6,0,21.6,33.21,36.28,0,14.95,0,0,2.96,0
2021,2,25,7,0,87.31,90.36,114.55,0,16.48,0,0,3.1,0
2021,2,25,8,0,87.24,143.07,207.75,0,18.35,0,0,3.47,0
2021,2,25,9,0,127.09,185.48,275.12,0,19.69,0,0,3.9,0
2021,2,25,10,0,57.04,240.87,320.75,0,20.38,0,0,4.47,0
2021,2,25,11,0,114.79,299.36,464.98,0,21.16,0,0,5.01,0
2021,2,25,12,0,167.59,410.65,612.25,0,22.19,0,0,5.47,0
2021,2,25,13,0,154.78,274.24,461.15,0,22.82,0,0,5.46,0
2021,2,25,14,0,157.13,243.83,392.95,0,23.18,0,0,5.07,0
2021,2,25,15,0,277.1,199.65,358.6,0,23.27,0,0,4.47,0
2021,2,25,16,0,297.53,129.28,257.15,0,22.8,0,0,3.58,0
2021,2,25,17,0,264.09,81.7,150.95,0,21.79,0,0,2.46,0
2021,2,25,18,0,97.62,12.86,19.5,0,19.44,0,0,2.35,0
2021,2,25,19,0,0.0,0.0,0.0,0,17.81,0,0,2.61,0
2021,2,25,20,0,0.0,0.0,0.0,0,16.51,0,0,2.89,0
2021,2,25,21,0,0.0,0.0,0.0,0,15.38,0,0,3.31,0
2021,2,25,22,0,0.0,0.0,0.0,0,14.67,0,0,3.76,0
2021,2,25,23,0,0.0,0.0,0.0,0,14.26,0,0,3.88,0
2021,2,26,0,0,0.0,0.0,0.0,0,13.88,0,0,3.69,0
2021,2,26,1,0,0.0,0.0,0.0,0,13.66,0,0,3.24,0
2021,2,26,2,0,0.0,0.0,0.0,0,13.39,0,0,2.96,0
2021,2,26,3,0,0.0,0.0,0.0,0,13.04,0,0,2.74,0
2021,2,26,4,0,0.0,0.0,0.0,0,12.71,0,0,2.6,0
2021,2,26,5,0,0.0,0.0,0.0,0,12.45,0,0,2.32,0
2021,2,26,6,0,406.24,35.78,102.28,0,13.15,0,0,1.87,0
2021,2,26,7,0,763.28,56.37,334.98,0,15.07,0,0,1.81,0
2021,2,26,8,0,917.74,67.1,567.17,0,18.62,0,0,3.06,0
2021,2,26,9,0,978.75,71.59,767.33,0,21.25,0,0,3.92,0
2021,2,26,10,0,1023.46,66.77,920.65,0,23.02,0,0,4.49,0
2021,2,26,11,0,1009.05,79.68,1003.85,0,24.26,0,0,4.81,0
2021,2,26,12,0,1002.09,86.76,1018.5,0,25.09,0,0,4.8,0
2021,2,26,13,0,936.16,120.07,963.6,0,25.54,0,0,4.63,0
2021,2,26,14,0,1004.09,86.06,843.03,0,25.55,0,0,4.35,0
2021,2,26,15,0,628.41,222.73,623.75,0,25.04,0,0,4.08,0
2021,2,26,16,0,620.67,152.28,413.42,0,24.1,0,0,3.72,0
2021,2,26,17,0,438.95,117.56,193.88,0,22.26,0,0,3.05,0
2021,2,26,18,0,91.61,18.84,19.25,0,19.32,0,0,3.09,0
2021,2,26,19,0,0.0,0.0,0.0,0,17.8,0,0,3.06,0
2021,2,26,20,0,0.0,0.0,0.0,0,17.25,0,0,2.76,0
2021,2,26,21,0,0.0,0.0,0.0,0,16.12,0,0,3.42,0
2021,2,26,22,0,0.0,0.0,0.0,0,15.41,0,0,4.07,0
2021,2,26,23,0,0.0,0.0,0.0,0,15.16,0,0,4.1,0
2021,2,27,0,0,0.0,0.0,0.0,0,15.12,0,0,4.07,0
2021,2,27,1,0,0.0,0.0,0.0,0,15.2,0,0,3.65,0
2021,2,27,2,0,0.0,0.0,0.0,0,15.11,0,0,3.46,0
2021,2,27,3,0,0.0,0.0,0.0,0,15.05,0,0,3.36,0
2021,2,27,4,0,0.0,0.0,0.0,0,14.98,0,0,3.18,0
2021,2,27,5,0,0.0,0.0,0.0,0,14.59,0,0,3.11,0
2021,2,27,6,0,81.32,77.33,70.68,0,15.44,0,0,2.76,0
2021,2,27,7,0,302.88,145.24,232.35,0,17.72,0,0,2.44,0
2021,2,27,8,0,437.28,182.09,404.9,0,20.76,0,0,2.14,0
2021,2,27,9,0,519.94,251.86,635.35,0,23.22,0,0,2.4,0
2021,2,27,10,0,754.41,209.76,846.88,0,24.8,0,0,2.58,0
2021,2,27,11,0,777.62,160.58,878.1,0,25.83,0,0,2.48,0
2021,2,27,12,0,648.61,276.31,843.12,0,26.44,0,0,2.64,0
2021,2,27,13,0,716.61,195.02,785.67,0,26.61,0,0,2.89,0
2021,2,27,14,0,462.39,258.52,626.67,0,26.49,0,0,2.97,0
2021,2,27,15,0,591.55,180.61,545.28,0,25.92,0,0,2.75,0
2021,2,27,16,0,370.15,206.53,343.27,0,25.08,0,0,2.43,0
2021,2,27,17,0,221.05,93.24,145.9,0,23.8,0,0,1.9,0
2021,2,27,18,0,14.4,13.7,12.73,0,21.81,0,0,1.81,0
2021,2,27,19,0,0.0,0.0,0.0,0,20.89,0,0,1.67,0
2021,2,27,20,0,0.0,0.0,0.0,0,20.15,0,0,1.5,0
2021,2,27,21,0,0.0,0.0,0.0,0,19.32,0,0,1.37,0
2021,2,27,22,0,0.0,0.0,0.0,0,18.43,0,0,1.15,0
2021,2,27,23,0,0.0,0.0,0.0,0,17.63,0,0,0.82,0
2021,2,28,0,0,0.0,0.0,0.0,0,17.18,0,0,0.42,0
2021,2,28,1,0,0.0,0.0,0.0,0,16.73,0,0,0.5,0
2021,2,28,2,0,0.0,0.0,0.0,0,16.07,0,0,0.79,0
2021,2,28,3,0,0.0,0.0,0.0,0,15.33,0,0,1.27,0
2021,2,28,4,0,0.0,0.0,0.0,0,14.51,0,0,1.95,0
2021,2,28,5,0,0.0,0.0,0.0,0,13.73,0,0,2.51,0
2021,2,28,6,0,288.95,38.52,93.32,0,14.41,0,0,2.82,0
2021,2,28,7,0,635.28,81.93,310.67,0,17.17,0,0,2.27,0
2021,2,28,8,0,768.43,118.81,539.03,0,20.91,0,0,2.28,0
2021,2,28,9,0,901.73,104.16,746.25,0,23.64,0,0,2.72,0
2021,2,28,10,0,981.13,85.36,900.25,0,25.26,0,0,3.14,0
2021,2,28,11,0,872.94,151.2,950.1,0,26.32,0,0,3.57,0
2021,2,28,12,0,731.9,227.42,970.47,0,26.97,0,0,3.87,0
2021,2,28,13,0,785.02,194.23,920.78,0,27.26,0,0,4.03,0
2021,2,28,14,0,894.87,91.03,790.25,0,27.14,0,0,4.08,0
2021,2,28,15,0,838.85,109.39,642.25,0,26.61,0,0,3.99,0
2021,2,28,16,0,729.08,125.84,410.2,0,25.6,0,0,3.82,0
2021,2,28,17,0,523.88,89.97,182.77,0,23.84,0,0,3.22,0
2021,2,28,18,0,61.93,17.81,15.05,0,20.48,0,0,3.13,0
2021,2,28,19,0,0.0,0.0,0.0,0,18.69,0,0,3.13,0
2021,2,28,20,0,0.0,0.0,0.0,0,18.37,0,0,2.71,0
2021,2,28,21,0,0.0,0.0,0.0,0,18.38,0,0,2.22,0
2021,2,28,22,0,0.0,0.0,0.0,0,18.22,0,0,1.77,0
2021,2,28,23,0,0.0,0.0,0.0,0,17.65,0,0,1.68,0
2021,3,1,0,0,0.0,0.0,0.0,0,16.62,0,0,2.02,0
2021,3,1,1,0,0.0,0.0,0.0,0,15.43,0,0,2.46,0
2021,3,1,2,0,0.0,0.0,0.0,0,14.53,0,0,2.67,0
2021,3,1,3,0,0.0,0.0,0.0,0,13.97,0,0,2.72,0
2021,3,1,4,0,0.0,0.0,0.0,0,13.47,0,0,2.85,0
2021,3,1,5,0,0.0,0.0,0.0,0,13.04,0,0,3.03,0
2021,3,1,6,0,272.77,37.82,88.65,0,14.09,0,0,3.09,0
2021,3,1,7,0,628.0,80.59,308.2,0,17.51,0,0,2.48,0
2021,3,1,8,0,803.91,97.68,534.83,0,21.89,0,0,3.03,0
2021,3,1,9,0,893.05,99.84,734.3,0,25.18,0,0,5.31,0
2021,3,1,10,0,949.44,95.39,877.67,0,26.76,0,0,6.06,0
2021,3,1,11,0,832.3,192.03,927.03,0,27.75,0,0,6.63,0
2021,3,1,12,0,603.48,328.12,910.33,0,28.22,0,0,7.17,0
2021,3,1,13,0,844.62,143.3,726.08,0,28.23,0,0,7.41,0
2021,3,1,14,0,609.33,292.33,672.95,0,28.0,0,0,7.41,0
2021,3,1,15,0,566.88,209.33,561.58,0,27.37,0,0,7.32,0
2021,3,1,16,0,714.38,118.12,374.3,0,26.2,0,0,6.98,0
2021,3,1,17,0,553.72,54.32,177.05,0,24.43,0,0,6.19,0
2021,3,1,18,0,170.25,9.49,17.98,0,21.59,0,0,5.42,0
2021,3,1,19,0,0.0,0.0,0.0,0,19.67,0,0,4.57,0
2021,3,1,20,0,0.0,0.0,0.0,0,18.25,0,0,4.54,0
2021,3,1,21,0,0.0,0.0,0.0,0,17.03,0,0,4.78,0
2021,3,1,22,0,0.0,0.0,0.0,0,15.9,0,0,4.62,0
2021,3,1,23,0,0.0,0.0,0.0,0,14.83,0,0,4.25,0
2021,3,2,0,0,0.0,0.0,0.0,0,13.89,0,0,4.04,0
2021,3,2,1,0,0.0,0.0,0.0,0,13.25,0,0,3.89,0
2021,3,2,2,0,0.0,0.0,0.0,0,13.07,0,0,3.73,0
2021,3,2,3,0,0.0,0.0,0.0,0,12.57,0,0,3.56,0
2021,3,2,4,0,0.0,0.0,0.0,0,11.51,0,0,3.44,0
2021,3,2,5,0,0.0,0.0,0.0,0,10.63,0,0,3.29,0
2021,3,2,6,0,476.0,25.4,102.68,0,11.59,0,0,2.68,0
2021,3,2,7,0,858.58,43.45,339.77,0,14.41,0,0,4.24,0
2021,3,2,8,0,986.76,47.27,575.3,0,16.67,0,0,4.58,0
2021,3,2,9,0,467.7,197.11,533.92,0,18.59,0,0,3.86,0
2021,3,2,10,0,1077.7,48.15,926.97,0,20.55,0,0,3.39,0
2021,3,2,11,0,1072.15,53.67,1011.95,0,22.25,0,0,3.27,0
2021,3,2,12,0,1085.89,52.0,1028.5,0,23.42,0,0,3.36,0
2021,3,2,13,0,1084.98,51.57,974.28,0,24.05,0,0,3.57,0
2021,3,2,14,0,1047.78,55.29,852.78,0,24.11,0,0,3.97,0
2021,3,2,15,0,925.74,103.87,661.78,0,23.54,0,0,4.25,0
2021,3,2,16,0,870.75,80.45,443.6,0,22.47,0,0,4.18,0
2021,3,2,17,0,696.53,51.6,205.98,0,20.6,0,0,3.67,0
2021,3,2,18,0,190.54,8.98,19.12,0,17.22,0,0,3.39,0
2021,3,2,19,0,0.0,0.0,0.0,0,15.09,0,0,3.25,0
2021,3,2,20,0,0.0,0.0,0.0,0,13.44,0,0,3.06,0
2021,3,2,21,0,0.0,0.0,0.0,0,12.27,0,0,3.17,0
2021,3,2,22,0,0.0,0.0,0.0,0,11.39,0,0,3.15,0
2021,3,2,23,0,0.0,0.0,0.0,0,10.48,0,0,3.19,0
2021,3,3,0,0,0.0,0.0,0.0,0,9.65,0,0,3.49,0
2021,3,3,1,0,0.0,0.0,0.0,0,9.15,0,0,4.0,0
2021,3,3,2,0,0.0,0.0,0.0,0,9.2,0,0,3.82,0
2021,3,3,3,0,0.0,0.0,0.0,0,8.96,0,0,3.19,0
2021,3,3,4,0,0.0,0.0,0.0,0,8.7,0,0,3.12,0
2021,3,3,5,0,0.0,0.0,0.0,0,8.9,0,0,2.93,0
2021,3,3,6,0,146.95,42.47,73.78,0,9.88,0,0,2.79,0
2021,3,3,7,0,578.73,118.64,283.52,0,11.94,0,0,3.05,0
2021,3,3,8,0,701.49,131.42,509.83,0,14.99,0,0,1.82,0
2021,3,3,9,0,614.74,189.28,616.95,0,17.94,0,0,0.55,0
2021,3,3,10,0,751.45,206.85,694.22,0,20.33,0,0,0.25,0
2021,3,3,11,0,346.92,484.12,875.95,0,22.07,0,0,0.85,0
2021,3,3,12,0,477.62,458.93,898.25,0,23.22,0,0,1.57,0
2021,3,3,13,0,708.32,289.87,892.6,0,23.84,0,0,2.26,0
2021,3,3,14,0,439.92,286.32,689.6,0,23.9,0,0,2.74,0
2021,3,3,15,0,432.19,285.26,508.45,0,23.39,0,0,2.89,0
2021,3,3,16,0,290.73,201.51,315.9,0,22.41,0,0,2.8,0
2021,3,3,17,0,243.8,100.07,138.82,0,20.71,0,0,2.38,0
2021,3,3,18,0,26.77,13.89,11.52,0,17.73,0,0,2.02,0
2021,3,3,19,0,0.0,0.0,0.0,0,15.71,0,0,2.41,0
2021,3,3,20,0,0.0,0.0,0.0,0,14.21,0,0,2.94,0
2021,3,3,21,0,0.0,0.0,0.0,0,13.12,0,0,3.79,0
2021,3,3,22,0,0.0,0.0,0.0,0,12.54,0,0,4.57,0
2021,3,3,23,0,0.0,0.0,0.0,0,12.23,0,0,4.16,0
2021,3,4,0,0,0.0,0.0,0.0,0,11.79,0,0,3.44,0
2021,3,4,1,0,0.0,0.0,0.0,0,11.29,0,0,3.07,0
2021,3,4,2,0,0.0,0.0,0.0,0,10.8,0,0,2.62,0
2021,3,4,3,0,0.0,0.0,0.0,0,10.38,0,0,2.23,0
2021,3,4,4,0,0.0,0.0,0.0,0,10.03,0,0,2.07,0
2021,3,4,5,0,0.0,0.0,0.0,0,9.75,0,0,2.08,0
2021,3,4,6,0,312.43,34.26,81.57,0,10.61,0,0,2.01,0
2021,3,4,7,0,630.62,86.71,303.48,0,13.12,0,0,1.78,0
2021,3,4,8,0,810.54,97.59,529.15,0,16.36,0,0,1.21,0
2021,3,4,9,0,682.4,214.76,687.7,0,18.95,0,0,1.97,0
2021,3,4,10,0,720.88,241.92,849.7,0,20.84,0,0,2.71,0
2021,3,4,11,0,639.06,252.8,925.62,0,22.33,0,0,3.33,0
2021,3,4,12,0,721.44,237.23,945.88,0,23.4,0,0,3.89,0
2021,3,4,13,0,971.87,85.73,924.8,0,23.96,0,0,4.48,0
2021,3,4,14,0,950.56,83.65,808.92,0,23.89,0,0,4.99,0
2021,3,4,15,0,906.41,78.93,634.8,0,23.23,0,0,5.23,0
2021,3,4,16,0,839.13,64.45,418.7,0,22.14,0,0,5.24,0
2021,3,4,17,0,637.03,41.43,186.9,0,20.52,0,0,4.7,0
2021,3,4,18,0,106.63,9.11,14.05,0,17.7,0,0,3.92,0
2021,3,4,19,0,0.0,0.0,0.0,0,15.7,0,0,3.71,0
2021,3,4,20,0,0.0,0.0,0.0,0,14.35,0,0,4.01,0
2021,3,4,21,0,0.0,0.0,0.0,0,13.51,0,0,4.06,0
2021,3,4,22,0,0.0,0.0,0.0,0,12.86,0,0,4.11,0
2021,3,4,23,0,0.0,0.0,0.0,0,12.37,0,0,4.09,0
2021,3,5,0,0,0.0,0.0,0.0,0,11.95,0,0,3.92,0
2021,3,5,1,0,0.0,0.0,0.0,0,11.56,0,0,3.94,0
2021,3,5,2,0,0.0,0.0,0.0,0,11.24,0,0,3.91,0
2021,3,5,3,0,0.0,0.0,0.0,0,10.89,0,0,3.75,0
2021,3,5,4,0,0.0,0.0,0.0,0,10.48,0,0,3.59,0
2021,3,5,5,0,0.0,0.0,0.0,0,10.08,0,0,3.45,0
2021,3,5,6,0,460.71,22.15,89.43,0,11.19,0,0,2.95,0
2021,3,5,7,0,845.88,37.11,316.55,0,13.88,0,0,3.64,0
2021,3,5,8,0,939.14,48.36,542.83,0,17.05,0,0,3.95,0
2021,3,5,9,0,1000.25,51.28,737.47,0,19.53,0,0,3.44,0
2021,3,5,10,0,1030.45,50.95,882.88,0,21.51,0,0,3.22,0
2021,3,5,11,0,1027.54,57.75,964.88,0,23.07,0,0,3.34,0
2021,3,5,12,0,995.3,74.49,978.42,0,24.14,0,0,3.54,0
2021,3,5,13,0,1008.55,66.59,923.8,0,24.72,0,0,3.72,0
2021,3,5,14,0,958.96,63.41,798.05,0,24.77,0,0,3.92,0
2021,3,5,15,0,939.57,60.86,633.88,0,24.28,0,0,3.96,0
2021,3,5,16,0,848.69,55.26,419.1,0,23.3,0,0,3.86,0
2021,3,5,17,0,650.88,34.6,187.0,0,21.53,0,0,3.38,0
2021,3,5,18,0,137.85,7.42,13.6,0,18.43,0,0,2.7,0
2021,3,5,19,0,0.0,0.0,0.0,0,16.21,0,0,2.48,0
2021,3,5,20,0,0.0,0.0,0.0,0,14.76,0,0,2.74,0
2021,3,5,21,0,0.0,0.0,0.0,0,13.72,0,0,2.73,0
2021,3,5,22,0,0.0,0.0,0.0,0,12.87,0,0,2.81,0
2021,3,5,23,0,0.0,0.0,0.0,0,12.01,0,0,3.27,0
2021,3,6,0,0,0.0,0.0,0.0,0,11.05,0,0,3.95,0
2021,3,6,1,0,0.0,0.0,0.0,0,10.76,0,0,4.14,0
2021,3,6,2,0,0.0,0.0,0.0,0,10.64,0,0,3.31,0
2021,3,6,3,0,0.0,0.0,0.0,0,10.2,0,0,3.15,0
2021,3,6,4,0,0.0,0.0,0.0,0,10.0,0,0,3.18,0
2021,3,6,5,0,0.0,0.0,0.0,0,9.69,0,0,3.07,0
2021,3,6,6,0,280.15,30.8,74.05,0,10.58,0,0,3.27,0
2021,3,6,7,0,584.49,94.04,278.02,0,12.76,0,0,3.55,0
2021,3,6,8,0,675.27,134.05,492.42,0,15.56,0,0,2.77,0
2021,3,6,9,0,840.12,170.76,679.83,0,18.29,0,0,1.7,0
2021,3,6,10,0,957.54,127.14,849.53,0,20.64,0,0,0.96,0
2021,3,6,11,0,922.72,157.64,931.83,0,22.55,0,0,0.5,0
2021,3,6,12,0,925.88,137.49,960.55,0,23.96,0,0,0.3,0
2021,3,6,13,0,946.15,107.56,877.88,0,24.87,0,0,0.48,0
2021,3,6,14,0,875.57,121.27,784.1,0,25.2,0,0,0.73,0
2021,3,6,15,0,808.58,103.79,607.42,0,24.98,0,0,0.91,0
2021,3,6,16,0,823.41,69.0,401.92,0,24.19,0,0,0.95,0
2021,3,6,17,0,594.47,45.04,175.73,0,22.42,0,0,0.8,0
2021,3,6,18,0,109.34,7.37,11.68,0,18.89,0,0,1.2,0
2021,3,6,19,0,0.0,0.0,0.0,0,17.16,0,0,2.39,0
2021,3,6,20,0,0.0,0.0,0.0,0,16.13,0,0,3.33,0
2021,3,6,21,0,0.0,0.0,0.0,0,14.27,0,0,4.85,0
2021,3,6,22,0,0.0,0.0,0.0,0,13.58,0,0,5.04,0
2021,3,6,23,0,0.0,0.0,0.0,0,12.65,0,0,4.12,0
2021,3,7,0,0,0.0,0.0,0.0,0,11.74,0,0,4.12,0
2021,3,7,1,0,0.0,0.0,0.0,0,11.02,0,0,4.1,0
2021,3,7,2,0,0.0,0.0,0.0,0,10.54,0,0,4.16,0
2021,3,7,3,0,0.0,0.0,0.0,0,10.16,0,0,4.15,0
2021,3,7,4,0,0.0,0.0,0.0,0,9.91,0,0,4.14,0
2021,3,7,5,0,0.0,0.0,0.0,0,9.78,0,0,4.09,0
2021,3,7,6,0,216.43,45.82,69.0,0,10.61,0,0,4.07,0
2021,3,7,7,0,521.18,89.52,276.25,0,12.8,0,0,4.29,0
2021,3,7,8,0,626.89,151.43,502.15,0,16.02,0,0,4.18,0
2021,3,7,9,0,805.25,149.14,699.83,0,19.13,0,0,3.99,0
2021,3,7,10,0,788.94,200.13,844.28,0,21.47,0,0,3.7,0
2021,3,7,11,0,735.41,255.55,865.75,0,23.03,0,0,3.48,0
2021,3,7,12,0,740.09,220.98,909.28,0,23.94,0,0,3.21,0
2021,3,7,13,0,598.42,273.7,823.58,0,24.31,0,0,3.06,0
2021,3,7,14,0,710.32,322.8,623.67,0,24.88,0,0,2.95,0
2021,3,7,15,0,524.47,243.63,466.9,0,24.84,0,0,2.82,0
2021,3,7,16,0,304.85,191.46,301.17,0,24.24,0,0,2.76,0
2021,3,7,17,0,96.18,99.85,118.22,0,22.85,0,0,2.58,0
2021,3,7,18,0,5.94,9.3,7.1,0,20.22,0,0,3.49,0
2021,3,7,19,0,0.0,0.0,0.0,0,18.78,0,0,4.55,0
2021,3,7,20,0,0.0,0.0,0.0,0,18.42,0,0,4.9,0
2021,3,7,21,0,0.0,0.0,0.0,0,18.51,0,0,4.41,0
2021,3,7,22,0,0.0,0.0,0.0,0,18.23,0,0,4.13,0
2021,3,7,23,0,0.0,0.0,0.0,0,17.77,0,0,4.16,0
2021,3,8,0,0,0.0,0.0,0.0,0,17.33,0,0,3.96,0
2021,3,8,1,0,0.0,0.0,0.0,0,16.92,0,0,3.58,0
2021,3,8,2,0,0.0,0.0,0.0,0,16.51,0,0,3.38,0
2021,3,8,3,0,0.0,0.0,0.0,0,16.26,0,0,3.28,0
2021,3,8,4,0,0.0,0.0,0.0,0,16.02,0,0,3.3,0
2021,3,8,5,0,0.0,0.0,0.0,0,15.93,0,0,3.47,0
2021,3,8,6,0,11.42,39.63,41.7,0,16.44,0,0,3.65,0
2021,3,8,7,0,17.48,147.49,161.6,0,17.96,0,0,3.6,0
2021,3,8,8,0,38.12,226.29,285.58,0,19.91,0,0,4.45,0
2021,3,8,9,0,75.65,374.02,494.98,0,21.36,0,0,5.18,0
2021,3,8,10,0,37.97,397.24,489.85,0,21.67,0,0,4.63,0
2021,3,8,11,0,65.9,468.34,591.03,0,22.2,0,0,4.17,0
2021,3,8,12,0,190.23,480.15,691.62,0,22.98,0,0,4.98,0
2021,3,8,13,0,135.48,418.33,581.88,0,23.53,0,0,5.45,0
2021,3,8,14,0,548.43,227.42,608.67,0,23.86,0,0,5.16,0
2021,3,8,15,0,278.75,204.18,344.08,0,23.93,0,0,4.52,0
2021,3,8,16,0,209.78,123.06,192.0,0,23.71,0,0,3.73,0
2021,3,8,17,0,301.24,55.63,77.75,0,22.62,0,0,2.81,0
2021,3,8,18,0,13.86,5.19,3.53,0,20.65,0,0,2.68,0
2021,3,8,19,0,0.0,0.0,0.0,0,19.44,0,0,2.94,0
2021,3,8,20,0,0.0,0.0,0.0,0,18.69,0,0,3.12,0
2021,3,8,21,0,0.0,0.0,0.0,0,18.01,0,0,2.72,0
2021,3,8,22,0,0.0,0.0,0.0,0,17.29,0,0,2.02,0
2021,3,8,23,0,0.0,0.0,0.0,0,16.98,0,0,1.33,0
2021,3,9,0,0,0.0,0.0,0.0,0,16.75,0,0,0.85,0
2021,3,9,1,0,0.0,0.0,0.0,0,16.4,0,0,1.19,0
2021,3,9,2,0,0.0,0.0,0.0,0,15.84,0,0,1.93,0
2021,3,9,3,0,0.0,0.0,0.0,0,15.1,0,0,2.62,0
2021,3,9,4,0,0.0,0.0,0.0,0,13.98,0,0,3.49,0
2021,3,9,5,0,0.0,0.0,0.0,0,13.23,0,0,4.12,0
2021,3,9,6,0,220.94,32.48,62.55,0,14.16,0,0,3.94,0
2021,3,9,7,0,511.01,92.21,265.33,0,17.45,0,0,3.21,0
2021,3,9,8,0,654.26,142.59,470.4,0,20.62,0,0,4.68,0
2021,3,9,9,0,804.92,127.03,671.0,0,22.39,0,0,5.49,0
2021,3,9,10,0,611.54,261.81,784.95,0,23.62,0,0,5.98,0
2021,3,9,11,0,446.34,427.11,812.88,0,24.54,0,0,6.27,0
2021,3,9,12,0,383.66,514.41,832.97,0,25.18,0,0,6.36,0
2021,3,9,13,0,622.85,287.57,777.6,0,25.51,0,0,6.31,0
2021,3,9,14,0,667.63,194.49,684.53,0,25.44,0,0,6.06,0
2021,3,9,15,0,782.72,113.59,574.4,0,24.96,0,0,5.58,0
2021,3,9,16,0,721.3,79.19,365.25,0,24.01,0,0,4.88,0
2021,3,9,17,0,495.44,43.43,151.73,0,22.25,0,0,3.7,0
2021,3,9,18,0,67.36,7.16,7.65,0,19.17,0,0,2.9,0
2021,3,9,19,0,0.0,0.0,0.0,0,17.58,0,0,2.69,0
2021,3,9,20,0,0.0,0.0,0.0,0,17.22,0,0,2.18,0
2021,3,9,21,0,0.0,0.0,0.0,0,16.75,0,0,1.78,0
2021,3,9,22,0,0.0,0.0,0.0,0,15.69,0,0,2.14,0
2021,3,9,23,0,0.0,0.0,0.0,0,14.61,0,0,2.77,0
2021,3,10,0,0,0.0,0.0,0.0,0,13.55,0,0,3.29,0
2021,3,10,1,0,0.0,0.0,0.0,0,12.47,0,0,3.75,0
2021,3,10,2,0,0.0,0.0,0.0,0,11.44,0,0,4.28,0
2021,3,10,3,0,0.0,0.0,0.0,0,11.29,0,0,4.73,0
2021,3,10,4,0,0.0,0.0,0.0,0,12.0,0,0,4.28,0
2021,3,10,5,0,0.0,0.0,0.0,0,12.52,0,0,3.64,0
2021,3,10,6,0,159.9,39.17,61.15,0,13.5,0,0,3.15,0
2021,3,10,7,0,562.71,82.29,261.77,0,15.25,0,0,2.94,0
2021,3,10,8,0,645.29,129.98,477.05,0,18.22,0,0,3.05,0
2021,3,10,9,0,888.09,128.98,691.88,0,21.27,0,0,2.72,0
2021,3,10,10,0,912.64,130.2,838.28,0,23.48,0,0,2.46,0
2021,3,10,11,0,844.47,168.16,921.67,0,25.34,0,0,2.32,0
2021,3,10,12,0,769.66,216.67,890.7,0,26.73,0,0,2.16,0
2021,3,10,13,0,692.0,295.91,849.15,0,27.47,0,0,2.03,0
2021,3,10,14,0,590.14,249.59,652.3,0,27.27,0,0,1.96,0
2021,3,10,15,0,446.27,258.08,467.98,0,26.49,0,0,1.89,0
2021,3,10,16,0,231.95,162.8,282.95,0,25.42,0,0,2.02,0
2021,3,10,17,0,134.17,104.37,104.6,0,23.79,0,0,2.51,0
2021,3,10,18,0,6.1,6.62,4.45,0,21.93,0,0,3.43,0
2021,3,10,19,0,0.0,0.0,0.0,0,20.5,0,0,4.25,0
2021,3,10,20,0,0.0,0.0,0.0,0,19.47,0,0,4.94,0
2021,3,10,21,0,0.0,0.0,0.0,0,18.79,0,0,4.89,0
2021,3,10,22,0,0.0,0.0,0.0,0,18.0,0,0,4.93,0
2021,3,10,23,0,0.0,0.0,0.0,0,17.32,0,0,4.54,0
2021,3,11,0,0,0.0,0.0,0.0,0,16.8,0,0,4.42,0
2021,3,11,1,0,0.0,0.0,0.0,0,16.35,0,0,4.26,0
2021,3,11,2,0,0.0,0.0,0.0,0,15.8,0,0,4.04,0
2021,3,11,3,0,0.0,0.0,0.0,0,15.25,0,0,3.98,0
2021,3,11,4,0,0.0,0.0,0.0,0,14.88,0,0,4.0,0
2021,3,11,5,0,0.0,0.0,0.0,0,14.63,0,0,3.85,0
2021,3,11,6,0,50.38,38.36,42.15,0,15.13,0,0,3.57,0
2021,3,11,7,0,179.61,119.61,176.45,0,16.81,0,0,4.28,0
2021,3,11,8,0,276.95,226.87,345.83,0,19.37,0,0,4.36,0
2021,3,11,9,0,499.52,228.26,462.02,0,21.46,0,0,4.16,0
2021,3,11,10,0,87.6,409.73,553.85,0,22.68,0,0,3.94,0
2021,3,11,11,0,142.59,403.06,568.42,0,23.36,0,0,3.68,0
2021,3,11,12,0,167.14,293.28,525.6,0,23.42,0,0,3.58,0
2021,3,11,13,0,58.11,333.91,434.52,0,22.66,0,0,3.77,0
2021,3,11,14,0,10.79,175.87,208.6,0,21.31,0,0,3.5,0
2021,3,11,15,0,28.84,36.01,48.2,0,20.24,0,0,2.51,0
2021,3,11,16,0,0.0,122.59,135.98,0,19.38,0,0,1.81,0
2021,3,11,17,0,0.0,36.81,42.1,0,18.38,0,0,2.47,0
2021,3,11,18,0,0.0,3.56,2.9,0,17.29,0,0,3.36,0
2021,3,11,19,0,0.0,0.0,0.0,0,16.74,0,0,3.57,0
2021,3,11,20,0,0.0,0.0,0.0,0,16.51,0,0,4.15,0
2021,3,11,21,0,0.0,0.0,0.0,0,16.31,0,0,4.22,0
2021,3,11,22,0,0.0,0.0,0.0,0,16.11,0,0,3.97,0
2021,3,11,23,0,0.0,0.0,0.0,0,15.89,0,0,3.59,0
2021,3,12,0,0,0.0,0.0,0.0,0,15.76,0,0,3.56,0
2021,3,12,1,0,0.0,0.0,0.0,0,15.71,0,0,3.55,0
2021,3,12,2,0,0.0,0.0,0.0,0,15.69,0,0,3.43,0
2021,3,12,3,0,0.0,0.0,0.0,0,15.67,0,0,3.26,0
2021,3,12,4,0,0.0,0.0,0.0,0,15.65,0,0,3.12,0
2021,3,12,5,0,0.0,0.0,0.0,0,15.66,0,0,2.92,0
2021,3,12,6,0,20.12,25.72,26.6,0,15.9,0,0,2.44,0
2021,3,12,7,0,60.01,78.12,103.82,0,16.45,0,0,1.48,0
2021,3,12,8,0,127.67,98.98,157.52,0,17.23,0,0,1.85,0
2021,3,12,9,0,39.65,145.8,205.75,0,18.73,0,0,2.43,0
2021,3,12,10,0,36.35,221.87,284.33,0,21.26,0,0,3.21,0
2021,3,12,11,0,39.63,313.55,410.5,0,23.24,0,0,3.72,0
2021,3,12,12,0,159.88,367.07,525.62,0,24.11,0,0,3.6,0
2021,3,12,13,0,80.44,390.08,515.9,0,24.4,0,0,3.19,0
2021,3,12,14,0,214.11,346.65,502.1,0,24.22,0,0,2.64,0
2021,3,12,15,0,350.43,219.22,418.85,0,23.73,0,0,2.25,0
2021,3,12,16,0,335.15,145.81,261.62,0,22.85,0,0,1.63,0
2021,3,12,17,0,350.63,44.91,106.78,0,21.62,0,0,1.06,0
2021,3,12,18,0,30.19,4.57,4.6,0,20.92,0,0,0.52,0
2021,3,12,19,0,0.0,0.0,0.0,0,20.48,0,0,0.35,0
2021,3,12,20,0,0.0,0.0,0.0,0,19.28,0,0,1.35,0
2021,3,12,21,0,0.0,0.0,0.0,0,17.69,0,0,2.43,0
2021,3,12,22,0,0.0,0.0,0.0,0,16.47,0,0,3.25,0
2021,3,12,23,0,0.0,0.0,0.0,0,15.72,0,0,3.85,0
2021,3,13,0,0,0.0,0.0,0.0,0,15.38,0,0,4.01,0
2021,3,13,1,0,0.0,0.0,0.0,0,15.15,0,0,3.86,0
2021,3,13,2,0,0.0,0.0,0.0,0,15.02,0,0,3.67,0
2021,3,13,3,0,0.0,0.0,0.0,0,14.98,0,0,3.33,0
2021,3,13,4,0,0.0,0.0,0.0,0,14.96,0,0,3.01,0
2021,3,13,5,0,0.0,0.0,0.0,0,14.86,0,0,2.63,0
2021,3,13,6,0,200.41,26.59,46.33,0,15.46,0,0,2.35,0
2021,3,13,7,0,374.34,84.61,181.18,0,17.27,0,0,2.15,0
2021,3,13,8,0,396.22,146.1,303.75,0,20.1,0,0,3.3,0
2021,3,13,9,0,507.9,156.19,428.33,0,22.56,0,0,3.98,0
2021,3,13,10,0,485.51,324.51,569.58,0,23.96,0,0,4.26,0
2021,3,13,11,0,206.29,454.77,718.2,0,24.89,0,0,4.47,0
2021,3,13,12,0,309.32,374.65,745.17,0,25.48,0,0,4.46,0
2021,3,13,13,0,631.92,172.27,621.58,0,25.83,0,0,4.29,0
2021,3,13,14,0,431.29,295.42,588.15,0,25.94,0,0,4.02,0
2021,3,13,15,0,391.26,205.22,410.2,0,25.69,0,0,3.78,0
2021,3,13,16,0,259.27,178.07,263.85,0,24.8,0,0,3.41,0
2021,3,13,17,0,48.65,67.1,85.85,0,23.14,0,0,3.08,0
2021,3,13,18,0,4.34,4.26,2.85,0,21.13,0,0,3.56,0
2021,3,13,19,0,0.0,0.0,0.0,0,19.98,0,0,4.12,0
2021,3,13,20,0,0.0,0.0,0.0,0,19.4,0,0,4.44,0
2021,3,13,21,0,0.0,0.0,0.0,0,19.08,0,0,4.11,0
2021,3,13,22,0,0.0,0.0,0.0,0,18.73,0,0,3.86,0
2021,3,13,23,0,0.0,0.0,0.0,0,18.35,0,0,3.3,0
2021,3,14,0,0,0.0,0.0,0.0,0,18.08,0,0,3.54,0
2021,3,14,1,0,0.0,0.0,0.0,0,17.71,0,0,2.75,0
2021,3,14,2,0,0.0,0.0,0.0,0,17.2,0,0,2.05,0
2021,3,14,3,0,0.0,0.0,0.0,0,16.66,0,0,2.01,0
2021,3,14,4,0,0.0,0.0,0.0,0,16.02,0,0,2.3,0
2021,3,14,5,0,0.0,0.0,0.0,0,15.54,0,0,2.38,0
2021,3,14,6,0,0.0,18.23,19.4,0,15.42,0,0,2.57,0
2021,3,14,7,0,0.0,76.68,86.6,0,15.46,0,0,2.9,0
2021,3,14,8,0,0.0,133.15,163.82,0,15.83,0,0,2.93,0
2021,3,14,9,0,0.0,201.98,237.88,0,16.4,0,0,2.96,0
2021,3,14,10,0,0.0,202.42,242.85,0,16.8,0,0,3.23,0
2021,3,14,11,0,16.71,195.41,249.73,0,16.9,0,0,3.4,0
2021,3,14,12,0,26.84,190.69,258.58,0,16.74,0,0,3.4,0
2021,3,14,13,0,46.44,149.4,212.8,0,16.45,0,0,3.15,0
2021,3,14,14,0,43.16,181.29,228.95,0,16.13,0,0,3.03,0
2021,3,14,15,0,15.4,120.45,137.68,0,15.75,0,0,3.01,0
2021,3,14,16,0,41.71,122.21,142.9,0,15.21,0,0,2.94,0
2021,3,14,17,0,31.53,45.82,52.92,0,14.44,0,0,2.53,0
2021,3,14,18,0,0.0,0.0,0.0,0,13.54,0,0,2.51,0
2021,3,14,19,0,0.0,0.0,0.0,0,12.84,0,0,2.92,0
2021,3,14,20,0,0.0,0.0,0.0,0,12.24,0,0,3.36,0
2021,3,14,21,0,0.0,0.0,0.0,0,11.6,0,0,3.48,0
2021,3,14,22,0,0.0,0.0,0.0,0,10.97,0,0,3.36,0
2021,3,14,23,0,0.0,0.0,0.0,0,10.31,0,0,3.23,0
2021,3,15,0,0,0.0,0.0,0.0,0,9.55,0,0,3.03,0
2021,3,15,1,0,0.0,0.0,0.0,0,8.58,0,0,3.01,0
2021,3,15,2,0,0.0,0.0,0.0,0,7.73,0,0,2.72,0
2021,3,15,3,0,0.0,0.0,0.0,0,7.02,0,0,2.59,0
2021,3,15,4,0,0.0,0.0,0.0,0,6.46,0,0,2.68,0
2021,3,15,5,0,0.0,0.0,0.0,0,5.96,0,0,2.69,0
2021,3,15,6,0,292.35,25.23,59.55,0,6.44,0,0,2.63,0
2021,3,15,7,0,727.38,53.39,277.83,0,8.82,0,0,2.89,0
2021,3,15,8,0,872.89,62.17,505.1,0,12.17,0,0,2.51,0
2021,3,15,9,0,955.65,68.09,701.62,0,15.33,0,0,1.52,0
2021,3,15,10,0,906.88,120.08,833.25,0,17.58,0,0,0.82,0
2021,3,15,11,0,986.61,89.9,919.95,0,19.29,0,0,0.41,0
2021,3,15,12,0,900.47,150.14,921.97,0,20.55,0,0,0.14,0
2021,3,15,13,0,1022.78,58.89,885.65,0,21.34,0,0,0.14,0
2021,3,15,14,0,956.46,80.78,758.85,0,21.57,0,0,0.15,0
2021,3,15,15,0,913.14,72.07,579.88,0,21.29,0,0,0.25,0
2021,3,15,16,0,806.62,56.69,366.23,0,20.43,0,0,0.61,0
2021,3,15,17,0,602.17,33.52,144.1,0,18.71,0,0,1.29,0
2021,3,15,18,0,0.0,0.0,0.0,0,16.18,0,0,2.4,0
2021,3,15,19,0,0.0,0.0,0.0,0,14.36,0,0,3.51,0
2021,3,15,20,0,0.0,0.0,0.0,0,12.93,0,0,3.94,0
2021,3,15,21,0,0.0,0.0,0.0,0,12.18,0,0,4.19,0
2021,3,15,22,0,0.0,0.0,0.0,0,11.68,0,0,3.33,0
2021,3,15,23,0,0.0,0.0,0.0,0,10.79,0,0,3.0,0
2021,3,16,0,0,0.0,0.0,0.0,0,10.03,0,0,2.94,0
2021,3,16,1,0,0.0,0.0,0.0,0,9.43,0,0,3.03,0
2021,3,16,2,0,0.0,0.0,0.0,0,8.97,0,0,3.23,0
2021,3,16,3,0,0.0,0.0,0.0,0,8.64,0,0,3.24,0
2021,3,16,4,0,0.0,0.0,0.0,0,8.46,0,0,3.35,0
2021,3,16,5,0,0.0,0.0,0.0,0,8.45,0,0,3.45,0
2021,3,16,6,0,230.84,20.99,41.3,0,9.03,0,0,3.47,0
2021,3,16,7,0,329.43,75.44,194.85,0,11.25,0,0,4.15,0
2021,3,16,8,0,604.23,106.43,350.2,0,14.14,0,0,5.03,0
2021,3,16,9,0,500.02,178.21,471.92,0,16.53,0,0,4.55,0
2021,3,16,10,0,633.84,175.0,529.8,0,18.5,0,0,3.94,0
2021,3,16,11,0,636.73,191.0,511.15,0,19.98,0,0,3.49,0
2021,3,16,12,0,416.59,268.43,480.88,0,21.03,0,0,3.33,0
2021,3,16,13,0,210.55,265.72,451.7,0,21.52,0,0,3.59,0
2021,3,16,14,0,194.1,240.55,358.88,0,21.44,0,0,4.06,0
2021,3,16,15,0,59.58,224.82,287.45,0,20.68,0,0,4.53,0
2021,3,16,16,0,97.62,132.67,172.35,0,19.47,0,0,4.69,0
2021,3,16,17,0,43.18,45.63,58.72,0,17.82,0,0,4.06,0
2021,3,16,18,0,0.0,0.0,0.0,0,16.16,0,0,3.89,0
2021,3,16,19,0,0.0,0.0,0.0,0,15.19,0,0,4.18,0
2021,3,16,20,0,0.0,0.0,0.0,0,14.47,0,0,4.46,0
2021,3,16,21,0,0.0,0.0,0.0,0,13.98,0,0,4.69,0
2021,3,16,22,0,0.0,0.0,0.0,0,13.8,0,0,4.77,0
2021,3,16,23,0,0.0,0.0,0.0,0,13.69,0,0,4.83,0
2021,3,17,0,0,0.0,0.0,0.0,0,13.7,0,0,4.68,0
2021,3,17,1,0,0.0,0.0,0.0,0,13.81,0,0,4.46,0
2021,3,17,2,0,0.0,0.0,0.0,0,13.75,0,0,4.58,0
2021,3,17,3,0,0.0,0.0,0.0,0,13.55,0,0,4.75,0
2021,3,17,4,0,0.0,0.0,0.0,0,13.19,0,0,5.11,0
2021,3,17,5,0,0.0,0.0,0.0,0,12.77,0,0,5.55,0
2021,3,17,6,0,0.0,21.09,21.05,0,12.55,0,0,5.68,0
2021,3,17,7,0,0.0,92.89,108.18,0,12.75,0,0,5.85,0
2021,3,17,8,0,0.0,165.85,207.15,0,13.1,0,0,6.35,0
2021,3,17,9,0,0.16,264.7,312.65,0,13.66,0,0,6.51,0
2021,3,17,10,0,1.23,301.22,363.12,0,14.48,0,0,6.52,0
2021,3,17,11,0,0.25,291.64,373.6,0,15.15,0,0,6.44,0
2021,3,17,12,0,12.0,280.55,356.17,0,15.47,0,0,6.33,0
2021,3,17,13,0,3.78,245.3,299.27,0,15.43,0,0,6.27,0
2021,3,17,14,0,0.0,231.45,283.33,0,15.17,0,0,6.03,0
2021,3,17,15,0,0.0,142.27,164.73,0,14.76,0,0,5.73,0
2021,3,17,16,0,0.0,93.45,102.53,0,14.29,0,0,5.59,0
2021,3,17,17,0,0.0,36.15,37.08,0,13.84,0,0,5.9,0
2021,3,17,18,0,0.0,0.0,0.0,0,13.5,0,0,6.38,0
2021,3,17,19,0,0.0,0.0,0.0,0,13.33,0,0,6.63,0
2021,3,17,20,0,0.0,0.0,0.0,0,13.29,0,0,6.73,0
2021,3,17,21,0,0.0,0.0,0.0,0,13.41,0,0,6.76,0
2021,3,17,22,0,0.0,0.0,0.0,0,13.48,0,0,6.53,0
2021,3,17,23,0,0.0,0.0,0.0,0,13.54,0,0,6.62,0
2021,3,18,0,0,0.0,0.0,0.0,0,13.38,0,0,6.28,0
2021,3,18,1,0,0.0,0.0,0.0,0,13.13,0,0,6.09,0
2021,3,18,2,0,0.0,0.0,0.0,0,12.89,0,0,6.01,0
2021,3,18,3,0,0.0,0.0,0.0,0,12.63,0,0,5.88,0
2021,3,18,4,0,0.0,0.0,0.0,0,12.44,0,0,5.76,0
2021,3,18,5,0,0.0,0.0,0.0,0,12.42,0,0,5.82,0
2021,3,18,6,0,0.0,21.47,21.42,0,12.95,0,0,5.6,0
2021,3,18,7,0,30.8,89.78,106.53,0,14.04,0,0,5.42,0
2021,3,18,8,0,65.63,156.92,196.45,0,15.39,0,0,5.66,0
2021,3,18,9,0,75.85,218.52,282.85,0,16.74,0,0,6.11,0
2021,3,18,10,0,44.98,356.58,436.02,0,18.12,0,0,6.45,0
2021,3,18,11,0,155.31,340.98,442.58,0,18.93,0,0,6.69,0
2021,3,18,12,0,214.54,296.52,423.8,0,18.73,0,0,6.32,0
2021,3,18,13,0,223.22,316.51,471.33,0,18.2,0,0,5.97,0
2021,3,18,14,0,76.49,276.66,395.05,0,17.8,0,0,5.87,0
2021,3,18,15,0,106.61,245.59,343.25,0,17.44,0,0,5.67,0
2021,3,18,16,0,130.6,153.73,194.27,0,16.89,0,0,5.32,0
2021,3,18,17,0,85.86,59.08,66.35,0,16.09,0,0,5.26,0
2021,3,18,18,0,0.0,0.0,0.0,0,15.21,0,0,5.51,0
2021,3,18,19,0,0.0,0.0,0.0,0,14.96,0,0,6.02,0
2021,3,18,20,0,0.0,0.0,0.0,0,14.86,0,0,6.46,0
2021,3,18,21,0,0.0,0.0,0.0,0,14.94,0,0,6.73,0
2021,3,18,22,0,0.0,0.0,0.0,0,15.13,0,0,6.92,0
2021,3,18,23,0,0.0,0.0,0.0,0,15.24,0,0,7.03,0
2021,3,19,0,0,0.0,0.0,0.0,0,15.23,0,0,7.03,0
2021,3,19,1,0,0.0,0.0,0.0,0,15.12,0,0,6.72,0
2021,3,19,2,0,0.0,0.0,0.0,0,14.9,0,0,6.29,0
2021,3,19,3,0,0.0,0.0,0.0,0,14.64,0,0,5.9,0
2021,3,19,4,0,0.0,0.0,0.0,0,14.38,0,0,5.53,0
2021,3,19,5,0,0.0,0.0,0.0,0,14.14,0,0,5.26,0
2021,3,19,6,0,46.48,22.27,25.42,0,14.26,0,0,4.77,0
2021,3,19,7,0,203.53,95.02,131.75,0,14.95,0,0,4.27,0
2021,3,19,8,0,281.07,153.89,254.12,0,15.95,0,0,4.59,0
2021,3,19,9,0,217.48,280.77,420.95,0,17.46,0,0,5.54,0
2021,3,19,10,0,414.84,306.05,585.3,0,19.04,0,0,6.09,0
2021,3,19,11,0,363.42,392.95,727.33,0,20.12,0,0,6.41,0
2021,3,19,12,0,461.46,304.46,713.72,0,20.78,0,0,6.72,0
2021,3,19,13,0,251.69,343.07,584.88,0,20.99,0,0,7.1,0
2021,3,19,14,0,435.57,296.73,628.53,0,20.59,0,0,7.37,0
2021,3,19,15,0,352.89,264.28,434.55,0,19.81,0,0,7.49,0
2021,3,19,16,0,297.94,135.94,251.98,0,18.5,0,0,7.0,0
2021,3,19,17,0,173.65,54.77,81.15,0,16.82,0,0,6.43,0
2021,3,19,18,0,0.0,0.0,0.0,0,15.29,0,0,6.48,0
2021,3,19,19,0,0.0,0.0,0.0,0,14.55,0,0,6.54,0
2021,3,19,20,0,0.0,0.0,0.0,0,14.2,0,0,6.81,0
2021,3,19,21,0,0.0,0.0,0.0,0,14.04,0,0,7.1,0
2021,3,19,22,0,0.0,0.0,0.0,0,14.02,0,0,7.28,0
2021,3,19,23,0,0.0,0.0,0.0,0,14.08,0,0,7.3,0
2021,3,20,0,0,0.0,0.0,0.0,0,14.12,0,0,7.14,0
2021,3,20,1,0,0.0,0.0,0.0,0,14.06,0,0,6.91,0
2021,3,20,2,0,0.0,0.0,0.0,0,13.95,0,0,6.79,0
2021,3,20,3,0,0.0,0.0,0.0,0,13.89,0,0,6.86,0
2021,3,20,4,0,0.0,0.0,0.0,0,13.84,0,0,6.87,0
2021,3,20,5,0,0.0,0.0,0.0,0,13.73,0,0,6.79,0
2021,3,20,6,0,0.0,16.93,17.0,0,14.0,0,0,6.6,0
2021,3,20,7,0,18.28,79.46,107.68,0,15.21,0,0,6.41,0
2021,3,20,8,0,36.48,170.02,218.88,0,16.73,0,0,6.58,0
2021,3,20,9,0,31.52,239.64,296.42,0,18.15,0,0,7.38,0
2021,3,20,10,0,178.56,346.09,428.6,0,19.04,0,0,7.9,0
2021,3,20,11,0,88.47,338.92,428.73,0,19.53,0,0,7.92,0
2021,3,20,12,0,56.62,419.98,522.53,0,19.7,0,0,7.88,0
2021,3,20,13,0,32.59,278.35,354.38,0,19.68,0,0,7.8,0
2021,3,20,14,0,122.41,237.06,333.3,0,19.54,0,0,7.38,0
2021,3,20,15,0,129.53,206.53,267.73,0,19.1,0,0,6.52,0
2021,3,20,16,0,79.37,131.23,156.5,0,18.37,0,0,5.32,0
2021,3,20,17,0,11.96,41.66,44.55,0,17.31,0,0,5.02,0
2021,3,20,18,0,0.0,0.0,0.0,0,16.25,0,0,5.02,0
2021,3,20,19,0,0.0,0.0,0.0,0,15.93,0,0,5.46,0
2021,3,20,20,0,0.0,0.0,0.0,0,15.98,0,0,6.02,0
2021,3,20,21,0,0.0,0.0,0.0,0,15.99,0,0,4.98,0
2021,3,20,22,0,0.0,0.0,0.0,0,16.03,0,0,3.94,0
2021,3,20,23,0,0.0,0.0,0.0,0,16.04,0,0,4.94,0
2021,3,21,0,0,0.0,0.0,0.0,0,15.94,0,0,5.05,0
2021,3,21,1,0,0.0,0.0,0.0,0,15.89,0,0,5.17,0
2021,3,21,2,0,0.0,0.0,0.0,0,15.98,0,0,5.33,0
2021,3,21,3,0,0.0,0.0,0.0,0,16.16,0,0,6.39,0
2021,3,21,4,0,0.0,0.0,0.0,0,16.22,0,0,7.05,0
2021,3,21,5,0,0.0,0.0,0.0,0,16.25,0,0,7.35,0
2021,3,21,6,0,0.0,14.59,14.65,0,16.26,0,0,7.76,0
2021,3,21,7,0,0.0,65.22,77.03,0,16.62,0,0,8.25,0
2021,3,21,8,0,0.0,123.61,150.23,0,17.0,0,0,8.21,0
2021,3,21,9,0,22.03,117.72,140.5,0,17.33,0,0,8.08,0
2021,3,21,10,0,35.63,139.67,181.35,0,17.76,0,0,7.59,0
2021,3,21,11,0,73.48,178.55,245.15,0,17.95,0,0,7.13,0
2021,3,21,12,0,54.67,170.54,238.1,0,18.04,0,0,6.48,0
2021,3,21,13,0,88.58,94.22,161.35,0,18.19,0,0,6.08,0
2021,3,21,14,0,29.71,92.27,117.07,0,17.95,0,0,5.34,0
2021,3,21,15,0,30.55,61.29,80.07,0,17.46,0,0,4.95,0
2021,3,21,16,0,20.74,47.79,51.1,0,16.79,0,0,5.37,0
2021,3,21,17,0,0.0,17.11,18.3,0,16.0,0,0,5.87,0
2021,3,21,18,0,0.0,0.0,0.0,0,15.27,0,0,6.19,0
2021,3,21,19,0,0.0,0.0,0.0,0,14.74,0,0,6.58,0
2021,3,21,20,0,0.0,0.0,0.0,0,14.43,0,0,6.48,0
2021,3,21,21,0,0.0,0.0,0.0,0,14.32,0,0,6.67,0
2021,3,21,22,0,0.0,0.0,0.0,0,14.31,0,0,6.89,0
2021,3,21,23,0,0.0,0.0,0.0,0,14.3,0,0,6.86,0
2021,3,22,0,0,0.0,0.0,0.0,0,14.32,0,0,6.88,0
2021,3,22,1,0,0.0,0.0,0.0,0,14.31,0,0,6.72,0
2021,3,22,2,0,0.0,0.0,0.0,0,14.29,0,0,6.47,0
2021,3,22,3,0,0.0,0.0,0.0,0,14.32,0,0,6.35,0
2021,3,22,4,0,0.0,0.0,0.0,0,14.33,0,0,6.37,0
2021,3,22,5,0,0.0,0.0,0.0,0,14.32,0,0,6.51,0
2021,3,22,6,0,0.0,9.41,9.45,0,14.31,0,0,6.74,0
2021,3,22,7,0,1.1,42.34,50.03,0,14.43,0,0,6.96,0
2021,3,22,8,0,9.9,73.79,90.62,0,14.56,0,0,7.21,0
2021,3,22,9,0,66.46,125.07,178.0,0,14.81,0,0,7.53,0
2021,3,22,10,0,0.0,186.81,229.77,0,15.3,0,0,7.8,0
2021,3,22,11,0,0.0,269.6,333.75,0,15.66,0,0,7.76,0
2021,3,22,12,0,36.01,236.46,294.83,0,15.71,0,0,7.75,0
2021,3,22,13,0,58.02,143.01,193.35,0,15.8,0,0,7.73,0
2021,3,22,14,0,0.0,141.35,172.98,0,15.67,0,0,7.53,0
2021,3,22,15,0,0.0,109.73,124.65,0,15.49,0,0,7.19,0
2021,3,22,16,0,0.0,76.27,80.0,0,15.24,0,0,7.07,0
2021,3,22,17,0,0.0,27.26,29.15,0,14.69,0,0,7.15,0
2021,3,22,18,0,0.0,0.0,0.0,0,14.15,0,0,7.02,0
2021,3,22,19,0,0.0,0.0,0.0,0,13.94,0,0,6.95,0
2021,3,22,20,0,0.0,0.0,0.0,0,13.87,0,0,7.04,0
2021,3,22,21,0,0.0,0.0,0.0,0,13.81,0,0,7.15,0
2021,3,22,22,0,0.0,0.0,0.0,0,13.75,0,0,7.34,0
2021,3,22,23,0,0.0,0.0,0.0,0,13.72,0,0,7.42,0
2021,3,23,0,0,0.0,0.0,0.0,0,13.74,0,0,7.49,0
2021,3,23,1,0,0.0,0.0,0.0,0,13.73,0,0,7.51,0
2021,3,23,2,0,0.0,0.0,0.0,0,13.77,0,0,7.3,0
2021,3,23,3,0,0.0,0.0,0.0,0,13.76,0,0,6.71,0
2021,3,23,4,0,0.0,0.0,0.0,0,13.71,0,0,6.25,0
2021,3,23,5,0,0.0,0.0,0.0,0,13.65,0,0,6.14,0
2021,3,23,6,0,5.94,6.77,6.85,0,13.64,0,0,5.74,0
2021,3,23,7,0,4.49,29.35,33.65,0,13.93,0,0,5.11,0
2021,3,23,8,0,16.25,49.29,61.45,0,14.4,0,0,4.91,0
2021,3,23,9,0,29.79,63.62,83.03,0,15.03,0,0,4.89,0
2021,3,23,10,0,29.77,139.55,177.43,0,15.79,0,0,4.79,0
2021,3,23,11,0,60.94,172.33,247.25,0,16.6,0,0,4.37,0
2021,3,23,12,0,85.98,246.15,334.23,0,17.17,0,0,3.23,0
2021,3,23,13,0,317.43,181.4,387.52,0,18.14,0,0,1.89,0
2021,3,23,14,0,26.6,219.49,267.02,0,19.41,0,0,0.54,0
2021,3,23,15,0,296.85,122.69,236.4,0,19.84,0,0,1.71,0
2021,3,23,16,0,364.47,69.85,165.68,0,19.29,0,0,2.38,0
2021,3,23,17,0,178.66,34.56,64.18,0,18.1,0,0,2.65,0
2021,3,23,18,0,0.0,0.0,0.0,0,16.65,0,0,3.58,0
2021,3,23,19,0,0.0,0.0,0.0,0,16.22,0,0,3.7,0
2021,3,23,20,0,0.0,0.0,0.0,0,15.9,0,0,4.02,0
2021,3,23,21,0,0.0,0.0,0.0,0,15.41,0,0,4.24,0
2021,3,23,22,0,0.0,0.0,0.0,0,14.77,0,0,4.18,0
2021,3,23,23,0,0.0,0.0,0.0,0,14.2,0,0,3.98,0
2021,3,24,0,0,0.0,0.0,0.0,0,13.78,0,0,4.08,0
2021,3,24,1,0,0.0,0.0,0.0,0,13.52,0,0,4.39,0
2021,3,24,2,0,0.0,0.0,0.0,0,13.35,0,0,4.37,0
2021,3,24,3,0,0.0,0.0,0.0,0,13.2,0,0,4.32,0
2021,3,24,4,0,0.0,0.0,0.0,0,13.05,0,0,4.36,0
2021,3,24,5,0,0.0,0.0,0.0,0,12.94,0,0,4.37,0
2021,3,24,6,0,124.76,21.35,22.35,0,13.13,0,0,4.5,0
2021,3,24,7,0,502.12,63.45,136.07,0,13.82,0,0,4.84,0
2021,3,24,8,0,326.87,121.33,254.85,0,14.8,0,0,6.14,0
2021,3,24,9,0,492.84,161.76,356.02,0,16.28,0,0,6.84,0
2021,3,24,10,0,172.42,329.3,566.42,0,17.48,0,0,7.18,0
2021,3,24,11,0,280.38,304.25,561.78,0,18.31,0,0,7.53,0
2021,3,24,12,0,220.19,359.88,530.47,0,19.03,0,0,7.94,0
2021,3,24,13,0,724.79,156.27,509.17,0,19.24,0,0,8.07,0
2021,3,24,14,0,441.16,237.25,528.85,0,19.04,0,0,7.98,0
2021,3,24,15,0,397.64,190.17,373.83,0,18.58,0,0,7.82,0
2021,3,24,16,0,428.38,99.9,225.07,0,17.55,0,0,7.2,0
2021,3,24,17,0,296.51,41.01,73.45,0,16.16,0,0,6.49,0
2021,3,24,18,0,0.0,0.0,0.0,0,14.69,0,0,6.19,0
2021,3,24,19,0,0.0,0.0,0.0,0,13.62,0,0,5.99,0
2021,3,24,20,0,0.0,0.0,0.0,0,12.86,0,0,5.64,0
2021,3,24,21,0,0.0,0.0,0.0,0,12.53,0,0,5.11,0
2021,3,24,22,0,0.0,0.0,0.0,0,12.31,0,0,5.04,0
2021,3,24,23,0,0.0,0.0,0.0,0,12.17,0,0,5.02,0
2021,3,25,0,0,0.0,0.0,0.0,0,11.99,0,0,4.84,0
2021,3,25,1,0,0.0,0.0,0.0,0,11.8,0,0,4.63,0
2021,3,25,2,0,0.0,0.0,0.0,0,11.84,0,0,4.35,0
2021,3,25,3,0,0.0,0.0,0.0,0,11.94,0,0,4.14,0
2021,3,25,4,0,0.0,0.0,0.0,0,11.96,0,0,3.89,0
2021,3,25,5,0,0.0,0.0,0.0,0,11.89,0,0,3.75,0
2021,3,25,6,0,18.09,18.1,20.55,0,12.07,0,0,3.75,0
2021,3,25,7,0,138.24,78.13,106.93,0,12.87,0,0,3.69,0
2021,3,25,8,0,174.24,137.92,205.23,0,13.87,0,0,4.53,0
2021,3,25,9,0,113.41,216.03,302.9,0,15.21,0,0,5.58,0
2021,3,25,10,0,87.36,288.9,388.05,0,16.59,0,0,5.68,0
2021,3,25,11,0,242.38,357.46,599.72,0,17.48,0,0,5.71,0
2021,3,25,12,0,436.94,294.86,660.8,0,17.95,0,0,5.78,0
2021,3,25,13,0,439.68,251.48,622.4,0,17.99,0,0,5.93,0
2021,3,25,14,0,615.67,180.37,516.75,0,17.65,0,0,6.03,0
2021,3,25,15,0,439.87,180.26,407.25,0,17.03,0,0,6.14,0
2021,3,25,16,0,523.09,75.46,227.32,0,16.16,0,0,5.75,0
2021,3,25,17,0,261.11,29.55,66.78,0,14.84,0,0,4.77,0
2021,3,25,18,0,0.0,0.0,0.0,0,13.45,0,0,4.54,0
2021,3,25,19,0,0.0,0.0,0.0,0,12.64,0,0,4.43,0
2021,3,25,20,0,0.0,0.0,0.0,0,12.05,0,0,4.33,0
2021,3,25,21,0,0.0,0.0,0.0,0,11.59,0,0,4.28,0
2021,3,25,22,0,0.0,0.0,0.0,0,11.18,0,0,3.78,0
2021,3,25,23,0,0.0,0.0,0.0,0,10.64,0,0,3.51,0
2021,3,26,0,0,0.0,0.0,0.0,0,10.04,0,0,3.25,0
2021,3,26,1,0,0.0,0.0,0.0,0,9.37,0,0,2.9,0
2021,3,26,2,0,0.0,0.0,0.0,0,8.86,0,0,2.68,0
2021,3,26,3,0,0.0,0.0,0.0,0,8.6,0,0,2.18,0
2021,3,26,4,0,0.0,0.0,0.0,0,8.46,0,0,2.01,0
2021,3,26,5,0,0.0,0.0,0.0,0,7.91,0,0,1.73,0
2021,3,26,6,0,209.76,18.33,39.9,0,7.88,0,0,1.01,0
2021,3,26,7,0,695.54,49.5,244.85,0,9.63,0,0,0.55,0
2021,3,26,8,0,846.21,68.49,464.65,0,12.65,0,0,1.79,0
2021,3,26,9,0,888.61,91.61,655.05,0,14.5,0,0,1.74,0
2021,3,26,10,0,914.23,95.5,791.58,0,16.02,0,0,1.47,0
2021,3,26,11,0,948.17,90.94,873.92,0,17.3,0,0,1.32,0
2021,3,26,12,0,935.61,126.59,875.92,0,18.22,0,0,1.4,0
2021,3,26,13,0,884.86,129.78,797.7,0,18.68,0,0,1.92,0
2021,3,26,14,0,547.26,193.86,632.7,0,18.7,0,0,2.47,0
2021,3,26,15,0,459.99,204.43,447.23,0,18.2,0,0,2.87,0
2021,3,26,16,0,459.79,135.65,250.85,0,17.19,0,0,3.09,0
2021,3,26,17,0,135.25,39.75,62.38,0,15.33,0,0,3.04,0
2021,3,26,18,0,0.0,0.0,0.0,0,13.58,0,0,3.25,0
2021,3,26,19,0,0.0,0.0,0.0,0,12.76,0,0,3.16,0
2021,3,26,20,0,0.0,0.0,0.0,0,12.17,0,0,2.78,0
2021,3,26,21,0,0.0,0.0,0.0,0,11.78,0,0,2.5,0
2021,3,26,22,0,0.0,0.0,0.0,0,11.74,0,0,1.98,0
2021,3,26,23,0,0.0,0.0,0.0,0,11.51,0,0,1.94,0
2021,3,27,0,0,0.0,0.0,0.0,0,11.48,0,0,1.84,0
2021,3,27,1,0,0.0,0.0,0.0,0,11.22,0,0,2.15,0
2021,3,27,2,0,0.0,0.0,0.0,0,10.58,0,0,2.71,0
2021,3,27,3,0,0.0,0.0,0.0,0,9.84,0,0,3.02,0
2021,3,27,4,0,0.0,0.0,0.0,0,9.42,0,0,2.88,0
2021,3,27,5,0,0.0,0.0,0.0,0,8.86,0,0,3.04,0
2021,3,27,6,0,243.47,17.92,36.03,0,8.76,0,0,3.24,0
2021,3,27,7,0,532.75,80.0,221.27,0,11.33,0,0,2.69,0
2021,3,27,8,0,737.18,128.22,424.88,0,14.73,0,0,3.05,0
2021,3,27,9,0,777.27,162.38,608.83,0,16.77,0,0,3.93,0
2021,3,27,10,0,498.58,309.78,653.65,0,17.82,0,0,4.16,0
2021,3,27,11,0,565.84,311.63,741.75,0,18.65,0,0,4.3,0
2021,3,27,12,0,564.92,358.73,744.83,0,19.17,0,0,4.62,0
2021,3,27,13,0,661.13,241.19,712.83,0,19.27,0,0,4.91,0
2021,3,27,14,0,766.52,89.26,560.33,0,19.01,0,0,5.08,0
2021,3,27,15,0,605.01,128.64,432.5,0,18.38,0,0,4.95,0
2021,3,27,16,0,400.65,73.14,213.57,0,17.43,0,0,4.22,0
2021,3,27,17,0,438.03,22.44,50.22,0,15.98,0,0,3.79,0
2021,3,27,18,0,0.0,0.0,0.0,0,14.6,0,0,3.78,0
2021,3,27,19,0,0.0,0.0,0.0,0,13.74,0,0,3.97,0
2021,3,27,20,0,0.0,0.0,0.0,0,13.02,0,0,3.97,0
2021,3,27,21,0,0.0,0.0,0.0,0,12.43,0,0,3.73,0
2021,3,27,22,0,0.0,0.0,0.0,0,12.0,0,0,3.56,0
2021,3,27,23,0,0.0,0.0,0.0,0,11.61,0,0,3.46,0
2021,3,28,0,0,0.0,0.0,0.0,0,10.95,0,0,2.85,0
2021,3,28,1,0,0.0,0.0,0.0,0,10.29,0,0,2.61,0
2021,3,28,2,0,0.0,0.0,0.0,0,9.93,0,0,2.32,0
2021,3,28,3,0,0.0,0.0,0.0,0,9.75,0,0,2.14,0
2021,3,28,4,0,0.0,0.0,0.0,0,9.74,0,0,1.85,0
2021,3,28,5,0,0.0,0.0,0.0,0,9.68,0,0,1.57,0
2021,3,28,6,0,222.03,15.78,36.95,0,9.9,0,0,1.36,0
2021,3,28,7,0,675.74,45.86,237.23,0,11.56,0,0,1.37,0
2021,3,28,8,0,828.69,60.97,452.73,0,14.45,0,0,2.58,0
2021,3,28,9,0,918.04,70.82,642.08,0,16.31,0,0,3.22,0
2021,3,28,10,0,760.92,168.65,760.75,0,17.49,0,0,3.56,0
2021,3,28,11,0,863.83,151.31,830.15,0,18.39,0,0,3.89,0
2021,3,28,12,0,854.61,156.66,836.22,0,18.91,0,0,4.17,0
2021,3,28,13,0,732.05,158.83,738.2,0,18.8,0,0,4.31,0
2021,3,28,14,0,602.59,168.13,534.97,0,18.39,0,0,4.28,0
2021,3,28,15,0,574.18,174.72,397.5,0,17.74,0,0,4.04,0
2021,3,28,16,0,180.52,131.19,222.27,0,16.79,0,0,3.46,0
2021,3,28,17,0,101.96,47.27,53.12,0,15.29,0,0,3.09,0
2021,3,28,18,0,0.0,0.0,0.0,0,13.69,0,0,3.43,0
2021,3,28,19,0,0.0,0.0,0.0,0,12.76,0,0,3.39,0
2021,3,28,20,0,0.0,0.0,0.0,0,11.95,0,0,3.29,0
2021,3,28,21,0,0.0,0.0,0.0,0,11.32,0,0,3.1,0
2021,3,28,22,0,0.0,0.0,0.0,0,10.51,0,0,2.93,0
2021,3,28,23,0,0.0,0.0,0.0,0,9.72,0,0,3.09,0
2021,3,29,0,0,0.0,0.0,0.0,0,9.1,0,0,3.24,0
2021,3,29,1,0,0.0,0.0,0.0,0,8.58,0,0,3.26,0
2021,3,29,2,0,0.0,0.0,0.0,0,8.13,0,0,3.2,0
2021,3,29,3,0,0.0,0.0,0.0,0,7.94,0,0,2.93,0
2021,3,29,4,0,0.0,0.0,0.0,0,7.83,0,0,2.65,0
2021,3,29,5,0,0.0,0.0,0.0,0,7.45,0,0,2.69,0
2021,3,29,6,0,209.26,15.43,34.47,0,7.32,0,0,2.95,0
2021,3,29,7,0,645.69,49.61,231.05,0,9.81,0,0,2.41,0
2021,3,29,8,0,813.42,63.41,446.02,0,13.31,0,0,2.2,0
2021,3,29,9,0,910.15,73.92,636.38,0,15.77,0,0,2.12,0
2021,3,29,10,0,929.18,95.05,776.78,0,17.37,0,0,2.04,0
2021,3,29,11,0,945.57,93.36,853.78,0,18.6,0,0,2.25,0
2021,3,29,12,0,938.8,95.3,861.08,0,19.4,0,0,2.77,0
2021,3,29,13,0,921.86,92.8,797.97,0,19.71,0,0,3.41,0
2021,3,29,14,0,902.53,86.13,672.75,0,19.54,0,0,3.69,0
2021,3,29,15,0,839.02,74.9,492.88,0,18.93,0,0,3.61,0
2021,3,29,16,0,635.85,78.6,276.17,0,17.88,0,0,3.22,0
2021,3,29,17,0,327.52,30.8,63.7,0,15.6,0,0,3.09,0
2021,3,29,18,0,0.0,0.0,0.0,0,13.11,0,0,3.56,0
2021,3,29,19,0,0.0,0.0,0.0,0,11.96,0,0,3.65,0
2021,3,29,20,0,0.0,0.0,0.0,0,11.25,0,0,3.46,0
2021,3,29,21,0,0.0,0.0,0.0,0,10.86,0,0,3.11,0
2021,3,29,22,0,0.0,0.0,0.0,0,10.27,0,0,2.98,0
2021,3,29,23,0,0.0,0.0,0.0,0,9.46,0,0,3.33,0
2021,3,30,0,0,0.0,0.0,0.0,0,8.85,0,0,3.73,0
2021,3,30,1,0,0.0,0.0,0.0,0,8.78,0,0,3.99,0
2021,3,30,2,0,0.0,0.0,0.0,0,8.88,0,0,3.98,0
2021,3,30,3,0,0.0,0.0,0.0,0,9.26,0,0,3.62,0
2021,3,30,4,0,0.0,0.0,0.0,0,9.56,0,0,3.07,0
2021,3,30,5,0,0.0,0.0,0.0,0,9.63,0,0,2.76,0
2021,3,30,6,0,229.34,15.01,31.67,0,9.91,0,0,2.49,0
2021,3,30,7,0,680.37,42.91,228.45,0,11.52,0,0,1.84,0
2021,3,30,8,0,857.92,56.42,444.67,0,13.81,0,0,0.77,0
2021,3,30,9,0,921.42,62.95,630.08,0,16.35,0,0,0.7,0
2021,3,30,10,0,932.64,81.45,765.08,0,17.99,0,0,1.64,0
2021,3,30,11,0,838.12,141.27,826.17,0,19.11,0,0,2.01,0
2021,3,30,12,0,590.51,304.3,796.4,0,19.84,0,0,2.15,0
2021,3,30,13,0,743.12,195.46,735.1,0,20.2,0,0,2.39,0
2021,3,30,14,0,908.85,158.96,614.58,0,20.21,0,0,2.65,0
2021,3,30,15,0,472.59,157.44,440.4,0,19.76,0,0,2.79,0
2021,3,30,16,0,596.9,81.75,242.5,0,18.64,0,0,2.52,0
2021,3,30,17,0,239.04,29.77,53.25,0,16.68,0,0,2.4,0
2021,3,30,18,0,0.0,0.0,0.0,0,14.96,0,0,3.11,0
2021,3,30,19,0,0.0,0.0,0.0,0,14.06,0,0,3.43,0
2021,3,30,20,0,0.0,0.0,0.0,0,13.04,0,0,3.27,0
2021,3,30,21,0,0.0,0.0,0.0,0,12.2,0,0,3.37,0
2021,3,30,22,0,0.0,0.0,0.0,0,11.71,0,0,3.47,0
2021,3,30,23,0,0.0,0.0,0.0,0,11.06,0,0,3.17,0
2021,3,31,0,0,0.0,0.0,0.0,0,10.35,0,0,2.84,0
2021,3,31,1,0,0.0,0.0,0.0,0,9.58,0,0,2.61,0
2021,3,31,2,0,0.0,0.0,0.0,0,8.79,0,0,2.83,0
2021,3,31,3,0,0.0,0.0,0.0,0,8.17,0,0,2.75,0
2021,3,31,4,0,0.0,0.0,0.0,0,7.87,0,0,2.76,0
2021,3,31,5,0,0.0,0.0,0.0,0,7.41,0,0,2.54,0
2021,3,31,6,0,209.85,15.21,32.4,0,7.59,0,0,2.59,0
2021,3,31,7,0,684.16,45.28,230.7,0,9.36,0,0,2.44,0
2021,3,31,8,0,876.62,52.17,449.1,0,12.34,0,0,2.42,0
2021,3,31,9,0,938.46,62.34,636.67,0,15.48,0,0,2.09,0
2021,3,31,10,0,968.19,64.12,771.3,0,17.94,0,0,2.07,0
2021,3,31,11,0,983.87,65.05,841.55,0,19.49,0,0,2.28,0
2021,3,31,12,0,949.91,81.44,844.72,0,20.43,0,0,2.51,0
2021,3,31,13,0,860.46,108.56,769.03,0,20.85,0,0,2.75,0
2021,3,31,14,0,863.21,86.63,656.95,0,20.79,0,0,2.9,0
2021,3,31,15,0,830.83,77.48,480.15,0,20.24,0,0,3.0,0
2021,3,31,16,0,702.77,56.14,271.92,0,19.14,0,0,2.62,0
2021,3,31,17,0,297.36,21.93,59.38,0,16.53,0,0,2.99,0
2021,3,31,18,0,0.0,0.0,0.0,0,13.82,0,0,3.81,0
2021,3,31,19,0,0.0,0.0,0.0,0,12.6,0,0,4.14,0
2021,3,31,20,0,0.0,0.0,0.0,0,11.75,0,0,3.97,0
2021,3,31,21,0,0.0,0.0,0.0,0,11.0,0,0,3.46,0
2021,3,31,22,0,0.0,0.0,0.0,0,10.29,0,0,3.24,0
2021,3,31,23,0,0.0,0.0,0.0,0,9.84,0,0,2.87,0
2021,4,1,0,0,0.0,0.0,0.0,0,9.68,0,0,2.51,0
2021,4,1,1,0,0.0,0.0,0.0,0,9.62,0,0,2.36,0
2021,4,1,2,0,0.0,0.0,0.0,0,9.15,0,0,2.23,0
2021,4,1,3,0,0.0,0.0,0.0,0,8.82,0,0,2.16,0
2021,4,1,4,0,0.0,0.0,0.0,0,8.78,0,0,2.27,0
2021,4,1,5,0,0.0,0.0,0.0,0,8.25,0,0,2.28,0
2021,4,1,6,0,215.35,14.45,31.42,0,7.93,0,0,2.42,0
2021,4,1,7,0,729.49,40.17,229.32,0,9.96,0,0,1.87,0
2021,4,1,8,0,886.67,50.31,447.45,0,13.2,0,0,1.58,0
2021,4,1,9,0,950.17,61.42,634.2,0,16.74,0,0,1.36,0
2021,4,1,10,0,971.31,64.99,771.0,0,18.91,0,0,1.41,0
2021,4,1,11,0,972.58,79.9,843.95,0,20.25,0,0,1.51,0
2021,4,1,12,0,991.49,77.91,845.72,0,21.15,0,0,1.57,0
2021,4,1,13,0,892.3,106.76,779.12,0,21.64,0,0,1.54,0
2021,4,1,14,0,853.06,110.93,653.55,0,21.7,0,0,1.52,0
2021,4,1,15,0,864.21,71.24,468.12,0,21.27,0,0,1.61,0
2021,4,1,16,0,710.62,59.21,261.92,0,20.18,0,0,1.52,0
2021,4,1,17,0,348.06,20.43,55.78,0,17.66,0,0,1.87,0
2021,4,1,18,0,0.0,0.0,0.0,0,15.3,0,0,2.43,0
2021,4,1,19,0,0.0,0.0,0.0,0,13.84,0,0,3.13,0
2021,4,1,20,0,0.0,0.0,0.0,0,12.61,0,0,3.82,0
2021,4,1,21,0,0.0,0.0,0.0,0,11.76,0,0,4.27,0
2021,4,1,22,0,0.0,0.0,0.0,0,11.49,0,0,4.3,0
2021,4,1,23,0,0.0,0.0,0.0,0,11.31,0,0,3.5,0
2021,4,2,0,0,0.0,0.0,0.0,0,11.11,0,0,2.96,0
2021,4,2,1,0,0.0,0.0,0.0,0,11.0,0,0,2.49,0
2021,4,2,2,0,0.0,0.0,0.0,0,10.84,0,0,2.11,0
2021,4,2,3,0,0.0,0.0,0.0,0,10.58,0,0,1.67,0
2021,4,2,4,0,0.0,0.0,0.0,0,10.21,0,0,1.52,0
2021,4,2,5,0,0.0,0.0,0.0,0,9.92,0,0,1.6,0
2021,4,2,6,0,177.5,16.34,27.73,0,9.79,0,0,1.75,0
2021,4,2,7,0,621.21,56.29,212.55,0,11.43,0,0,1.73,0
2021,4,2,8,0,800.31,78.29,429.27,0,14.4,0,0,1.61,0
2021,4,2,9,0,922.25,74.82,617.83,0,18.34,0,0,2.67,0
2021,4,2,10,0,978.83,92.09,759.78,0,20.64,0,0,2.73,0
2021,4,2,11,0,970.41,76.92,832.45,0,22.03,0,0,2.68,0
2021,4,2,12,0,947.36,79.29,840.75,0,22.91,0,0,2.69,0
2021,4,2,13,0,902.65,88.15,778.6,0,23.35,0,0,2.8,0
2021,4,2,14,0,928.92,68.99,653.92,0,23.32,0,0,3.0,0
2021,4,2,15,0,833.86,68.5,475.33,0,22.69,0,0,3.17,0
2021,4,2,16,0,697.75,49.94,263.23,0,21.3,0,0,3.18,0
2021,4,2,17,0,309.0,19.42,53.08,0,18.5,0,0,3.93,0
2021,4,2,18,0,0.0,0.0,0.0,0,16.22,0,0,4.15,0
2021,4,2,19,0,0.0,0.0,0.0,0,15.09,0,0,3.57,0
2021,4,2,20,0,0.0,0.0,0.0,0,13.99,0,0,3.47,0
2021,4,2,21,0,0.0,0.0,0.0,0,13.14,0,0,3.46,0
2021,4,2,22,0,0.0,0.0,0.0,0,12.48,0,0,3.42,0
2021,4,2,23,0,0.0,0.0,0.0,0,12.14,0,0,3.31,0
2021,4,3,0,0,0.0,0.0,0.0,0,11.93,0,0,3.14,0
2021,4,3,1,0,0.0,0.0,0.0,0,11.51,0,0,3.02,0
2021,4,3,2,0,0.0,0.0,0.0,0,10.59,0,0,3.16,0
2021,4,3,3,0,0.0,0.0,0.0,0,9.99,0,0,3.34,0
2021,4,3,4,0,0.0,0.0,0.0,0,9.56,0,0,3.43,0
2021,4,3,5,0,0.0,0.0,0.0,0,9.15,0,0,3.5,0
2021,4,3,6,0,177.56,13.54,27.55,0,9.08,0,0,3.42,0
2021,4,3,7,0,663.68,42.88,217.05,0,11.48,0,0,2.57,0
2021,4,3,8,0,852.9,53.4,432.75,0,14.62,0,0,1.63,0
2021,4,3,9,0,939.83,56.11,620.28,0,18.0,0,0,1.63,0
2021,4,3,10,0,969.72,61.61,756.22,0,20.8,0,0,1.58,0
2021,4,3,11,0,992.36,64.31,826.5,0,22.58,0,0,1.46,0
2021,4,3,12,0,932.84,86.89,832.2,0,23.49,0,0,1.3,0
2021,4,3,13,0,927.5,92.69,769.5,0,23.93,0,0,1.27,0
2021,4,3,14,0,979.67,55.21,647.25,0,23.96,0,0,1.3,0
2021,4,3,15,0,863.28,68.17,468.42,0,23.45,0,0,1.26,0
2021,4,3,16,0,671.66,55.5,257.25,0,22.18,0,0,1.2,0
2021,4,3,17,0,311.96,19.92,49.25,0,19.66,0,0,1.54,0
2021,4,3,18,0,0.0,0.0,0.0,0,17.36,0,0,2.16,0
2021,4,3,19,0,0.0,0.0,0.0,0,15.9,0,0,2.72,0
2021,4,3,20,0,0.0,0.0,0.0,0,14.66,0,0,3.15,0
2021,4,3,21,0,0.0,0.0,0.0,0,13.54,0,0,3.47,0
2021,4,3,22,0,0.0,0.0,0.0,0,12.81,0,0,3.53,0
2021,4,3,23,0,0.0,0.0,0.0,0,12.52,0,0,3.34,0
2021,4,4,0,0,0.0,0.0,0.0,0,12.31,0,0,3.01,0
2021,4,4,1,0,0.0,0.0,0.0,0,12.15,0,0,2.53,0
2021,4,4,2,0,0.0,0.0,0.0,0,12.08,0,0,2.13,0
2021,4,4,3,0,0.0,0.0,0.0,0,11.95,0,0,1.8,0
2021,4,4,4,0,0.0,0.0,0.0,0,11.72,0,0,1.26,0
2021,4,4,5,0,0.0,0.0,0.0,0,11.48,0,0,0.65,0
2021,4,4,6,0,206.69,12.99,27.83,0,11.5,0,0,0.47,0
2021,4,4,7,0,676.13,39.92,218.98,0,13.13,0,0,0.91,0
2021,4,4,8,0,871.32,52.69,434.08,0,16.08,0,0,2.08,0
2021,4,4,9,0,942.78,59.77,619.85,0,19.13,0,0,3.51,0
2021,4,4,10,0,983.97,56.39,756.35,0,20.95,0,0,3.59,0
2021,4,4,11,0,990.64,61.8,828.05,0,22.28,0,0,3.48,0
2021,4,4,12,0,997.92,58.81,834.55,0,23.11,0,0,3.69,0
2021,4,4,13,0,943.97,83.71,769.92,0,23.41,0,0,3.64,0
2021,4,4,14,0,654.78,183.63,585.72,0,23.27,0,0,3.16,0
2021,4,4,15,0,828.24,76.43,456.85,0,22.75,0,0,2.86,0
2021,4,4,16,0,678.55,54.5,246.5,0,21.59,0,0,2.55,0
2021,4,4,17,0,255.91,20.57,44.45,0,19.09,0,0,2.64,0
2021,4,4,18,0,0.0,0.0,0.0,0,17.29,0,0,2.47,0
2021,4,4,19,0,0.0,0.0,0.0,0,16.58,0,0,2.53,0
2021,4,4,20,0,0.0,0.0,0.0,0,15.98,0,0,2.79,0
2021,4,4,21,0,0.0,0.0,0.0,0,15.39,0,0,3.2,0
2021,4,4,22,0,0.0,0.0,0.0,0,14.93,0,0,3.59,0
2021,4,4,23,0,0.0,0.0,0.0,0,14.46,0,0,3.85,0
2021,4,5,0,0,0.0,0.0,0.0,0,14.08,0,0,3.77,0
2021,4,5,1,0,0.0,0.0,0.0,0,13.45,0,0,3.8,0
2021,4,5,2,0,0.0,0.0,0.0,0,12.52,0,0,4.31,0
2021,4,5,3,0,0.0,0.0,0.0,0,11.91,0,0,4.69,0
2021,4,5,4,0,0.0,0.0,0.0,0,11.48,0,0,4.81,0
2021,4,5,5,0,0.0,0.0,0.0,0,11.29,0,0,4.74,0
2021,4,5,6,0,186.06,12.95,26.3,0,11.52,0,0,4.48,0
2021,4,5,7,0,697.89,40.27,217.73,0,13.92,0,0,3.2,0
2021,4,5,8,0,873.17,53.0,435.1,0,16.75,0,0,2.5,0
2021,4,5,9,0,933.89,63.31,621.15,0,20.08,0,0,3.67,0
2021,4,5,10,0,972.85,66.41,755.72,0,22.28,0,0,3.3,0
2021,4,5,11,0,976.74,72.45,826.08,0,23.71,0,0,2.83,0
2021,4,5,12,0,976.37,71.86,829.6,0,24.57,0,0,2.53,0
2021,4,5,13,0,953.97,76.16,764.25,0,24.94,0,0,2.32,0
2021,4,5,14,0,902.84,77.75,635.3,0,24.84,0,0,2.26,0
2021,4,5,15,0,824.73,64.2,455.17,0,24.22,0,0,2.34,0
2021,4,5,16,0,668.03,49.28,240.7,0,22.94,0,0,2.5,0
2021,4,5,17,0,203.91,20.28,40.85,0,20.26,0,0,3.11,0
2021,4,5,18,0,0.0,0.0,0.0,0,17.81,0,0,4.1,0
2021,4,5,19,0,0.0,0.0,0.0,0,17.03,0,0,3.98,0
2021,4,5,20,0,0.0,0.0,0.0,0,16.18,0,0,3.6,0
2021,4,5,21,0,0.0,0.0,0.0,0,15.5,0,0,3.72,0
2021,4,5,22,0,0.0,0.0,0.0,0,15.13,0,0,3.72,0
2021,4,5,23,0,0.0,0.0,0.0,0,14.84,0,0,3.85,0
2021,4,6,0,0,0.0,0.0,0.0,0,14.55,0,0,3.86,0
2021,4,6,1,0,0.0,0.0,0.0,0,14.24,0,0,3.74,0
2021,4,6,2,0,0.0,0.0,0.0,0,13.98,0,0,3.52,0
2021,4,6,3,0,0.0,0.0,0.0,0,13.74,0,0,3.36,0
2021,4,6,4,0,0.0,0.0,0.0,0,13.51,0,0,3.29,0
2021,4,6,5,0,0.0,0.0,0.0,0,13.31,0,0,3.3,0
2021,4,6,6,0,134.08,13.27,22.33,0,13.34,0,0,3.25,0
2021,4,6,7,0,593.74,52.58,193.32,0,14.86,0,0,3.41,0
2021,4,6,8,0,703.7,113.01,388.8,0,17.03,0,0,3.39,0
2021,4,6,9,0,814.29,119.71,561.55,0,19.51,0,0,3.03,0
2021,4,6,10,0,788.66,140.43,686.03,0,21.47,0,0,2.55,0
2021,4,6,11,0,655.22,204.95,706.53,0,22.74,0,0,2.3,0
2021,4,6,12,0,601.09,246.45,682.0,0,23.48,0,0,2.27,0
2021,4,6,13,0,514.85,279.15,615.17,0,23.49,0,0,2.46,0
2021,4,6,14,0,543.11,164.85,514.85,0,23.11,0,0,2.72,0
2021,4,6,15,0,662.07,88.6,345.4,0,22.17,0,0,3.01,0
2021,4,6,16,0,455.05,66.35,188.12,0,20.82,0,0,3.05,0
2021,4,6,17,0,143.82,19.75,30.65,0,18.67,0,0,3.27,0
2021,4,6,18,0,0.0,0.0,0.0,0,16.67,0,0,3.71,0
2021,4,6,19,0,0.0,0.0,0.0,0,15.56,0,0,3.71,0
2021,4,6,20,0,0.0,0.0,0.0,0,14.77,0,0,3.51,0
2021,4,6,21,0,0.0,0.0,0.0,0,14.49,0,0,3.47,0
2021,4,6,22,0,0.0,0.0,0.0,0,14.26,0,0,3.41,0
2021,4,6,23,0,0.0,0.0,0.0,0,13.96,0,0,3.37,0
2021,4,7,0,0,0.0,0.0,0.0,0,13.67,0,0,3.37,0
2021,4,7,1,0,0.0,0.0,0.0,0,13.4,0,0,3.35,0
2021,4,7,2,0,0.0,0.0,0.0,0,13.13,0,0,3.41,0
2021,4,7,3,0,0.0,0.0,0.0,0,12.86,0,0,3.35,0
2021,4,7,4,0,0.0,0.0,0.0,0,12.59,0,0,3.31,0
2021,4,7,5,0,0.0,0.0,0.0,0,12.35,0,0,3.3,0
2021,4,7,6,0,70.77,15.32,18.62,0,12.29,0,0,3.26,0
2021,4,7,7,0,447.59,63.2,174.52,0,13.13,0,0,3.22,0
2021,4,7,8,0,528.58,139.81,356.52,0,14.86,0,0,3.39,0
2021,4,7,9,0,706.53,117.31,521.42,0,17.38,0,0,3.27,0
2021,4,7,10,0,625.95,214.58,661.03,0,19.83,0,0,2.42,0
2021,4,7,11,0,719.05,197.01,721.35,0,21.43,0,0,1.57,0
2021,4,7,12,0,494.37,212.26,648.45,0,22.14,0,0,1.13,0
2021,4,7,13,0,533.1,156.0,483.77,0,22.08,0,0,1.06,0
2021,4,7,14,0,155.36,234.43,343.88,0,21.68,0,0,1.17,0
2021,4,7,15,0,120.45,211.06,239.35,0,20.86,0,0,1.38,0
2021,4,7,16,0,40.89,77.0,93.6,0,19.84,0,0,1.75,0
2021,4,7,17,0,7.32,14.8,14.9,0,18.29,0,0,2.64,0
2021,4,7,18,0,0.0,0.0,0.0,0,16.93,0,0,3.62,0
2021,4,7,19,0,0.0,0.0,0.0,0,16.28,0,0,3.55,0
2021,4,7,20,0,0.0,0.0,0.0,0,15.65,0,0,3.32,0
2021,4,7,21,0,0.0,0.0,0.0,0,15.19,0,0,3.23,0
2021,4,7,22,0,0.0,0.0,0.0,0,14.72,0,0,3.12,0
2021,4,7,23,0,0.0,0.0,0.0,0,14.33,0,0,3.08,0
2021,4,8,0,0,0.0,0.0,0.0,0,13.99,0,0,3.03,0
2021,4,8,1,0,0.0,0.0,0.0,0,13.65,0,0,2.97,0
2021,4,8,2,0,0.0,0.0,0.0,0,13.25,0,0,2.76,0
2021,4,8,3,0,0.0,0.0,0.0,0,12.94,0,0,2.61,0
2021,4,8,4,0,0.0,0.0,0.0,0,12.71,0,0,2.6,0
2021,4,8,5,0,0.0,0.0,0.0,0,12.46,0,0,2.55,0
2021,4,8,6,0,83.68,13.25,18.83,0,12.4,0,0,2.54,0
2021,4,8,7,0,467.84,62.0,183.88,0,13.5,0,0,2.36,0
2021,4,8,8,0,692.19,90.03,382.73,0,15.63,0,0,2.17,0
2021,4,8,9,0,785.61,108.54,571.22,0,18.39,0,0,1.6,0
2021,4,8,10,0,853.92,105.31,709.5,0,20.43,0,0,0.95,0
2021,4,8,11,0,707.53,202.99,743.25,0,21.48,0,0,0.57,0
2021,4,8,12,0,593.4,187.23,691.6,0,21.99,0,0,0.29,0
2021,4,8,13,0,509.19,241.99,630.45,0,22.18,0,0,0.15,0
2021,4,8,14,0,518.71,148.44,447.35,0,21.99,0,0,0.09,0
2021,4,8,15,0,461.0,111.88,322.48,0,21.43,0,0,0.26,0
2021,4,8,16,0,408.51,72.73,173.25,0,20.47,0,0,0.3,0
2021,4,8,17,0,136.55,18.47,26.35,0,18.85,0,0,0.44,0
2021,4,8,18,0,0.0,0.0,0.0,0,17.52,0,0,0.65,0
2021,4,8,19,0,0.0,0.0,0.0,0,16.76,0,0,0.93,0
2021,4,8,20,0,0.0,0.0,0.0,0,16.11,0,0,1.36,0
2021,4,8,21,0,0.0,0.0,0.0,0,15.42,0,0,1.76,0
2021,4,8,22,0,0.0,0.0,0.0,0,14.47,0,0,2.19,0
2021,4,8,23,0,0.0,0.0,0.0,0,13.39,0,0,2.71,0
2021,4,9,0,0,0.0,0.0,0.0,0,12.54,0,0,3.08,0
2021,4,9,1,0,0.0,0.0,0.0,0,11.77,0,0,3.48,0
2021,4,9,2,0,0.0,0.0,0.0,0,11.4,0,0,3.7,0
2021,4,9,3,0,0.0,0.0,0.0,0,11.56,0,0,3.59,0
2021,4,9,4,0,0.0,0.0,0.0,0,11.46,0,0,3.37,0
2021,4,9,5,0,0.0,0.0,0.0,0,10.96,0,0,3.46,0
2021,4,9,6,0,58.31,14.17,15.4,0,10.69,0,0,3.71,0
2021,4,9,7,0,213.12,75.49,128.8,0,12.87,0,0,3.24,0
2021,4,9,8,0,267.37,157.04,260.7,0,15.85,0,0,3.96,0
2021,4,9,9,0,214.24,264.67,374.1,0,18.56,0,0,5.38,0
2021,4,9,10,0,456.1,313.99,599.83,0,19.99,0,0,5.87,0
2021,4,9,11,0,600.89,241.81,704.72,0,20.07,0,0,5.68,0
2021,4,9,12,0,857.31,120.51,743.33,0,21.05,0,0,6.06,0
2021,4,9,13,0,791.04,119.67,708.95,0,21.32,0,0,6.4,0
2021,4,9,14,0,745.2,151.1,553.95,0,21.03,0,0,6.48,0
2021,4,9,15,0,570.2,131.53,377.55,0,20.46,0,0,6.15,0
2021,4,9,16,0,528.69,61.2,190.62,0,19.32,0,0,5.26,0
2021,4,9,17,0,287.23,14.06,27.52,0,17.02,0,0,4.45,0
2021,4,9,18,0,0.0,0.0,0.0,0,15.23,0,0,3.87,0
2021,4,9,19,0,0.0,0.0,0.0,0,14.07,0,0,3.22,0
2021,4,9,20,0,0.0,0.0,0.0,0,13.03,0,0,3.0,0
2021,4,9,21,0,0.0,0.0,0.0,0,12.04,0,0,2.76,0
2021,4,9,22,0,0.0,0.0,0.0,0,11.08,0,0,2.43,0
2021,4,9,23,0,0.0,0.0,0.0,0,10.29,0,0,2.16,0
2021,4,10,0,0,0.0,0.0,0.0,0,9.68,0,0,1.92,0
2021,4,10,1,0,0.0,0.0,0.0,0,9.13,0,0,1.82,0
2021,4,10,2,0,0.0,0.0,0.0,0,8.29,0,0,2.26,0
2021,4,10,3,0,0.0,0.0,0.0,0,7.87,0,0,2.6,0
2021,4,10,4,0,0.0,0.0,0.0,0,7.87,0,0,3.0,0
2021,4,10,5,0,0.0,0.0,0.0,0,7.98,0,0,2.9,0
2021,4,10,6,0,45.0,12.3,11.2,0,7.68,0,0,2.96,0
2021,4,10,7,0,218.82,98.17,139.5,0,8.94,0,0,3.19,0
2021,4,10,8,0,286.42,193.61,325.95,0,10.85,0,0,5.56,0
2021,4,10,9,0,672.61,125.91,463.52,0,12.25,0,0,6.24,0
2021,4,10,10,0,540.33,282.11,656.47,0,13.25,0,0,6.65,0
2021,4,10,11,0,708.06,151.95,675.65,0,13.98,0,0,6.99,0
2021,4,10,12,0,654.48,204.44,657.45,0,14.45,0,0,7.05,0
2021,4,10,13,0,580.07,222.23,619.6,0,14.65,0,0,6.9,0
2021,4,10,14,0,675.31,100.81,452.4,0,14.61,0,0,6.61,0
2021,4,10,15,0,618.93,86.32,314.55,0,14.19,0,0,6.42,0
2021,4,10,16,0,404.46,54.42,165.07,0,13.31,0,0,6.23,0
2021,4,10,17,0,288.51,12.64,24.1,0,11.77,0,0,5.73,0
2021,4,10,18,0,0.0,0.0,0.0,0,10.56,0,0,5.32,0
2021,4,10,19,0,0.0,0.0,0.0,0,9.97,0,0,5.15,0
2021,4,10,20,0,0.0,0.0,0.0,0,9.33,0,0,5.09,0
2021,4,10,21,0,0.0,0.0,0.0,0,8.71,0,0,4.86,0
2021,4,10,22,0,0.0,0.0,0.0,0,8.3,0,0,4.63,0
2021,4,10,23,0,0.0,0.0,0.0,0,8.29,0,0,4.61,0
2021,4,11,0,0,0.0,0.0,0.0,0,8.39,0,0,4.74,0
2021,4,11,1,0,0.0,0.0,0.0,0,8.34,0,0,4.86,0
2021,4,11,2,0,0.0,0.0,0.0,0,8.26,0,0,5.46,0
2021,4,11,3,0,0.0,0.0,0.0,0,7.68,0,0,5.81,0
2021,4,11,4,0,0.0,0.0,0.0,0,6.55,0,0,5.52,0
2021,4,11,5,0,0.0,0.0,0.0,0,5.57,0,0,5.6,0
2021,4,11,6,0,123.01,10.4,14.45,0,4.86,0,0,5.79,0
2021,4,11,7,0,513.7,48.69,133.77,0,4.98,0,0,6.59,0
2021,4,11,8,0,508.28,87.17,268.3,0,5.75,0,0,7.06,0
2021,4,11,9,0,448.18,224.44,439.58,0,6.63,0,0,7.32,0
2021,4,11,10,0,865.31,139.88,501.98,0,7.46,0,0,7.52,0
2021,4,11,11,0,493.48,307.63,652.72,0,8.23,0,0,7.58,0
2021,4,11,12,0,278.39,429.14,665.5,0,8.85,0,0,7.5,0
2021,4,11,13,0,467.45,344.83,634.85,0,9.32,0,0,7.31,0
2021,4,11,14,0,396.76,291.24,489.2,0,9.46,0,0,7.18,0
2021,4,11,15,0,471.3,135.06,331.8,0,9.19,0,0,7.18,0
2021,4,11,16,0,525.85,58.87,170.6,0,8.41,0,0,6.92,0
2021,4,11,17,0,216.49,13.73,26.4,0,7.01,0,0,6.29,0
2021,4,11,18,0,0.0,0.0,0.0,0,5.71,0,0,5.67,0
2021,4,11,19,0,0.0,0.0,0.0,0,5.12,0,0,5.55,0
2021,4,11,20,0,0.0,0.0,0.0,0,4.71,0,0,5.53,0
2021,4,11,21,0,0.0,0.0,0.0,0,4.33,0,0,5.35,0
2021,4,11,22,0,0.0,0.0,0.0,0,3.93,0,0,5.1,0
2021,4,11,23,0,0.0,0.0,0.0,0,3.59,0,0,4.88,0
2021,4,12,0,0,0.0,0.0,0.0,0,3.26,0,0,4.68,0
2021,4,12,1,0,0.0,0.0,0.0,0,2.85,0,0,4.38,0
2021,4,12,2,0,0.0,0.0,0.0,0,2.35,0,0,3.94,0
2021,4,12,3,0,0.0,0.0,0.0,0,1.79,0,0,3.3,0
2021,4,12,4,0,0.0,0.0,0.0,0,1.25,0,0,2.97,0
2021,4,12,5,0,0.0,0.0,0.0,0,0.84,0,0,2.68,0
2021,4,12,6,0,199.7,9.41,20.33,0,0.82,0,0,2.54,0
2021,4,12,7,0,776.96,30.9,202.85,0,2.66,0,0,2.71,0
2021,4,12,8,0,899.36,43.03,418.75,0,5.5,0,0,3.02,0
2021,4,12,9,0,989.18,44.14,603.55,0,8.74,0,0,3.02,0
2021,4,12,10,0,1022.4,45.13,735.35,0,11.35,0,0,2.6,0
2021,4,12,11,0,1035.46,45.56,805.9,0,13.18,0,0,2.24,0
2021,4,12,12,0,1032.72,45.56,808.83,0,14.41,0,0,2.15,0
2021,4,12,13,0,1026.1,44.05,743.92,0,15.04,0,0,2.15,0
2021,4,12,14,0,990.86,42.58,617.0,0,15.07,0,0,2.16,0
2021,4,12,15,0,932.31,37.93,438.12,0,14.53,0,0,2.16,0
2021,4,12,16,0,799.77,30.93,224.9,0,13.3,0,0,2.05,0
2021,4,12,17,0,260.62,10.36,29.2,0,10.69,0,0,2.25,0
2021,4,12,18,0,0.0,0.0,0.0,0,8.16,0,0,3.02,0
2021,4,12,19,0,0.0,0.0,0.0,0,6.46,0,0,3.63,0
2021,4,12,20,0,0.0,0.0,0.0,0,5.38,0,0,3.89,0
2021,4,12,21,0,0.0,0.0,0.0,0,4.8,0,0,3.95,0
2021,4,12,22,0,0.0,0.0,0.0,0,4.39,0,0,3.9,0
2021,4,12,23,0,0.0,0.0,0.0,0,3.95,0,0,3.92,0
2021,4,13,0,0,0.0,0.0,0.0,0,3.55,0,0,3.99,0
2021,4,13,1,0,0.0,0.0,0.0,0,3.24,0,0,4.02,0
2021,4,13,2,0,0.0,0.0,0.0,0,3.12,0,0,3.82,0
2021,4,13,3,0,0.0,0.0,0.0,0,2.97,0,0,3.6,0
2021,4,13,4,0,0.0,0.0,0.0,0,2.69,0,0,3.73,0
2021,4,13,5,0,0.0,0.0,0.0,0,2.48,0,0,3.77,0
2021,4,13,6,0,191.64,7.76,19.88,0,2.52,0,0,3.68,0
2021,4,13,7,0,740.03,29.52,203.23,0,4.86,0,0,3.22,0
2021,4,13,8,0,932.26,39.41,418.42,0,8.64,0,0,2.75,0
2021,4,13,9,0,995.38,42.17,602.2,0,12.26,0,0,3.59,0
2021,4,13,10,0,1038.27,41.46,734.8,0,14.55,0,0,3.6,0
2021,4,13,11,0,1032.32,48.83,803.28,0,15.96,0,0,3.59,0
2021,4,13,12,0,1007.39,58.45,804.6,0,16.87,0,0,3.56,0
2021,4,13,13,0,1009.1,48.66,738.83,0,17.57,0,0,3.4,0
2021,4,13,14,0,974.97,46.25,611.83,0,17.83,0,0,3.27,0
2021,4,13,15,0,883.42,65.91,412.9,0,17.5,0,0,3.26,0
2021,4,13,16,0,684.33,53.98,198.9,0,16.27,0,0,2.87,0
2021,4,13,17,0,164.85,16.88,20.35,0,13.18,0,0,3.39,0
2021,4,13,18,0,0.0,0.0,0.0,0,11.35,0,0,3.99,0
2021,4,13,19,0,0.0,0.0,0.0,0,10.52,0,0,4.18,0
2021,4,13,20,0,0.0,0.0,0.0,0,9.7,0,0,4.16,0
2021,4,13,21,0,0.0,0.0,0.0,0,8.84,0,0,3.98,0
2021,4,13,22,0,0.0,0.0,0.0,0,8.17,0,0,3.88,0
2021,4,13,23,0,0.0,0.0,0.0,0,7.65,0,0,4.01,0
2021,4,14,0,0,0.0,0.0,0.0,0,7.32,0,0,4.07,0
2021,4,14,1,0,0.0,0.0,0.0,0,6.78,0,0,4.19,0
2021,4,14,2,0,0.0,0.0,0.0,0,6.62,0,0,4.38,0
2021,4,14,3,0,0.0,0.0,0.0,0,6.5,0,0,4.44,0
2021,4,14,4,0,0.0,0.0,0.0,0,6.31,0,0,4.4,0
2021,4,14,5,0,0.0,0.0,0.0,0,6.27,0,0,4.29,0
2021,4,14,6,0,83.24,11.91,14.1,0,6.56,0,0,3.96,0
2021,4,14,7,0,461.34,60.4,170.65,0,8.91,0,0,3.66,0
2021,4,14,8,0,668.68,82.89,369.55,0,11.92,0,0,3.32,0
2021,4,14,9,0,720.92,132.75,543.9,0,15.06,0,0,5.85,0
2021,4,14,10,0,831.26,113.12,679.47,0,16.78,0,0,6.29,0
2021,4,14,11,0,924.18,81.32,758.85,0,17.9,0,0,6.54,0
2021,4,14,12,0,905.62,93.64,759.97,0,18.78,0,0,6.8,0
2021,4,14,13,0,838.86,88.47,628.03,0,19.24,0,0,6.99,0
2021,4,14,14,0,646.14,118.87,478.77,0,19.25,0,0,6.96,0
2021,4,14,15,0,532.56,140.57,317.85,0,18.74,0,0,6.63,0
2021,4,14,16,0,348.03,78.39,155.52,0,17.62,0,0,6.02,0
2021,4,14,17,0,101.22,15.53,16.67,0,15.66,0,0,5.5,0
2021,4,14,18,0,0.0,0.0,0.0,0,14.53,0,0,5.19,0
2021,4,14,19,0,0.0,0.0,0.0,0,13.91,0,0,4.88,0
2021,4,14,20,0,0.0,0.0,0.0,0,13.36,0,0,4.28,0
2021,4,14,21,0,0.0,0.0,0.0,0,12.43,0,0,3.44,0
2021,4,14,22,0,0.0,0.0,0.0,0,11.11,0,0,3.59,0
2021,4,14,23,0,0.0,0.0,0.0,0,9.99,0,0,3.56,0
2021,4,15,0,0,0.0,0.0,0.0,0,9.04,0,0,3.36,0
2021,4,15,1,0,0.0,0.0,0.0,0,8.15,0,0,3.57,0
2021,4,15,2,0,0.0,0.0,0.0,0,7.54,0,0,3.92,0
2021,4,15,3,0,0.0,0.0,0.0,0,7.4,0,0,4.2,0
2021,4,15,4,0,0.0,0.0,0.0,0,6.95,0,0,4.53,0
2021,4,15,5,0,0.0,0.0,0.0,0,6.78,0,0,4.57,0
2021,4,15,6,0,99.86,11.34,15.2,0,6.91,0,0,4.28,0
2021,4,15,7,0,599.39,50.47,181.3,0,9.1,0,0,3.23,0
2021,4,15,8,0,811.0,62.2,394.27,0,12.07,0,0,3.63,0
2021,4,15,9,0,950.78,53.7,584.05,0,14.35,0,0,4.84,0
2021,4,15,10,0,1005.73,50.33,716.67,0,15.63,0,0,5.03,0
2021,4,15,11,0,943.48,105.85,775.55,0,16.57,0,0,5.06,0
2021,4,15,12,0,840.3,147.37,764.72,0,17.15,0,0,5.07,0
2021,4,15,13,0,800.39,181.19,679.62,0,17.34,0,0,5.06,0
2021,4,15,14,0,579.58,246.63,534.53,0,17.13,0,0,5.07,0
2021,4,15,15,0,481.19,189.39,356.65,0,16.47,0,0,5.05,0
2021,4,15,16,0,222.8,103.8,162.77,0,15.33,0,0,4.81,0
2021,4,15,17,0,71.68,17.34,15.05,0,13.13,0,0,4.49,0
2021,4,15,18,0,0.0,0.0,0.0,0,11.75,0,0,4.2,0
2021,4,15,19,0,0.0,0.0,0.0,0,11.13,0,0,3.85,0
2021,4,15,20,0,0.0,0.0,0.0,0,10.68,0,0,3.8,0
2021,4,15,21,0,0.0,0.0,0.0,0,10.25,0,0,3.79,0
2021,4,15,22,0,0.0,0.0,0.0,0,9.79,0,0,3.74,0
2021,4,15,23,0,0.0,0.0,0.0,0,9.29,0,0,3.67,0
2021,4,16,0,0,0.0,0.0,0.0,0,8.83,0,0,3.67,0
2021,4,16,1,0,0.0,0.0,0.0,0,8.34,0,0,3.47,0
2021,4,16,2,0,0.0,0.0,0.0,0,7.77,0,0,3.36,0
2021,4,16,3,0,0.0,0.0,0.0,0,7.19,0,0,3.22,0
2021,4,16,4,0,0.0,0.0,0.0,0,6.82,0,0,3.1,0
2021,4,16,5,0,0.0,0.0,0.0,0,6.48,0,0,3.01,0
2021,4,16,6,0,20.62,12.61,10.85,0,6.28,0,0,2.86,0
2021,4,16,7,0,290.99,111.83,159.25,0,7.79,0,0,2.41,0
2021,4,16,8,0,464.56,211.72,350.5,0,10.61,0,0,3.13,0
2021,4,16,9,0,867.24,138.1,543.55,0,13.56,0,0,3.57,0
2021,4,16,10,0,816.85,148.12,653.78,0,15.52,0,0,2.38,0
2021,4,16,11,0,757.36,267.47,690.65,0,17.05,0,0,1.28,0
2021,4,16,12,0,620.29,269.25,697.8,0,18.15,0,0,0.61,0
2021,4,16,13,0,214.14,384.35,556.25,0,18.72,0,0,0.79,0
2021,4,16,14,0,176.62,293.79,413.48,0,18.75,0,0,1.19,0
2021,4,16,15,0,56.28,211.31,273.85,0,18.25,0,0,1.59,0
2021,4,16,16,0,93.88,130.95,133.85,0,17.03,0,0,1.87,0
2021,4,16,17,0,23.91,13.57,13.4,0,14.33,0,0,2.16,0
2021,4,16,18,0,0.0,0.0,0.0,0,12.41,0,0,2.57,0
2021,4,16,19,0,0.0,0.0,0.0,0,11.07,0,0,3.12,0
2021,4,16,20,0,0.0,0.0,0.0,0,10.57,0,0,3.49,0
2021,4,16,21,0,0.0,0.0,0.0,0,10.21,0,0,3.49,0
2021,4,16,22,0,0.0,0.0,0.0,0,10.27,0,0,3.66,0
2021,4,16,23,0,0.0,0.0,0.0,0,10.26,0,0,3.42,0
2021,4,17,0,0,0.0,0.0,0.0,0,10.03,0,0,3.4,0
2021,4,17,1,0,0.0,0.0,0.0,0,9.81,0,0,3.16,0
2021,4,17,2,0,0.0,0.0,0.0,0,9.54,0,0,2.77,0
2021,4,17,3,0,0.0,0.0,0.0,0,9.31,0,0,2.43,0
2021,4,17,4,0,0.0,0.0,0.0,0,9.09,0,0,2.32,0
2021,4,17,5,0,0.0,0.0,0.0,0,9.01,0,0,2.14,0
2021,4,17,6,0,3.45,5.98,5.55,0,9.06,0,0,1.79,0
2021,4,17,7,0,55.24,63.32,73.72,0,9.61,0,0,1.45,0
2021,4,17,8,0,54.79,132.54,172.12,0,10.7,0,0,1.49,0
2021,4,17,9,0,82.87,215.23,274.77,0,11.97,0,0,1.12,0
2021,4,17,10,0,188.81,190.12,322.27,0,13.48,0,0,0.82,0
2021,4,17,11,0,95.35,380.63,485.2,0,14.4,0,0,1.23,0
2021,4,17,12,0,259.28,314.97,554.45,0,15.32,0,0,1.74,0
2021,4,17,13,0,290.64,316.25,539.42,0,16.06,0,0,1.95,0
2021,4,17,14,0,507.95,133.5,410.33,0,16.48,0,0,1.87,0
2021,4,17,15,0,437.02,98.03,279.33,0,16.37,0,0,1.72,0
2021,4,17,16,0,333.99,56.71,133.38,0,15.59,0,0,1.4,0
2021,4,17,17,0,30.9,11.01,12.35,0,13.89,0,0,1.33,0
2021,4,17,18,0,0.0,0.0,0.0,0,12.57,0,0,1.34,0
2021,4,17,19,0,0.0,0.0,0.0,0,11.65,0,0,1.41,0
2021,4,17,20,0,0.0,0.0,0.0,0,10.96,0,0,1.37,0
2021,4,17,21,0,0.0,0.0,0.0,0,10.26,0,0,1.27,0
2021,4,17,22,0,0.0,0.0,0.0,0,9.5,0,0,1.29,0
2021,4,17,23,0,0.0,0.0,0.0,0,8.5,0,0,1.55,0
2021,4,18,0,0,0.0,0.0,0.0,0,7.28,0,0,1.92,0
2021,4,18,1,0,0.0,0.0,0.0,0,6.32,0,0,2.33,0
2021,4,18,2,0,0.0,0.0,0.0,0,5.44,0,0,2.79,0
2021,4,18,3,0,0.0,0.0,0.0,0,4.75,0,0,3.2,0
2021,4,18,4,0,0.0,0.0,0.0,0,4.32,0,0,3.45,0
2021,4,18,5,0,0.0,0.0,0.0,0,4.03,0,0,3.59,0
2021,4,18,6,0,63.82,8.55,9.38,0,3.95,0,0,3.61,0
2021,4,18,7,0,419.0,55.22,134.52,0,5.93,0,0,3.32,0
2021,4,18,8,0,334.32,199.19,312.85,0,9.37,0,0,1.8,0
2021,4,18,9,0,412.17,208.39,476.45,0,13.13,0,0,1.02,0
2021,4,18,10,0,789.5,134.64,672.78,0,15.03,0,0,0.81,0
2021,4,18,11,0,836.87,139.24,728.95,0,16.17,0,0,1.33,0
2021,4,18,12,0,787.52,157.71,731.83,0,16.89,0,0,1.75,0
2021,4,18,13,0,880.83,99.21,649.8,0,17.27,0,0,1.89,0
2021,4,18,14,0,881.65,83.92,556.9,0,17.25,0,0,1.87,0
2021,4,18,15,0,767.66,70.58,384.33,0,16.73,0,0,1.87,0
2021,4,18,16,0,596.68,48.17,181.05,0,15.53,0,0,1.86,0
2021,4,18,17,0,112.19,9.93,15.52,0,12.99,0,0,2.35,0
2021,4,18,18,0,0.0,0.0,0.0,0,10.96,0,0,2.76,0
2021,4,18,19,0,0.0,0.0,0.0,0,9.88,0,0,2.63,0
2021,4,18,20,0,0.0,0.0,0.0,0,9.02,0,0,2.48,0
2021,4,18,21,0,0.0,0.0,0.0,0,8.11,0,0,2.49,0
2021,4,18,22,0,0.0,0.0,0.0,0,7.38,0,0,2.52,0
2021,4,18,23,0,0.0,0.0,0.0,0,6.82,0,0,2.57,0
2021,4,19,0,0,0.0,0.0,0.0,0,6.41,0,0,2.4,0
2021,4,19,1,0,0.0,0.0,0.0,0,6.18,0,0,2.16,0
2021,4,19,2,0,0.0,0.0,0.0,0,5.99,0,0,1.92,0
2021,4,19,3,0,0.0,0.0,0.0,0,6.02,0,0,1.62,0
2021,4,19,4,0,0.0,0.0,0.0,0,6.07,0,0,1.36,0
2021,4,19,5,0,0.0,0.0,0.0,0,5.94,0,0,1.17,0
2021,4,19,6,0,136.45,7.33,13.0,0,5.88,0,0,1.01,0
2021,4,19,7,0,700.95,30.97,177.65,0,6.72,0,0,0.83,0
2021,4,19,8,0,887.2,43.15,388.05,0,8.87,0,0,0.43,0
2021,4,19,9,0,950.26,52.75,569.0,0,12.55,0,0,1.45,0
2021,4,19,10,0,997.38,52.18,698.03,0,14.69,0,0,2.45,0
2021,4,19,11,0,1005.81,54.95,764.2,0,15.96,0,0,2.96,0
2021,4,19,12,0,1004.04,55.01,763.95,0,16.82,0,0,3.26,0
2021,4,19,13,0,989.07,53.86,697.28,0,17.27,0,0,3.37,0
2021,4,19,14,0,949.86,50.67,569.17,0,17.23,0,0,3.41,0
2021,4,19,15,0,863.48,50.79,387.5,0,16.65,0,0,3.35,0
2021,4,19,16,0,670.09,35.94,178.1,0,15.19,0,0,2.89,0
2021,4,19,17,0,151.42,8.72,14.3,0,11.85,0,0,3.44,0
2021,4,19,18,0,0.0,0.0,0.0,0,9.3,0,0,3.97,0
2021,4,19,19,0,0.0,0.0,0.0,0,8.15,0,0,3.9,0
2021,4,19,20,0,0.0,0.0,0.0,0,7.57,0,0,3.71,0
2021,4,19,21,0,0.0,0.0,0.0,0,7.24,0,0,3.45,0
2021,4,19,22,0,0.0,0.0,0.0,0,7.09,0,0,3.01,0
2021,4,19,23,0,0.0,0.0,0.0,0,6.91,0,0,2.71,0
2021,4,20,0,0,0.0,0.0,0.0,0,6.72,0,0,2.57,0
2021,4,20,1,0,0.0,0.0,0.0,0,6.17,0,0,2.78,0
2021,4,20,2,0,0.0,0.0,0.0,0,5.28,0,0,3.3,0
2021,4,20,3,0,0.0,0.0,0.0,0,4.63,0,0,3.66,0
2021,4,20,4,0,0.0,0.0,0.0,0,3.95,0,0,4.0,0
2021,4,20,5,0,0.0,0.0,0.0,0,3.39,0,0,4.28,0
2021,4,20,6,0,113.54,7.44,11.05,0,3.2,0,0,4.21,0
2021,4,20,7,0,563.68,43.59,154.95,0,5.18,0,0,3.83,0
2021,4,20,8,0,724.92,86.77,349.33,0,8.75,0,0,2.6,0
2021,4,20,9,0,806.17,112.74,517.05,0,12.21,0,0,4.85,0
2021,4,20,10,0,594.67,228.03,569.58,0,13.87,0,0,5.26,0
2021,4,20,11,0,316.02,381.94,583.58,0,14.68,0,0,5.14,0
2021,4,20,12,0,356.17,311.64,614.1,0,15.08,0,0,4.98,0
2021,4,20,13,0,338.38,317.02,545.08,0,15.24,0,0,4.91,0
2021,4,20,14,0,571.51,122.82,463.8,0,15.23,0,0,5.0,0
2021,4,20,15,0,540.08,118.02,320.27,0,14.81,0,0,5.07,0
2021,4,20,16,0,349.01,71.92,138.98,0,13.9,0,0,4.78,0
2021,4,20,17,0,41.21,11.24,10.27,0,12.11,0,0,4.39,0
2021,4,20,18,0,0.0,0.0,0.0,0,10.99,0,0,4.29,0
2021,4,20,19,0,0.0,0.0,0.0,0,10.09,0,0,4.45,0
2021,4,20,20,0,0.0,0.0,0.0,0,9.53,0,0,4.59,0
2021,4,20,21,0,0.0,0.0,0.0,0,9.36,0,0,4.72,0
2021,4,20,22,0,0.0,0.0,0.0,0,9.13,0,0,4.94,0
2021,4,20,23,0,0.0,0.0,0.0,0,8.83,0,0,4.82,0
2021,4,21,0,0,0.0,0.0,0.0,0,8.36,0,0,4.93,0
2021,4,21,1,0,0.0,0.0,0.0,0,7.57,0,0,4.07,0
2021,4,21,2,0,0.0,0.0,0.0,0,6.58,0,0,3.74,0
2021,4,21,3,0,0.0,0.0,0.0,0,6.12,0,0,4.26,0
2021,4,21,4,0,0.0,0.0,0.0,0,5.9,0,0,4.7,0
2021,4,21,5,0,0.0,0.0,0.0,0,5.31,0,0,5.0,0
2021,4,21,6,0,122.77,6.95,9.18,0,4.62,0,0,4.66,0
2021,4,21,7,0,466.01,43.99,125.97,0,4.51,0,0,4.11,0
2021,4,21,8,0,525.85,93.62,273.58,0,5.35,0,0,3.7,0
2021,4,21,9,0,570.38,120.54,402.73,0,7.06,0,0,3.45,0
2021,4,21,10,0,763.5,203.7,638.03,0,9.04,0,0,3.22,0
2021,4,21,11,0,862.83,130.86,736.58,0,10.96,0,0,2.89,0
2021,4,21,12,0,842.06,110.74,741.12,0,12.48,0,0,2.41,0
2021,4,21,13,0,978.72,47.06,668.58,0,13.54,0,0,1.88,0
2021,4,21,14,0,851.02,92.64,553.5,0,13.97,0,0,1.58,0
2021,4,21,15,0,821.41,62.11,378.45,0,13.74,0,0,1.39,0
2021,4,21,16,0,736.77,33.02,174.27,0,12.76,0,0,1.41,0
2021,4,21,17,0,144.22,7.4,12.95,0,10.57,0,0,1.99,0
2021,4,21,18,0,0.0,0.0,0.0,0,8.6,0,0,2.72,0
2021,4,21,19,0,0.0,0.0,0.0,0,6.99,0,0,3.06,0
2021,4,21,20,0,0.0,0.0,0.0,0,5.95,0,0,3.02,0
2021,4,21,21,0,0.0,0.0,0.0,0,4.9,0,0,3.03,0
2021,4,21,22,0,0.0,0.0,0.0,0,3.97,0,0,3.31,0
2021,4,21,23,0,0.0,0.0,0.0,0,3.38,0,0,3.32,0
2021,4,22,0,0,0.0,0.0,0.0,0,2.89,0,0,3.17,0
2021,4,22,1,0,0.0,0.0,0.0,0,2.36,0,0,2.93,0
2021,4,22,2,0,0.0,0.0,0.0,0,1.77,0,0,2.8,0
2021,4,22,3,0,0.0,0.0,0.0,0,1.26,0,0,2.75,0
2021,4,22,4,0,0.0,0.0,0.0,0,0.78,0,0,2.82,0
2021,4,22,5,0,0.0,0.0,0.0,0,0.39,0,0,2.83,0
2021,4,22,6,0,129.99,5.95,11.32,0,0.06,0,0,2.91,0
2021,4,22,7,0,685.05,30.4,172.07,0,1.47,0,0,2.78,0
2021,4,22,8,0,887.27,43.34,381.52,0,4.85,0,0,3.35,0
2021,4,22,9,0,952.6,52.38,561.28,0,7.56,0,0,4.51,0
2021,4,22,10,0,927.9,77.72,649.7,0,9.06,0,0,4.86,0
2021,4,22,11,0,725.44,175.71,653.22,0,10.19,0,0,5.27,0
2021,4,22,12,0,786.92,125.82,657.97,0,10.65,0,0,5.61,0
2021,4,22,13,0,626.94,209.99,605.45,0,10.89,0,0,5.92,0
2021,4,22,14,0,508.89,218.73,447.33,0,10.75,0,0,5.91,0
2021,4,22,15,0,494.7,101.91,289.6,0,10.29,0,0,5.74,0
2021,4,22,16,0,428.72,52.97,123.62,0,9.29,0,0,5.4,0
2021,4,22,17,0,59.49,7.26,9.25,0,7.19,0,0,4.87,0
2021,4,22,18,0,0.0,0.0,0.0,0,5.82,0,0,4.37,0
2021,4,22,19,0,0.0,0.0,0.0,0,4.93,0,0,3.94,0
2021,4,22,20,0,0.0,0.0,0.0,0,4.27,0,0,4.1,0
2021,4,22,21,0,0.0,0.0,0.0,0,3.86,0,0,4.15,0
2021,4,22,22,0,0.0,0.0,0.0,0,3.51,0,0,3.91,0
2021,4,22,23,0,0.0,0.0,0.0,0,3.14,0,0,3.73,0
2021,4,23,0,0,0.0,0.0,0.0,0,2.75,0,0,3.42,0
2021,4,23,1,0,0.0,0.0,0.0,0,2.46,0,0,3.57,0
2021,4,23,2,0,0.0,0.0,0.0,0,2.69,0,0,3.81,0
2021,4,23,3,0,0.0,0.0,0.0,0,2.93,0,0,3.55,0
2021,4,23,4,0,0.0,0.0,0.0,0,3.04,0,0,3.34,0
2021,4,23,5,0,0.0,0.0,0.0,0,3.04,0,0,3.34,0
2021,4,23,6,0,124.4,6.58,9.65,0,3.01,0,0,3.39,0
2021,4,23,7,0,571.58,42.68,151.48,0,4.52,0,0,2.93,0
2021,4,23,8,0,725.91,72.7,345.45,0,7.28,0,0,3.39,0
2021,4,23,9,0,687.93,147.38,514.62,0,10.12,0,0,5.24,0
2021,4,23,10,0,720.88,160.92,634.38,0,11.84,0,0,5.24,0
2021,4,23,11,0,899.53,108.59,685.12,0,13.08,0,0,4.95,0
2021,4,23,12,0,869.51,123.42,706.83,0,14.01,0,0,4.69,0
2021,4,23,13,0,849.52,83.52,627.85,0,14.52,0,0,4.45,0
2021,4,23,14,0,924.78,57.63,540.0,0,14.53,0,0,4.27,0
2021,4,23,15,0,751.73,71.9,354.52,0,14.03,0,0,4.16,0
2021,4,23,16,0,448.2,44.95,153.95,0,12.87,0,0,3.84,0
2021,4,23,17,0,87.27,9.75,9.07,0,10.32,0,0,3.52,0
2021,4,23,18,0,0.0,0.0,0.0,0,8.45,0,0,3.74,0
2021,4,23,19,0,0.0,0.0,0.0,0,7.35,0,0,3.65,0
2021,4,23,20,0,0.0,0.0,0.0,0,6.47,0,0,3.36,0
2021,4,23,21,0,0.0,0.0,0.0,0,5.63,0,0,3.34,0
2021,4,23,22,0,0.0,0.0,0.0,0,4.94,0,0,3.16,0
2021,4,23,23,0,0.0,0.0,0.0,0,4.4,0,0,2.98,0
2021,4,24,0,0,0.0,0.0,0.0,0,4.06,0,0,2.88,0
2021,4,24,1,0,0.0,0.0,0.0,0,3.89,0,0,2.85,0
2021,4,24,2,0,0.0,0.0,0.0,0,3.77,0,0,2.92,0
2021,4,24,3,0,0.0,0.0,0.0,0,3.63,0,0,3.04,0
2021,4,24,4,0,0.0,0.0,0.0,0,3.43,0,0,3.14,0
2021,4,24,5,0,0.0,0.0,0.0,0,2.94,0,0,3.15,0
2021,4,24,6,0,45.39,9.84,8.02,0,2.59,0,0,3.15,0
2021,4,24,7,0,441.54,64.92,142.95,0,4.14,0,0,2.99,0
2021,4,24,8,0,680.7,90.89,342.7,0,7.13,0,0,1.97,0
2021,4,24,9,0,800.31,88.59,528.95,0,10.41,0,0,2.64,0
2021,4,24,10,0,970.66,58.24,656.75,0,12.51,0,0,2.55,0
2021,4,24,11,0,913.56,93.19,715.67,0,14.02,0,0,2.75,0
2021,4,24,12,0,938.35,75.64,719.78,0,14.93,0,0,3.16,0
2021,4,24,13,0,629.6,214.28,614.65,0,15.25,0,0,3.43,0
2021,4,24,14,0,788.74,112.49,524.03,0,15.21,0,0,3.59,0
2021,4,24,15,0,736.2,80.86,350.83,0,14.7,0,0,3.71,0
2021,4,24,16,0,548.03,44.53,151.75,0,13.51,0,0,3.43,0
2021,4,24,17,0,82.01,7.03,8.77,0,10.81,0,0,3.21,0
2021,4,24,18,0,0.0,0.0,0.0,0,8.6,0,0,3.74,0
2021,4,24,19,0,0.0,0.0,0.0,0,7.33,0,0,4.08,0
2021,4,24,20,0,0.0,0.0,0.0,0,6.57,0,0,3.85,0
2021,4,24,21,0,0.0,0.0,0.0,0,6.01,0,0,3.5,0
2021,4,24,22,0,0.0,0.0,0.0,0,5.45,0,0,3.34,0
2021,4,24,23,0,0.0,0.0,0.0,0,5.02,0,0,3.23,0
2021,4,25,0,0,0.0,0.0,0.0,0,4.67,0,0,3.07,0
2021,4,25,1,0,0.0,0.0,0.0,0,4.39,0,0,2.96,0
2021,4,25,2,0,0.0,0.0,0.0,0,4.18,0,0,2.88,0
2021,4,25,3,0,0.0,0.0,0.0,0,3.74,0,0,3.04,0
2021,4,25,4,0,0.0,0.0,0.0,0,3.19,0,0,3.39,0
2021,4,25,5,0,0.0,0.0,0.0,0,2.87,0,0,3.52,0
2021,4,25,6,0,103.27,5.68,8.8,0,2.73,0,0,3.49,0
2021,4,25,7,0,676.01,27.0,157.32,0,4.26,0,0,3.24,0
2021,4,25,8,0,878.32,39.54,359.98,0,7.74,0,0,2.19,0
2021,4,25,9,0,934.9,46.35,534.22,0,11.53,0,0,1.97,0
2021,4,25,10,0,973.24,48.46,657.9,0,13.77,0,0,1.26,0
2021,4,25,11,0,977.47,55.2,721.45,0,15.38,0,0,1.06,0
2021,4,25,12,0,976.43,56.82,720.45,0,16.46,0,0,1.35,0
2021,4,25,13,0,941.61,61.3,653.15,0,16.93,0,0,1.63,0
2021,4,25,14,0,916.67,53.23,529.45,0,16.91,0,0,1.8,0
2021,4,25,15,0,825.66,46.1,355.2,0,16.35,0,0,1.91,0
2021,4,25,16,0,603.75,31.8,152.75,0,15.06,0,0,1.88,0
2021,4,25,17,0,78.02,5.88,8.07,0,12.62,0,0,2.22,0
2021,4,25,18,0,0.0,0.0,0.0,0,10.39,0,0,2.75,0
2021,4,25,19,0,0.0,0.0,0.0,0,8.97,0,0,3.0,0
2021,4,25,20,0,0.0,0.0,0.0,0,7.96,0,0,3.05,0
2021,4,25,21,0,0.0,0.0,0.0,0,7.23,0,0,3.01,0
2021,4,25,22,0,0.0,0.0,0.0,0,6.67,0,0,2.95,0
2021,4,25,23,0,0.0,0.0,0.0,0,6.3,0,0,2.82,0
2021,4,26,0,0,0.0,0.0,0.0,0,5.99,0,0,2.62,0
2021,4,26,1,0,0.0,0.0,0.0,0,5.77,0,0,2.47,0
2021,4,26,2,0,0.0,0.0,0.0,0,5.53,0,0,2.39,0
2021,4,26,3,0,0.0,0.0,0.0,0,5.41,0,0,2.35,0
2021,4,26,4,0,0.0,0.0,0.0,0,5.19,0,0,2.38,0
2021,4,26,5,0,0.0,0.0,0.0,0,4.89,0,0,2.52,0
2021,4,26,6,0,90.34,5.65,8.02,0,4.56,0,0,2.67,0
2021,4,26,7,0,651.56,28.93,153.3,0,5.83,0,0,2.59,0
2021,4,26,8,0,863.45,42.82,355.77,0,8.77,0,0,1.71,0
2021,4,26,9,0,652.59,116.98,467.07,0,12.66,0,0,0.67,0
2021,4,26,10,0,951.19,59.84,654.92,0,15.3,0,0,0.75,0
2021,4,26,11,0,957.35,66.28,715.53,0,16.61,0,0,1.0,0
2021,4,26,12,0,956.84,66.08,714.62,0,17.39,0,0,1.22,0
2021,4,26,13,0,922.22,71.31,648.1,0,17.87,0,0,1.35,0
2021,4,26,14,0,896.7,58.04,523.35,0,17.87,0,0,1.36,0
2021,4,26,15,0,809.44,48.66,348.88,0,17.35,0,0,1.33,0
2021,4,26,16,0,574.57,30.58,147.35,0,15.91,0,0,1.49,0
2021,4,26,17,0,89.89,5.28,7.18,0,13.3,0,0,2.18,0
2021,4,26,18,0,0.0,0.0,0.0,0,11.24,0,0,2.69,0
2021,4,26,19,0,0.0,0.0,0.0,0,9.76,0,0,3.06,0
2021,4,26,20,0,0.0,0.0,0.0,0,8.65,0,0,3.41,0
2021,4,26,21,0,0.0,0.0,0.0,0,7.67,0,0,3.76,0
2021,4,26,22,0,0.0,0.0,0.0,0,6.89,0,0,4.0,0
2021,4,26,23,0,0.0,0.0,0.0,0,6.34,0,0,4.14,0
2021,4,27,0,0,0.0,0.0,0.0,0,6.0,0,0,4.09,0
2021,4,27,1,0,0.0,0.0,0.0,0,5.81,0,0,3.9,0
2021,4,27,2,0,0.0,0.0,0.0,0,6.12,0,0,3.6,0
2021,4,27,3,0,0.0,0.0,0.0,0,6.78,0,0,2.86,0
2021,4,27,4,0,0.0,0.0,0.0,0,7.15,0,0,2.26,0
2021,4,27,5,0,0.0,0.0,0.0,0,7.19,0,0,2.18,0
2021,4,27,6,0,85.76,5.11,7.18,0,7.28,0,0,2.17,0
2021,4,27,7,0,564.25,31.16,140.23,0,8.11,0,0,1.93,0
2021,4,27,8,0,802.92,50.99,330.27,0,10.05,0,0,1.67,0
2021,4,27,9,0,784.75,73.99,490.83,0,13.07,0,0,1.74,0
2021,4,27,10,0,942.24,58.12,643.9,0,16.13,0,0,2.04,0
2021,4,27,11,0,949.87,62.98,703.4,0,17.65,0,0,1.98,0
2021,4,27,12,0,943.76,64.62,702.97,0,18.49,0,0,1.79,0
2021,4,27,13,0,923.35,65.09,638.7,0,19.03,0,0,1.49,0
2021,4,27,14,0,870.95,65.41,512.7,0,19.12,0,0,1.17,0
2021,4,27,15,0,787.67,51.72,340.2,0,18.68,0,0,0.9,0
2021,4,27,16,0,555.88,30.68,141.6,0,17.33,0,0,1.08,0
2021,4,27,17,0,67.36,4.88,6.32,0,14.84,0,0,1.85,0
2021,4,27,18,0,0.0,0.0,0.0,0,12.63,0,0,2.98,0
2021,4,27,19,0,0.0,0.0,0.0,0,10.98,0,0,4.14,0
2021,4,27,20,0,0.0,0.0,0.0,0,9.92,0,0,4.46,0
2021,4,27,21,0,0.0,0.0,0.0,0,9.63,0,0,4.11,0
2021,4,27,22,0,0.0,0.0,0.0,0,9.56,0,0,3.41,0
2021,4,27,23,0,0.0,0.0,0.0,0,9.25,0,0,3.17,0
2021,4,28,0,0,0.0,0.0,0.0,0,9.13,0,0,3.15,0
2021,4,28,1,0,0.0,0.0,0.0,0,9.19,0,0,2.8,0
2021,4,28,2,0,0.0,0.0,0.0,0,9.16,0,0,2.53,0
2021,4,28,3,0,0.0,0.0,0.0,0,9.01,0,0,2.59,0
2021,4,28,4,0,0.0,0.0,0.0,0,8.92,0,0,2.63,0
2021,4,28,5,0,0.0,0.0,0.0,0,8.91,0,0,2.54,0
2021,4,28,6,0,28.21,8.31,5.3,0,8.84,0,0,2.47,0
2021,4,28,7,0,219.93,67.51,109.45,0,9.61,0,0,2.43,0
2021,4,28,8,0,286.81,213.99,269.45,0,11.18,0,0,2.03,0
2021,4,28,9,0,425.49,234.2,428.4,0,13.51,0,0,1.86,0
2021,4,28,10,0,238.21,328.04,491.77,0,16.08,0,0,1.48,0
2021,4,28,11,0,192.33,420.14,561.33,0,17.6,0,0,1.23,0
2021,4,28,12,0,545.73,317.46,596.47,0,18.21,0,0,1.31,0
2021,4,28,13,0,527.67,250.88,548.08,0,18.39,0,0,1.43,0
2021,4,28,14,0,442.35,216.64,401.6,0,18.21,0,0,1.37,0
2021,4,28,15,0,264.91,135.67,248.73,0,17.67,0,0,1.16,0
2021,4,28,16,0,309.46,47.4,100.35,0,16.46,0,0,0.95,0
2021,4,28,17,0,22.48,5.3,4.5,0,15.13,0,0,0.95,0
2021,4,28,18,0,0.0,0.0,0.0,0,14.48,0,0,0.98,0
2021,4,28,19,0,0.0,0.0,0.0,0,13.77,0,0,1.25,0
2021,4,28,20,0,0.0,0.0,0.0,0,12.75,0,0,1.7,0
2021,4,28,21,0,0.0,0.0,0.0,0,11.41,0,0,2.36,0
2021,4,28,22,0,0.0,0.0,0.0,0,9.9,0,0,3.02,0
2021,4,28,23,0,0.0,0.0,0.0,0,8.73,0,0,3.43,0
2021,4,29,0,0,0.0,0.0,0.0,0,7.95,0,0,3.58,0
2021,4,29,1,0,0.0,0.0,0.0,0,7.56,0,0,3.54,0
2021,4,29,2,0,0.0,0.0,0.0,0,7.51,0,0,3.3,0
2021,4,29,3,0,0.0,0.0,0.0,0,7.68,0,0,2.78,0
2021,4,29,4,0,0.0,0.0,0.0,0,7.95,0,0,2.35,0
2021,4,29,5,0,0.0,0.0,0.0,0,8.05,0,0,1.99,0
2021,4,29,6,0,38.74,5.35,5.32,0,8.03,0,0,1.85,0
2021,4,29,7,0,466.12,41.71,128.05,0,8.94,0,0,1.56,0
2021,4,29,8,0,669.73,77.09,319.83,0,11.12,0,0,1.05,0
2021,4,29,9,0,783.62,86.58,491.98,0,14.59,0,0,0.22,0
2021,4,29,10,0,751.9,96.28,549.78,0,17.22,0,0,0.82,0
2021,4,29,11,0,614.14,174.75,499.08,0,18.29,0,0,1.16,0
2021,4,29,12,0,646.37,155.32,510.6,0,18.75,0,0,1.22,0
2021,4,29,13,0,741.7,151.83,444.05,0,19.03,0,0,1.2,0
2021,4,29,14,0,585.7,123.17,362.42,0,18.99,0,0,1.17,0
2021,4,29,15,0,504.1,85.78,243.88,0,18.51,0,0,1.14,0
2021,4,29,16,0,347.31,38.8,100.1,0,17.24,0,0,1.31,0
2021,4,29,17,0,24.22,4.58,4.03,0,15.11,0,0,1.86,0
2021,4,29,18,0,0.0,0.0,0.0,0,13.52,0,0,2.46,0
2021,4,29,19,0,0.0,0.0,0.0,0,12.19,0,0,3.12,0
2021,4,29,20,0,0.0,0.0,0.0,0,11.15,0,0,3.8,0
2021,4,29,21,0,0.0,0.0,0.0,0,10.57,0,0,4.06,0
2021,4,29,22,0,0.0,0.0,0.0,0,10.02,0,0,3.61,0
2021,4,29,23,0,0.0,0.0,0.0,0,9.32,0,0,3.37,0
2021,4,30,0,0,0.0,0.0,0.0,0,8.89,0,0,3.28,0
2021,4,30,1,0,0.0,0.0,0.0,0,8.8,0,0,3.06,0
2021,4,30,2,0,0.0,0.0,0.0,0,8.78,0,0,2.71,0
2021,4,30,3,0,0.0,0.0,0.0,0,8.8,0,0,2.29,0
2021,4,30,4,0,0.0,0.0,0.0,0,8.78,0,0,2.03,0
2021,4,30,5,0,0.0,0.0,0.0,0,8.69,0,0,2.01,0
2021,4,30,6,0,58.41,4.4,5.4,0,8.52,0,0,2.04,0
2021,4,30,7,0,487.42,31.97,133.95,0,9.46,0,0,2.0,0
2021,4,30,8,0,769.08,50.8,329.6,0,11.65,0,0,1.87,0
2021,4,30,9,0,867.75,57.65,501.0,0,14.73,0,0,2.0,0
2021,4,30,10,0,836.96,103.83,617.67,0,17.32,0,0,1.6,0
2021,4,30,11,0,804.62,140.3,662.08,0,18.67,0,0,1.41,0
2021,4,30,12,0,738.6,171.1,655.95,0,19.37,0,0,1.44,0
2021,4,30,13,0,712.33,152.92,582.1,0,19.7,0,0,1.64,0
2021,4,30,14,0,760.98,100.63,463.17,0,19.63,0,0,1.98,0
2021,4,30,15,0,651.68,72.69,303.27,0,19.03,0,0,2.36,0
2021,4,30,16,0,460.65,39.34,120.9,0,17.54,0,0,2.65,0
2021,4,30,17,0,68.25,3.57,4.35,0,14.55,0,0,3.51,0
2021,4,30,18,0,0.0,0.0,0.0,0,12.76,0,0,4.03,0
2021,4,30,19,0,0.0,0.0,0.0,0,11.79,0,0,3.83,0
2021,4,30,20,0,0.0,0.0,0.0,0,11.14,0,0,3.4,0
2021,4,30,21,0,0.0,0.0,0.0,0,10.47,0,0,3.31,0
2021,4,30,22,0,0.0,0.0,0.0,0,10.05,0,0,3.21,0
2021,4,30,23,0,0.0,0.0,0.0,0,9.93,0,0,3.12,0
2021,5,1,0,0,0.0,0.0,0.0,0,9.89,0,0,2.99,0
2021,5,1,1,0,0.0,0.0,0.0,0,9.81,0,0,2.96,0
2021,5,1,2,0,0.0,0.0,0.0,0,9.74,0,0,3.01,0
2021,5,1,3,0,0.0,0.0,0.0,0,9.69,0,0,3.09,0
2021,5,1,4,0,0.0,0.0,0.0,0,9.64,0,0,3.16,0
2021,5,1,5,0,0.0,0.0,0.0,0,9.57,0,0,3.23,0
2021,5,1,6,0,80.23,4.06,4.85,0,9.51,0,0,3.36,0
2021,5,1,7,0,439.05,43.77,124.6,0,10.54,0,0,3.24,0
2021,5,1,8,0,649.89,69.85,311.33,0,12.46,0,0,3.42,0
2021,5,1,9,0,888.31,56.82,483.4,0,14.97,0,0,3.51,0
2021,5,1,10,0,935.02,52.24,618.1,0,17.16,0,0,3.0,0
2021,5,1,11,0,707.11,153.64,651.85,0,18.43,0,0,2.21,0
2021,5,1,12,0,587.28,217.47,620.33,0,19.11,0,0,1.64,0
2021,5,1,13,0,549.56,200.88,523.83,0,19.47,0,0,1.42,0
2021,5,1,14,0,539.84,186.71,420.4,0,19.5,0,0,1.38,0
2021,5,1,15,0,639.46,49.52,253.73,0,19.0,0,0,1.43,0
2021,5,1,16,0,511.99,31.09,110.38,0,17.76,0,0,1.69,0
2021,5,1,17,0,0.0,0.0,0.0,0,15.6,0,0,2.56,0
2021,5,1,18,0,0.0,0.0,0.0,0,14.14,0,0,3.28,0
2021,5,1,19,0,0.0,0.0,0.0,0,13.16,0,0,3.67,0
2021,5,1,20,0,0.0,0.0,0.0,0,12.68,0,0,3.69,0
2021,5,1,21,0,0.0,0.0,0.0,0,12.43,0,0,3.49,0
2021,5,1,22,0,0.0,0.0,0.0,0,12.13,0,0,3.28,0
2021,5,1,23,0,0.0,0.0,0.0,0,11.75,0,0,3.1,0
2021,5,2,0,0,0.0,0.0,0.0,0,11.47,0,0,3.02,0
2021,5,2,1,0,0.0,0.0,0.0,0,11.34,0,0,3.02,0
2021,5,2,2,0,0.0,0.0,0.0,0,11.19,0,0,2.96,0
2021,5,2,3,0,0.0,0.0,0.0,0,11.0,0,0,2.91,0
2021,5,2,4,0,0.0,0.0,0.0,0,10.8,0,0,2.68,0
2021,5,2,5,0,0.0,0.0,0.0,0,10.65,0,0,2.38,0
2021,5,2,6,0,8.62,3.84,3.15,0,10.51,0,0,2.11,0
2021,5,2,7,0,25.14,63.54,65.65,0,10.88,0,0,1.95,0
2021,5,2,8,0,89.54,151.58,163.23,0,11.9,0,0,1.86,0
2021,5,2,9,0,9.03,217.09,268.12,0,13.38,0,0,1.92,0
2021,5,2,10,0,69.86,260.17,322.83,0,15.0,0,0,2.1,0
2021,5,2,11,0,271.81,291.05,449.6,0,16.22,0,0,2.01,0
2021,5,2,12,0,150.73,312.26,412.2,0,16.97,0,0,1.83,0
2021,5,2,13,0,166.37,268.33,364.7,0,17.28,0,0,1.6,0
2021,5,2,14,0,200.83,189.93,275.42,0,17.26,0,0,1.38,0
2021,5,2,15,0,287.27,126.84,168.25,0,16.88,0,0,1.07,0
2021,5,2,16,0,192.76,60.57,65.78,0,16.06,0,0,0.86,0
2021,5,2,17,0,0.0,0.0,0.0,0,15.17,0,0,0.87,0
2021,5,2,18,0,0.0,0.0,0.0,0,14.56,0,0,1.07,0
2021,5,2,19,0,0.0,0.0,0.0,0,13.92,0,0,1.44,0
2021,5,2,20,0,0.0,0.0,0.0,0,13.27,0,0,1.79,0
2021,5,2,21,0,0.0,0.0,0.0,0,12.54,0,0,2.07,0
2021,5,2,22,0,0.0,0.0,0.0,0,11.72,0,0,2.27,0
2021,5,2,23,0,0.0,0.0,0.0,0,10.89,0,0,2.63,0
2021,5,3,0,0,0.0,0.0,0.0,0,10.39,0,0,3.03,0
2021,5,3,1,0,0.0,0.0,0.0,0,10.26,0,0,2.88,0
2021,5,3,2,0,0.0,0.0,0.0,0,10.14,0,0,2.48,0
2021,5,3,3,0,0.0,0.0,0.0,0,10.05,0,0,2.34,0
2021,5,3,4,0,0.0,0.0,0.0,0,9.86,0,0,2.21,0
2021,5,3,5,0,0.0,0.0,0.0,0,9.5,0,0,2.07,0
2021,5,3,6,0,0.0,0.0,0.0,0,9.16,0,0,2.09,0
2021,5,3,7,0,514.69,35.43,120.82,0,9.79,0,0,1.96,0
2021,5,3,8,0,561.32,78.02,289.58,0,12.14,0,0,1.18,0
2021,5,3,9,0,802.93,77.82,452.02,0,14.94,0,0,2.17,0
2021,5,3,10,0,789.79,101.79,578.47,0,17.36,0,0,3.05,0
2021,5,3,11,0,759.01,105.96,631.25,0,18.52,0,0,3.25,0
2021,5,3,12,0,651.43,177.34,580.62,0,18.9,0,0,3.1,0
2021,5,3,13,0,605.43,115.09,495.2,0,19.05,0,0,2.65,0
2021,5,3,14,0,651.43,86.88,361.5,0,18.95,0,0,2.38,0
2021,5,3,15,0,332.14,120.05,223.98,0,18.51,0,0,2.35,0
2021,5,3,16,0,259.72,63.22,88.12,0,17.23,0,0,2.5,0
2021,5,3,17,0,0.0,0.0,0.0,0,15.11,0,0,3.1,0
2021,5,3,18,0,0.0,0.0,0.0,0,13.83,0,0,3.29,0
2021,5,3,19,0,0.0,0.0,0.0,0,13.09,0,0,2.92,0
2021,5,3,20,0,0.0,0.0,0.0,0,12.41,0,0,2.95,0
2021,5,3,21,0,0.0,0.0,0.0,0,12.0,0,0,3.12,0
2021,5,3,22,0,0.0,0.0,0.0,0,11.7,0,0,2.92,0
2021,5,3,23,0,0.0,0.0,0.0,0,11.48,0,0,2.77,0
2021,5,4,0,0,0.0,0.0,0.0,0,11.23,0,0,2.66,0
2021,5,4,1,0,0.0,0.0,0.0,0,11.02,0,0,2.74,0
2021,5,4,2,0,0.0,0.0,0.0,0,10.89,0,0,2.87,0
2021,5,4,3,0,0.0,0.0,0.0,0,10.81,0,0,2.61,0
2021,5,4,4,0,0.0,0.0,0.0,0,10.65,0,0,2.33,0
2021,5,4,5,0,0.0,0.0,0.0,0,10.5,0,0,2.42,0
2021,5,4,6,0,0.0,0.0,0.0,0,10.46,0,0,2.66,0
2021,5,4,7,0,16.88,22.96,23.88,0,10.49,0,0,2.68,0
2021,5,4,8,0,12.33,44.01,54.95,0,10.33,0,0,2.56,0
2021,5,4,9,0,0.0,66.71,83.32,0,9.94,0,0,2.19,0
2021,5,4,10,0,0.0,47.76,56.8,0,9.84,0,0,1.64,0
2021,5,4,11,0,54.87,121.98,170.55,0,9.86,0,0,1.04,0
2021,5,4,12,0,52.69,111.18,151.02,0,9.88,0,0,0.7,0
2021,5,4,13,0,0.7,103.12,122.78,0,9.96,0,0,0.76,0
2021,5,4,14,0,0.0,80.91,98.32,0,10.28,0,0,1.1,0
2021,5,4,15,0,0.0,46.01,56.75,0,10.36,0,0,1.34,0
2021,5,4,16,0,0.0,11.65,12.35,0,9.93,0,0,1.6,0
2021,5,4,17,0,0.0,0.0,0.0,0,9.09,0,0,1.8,0
2021,5,4,18,0,0.0,0.0,0.0,0,8.74,0,0,1.87,0
2021,5,4,19,0,0.0,0.0,0.0,0,8.41,0,0,1.93,0
2021,5,4,20,0,0.0,0.0,0.0,0,8.23,0,0,1.84,0
2021,5,4,21,0,0.0,0.0,0.0,0,8.06,0,0,1.94,0
2021,5,4,22,0,0.0,0.0,0.0,0,7.89,0,0,2.06,0
2021,5,4,23,0,0.0,0.0,0.0,0,7.78,0,0,2.11,0
2021,5,5,0,0,0.0,0.0,0.0,0,7.72,0,0,2.11,0
2021,5,5,1,0,0.0,0.0,0.0,0,7.64,0,0,1.96,0
2021,5,5,2,0,0.0,0.0,0.0,0,7.55,0,0,1.95,0
2021,5,5,3,0,0.0,0.0,0.0,0,7.45,0,0,1.98,0
2021,5,5,4,0,0.0,0.0,0.0,0,7.41,0,0,2.17,0
2021,5,5,5,0,0.0,0.0,0.0,0,7.39,0,0,2.12,0
2021,5,5,6,0,0.0,0.0,0.0,0,7.37,0,0,2.05,0
2021,5,5,7,0,44.9,39.73,51.62,0,7.7,0,0,2.17,0
2021,5,5,8,0,70.85,100.39,117.9,0,8.45,0,0,1.9,0
2021,5,5,9,0,0.0,116.17,145.1,0,9.67,0,0,2.08,0
2021,5,5,10,0,57.45,192.43,254.15,0,11.41,0,0,3.28,0
2021,5,5,11,0,49.44,230.67,294.8,0,13.09,0,0,4.13,0
2021,5,5,12,0,58.34,171.85,227.43,0,14.32,0,0,4.57,0
2021,5,5,13,0,140.75,174.71,265.45,0,14.95,0,0,4.44,0
2021,5,5,14,0,101.65,155.55,214.93,0,15.1,0,0,4.11,0
2021,5,5,15,0,167.05,85.09,111.3,0,14.67,0,0,3.48,0
2021,5,5,16,0,121.41,32.12,46.0,0,13.74,0,0,2.98,0
2021,5,5,17,0,0.0,0.0,0.0,0,11.92,0,0,3.31,0
2021,5,5,18,0,0.0,0.0,0.0,0,10.98,0,0,3.35,0
2021,5,5,19,0,0.0,0.0,0.0,0,10.44,0,0,3.06,0
2021,5,5,20,0,0.0,0.0,0.0,0,10.37,0,0,2.99,0
2021,5,5,21,0,0.0,0.0,0.0,0,10.37,0,0,2.92,0
2021,5,5,22,0,0.0,0.0,0.0,0,10.24,0,0,2.93,0
2021,5,5,23,0,0.0,0.0,0.0,0,10.15,0,0,3.23,0
2021,5,6,0,0,0.0,0.0,0.0,0,10.17,0,0,3.56,0
2021,5,6,1,0,0.0,0.0,0.0,0,10.09,0,0,3.28,0
2021,5,6,2,0,0.0,0.0,0.0,0,10.04,0,0,3.26,0
2021,5,6,3,0,0.0,0.0,0.0,0,10.01,0,0,3.15,0
2021,5,6,4,0,0.0,0.0,0.0,0,10.09,0,0,3.31,0
2021,5,6,5,0,0.0,0.0,0.0,0,10.25,0,0,3.61,0
2021,5,6,6,0,0.0,0.0,0.0,0,10.36,0,0,3.8,0
2021,5,6,7,0,219.07,39.29,77.0,0,11.14,0,0,4.16,0
2021,5,6,8,0,161.83,95.41,150.73,0,12.28,0,0,4.71,0
2021,5,6,9,0,99.87,147.11,205.25,0,13.57,0,0,6.12,0
2021,5,6,10,0,59.26,167.13,223.4,0,14.97,0,0,6.72,0
2021,5,6,11,0,189.74,222.44,343.48,0,16.17,0,0,6.85,0
2021,5,6,12,0,138.68,230.83,371.23,0,16.9,0,0,7.11,0
2021,5,6,13,0,145.2,278.86,372.25,0,17.04,0,0,7.11,0
2021,5,6,14,0,104.59,199.94,270.2,0,16.79,0,0,6.63,0
2021,5,6,15,0,295.51,91.12,152.6,0,16.15,0,0,5.58,0
2021,5,6,16,0,166.41,40.93,63.92,0,15.15,0,0,4.75,0
2021,5,6,17,0,0.0,0.0,0.0,0,13.67,0,0,4.37,0
2021,5,6,18,0,0.0,0.0,0.0,0,12.89,0,0,4.11,0
2021,5,6,19,0,0.0,0.0,0.0,0,12.16,0,0,3.59,0
2021,5,6,20,0,0.0,0.0,0.0,0,11.55,0,0,3.18,0
2021,5,6,21,0,0.0,0.0,0.0,0,11.39,0,0,2.98,0
2021,5,6,22,0,0.0,0.0,0.0,0,11.33,0,0,2.97,0
2021,5,6,23,0,0.0,0.0,0.0,0,11.43,0,0,3.49,0
2021,5,7,0,0,0.0,0.0,0.0,0,11.62,0,0,3.96,0
2021,5,7,1,0,0.0,0.0,0.0,0,11.69,0,0,3.63,0
2021,5,7,2,0,0.0,0.0,0.0,0,11.58,0,0,3.44,0
2021,5,7,3,0,0.0,0.0,0.0,0,11.52,0,0,3.33,0
2021,5,7,4,0,0.0,0.0,0.0,0,11.41,0,0,3.1,0
2021,5,7,5,0,0.0,0.0,0.0,0,11.3,0,0,3.24,0
2021,5,7,6,0,0.0,0.0,0.0,0,11.12,0,0,3.06,0
2021,5,7,7,0,262.57,46.44,71.62,0,11.61,0,0,2.59,0
2021,5,7,8,0,377.33,104.36,174.9,0,12.57,0,0,2.37,0
2021,5,7,9,0,209.79,196.41,314.4,0,13.94,0,0,3.16,0
2021,5,7,10,0,153.54,306.9,392.17,0,15.69,0,0,2.91,0
2021,5,7,11,0,178.97,274.75,395.9,0,17.61,0,0,2.36,0
2021,5,7,12,0,113.78,301.49,376.83,0,18.83,0,0,1.95,0
2021,5,7,13,0,528.15,121.08,374.17,0,19.31,0,0,2.0,0
2021,5,7,14,0,427.07,106.32,303.73,0,19.16,0,0,2.52,0
2021,5,7,15,0,529.06,61.2,204.45,0,18.43,0,0,2.86,0
2021,5,7,16,0,238.12,41.0,83.5,0,16.95,0,0,2.83,0
2021,5,7,17,0,0.0,0.0,0.0,0,14.79,0,0,3.31,0
2021,5,7,18,0,0.0,0.0,0.0,0,13.34,0,0,3.4,0
2021,5,7,19,0,0.0,0.0,0.0,0,12.53,0,0,3.06,0
2021,5,7,20,0,0.0,0.0,0.0,0,11.98,0,0,2.76,0
2021,5,7,21,0,0.0,0.0,0.0,0,11.47,0,0,2.56,0
2021,5,7,22,0,0.0,0.0,0.0,0,10.91,0,0,2.65,0
2021,5,7,23,0,0.0,0.0,0.0,0,10.44,0,0,2.8,0
2021,5,8,0,0,0.0,0.0,0.0,0,10.11,0,0,2.77,0
2021,5,8,1,0,0.0,0.0,0.0,0,9.36,0,0,3.43,0
2021,5,8,2,0,0.0,0.0,0.0,0,9.4,0,0,4.23,0
2021,5,8,3,0,0.0,0.0,0.0,0,9.93,0,0,3.53,0
2021,5,8,4,0,0.0,0.0,0.0,0,9.88,0,0,2.96,0
2021,5,8,5,0,0.0,0.0,0.0,0,9.68,0,0,2.89,0
2021,5,8,6,0,0.0,0.0,0.0,0,9.65,0,0,2.64,0
2021,5,8,7,0,159.53,79.62,92.28,0,10.18,0,0,2.2,0
2021,5,8,8,0,266.87,175.99,235.38,0,11.69,0,0,1.71,0
2021,5,8,9,0,218.17,260.7,373.92,0,13.9,0,0,2.51,0
2021,5,8,10,0,450.13,244.41,480.25,0,16.12,0,0,3.69,0
2021,5,8,11,0,265.02,374.57,527.8,0,17.1,0,0,3.93,0
2021,5,8,12,0,327.24,309.3,483.9,0,17.87,0,0,4.04,0
2021,5,8,13,0,205.62,270.82,403.42,0,17.99,0,0,4.17,0
2021,5,8,14,0,160.3,250.82,352.6,0,17.27,0,0,4.11,0
2021,5,8,15,0,114.36,161.87,207.32,0,16.38,0,0,3.75,0
2021,5,8,16,0,55.4,62.92,67.4,0,15.53,0,0,3.5,0
2021,5,8,17,0,0.0,0.0,0.0,0,14.07,0,0,3.34,0
2021,5,8,18,0,0.0,0.0,0.0,0,13.25,0,0,3.08,0
2021,5,8,19,0,0.0,0.0,0.0,0,12.54,0,0,2.63,0
2021,5,8,20,0,0.0,0.0,0.0,0,11.82,0,0,2.43,0
2021,5,8,21,0,0.0,0.0,0.0,0,11.25,0,0,2.44,0
2021,5,8,22,0,0.0,0.0,0.0,0,10.87,0,0,2.58,0
2021,5,8,23,0,0.0,0.0,0.0,0,10.65,0,0,2.61,0
2021,5,9,0,0,0.0,0.0,0.0,0,10.52,0,0,2.49,0
2021,5,9,1,0,0.0,0.0,0.0,0,10.34,0,0,2.36,0
2021,5,9,2,0,0.0,0.0,0.0,0,10.17,0,0,1.88,0
2021,5,9,3,0,0.0,0.0,0.0,0,9.84,0,0,1.64,0
2021,5,9,4,0,0.0,0.0,0.0,0,9.6,0,0,1.68,0
2021,5,9,5,0,0.0,0.0,0.0,0,9.27,0,0,1.92,0
2021,5,9,6,0,0.0,0.0,0.0,0,8.76,0,0,2.2,0
2021,5,9,7,0,2.91,43.43,46.2,0,8.96,0,0,2.38,0
2021,5,9,8,0,48.17,106.22,118.15,0,11.09,0,0,1.85,0
2021,5,9,9,0,69.22,175.29,207.7,0,13.92,0,0,1.24,0
2021,5,9,10,0,63.45,229.58,282.67,0,16.08,0,0,1.08,0
2021,5,9,11,0,115.46,322.1,401.12,0,17.28,0,0,1.3,0
2021,5,9,12,0,416.01,222.65,428.52,0,17.69,0,0,1.54,0
2021,5,9,13,0,418.04,175.36,350.65,0,17.4,0,0,1.67,0
2021,5,9,14,0,246.69,169.24,266.2,0,16.77,0,0,1.6,0
2021,5,9,15,0,222.61,102.0,162.18,0,15.98,0,0,1.46,0
2021,5,9,16,0,131.39,37.36,53.85,0,14.96,0,0,1.4,0
2021,5,9,17,0,0.0,0.0,0.0,0,13.5,0,0,1.83,0
2021,5,9,18,0,0.0,0.0,0.0,0,12.48,0,0,2.25,0
2021,5,9,19,0,0.0,0.0,0.0,0,11.89,0,0,2.27,0
2021,5,9,20,0,0.0,0.0,0.0,0,11.39,0,0,2.11,0
2021,5,9,21,0,0.0,0.0,0.0,0,10.83,0,0,2.2,0
2021,5,9,22,0,0.0,0.0,0.0,0,10.36,0,0,2.4,0
2021,5,9,23,0,0.0,0.0,0.0,0,10.04,0,0,2.13,0
2021,5,10,0,0,0.0,0.0,0.0,0,9.78,0,0,1.59,0
2021,5,10,1,0,0.0,0.0,0.0,0,9.46,0,0,1.4,0
2021,5,10,2,0,0.0,0.0,0.0,0,8.88,0,0,1.8,0
2021,5,10,3,0,0.0,0.0,0.0,0,8.23,0,0,2.47,0
2021,5,10,4,0,0.0,0.0,0.0,0,7.7,0,0,3.14,0
2021,5,10,5,0,0.0,0.0,0.0,0,7.62,0,0,3.3,0
2021,5,10,6,0,0.0,0.0,0.0,0,7.49,0,0,3.36,0
2021,5,10,7,0,217.78,37.75,90.55,0,8.3,0,0,3.08,0
2021,5,10,8,0,391.5,80.85,208.4,0,10.65,0,0,2.66,0
2021,5,10,9,0,413.54,119.02,303.05,0,13.23,0,0,3.76,0
2021,5,10,10,0,578.13,125.22,356.88,0,14.72,0,0,4.51,0
2021,5,10,11,0,659.33,168.23,313.5,0,15.45,0,0,4.98,0
2021,5,10,12,0,130.04,264.92,372.27,0,15.81,0,0,5.24,0
2021,5,10,13,0,239.12,257.87,373.3,0,15.98,0,0,5.34,0
2021,5,10,14,0,513.55,89.0,296.58,0,15.7,0,0,5.25,0
2021,5,10,15,0,268.55,83.39,193.93,0,15.11,0,0,4.95,0
2021,5,10,16,0,293.63,35.77,72.57,0,14.09,0,0,4.12,0
2021,5,10,17,0,0.0,0.0,0.0,0,12.56,0,0,3.5,0
2021,5,10,18,0,0.0,0.0,0.0,0,11.81,0,0,3.36,0
2021,5,10,19,0,0.0,0.0,0.0,0,11.36,0,0,3.44,0
2021,5,10,20,0,0.0,0.0,0.0,0,10.97,0,0,3.53,0
2021,5,10,21,0,0.0,0.0,0.0,0,10.53,0,0,3.58,0
2021,5,10,22,0,0.0,0.0,0.0,0,10.35,0,0,3.69,0
2021,5,10,23,0,0.0,0.0,0.0,0,10.42,0,0,3.45,0
2021,5,11,0,0,0.0,0.0,0.0,0,10.45,0,0,3.44,0
2021,5,11,1,0,0.0,0.0,0.0,0,10.47,0,0,3.41,0
2021,5,11,2,0,0.0,0.0,0.0,0,10.36,0,0,3.09,0
2021,5,11,3,0,0.0,0.0,0.0,0,10.17,0,0,2.67,0
2021,5,11,4,0,0.0,0.0,0.0,0,9.77,0,0,2.65,0
2021,5,11,5,0,0.0,0.0,0.0,0,9.36,0,0,2.45,0
2021,5,11,6,0,0.0,0.0,0.0,0,9.08,0,0,2.63,0
2021,5,11,7,0,69.31,38.72,56.22,0,9.37,0,0,2.39,0
2021,5,11,8,0,236.99,96.34,144.48,0,9.8,0,0,2.94,0
2021,5,11,9,0,242.88,144.11,234.4,0,10.71,0,0,3.46,0
2021,5,11,10,0,138.71,275.29,359.33,0,11.77,0,0,3.72,0
2021,5,11,11,0,260.97,268.16,410.92,0,12.36,0,0,3.72,0
2021,5,11,12,0,180.95,293.69,413.1,0,12.74,0,0,3.52,0
2021,5,11,13,0,598.64,145.79,342.98,0,12.96,0,0,3.18,0
2021,5,11,14,0,242.65,139.69,258.4,0,12.87,0,0,2.76,0
2021,5,11,15,0,209.79,105.3,166.02,0,12.33,0,0,2.4,0
2021,5,11,16,0,123.2,36.2,50.22,0,11.33,0,0,2.11,0
2021,5,11,17,0,0.0,0.0,0.0,0,10.1,0,0,2.03,0
2021,5,11,18,0,0.0,0.0,0.0,0,9.18,0,0,2.1,0
2021,5,11,19,0,0.0,0.0,0.0,0,8.52,0,0,1.93,0
2021,5,11,20,0,0.0,0.0,0.0,0,8.05,0,0,1.77,0
2021,5,11,21,0,0.0,0.0,0.0,0,7.72,0,0,1.51,0
2021,5,11,22,0,0.0,0.0,0.0,0,7.46,0,0,1.41,0
2021,5,11,23,0,0.0,0.0,0.0,0,7.3,0,0,1.6,0
2021,5,12,0,0,0.0,0.0,0.0,0,7.13,0,0,1.95,0
2021,5,12,1,0,0.0,0.0,0.0,0,6.7,0,0,2.3,0
2021,5,12,2,0,0.0,0.0,0.0,0,6.37,0,0,2.59,0
2021,5,12,3,0,0.0,0.0,0.0,0,6.38,0,0,2.7,0
2021,5,12,4,0,0.0,0.0,0.0,0,6.62,0,0,2.6,0
2021,5,12,5,0,0.0,0.0,0.0,0,6.66,0,0,2.36,0
2021,5,12,6,0,0.0,0.0,0.0,0,6.79,0,0,2.49,0
2021,5,12,7,0,265.45,39.27,86.68,0,7.05,0,0,2.35,0
2021,5,12,8,0,578.95,69.58,235.88,0,8.02,0,0,2.54,0
2021,5,12,9,0,640.23,81.84,369.95,0,10.32,0,0,3.43,0
2021,5,12,10,0,466.69,213.7,502.0,0,13.01,0,0,3.77,0
2021,5,12,11,0,511.17,216.42,542.7,0,14.55,0,0,3.81,0
2021,5,12,12,0,481.38,243.43,532.6,0,15.13,0,0,3.68,0
2021,5,12,13,0,528.13,145.06,436.48,0,15.29,0,0,3.4,0
2021,5,12,14,0,472.64,150.43,350.15,0,15.38,0,0,3.06,0
2021,5,12,15,0,371.61,97.1,214.25,0,15.04,0,0,2.7,0
2021,5,12,16,0,266.12,38.16,75.53,0,13.85,0,0,2.17,0
2021,5,12,17,0,0.0,0.0,0.0,0,11.89,0,0,2.48,0
2021,5,12,18,0,0.0,0.0,0.0,0,10.81,0,0,2.76,0
2021,5,12,19,0,0.0,0.0,0.0,0,9.94,0,0,2.93,0
2021,5,12,20,0,0.0,0.0,0.0,0,9.18,0,0,3.03,0
2021,5,12,21,0,0.0,0.0,0.0,0,8.53,0,0,3.15,0
2021,5,12,22,0,0.0,0.0,0.0,0,8.1,0,0,3.17,0
2021,5,12,23,0,0.0,0.0,0.0,0,7.72,0,0,3.16,0
2021,5,13,0,0,0.0,0.0,0.0,0,7.67,0,0,2.75,0
2021,5,13,1,0,0.0,0.0,0.0,0,7.82,0,0,2.08,0
2021,5,13,2,0,0.0,0.0,0.0,0,7.82,0,0,1.78,0
2021,5,13,3,0,0.0,0.0,0.0,0,7.92,0,0,1.64,0
2021,5,13,4,0,0.0,0.0,0.0,0,8.11,0,0,1.18,0
2021,5,13,5,0,0.0,0.0,0.0,0,8.07,0,0,0.93,0
2021,5,13,6,0,0.0,0.0,0.0,0,7.7,0,0,0.73,0
2021,5,13,7,0,220.49,31.82,75.97,0,7.77,0,0,0.64,0
2021,5,13,8,0,436.6,79.68,218.45,0,8.96,0,0,1.07,0
2021,5,13,9,0,575.1,92.26,352.9,0,11.27,0,0,2.12,0
2021,5,13,10,0,739.8,96.04,471.35,0,13.63,0,0,3.18,0
2021,5,13,11,0,693.9,171.08,587.42,0,14.74,0,0,3.54,0
2021,5,13,12,0,615.51,182.46,587.9,0,15.33,0,0,3.72,0
2021,5,13,13,0,593.39,168.85,535.78,0,15.51,0,0,4.09,0
2021,5,13,14,0,547.92,123.95,377.02,0,15.16,0,0,4.57,0
2021,5,13,15,0,449.14,109.47,230.73,0,14.32,0,0,4.84,0
2021,5,13,16,0,185.66,45.64,70.85,0,12.89,0,0,4.73,0
2021,5,13,17,0,0.0,0.0,0.0,0,11.25,0,0,4.43,0
2021,5,13,18,0,0.0,0.0,0.0,0,10.27,0,0,4.08,0
2021,5,13,19,0,0.0,0.0,0.0,0,9.33,0,0,4.05,0
2021,5,13,20,0,0.0,0.0,0.0,0,8.58,0,0,4.19,0
2021,5,13,21,0,0.0,0.0,0.0,0,8.16,0,0,4.41,0
2021,5,13,22,0,0.0,0.0,0.0,0,7.96,0,0,4.7,0
2021,5,13,23,0,0.0,0.0,0.0,0,7.38,0,0,4.28,0
2021,5,14,0,0,0.0,0.0,0.0,0,6.58,0,0,3.99,0
2021,5,14,1,0,0.0,0.0,0.0,0,5.91,0,0,4.04,0
2021,5,14,2,0,0.0,0.0,0.0,0,5.37,0,0,4.2,0
2021,5,14,3,0,0.0,0.0,0.0,0,4.94,0,0,4.32,0
2021,5,14,4,0,0.0,0.0,0.0,0,4.96,0,0,4.08,0
2021,5,14,5,0,0.0,0.0,0.0,0,5.52,0,0,4.97,0
2021,5,14,6,0,0.0,0.0,0.0,0,5.68,0,0,6.04,0
2021,5,14,7,0,438.6,38.84,84.18,0,5.26,0,0,6.24,0
2021,5,14,8,0,538.49,66.82,250.43,0,5.51,0,0,6.07,0
2021,5,14,9,0,870.32,58.72,416.2,0,6.5,0,0,5.79,0
2021,5,14,10,0,808.97,112.67,562.55,0,7.9,0,0,5.78,0
2021,5,14,11,0,880.01,92.0,632.2,0,9.24,0,0,5.89,0
2021,5,14,12,0,824.49,128.34,618.33,0,10.18,0,0,5.98,0
2021,5,14,13,0,674.57,157.39,522.9,0,10.59,0,0,6.11,0
2021,5,14,14,0,657.17,100.5,365.52,0,10.47,0,0,6.2,0
2021,5,14,15,0,466.23,89.37,217.55,0,9.86,0,0,6.11,0
2021,5,14,16,0,163.54,34.71,58.08,0,8.76,0,0,5.67,0
2021,5,14,17,0,0.0,0.0,0.0,0,7.2,0,0,5.19,0
2021,5,14,18,0,0.0,0.0,0.0,0,6.56,0,0,5.13,0
2021,5,14,19,0,0.0,0.0,0.0,0,6.04,0,0,4.92,0
2021,5,14,20,0,0.0,0.0,0.0,0,5.59,0,0,4.67,0
2021,5,14,21,0,0.0,0.0,0.0,0,5.25,0,0,4.74,0
2021,5,14,22,0,0.0,0.0,0.0,0,4.94,0,0,4.73,0
2021,5,14,23,0,0.0,0.0,0.0,0,4.72,0,0,4.63,0
2021,5,15,0,0,0.0,0.0,0.0,0,4.41,0,0,4.4,0
2021,5,15,1,0,0.0,0.0,0.0,0,4.13,0,0,4.14,0
2021,5,15,2,0,0.0,0.0,0.0,0,3.9,0,0,4.08,0
2021,5,15,3,0,0.0,0.0,0.0,0,3.75,0,0,4.08,0
2021,5,15,4,0,0.0,0.0,0.0,0,3.61,0,0,4.22,0
2021,5,15,5,0,0.0,0.0,0.0,0,3.6,0,0,4.76,0
2021,5,15,6,0,0.0,0.0,0.0,0,3.84,0,0,5.27,0
2021,5,15,7,0,246.02,36.66,56.88,0,4.41,0,0,5.49,0
2021,5,15,8,0,563.0,71.46,150.45,0,5.29,0,0,6.76,0
2021,5,15,9,0,407.52,121.47,233.45,0,6.5,0,0,7.59,0
2021,5,15,10,0,327.61,128.29,292.38,0,7.23,0,0,8.03,0
2021,5,15,11,0,233.68,239.81,372.08,0,7.46,0,0,8.55,0
2021,5,15,12,0,166.17,292.06,404.45,0,7.82,0,0,8.87,0
2021,5,15,13,0,564.85,132.58,353.0,0,8.03,0,0,8.68,0
2021,5,15,14,0,568.31,78.44,289.02,0,7.92,0,0,8.29,0
2021,5,15,15,0,488.92,47.21,197.88,0,7.52,0,0,7.86,0
2021,5,15,16,0,406.92,22.29,75.05,0,6.55,0,0,7.28,0
2021,5,15,17,0,0.0,0.0,0.0,0,4.8,0,0,6.56,0
2021,5,15,18,0,0.0,0.0,0.0,0,3.94,0,0,6.07,0
2021,5,15,19,0,0.0,0.0,0.0,0,3.34,0,0,5.66,0
2021,5,15,20,0,0.0,0.0,0.0,0,2.76,0,0,5.03,0
2021,5,15,21,0,0.0,0.0,0.0,0,2.13,0,0,4.24,0
2021,5,15,22,0,0.0,0.0,0.0,0,1.53,0,0,3.85,0
2021,5,15,23,0,0.0,0.0,0.0,0,0.93,0,0,3.55,0
2021,5,16,0,0,0.0,0.0,0.0,0,0.41,0,0,2.9,0
2021,5,16,1,0,0.0,0.0,0.0,0,-0.16,0,0,2.87,0
2021,5,16,2,0,0.0,0.0,0.0,0,-0.59,0,0,2.93,0
2021,5,16,3,0,0.0,0.0,0.0,0,-0.95,0,0,2.91,0
2021,5,16,4,0,0.0,0.0,0.0,0,-1.28,0,0,2.78,0
2021,5,16,5,0,0.0,0.0,0.0,0,-1.53,0,0,2.81,0
2021,5,16,6,0,0.0,0.0,0.0,0,-1.73,0,0,2.69,0
2021,5,16,7,0,512.23,22.21,103.5,0,-1.03,0,0,2.38,0
2021,5,16,8,0,825.84,36.15,292.52,0,1.47,0,0,1.76,0
2021,5,16,9,0,951.77,34.69,458.52,0,4.82,0,0,2.8,0
2021,5,16,10,0,976.66,40.07,576.53,0,7.41,0,0,3.08,0
2021,5,16,11,0,986.64,42.94,638.12,0,8.9,0,0,3.34,0
2021,5,16,12,0,985.83,43.36,636.55,0,9.75,0,0,3.79,0
2021,5,16,13,0,946.78,44.37,568.78,0,10.04,0,0,4.18,0
2021,5,16,14,0,898.48,42.54,433.52,0,9.73,0,0,4.52,0
2021,5,16,15,0,696.66,46.28,263.92,0,8.86,0,0,4.63,0
2021,5,16,16,0,363.33,24.77,79.28,0,7.14,0,0,4.28,0
2021,5,16,17,0,0.0,0.0,0.0,0,4.59,0,0,3.81,0
2021,5,16,18,0,0.0,0.0,0.0,0,3.3,0,0,3.74,0
2021,5,16,19,0,0.0,0.0,0.0,0,2.46,0,0,3.97,0
2021,5,16,20,0,0.0,0.0,0.0,0,1.82,0,0,4.17,0
2021,5,16,21,0,0.0,0.0,0.0,0,1.29,0,0,4.28,0
2021,5,16,22,0,0.0,0.0,0.0,0,0.82,0,0,4.34,0
2021,5,16,23,0,0.0,0.0,0.0,0,0.45,0,0,4.42,0
2021,5,17,0,0,0.0,0.0,0.0,0,0.25,0,0,4.39,0
2021,5,17,1,0,0.0,0.0,0.0,0,0.46,0,0,4.33,0
2021,5,17,2,0,0.0,0.0,0.0,0,0.9,0,0,4.64,0
2021,5,17,3,0,0.0,0.0,0.0,0,1.28,0,0,4.62,0
2021,5,17,4,0,0.0,0.0,0.0,0,1.48,0,0,4.6,0
2021,5,17,5,0,0.0,0.0,0.0,0,1.44,0,0,4.12,0
2021,5,17,6,0,0.0,0.0,0.0,0,0.98,0,0,3.73,0
2021,5,17,7,0,239.96,32.04,58.72,0,1.57,0,0,3.27,0
2021,5,17,8,0,317.94,61.05,163.07,0,4.04,0,0,3.09,0
2021,5,17,9,0,567.08,90.79,252.45,0,6.64,0,0,4.24,0
2021,5,17,10,0,469.14,90.62,320.83,0,8.6,0,0,4.39,0
2021,5,17,11,0,280.46,240.62,432.38,0,10.04,0,0,4.18,0
2021,5,17,12,0,254.87,295.64,449.6,0,11.05,0,0,3.82,0
2021,5,17,13,0,381.19,191.15,430.12,0,11.53,0,0,3.5,0
2021,5,17,14,0,165.04,188.19,279.05,0,11.49,0,0,3.18,0
2021,5,17,15,0,240.04,98.01,152.82,0,10.88,0,0,2.9,0
2021,5,17,16,0,152.82,23.19,37.3,0,9.32,0,0,2.58,0
2021,5,17,17,0,0.0,0.0,0.0,0,6.76,0,0,2.91,0
2021,5,17,18,0,0.0,0.0,0.0,0,5.16,0,0,3.43,0
2021,5,17,19,0,0.0,0.0,0.0,0,4.34,0,0,3.57,0
2021,5,17,20,0,0.0,0.0,0.0,0,3.78,0,0,3.18,0
2021,5,17,21,0,0.0,0.0,0.0,0,3.1,0,0,2.82,0
2021,5,17,22,0,0.0,0.0,0.0,0,2.32,0,0,2.72,0
2021,5,17,23,0,0.0,0.0,0.0,0,1.75,0,0,2.49,0
2021,5,18,0,0,0.0,0.0,0.0,0,1.27,0,0,2.28,0
2021,5,18,1,0,0.0,0.0,0.0,0,0.88,0,0,2.16,0
2021,5,18,2,0,0.0,0.0,0.0,0,0.56,0,0,2.1,0
2021,5,18,3,0,0.0,0.0,0.0,0,0.32,0,0,1.94,0
2021,5,18,4,0,0.0,0.0,0.0,0,0.11,0,0,1.89,0
2021,5,18,5,0,0.0,0.0,0.0,0,-0.25,0,0,2.1,0
2021,5,18,6,0,0.0,0.0,0.0,0,-0.53,0,0,2.26,0
2021,5,18,7,0,483.19,19.54,95.8,0,-0.13,0,0,2.45,0
2021,5,18,8,0,792.9,41.16,280.75,0,2.91,0,0,1.82,0
2021,5,18,9,0,888.16,47.76,444.55,0,6.67,0,0,1.19,0
2021,5,18,10,0,876.58,78.05,560.1,0,10.56,0,0,2.68,0
2021,5,18,11,0,963.24,61.45,617.45,0,12.26,0,0,2.85,0
2021,5,18,12,0,899.18,63.89,619.75,0,13.33,0,0,2.77,0
2021,5,18,13,0,963.04,43.77,565.22,0,13.97,0,0,2.59,0
2021,5,18,14,0,931.03,37.41,443.02,0,14.08,0,0,2.38,0
2021,5,18,15,0,821.79,32.41,275.52,0,13.54,0,0,2.08,0
2021,5,18,16,0,458.73,20.79,85.55,0,11.6,0,0,1.87,0
2021,5,18,17,0,0.0,0.0,0.0,0,9.22,0,0,2.03,0
2021,5,18,18,0,0.0,0.0,0.0,0,8.04,0,0,1.87,0
2021,5,18,19,0,0.0,0.0,0.0,0,7.51,0,0,1.41,0
2021,5,18,20,0,0.0,0.0,0.0,0,7.06,0,0,0.86,0
2021,5,18,21,0,0.0,0.0,0.0,0,6.65,0,0,0.42,0
2021,5,18,22,0,0.0,0.0,0.0,0,6.12,0,0,0.73,0
2021,5,18,23,0,0.0,0.0,0.0,0,5.34,0,0,1.31,0
2021,5,19,0,0,0.0,0.0,0.0,0,4.64,0,0,1.76,0
2021,5,19,1,0,0.0,0.0,0.0,0,4.09,0,0,2.01,0
2021,5,19,2,0,0.0,0.0,0.0,0,3.7,0,0,2.15,0
2021,5,19,3,0,0.0,0.0,0.0,0,3.34,0,0,2.22,0
2021,5,19,4,0,0.0,0.0,0.0,0,2.94,0,0,2.36,0
2021,5,19,5,0,0.0,0.0,0.0,0,2.3,0,0,2.66,0
2021,5,19,6,0,0.0,0.0,0.0,0,1.45,0,0,3.13,0
2021,5,19,7,0,446.19,22.34,91.85,0,1.52,0,0,3.38,0
2021,5,19,8,0,754.17,42.08,277.27,0,4.41,0,0,3.01,0
2021,5,19,9,0,910.42,45.58,439.17,0,8.52,0,0,1.83,0
2021,5,19,10,0,933.16,54.77,560.53,0,11.72,0,0,2.51,0
2021,5,19,11,0,973.87,46.17,628.05,0,13.1,0,0,2.62,0
2021,5,19,12,0,970.86,46.21,624.85,0,13.9,0,0,2.73,0
2021,5,19,13,0,952.33,46.29,559.47,0,14.28,0,0,2.71,0
2021,5,19,14,0,923.59,38.02,438.08,0,14.17,0,0,2.61,0
2021,5,19,15,0,804.88,33.86,270.3,0,13.5,0,0,2.4,0
2021,5,19,16,0,438.67,19.89,81.5,0,11.38,0,0,2.36,0
2021,5,19,17,0,0.0,0.0,0.0,0,8.41,0,0,2.92,0
2021,5,19,18,0,0.0,0.0,0.0,0,7.05,0,0,2.85,0
2021,5,19,19,0,0.0,0.0,0.0,0,6.61,0,0,2.44,0
2021,5,19,20,0,0.0,0.0,0.0,0,6.51,0,0,1.88,0
2021,5,19,21,0,0.0,0.0,0.0,0,6.48,0,0,1.38,0
2021,5,19,22,0,0.0,0.0,0.0,0,6.14,0,0,1.16,0
2021,5,19,23,0,0.0,0.0,0.0,0,5.56,0,0,1.33,0
2021,5,20,0,0,0.0,0.0,0.0,0,4.99,0,0,1.82,0
2021,5,20,1,0,0.0,0.0,0.0,0,4.29,0,0,2.33,0
2021,5,20,2,0,0.0,0.0,0.0,0,3.63,0,0,2.67,0
2021,5,20,3,0,0.0,0.0,0.0,0,3.28,0,0,2.8,0
2021,5,20,4,0,0.0,0.0,0.0,0,2.96,0,0,2.98,0
2021,5,20,5,0,0.0,0.0,0.0,0,2.71,0,0,3.17,0
2021,5,20,6,0,0.0,0.0,0.0,0,2.64,0,0,3.24,0
2021,5,20,7,0,446.58,24.24,82.9,0,3.22,0,0,3.09,0
2021,5,20,8,0,646.04,54.39,260.73,0,5.53,0,0,2.65,0
2021,5,20,9,0,790.32,70.82,417.65,0,8.87,0,0,2.79,0
2021,5,20,10,0,827.44,82.82,532.75,0,11.84,0,0,3.66,0
2021,5,20,11,0,858.03,87.92,597.83,0,13.47,0,0,3.92,0
2021,5,20,12,0,718.1,139.58,579.55,0,14.44,0,0,4.12,0
2021,5,20,13,0,636.53,142.87,517.6,0,14.82,0,0,4.06,0
2021,5,20,14,0,688.02,123.13,394.0,0,14.6,0,0,3.79,0
2021,5,20,15,0,652.22,93.21,234.38,0,13.65,0,0,3.26,0
2021,5,20,16,0,45.76,40.93,59.67,0,11.48,0,0,2.73,0
2021,5,20,17,0,0.0,0.0,0.0,0,8.8,0,0,3.15,0
2021,5,20,18,0,0.0,0.0,0.0,0,7.57,0,0,3.31,0
2021,5,20,19,0,0.0,0.0,0.0,0,7.07,0,0,3.34,0
2021,5,20,20,0,0.0,0.0,0.0,0,6.58,0,0,3.17,0
2021,5,20,21,0,0.0,0.0,0.0,0,6.12,0,0,2.95,0
2021,5,20,22,0,0.0,0.0,0.0,0,5.68,0,0,2.89,0
2021,5,20,23,0,0.0,0.0,0.0,0,5.21,0,0,2.98,0
2021,5,21,0,0,0.0,0.0,0.0,0,4.65,0,0,3.26,0
2021,5,21,1,0,0.0,0.0,0.0,0,4.32,0,0,3.45,0
2021,5,21,2,0,0.0,0.0,0.0,0,4.05,0,0,3.6,0
2021,5,21,3,0,0.0,0.0,0.0,0,3.76,0,0,3.92,0
2021,5,21,4,0,0.0,0.0,0.0,0,3.71,0,0,4.07,0
2021,5,21,5,0,0.0,0.0,0.0,0,3.49,0,0,4.16,0
2021,5,21,6,0,0.0,0.0,0.0,0,3.13,0,0,4.17,0
2021,5,21,7,0,363.94,26.3,79.35,0,3.55,0,0,4.38,0
2021,5,21,8,0,704.29,49.43,258.48,0,6.89,0,0,3.57,0
2021,5,21,9,0,819.2,59.38,420.1,0,10.18,0,0,3.21,0
2021,5,21,10,0,854.81,73.66,535.95,0,12.83,0,0,3.43,0
2021,5,21,11,0,727.56,125.78,574.75,0,14.41,0,0,2.63,0
2021,5,21,12,0,753.36,113.55,540.38,0,15.35,0,0,1.98,0
2021,5,21,13,0,534.72,150.42,467.67,0,15.8,0,0,1.7,0
2021,5,21,14,0,599.09,85.14,326.33,0,15.76,0,0,1.71,0
2021,5,21,15,0,519.56,62.03,199.82,0,15.12,0,0,1.89,0
2021,5,21,16,0,163.29,30.03,56.5,0,13.28,0,0,2.34,0
2021,5,21,17,0,0.0,0.0,0.0,0,10.48,0,0,3.28,0
2021,5,21,18,0,0.0,0.0,0.0,0,9.13,0,0,3.7,0
2021,5,21,19,0,0.0,0.0,0.0,0,8.34,0,0,3.51,0
2021,5,21,20,0,0.0,0.0,0.0,0,7.57,0,0,3.47,0
2021,5,21,21,0,0.0,0.0,0.0,0,7.55,0,0,3.19,0
2021,5,21,22,0,0.0,0.0,0.0,0,7.62,0,0,2.69,0
2021,5,21,23,0,0.0,0.0,0.0,0,7.5,0,0,2.54,0
2021,5,22,0,0,0.0,0.0,0.0,0,7.23,0,0,2.62,0
2021,5,22,1,0,0.0,0.0,0.0,0,6.94,0,0,2.39,0
2021,5,22,2,0,0.0,0.0,0.0,0,6.65,0,0,2.16,0
2021,5,22,3,0,0.0,0.0,0.0,0,6.34,0,0,2.24,0
2021,5,22,4,0,0.0,0.0,0.0,0,6.04,0,0,2.38,0
2021,5,22,5,0,0.0,0.0,0.0,0,5.67,0,0,2.14,0
2021,5,22,6,0,0.0,0.0,0.0,0,5.53,0,0,2.25,0
2021,5,22,7,0,253.17,30.34,66.85,0,5.52,0,0,2.24,0
2021,5,22,8,0,605.25,54.29,235.75,0,6.58,0,0,2.32,0
2021,5,22,9,0,734.0,75.28,389.5,0,8.87,0,0,1.91,0
2021,5,22,10,0,838.71,83.25,519.8,0,11.74,0,0,1.1,0
2021,5,22,11,0,866.81,76.06,590.75,0,14.01,0,0,0.31,0
2021,5,22,12,0,873.17,73.43,586.1,0,15.24,0,0,0.85,0
2021,5,22,13,0,841.98,80.33,525.85,0,15.81,0,0,1.14,0
2021,5,22,14,0,812.23,56.45,407.88,0,15.82,0,0,1.16,0
2021,5,22,15,0,715.44,42.67,247.07,0,15.27,0,0,1.08,0
2021,5,22,16,0,332.76,25.01,68.82,0,13.6,0,0,1.13,0
2021,5,22,17,0,0.0,0.0,0.0,0,11.22,0,0,1.69,0
2021,5,22,18,0,0.0,0.0,0.0,0,9.48,0,0,2.38,0
2021,5,22,19,0,0.0,0.0,0.0,0,8.01,0,0,3.04,0
2021,5,22,20,0,0.0,0.0,0.0,0,6.68,0,0,3.57,0
2021,5,22,21,0,0.0,0.0,0.0,0,5.61,0,0,3.83,0
2021,5,22,22,0,0.0,0.0,0.0,0,4.89,0,0,3.81,0
2021,5,22,23,0,0.0,0.0,0.0,0,4.49,0,0,3.6,0
2021,5,23,0,0,0.0,0.0,0.0,0,4.48,0,0,3.26,0
2021,5,23,1,0,0.0,0.0,0.0,0,4.37,0,0,3.08,0
2021,5,23,2,0,0.0,0.0,0.0,0,4.45,0,0,2.89,0
2021,5,23,3,0,0.0,0.0,0.0,0,4.62,0,0,2.88,0
2021,5,23,4,0,0.0,0.0,0.0,0,4.71,0,0,2.79,0
2021,5,23,5,0,0.0,0.0,0.0,0,4.47,0,0,2.82,0
2021,5,23,6,0,0.0,0.0,0.0,0,4.08,0,0,3.06,0
2021,5,23,7,0,377.81,24.87,73.68,0,4.37,0,0,3.17,0
2021,5,23,8,0,643.1,55.32,249.3,0,7.02,0,0,2.75,0
2021,5,23,9,0,722.55,93.9,403.27,0,10.52,0,0,1.6,0
2021,5,23,10,0,881.63,63.09,535.42,0,13.83,0,0,1.15,0
2021,5,23,11,0,898.41,65.59,593.88,0,15.69,0,0,0.38,0
2021,5,23,12,0,876.97,75.15,591.3,0,16.66,0,0,0.29,0
2021,5,23,13,0,897.3,56.32,522.5,0,17.14,0,0,0.48,0
2021,5,23,14,0,817.93,54.0,407.33,0,17.16,0,0,0.55,0
2021,5,23,15,0,695.76,43.82,247.65,0,16.53,0,0,0.8,0
2021,5,23,16,0,343.18,23.23,68.68,0,14.46,0,0,1.55,0
2021,5,23,17,0,0.0,0.0,0.0,0,11.99,0,0,2.77,0
2021,5,23,18,0,0.0,0.0,0.0,0,10.11,0,0,3.83,0
2021,5,23,19,0,0.0,0.0,0.0,0,8.79,0,0,4.05,0
2021,5,23,20,0,0.0,0.0,0.0,0,7.87,0,0,3.8,0
2021,5,23,21,0,0.0,0.0,0.0,0,7.72,0,0,3.9,0
2021,5,23,22,0,0.0,0.0,0.0,0,7.91,0,0,3.55,0
2021,5,23,23,0,0.0,0.0,0.0,0,7.98,0,0,3.43,0
2021,5,24,0,0,0.0,0.0,0.0,0,8.13,0,0,3.18,0
2021,5,24,1,0,0.0,0.0,0.0,0,8.06,0,0,2.8,0
2021,5,24,2,0,0.0,0.0,0.0,0,7.9,0,0,2.9,0
2021,5,24,3,0,0.0,0.0,0.0,0,7.73,0,0,3.01,0
2021,5,24,4,0,0.0,0.0,0.0,0,7.64,0,0,3.13,0
2021,5,24,5,0,0.0,0.0,0.0,0,7.71,0,0,3.13,0
2021,5,24,6,0,0.0,0.0,0.0,0,7.88,0,0,2.87,0
2021,5,24,7,0,205.55,30.33,58.45,0,8.42,0,0,2.66,0
2021,5,24,8,0,476.2,82.67,196.93,0,9.93,0,0,2.48,0
2021,5,24,9,0,546.58,126.03,324.6,0,11.84,0,0,3.22,0
2021,5,24,10,0,372.89,196.66,428.62,0,13.93,0,0,3.29,0
2021,5,24,11,0,472.4,185.92,457.88,0,15.5,0,0,2.99,0
2021,5,24,12,0,380.46,239.78,440.33,0,16.47,0,0,2.83,0
2021,5,24,13,0,357.66,228.44,397.85,0,16.97,0,0,2.66,0
2021,5,24,14,0,635.22,102.81,252.4,0,16.99,0,0,2.47,0
2021,5,24,15,0,351.71,65.48,164.23,0,16.44,0,0,2.41,0
2021,5,24,16,0,290.74,27.25,50.75,0,14.86,0,0,2.48,0
2021,5,24,17,0,0.0,0.0,0.0,0,12.97,0,0,3.08,0
2021,5,24,18,0,0.0,0.0,0.0,0,11.93,0,0,3.57,0
2021,5,24,19,0,0.0,0.0,0.0,0,11.24,0,0,3.61,0
2021,5,24,20,0,0.0,0.0,0.0,0,10.64,0,0,3.26,0
2021,5,24,21,0,0.0,0.0,0.0,0,10.18,0,0,3.13,0
2021,5,24,22,0,0.0,0.0,0.0,0,9.89,0,0,3.0,0
2021,5,24,23,0,0.0,0.0,0.0,0,9.66,0,0,3.02,0
2021,5,25,0,0,0.0,0.0,0.0,0,9.41,0,0,3.03,0
2021,5,25,1,0,0.0,0.0,0.0,0,9.15,0,0,3.48,0
2021,5,25,2,0,0.0,0.0,0.0,0,8.99,0,0,3.5,0
2021,5,25,3,0,0.0,0.0,0.0,0,8.77,0,0,3.64,0
2021,5,25,4,0,0.0,0.0,0.0,0,8.44,0,0,3.73,0
2021,5,25,5,0,0.0,0.0,0.0,0,8.14,0,0,3.71,0
2021,5,25,6,0,0.0,0.0,0.0,0,7.94,0,0,3.47,0
2021,5,25,7,0,267.69,27.59,67.45,0,8.13,0,0,3.33,0
2021,5,25,8,0,660.46,53.56,242.0,0,9.39,0,0,3.43,0
2021,5,25,9,0,721.34,93.87,398.83,0,11.52,0,0,3.62,0
2021,5,25,10,0,750.59,97.31,490.62,0,13.91,0,0,4.2,0
2021,5,25,11,0,613.68,163.95,495.3,0,15.53,0,0,4.94,0
2021,5,25,12,0,712.71,123.19,442.77,0,16.27,0,0,5.12,0
2021,5,25,13,0,642.71,178.73,453.4,0,16.58,0,0,5.06,0
2021,5,25,14,0,443.37,145.67,337.42,0,16.55,0,0,4.93,0
2021,5,25,15,0,544.46,63.75,199.43,0,16.13,0,0,4.69,0
2021,5,25,16,0,267.42,22.08,56.22,0,14.64,0,0,4.37,0
2021,5,25,17,0,0.0,0.0,0.0,0,12.8,0,0,4.59,0
2021,5,25,18,0,0.0,0.0,0.0,0,11.91,0,0,4.59,0
2021,5,25,19,0,0.0,0.0,0.0,0,11.22,0,0,4.84,0
2021,5,25,20,0,0.0,0.0,0.0,0,10.7,0,0,4.8,0
2021,5,25,21,0,0.0,0.0,0.0,0,10.31,0,0,4.63,0
2021,5,25,22,0,0.0,0.0,0.0,0,10.13,0,0,4.73,0
2021,5,25,23,0,0.0,0.0,0.0,0,10.11,0,0,4.81,0
2021,5,26,0,0,0.0,0.0,0.0,0,9.99,0,0,5.55,0
2021,5,26,1,0,0.0,0.0,0.0,0,10.01,0,0,6.01,0
2021,5,26,2,0,0.0,0.0,0.0,0,9.99,0,0,5.52,0
2021,5,26,3,0,0.0,0.0,0.0,0,9.74,0,0,4.58,0
2021,5,26,4,0,0.0,0.0,0.0,0,9.26,0,0,3.98,0
2021,5,26,5,0,0.0,0.0,0.0,0,8.42,0,0,3.53,0
2021,5,26,6,0,0.0,0.0,0.0,0,7.4,0,0,2.92,0
2021,5,26,7,0,257.15,23.75,53.55,0,7.1,0,0,2.7,0
2021,5,26,8,0,619.53,59.99,212.88,0,8.22,0,0,3.07,0
2021,5,26,9,0,732.46,70.51,372.3,0,9.74,0,0,4.04,0
2021,5,26,10,0,884.68,59.86,507.42,0,11.12,0,0,4.47,0
2021,5,26,11,0,876.71,82.49,584.4,0,12.12,0,0,4.79,0
2021,5,26,12,0,871.89,98.02,569.92,0,12.62,0,0,4.95,0
2021,5,26,13,0,613.26,164.52,479.4,0,12.64,0,0,5.2,0
2021,5,26,14,0,725.97,61.61,333.52,0,12.22,0,0,5.46,0
2021,5,26,15,0,647.36,42.58,196.32,0,11.31,0,0,5.54,0
2021,5,26,16,0,300.89,17.57,52.17,0,9.77,0,0,5.39,0
2021,5,26,17,0,0.0,0.0,0.0,0,7.86,0,0,5.29,0
2021,5,26,18,0,0.0,0.0,0.0,0,7.33,0,0,5.56,0
2021,5,26,19,0,0.0,0.0,0.0,0,6.93,0,0,5.88,0
2021,5,26,20,0,0.0,0.0,0.0,0,6.34,0,0,5.79,0
2021,5,26,21,0,0.0,0.0,0.0,0,5.61,0,0,5.45,0
2021,5,26,22,0,0.0,0.0,0.0,0,4.92,0,0,5.11,0
2021,5,26,23,0,0.0,0.0,0.0,0,4.23,0,0,4.74,0
2021,5,27,0,0,0.0,0.0,0.0,0,3.75,0,0,4.45,0
2021,5,27,1,0,0.0,0.0,0.0,0,3.22,0,0,4.06,0
2021,5,27,2,0,0.0,0.0,0.0,0,2.73,0,0,3.71,0
2021,5,27,3,0,0.0,0.0,0.0,0,2.21,0,0,3.51,0
2021,5,27,4,0,0.0,0.0,0.0,0,1.9,0,0,3.4,0
2021,5,27,5,0,0.0,0.0,0.0,0,2.0,0,0,3.7,0
2021,5,27,6,0,0.0,0.0,0.0,0,1.7,0,0,3.62,0
2021,5,27,7,0,415.11,22.49,70.75,0,1.94,0,0,3.53,0
2021,5,27,8,0,717.38,43.18,247.68,0,3.99,0,0,3.85,0
2021,5,27,9,0,857.28,56.04,408.55,0,6.28,0,0,5.0,0
2021,5,27,10,0,765.7,104.1,520.1,0,8.1,0,0,5.06,0
2021,5,27,11,0,879.49,96.87,570.83,0,9.38,0,0,4.95,0
2021,5,27,12,0,699.12,144.32,541.05,0,10.21,0,0,5.08,0
2021,5,27,13,0,704.78,81.85,427.92,0,10.64,0,0,5.29,0
2021,5,27,14,0,675.05,60.79,321.6,0,10.58,0,0,5.55,0
2021,5,27,15,0,539.92,46.51,187.32,0,9.97,0,0,5.64,0
2021,5,27,16,0,206.34,21.08,46.97,0,8.6,0,0,5.28,0
2021,5,27,17,0,0.0,0.0,0.0,0,6.88,0,0,5.04,0
2021,5,27,18,0,0.0,0.0,0.0,0,6.42,0,0,5.21,0
2021,5,27,19,0,0.0,0.0,0.0,0,6.11,0,0,5.39,0
2021,5,27,20,0,0.0,0.0,0.0,0,5.73,0,0,5.34,0
2021,5,27,21,0,0.0,0.0,0.0,0,5.29,0,0,5.08,0
2021,5,27,22,0,0.0,0.0,0.0,0,4.78,0,0,4.75,0
2021,5,27,23,0,0.0,0.0,0.0,0,4.33,0,0,4.42,0
2021,5,28,0,0,0.0,0.0,0.0,0,3.98,0,0,3.95,0
2021,5,28,1,0,0.0,0.0,0.0,0,4.09,0,0,4.03,0
2021,5,28,2,0,0.0,0.0,0.0,0,4.3,0,0,4.14,0
2021,5,28,3,0,0.0,0.0,0.0,0,4.41,0,0,4.28,0
2021,5,28,4,0,0.0,0.0,0.0,0,4.38,0,0,4.12,0
2021,5,28,5,0,0.0,0.0,0.0,0,4.29,0,0,3.99,0
2021,5,28,6,0,0.0,0.0,0.0,0,4.27,0,0,3.93,0
2021,5,28,7,0,247.4,21.79,44.9,0,4.67,0,0,4.05,0
2021,5,28,8,0,522.94,52.58,160.95,0,5.49,0,0,4.26,0
2021,5,28,9,0,539.5,87.22,266.0,0,6.28,0,0,4.45,0
2021,5,28,10,0,476.5,190.35,431.48,0,7.3,0,0,4.41,0
2021,5,28,11,0,688.11,143.77,533.88,0,8.71,0,0,4.36,0
2021,5,28,12,0,706.1,157.8,557.55,0,10.11,0,0,4.22,0
2021,5,28,13,0,800.08,98.58,519.08,0,10.98,0,0,4.29,0
2021,5,28,14,0,882.66,42.91,396.3,0,11.24,0,0,4.47,0
2021,5,28,15,0,784.16,32.98,246.9,0,10.82,0,0,4.44,0
2021,5,28,16,0,439.64,16.94,67.2,0,9.11,0,0,4.0,0
2021,5,28,17,0,0.0,0.0,0.0,0,6.79,0,0,3.94,0
2021,5,28,18,0,0.0,0.0,0.0,0,5.59,0,0,3.4,0
2021,5,28,19,0,0.0,0.0,0.0,0,4.46,0,0,3.16,0
2021,5,28,20,0,0.0,0.0,0.0,0,3.41,0,0,3.06,0
2021,5,28,21,0,0.0,0.0,0.0,0,2.48,0,0,2.98,0
2021,5,28,22,0,0.0,0.0,0.0,0,1.62,0,0,2.96,0
2021,5,28,23,0,0.0,0.0,0.0,0,0.83,0,0,3.05,0
2021,5,29,0,0,0.0,0.0,0.0,0,0.1,0,0,2.98,0
2021,5,29,1,0,0.0,0.0,0.0,0,-0.6,0,0,2.84,0
2021,5,29,2,0,0.0,0.0,0.0,0,-1.27,0,0,2.72,0
2021,5,29,3,0,0.0,0.0,0.0,0,-1.95,0,0,2.82,0
2021,5,29,4,0,0.0,0.0,0.0,0,-2.45,0,0,2.94,0
2021,5,29,5,0,0.0,0.0,0.0,0,-2.61,0,0,2.85,0
2021,5,29,6,0,0.0,0.0,0.0,0,-2.49,0,0,2.92,0
2021,5,29,7,0,440.93,17.39,72.6,0,-1.58,0,0,2.74,0
2021,5,29,8,0,841.49,28.92,257.98,0,0.71,0,0,2.89,0
2021,5,29,9,0,928.59,36.99,421.05,0,3.68,0,0,3.16,0
2021,5,29,10,0,968.1,39.47,538.85,0,6.62,0,0,3.14,0
2021,5,29,11,0,985.84,40.76,598.5,0,8.94,0,0,2.93,0
2021,5,29,12,0,983.39,40.63,596.38,0,10.59,0,0,2.8,0
2021,5,29,13,0,951.89,40.38,532.9,0,11.46,0,0,2.77,0
2021,5,29,14,0,919.33,37.13,413.0,0,11.56,0,0,2.82,0
2021,5,29,15,0,823.3,28.31,249.38,0,10.96,0,0,2.78,0
2021,5,29,16,0,414.81,16.53,66.22,0,8.89,0,0,2.5,0
2021,5,29,17,0,0.0,0.0,0.0,0,5.89,0,0,3.18,0
2021,5,29,18,0,0.0,0.0,0.0,0,3.96,0,0,4.03,0
2021,5,29,19,0,0.0,0.0,0.0,0,3.14,0,0,4.12,0
2021,5,29,20,0,0.0,0.0,0.0,0,2.69,0,0,3.59,0
2021,5,29,21,0,0.0,0.0,0.0,0,2.14,0,0,3.28,0
2021,5,29,22,0,0.0,0.0,0.0,0,1.53,0,0,3.21,0
2021,5,29,23,0,0.0,0.0,0.0,0,0.99,0,0,3.2,0
2021,5,30,0,0,0.0,0.0,0.0,0,0.53,0,0,3.13,0
2021,5,30,1,0,0.0,0.0,0.0,0,0.1,0,0,2.92,0
2021,5,30,2,0,0.0,0.0,0.0,0,-0.3,0,0,2.78,0
2021,5,30,3,0,0.0,0.0,0.0,0,-0.56,0,0,2.6,0
2021,5,30,4,0,0.0,0.0,0.0,0,-0.39,0,0,2.73,0
2021,5,30,5,0,0.0,0.0,0.0,0,0.3,0,0,2.46,0
2021,5,30,6,0,0.0,0.0,0.0,0,0.79,0,0,2.18,0
2021,5,30,7,0,340.74,21.4,57.17,0,1.37,0,0,2.14,0
2021,5,30,8,0,568.55,63.8,213.35,0,2.82,0,0,2.72,0
2021,5,30,9,0,704.09,98.94,356.77,0,5.21,0,0,3.26,0
2021,5,30,10,0,801.32,109.79,490.98,0,7.9,0,0,2.84,0
2021,5,30,11,0,860.77,79.89,572.3,0,10.11,0,0,2.02,0
2021,5,30,12,0,878.9,71.7,572.47,0,11.62,0,0,1.08,0
2021,5,30,13,0,833.31,74.95,507.35,0,12.51,0,0,0.56,0
2021,5,30,14,0,794.79,60.26,390.12,0,12.77,0,0,0.41,0
2021,5,30,15,0,691.6,41.77,236.18,0,12.36,0,0,0.43,0
2021,5,30,16,0,317.45,20.87,60.9,0,10.71,0,0,0.64,0
2021,5,30,17,0,0.0,0.0,0.0,0,8.59,0,0,1.03,0
2021,5,30,18,0,0.0,0.0,0.0,0,7.24,0,0,1.32,0
2021,5,30,19,0,0.0,0.0,0.0,0,6.43,0,0,1.83,0
2021,5,30,20,0,0.0,0.0,0.0,0,5.35,0,0,2.52,0
2021,5,30,21,0,0.0,0.0,0.0,0,4.05,0,0,3.07,0
2021,5,30,22,0,0.0,0.0,0.0,0,3.13,0,0,3.23,0
2021,5,30,23,0,0.0,0.0,0.0,0,2.66,0,0,3.07,0
2021,5,31,0,0,0.0,0.0,0.0,0,2.31,0,0,2.87,0
2021,5,31,1,0,0.0,0.0,0.0,0,2.17,0,0,2.59,0
2021,5,31,2,0,0.0,0.0,0.0,0,2.13,0,0,2.26,0
2021,5,31,3,0,0.0,0.0,0.0,0,1.92,0,0,2.05,0
2021,5,31,4,0,0.0,0.0,0.0,0,1.46,0,0,2.16,0
2021,5,31,5,0,0.0,0.0,0.0,0,0.99,0,0,2.56,0
2021,5,31,6,0,0.0,0.0,0.0,0,0.91,0,0,2.83,0
2021,5,31,7,0,376.53,21.78,61.88,0,1.53,0,0,2.47,0
2021,5,31,8,0,664.41,47.58,232.73,0,3.79,0,0,1.67,0
2021,5,31,9,0,799.36,69.23,387.8,0,6.67,0,0,1.1,0
2021,5,31,10,0,823.47,82.86,502.3,0,9.84,0,0,0.96,0
2021,5,31,11,0,919.79,56.48,581.65,0,12.32,0,0,0.92,0
2021,5,31,12,0,957.41,45.45,582.33,0,13.61,0,0,1.26,0
2021,5,31,13,0,927.75,44.83,521.95,0,14.26,0,0,1.61,0
2021,5,31,14,0,893.81,41.23,404.3,0,14.29,0,0,1.83,0
2021,5,31,15,0,792.39,31.28,242.7,0,13.61,0,0,1.84,0
2021,5,31,16,0,393.25,17.77,62.75,0,11.46,0,0,1.88,0
2021,5,31,17,0,0.0,0.0,0.0,0,9.13,0,0,2.25,0
2021,5,31,18,0,0.0,0.0,0.0,0,8.42,0,0,1.97,0
2021,5,31,19,0,0.0,0.0,0.0,0,7.96,0,0,1.54,0
2021,5,31,20,0,0.0,0.0,0.0,0,7.02,0,0,1.83,0
2021,5,31,21,0,0.0,0.0,0.0,0,5.55,0,0,2.71,0
2021,5,31,22,0,0.0,0.0,0.0,0,4.16,0,0,3.58,0
2021,5,31,23,0,0.0,0.0,0.0,0,3.32,0,0,4.18,0
2021,6,1,0,0,0.0,0.0,0.0,0,3.37,0,0,3.99,0
2021,6,1,1,0,0.0,0.0,0.0,0,3.15,0,0,3.66,0
2021,6,1,2,0,0.0,0.0,0.0,0,2.73,0,0,3.59,0
2021,6,1,3,0,0.0,0.0,0.0,0,2.46,0,0,3.47,0
2021,6,1,4,0,0.0,0.0,0.0,0,2.18,0,0,3.31,0
2021,6,1,5,0,0.0,0.0,0.0,0,2.05,0,0,3.12,0
2021,6,1,6,0,0.0,0.0,0.0,0,2.0,0,0,2.99,0
2021,6,1,7,0,191.57,39.5,50.38,0,2.36,0,0,2.79,0
2021,6,1,8,0,191.23,127.51,192.18,0,4.69,0,0,2.27,0
2021,6,1,9,0,276.95,231.89,326.8,0,7.38,0,0,1.38,0
2021,6,1,10,0,69.15,269.61,347.27,0,9.94,0,0,2.57,0
2021,6,1,11,0,115.25,269.34,392.42,0,11.93,0,0,3.56,0
2021,6,1,12,0,76.86,276.9,352.17,0,13.15,0,0,3.65,0
2021,6,1,13,0,3.61,217.92,251.05,0,13.97,0,0,3.82,0
2021,6,1,14,0,39.67,166.41,193.38,0,14.14,0,0,3.81,0
2021,6,1,15,0,0.6,88.85,109.12,0,13.48,0,0,3.0,0
2021,6,1,16,0,0.0,27.63,27.58,0,11.48,0,0,2.41,0
2021,6,1,17,0,0.0,0.0,0.0,0,9.81,0,0,2.64,0
2021,6,1,18,0,0.0,0.0,0.0,0,9.38,0,0,2.36,0
2021,6,1,19,0,0.0,0.0,0.0,0,9.0,0,0,2.09,0
2021,6,1,20,0,0.0,0.0,0.0,0,8.16,0,0,2.26,0
2021,6,1,21,0,0.0,0.0,0.0,0,7.32,0,0,2.65,0
2021,6,1,22,0,0.0,0.0,0.0,0,6.84,0,0,3.01,0
2021,6,1,23,0,0.0,0.0,0.0,0,6.14,0,0,3.52,0
2021,6,2,0,0,0.0,0.0,0.0,0,5.26,0,0,3.84,0
2021,6,2,1,0,0.0,0.0,0.0,0,4.91,0,0,3.41,0
2021,6,2,2,0,0.0,0.0,0.0,0,4.85,0,0,2.87,0
2021,6,2,3,0,0.0,0.0,0.0,0,4.65,0,0,2.7,0
2021,6,2,4,0,0.0,0.0,0.0,0,5.0,0,0,2.46,0
2021,6,2,5,0,0.0,0.0,0.0,0,4.93,0,0,2.66,0
2021,6,2,6,0,0.0,0.0,0.0,0,4.48,0,0,3.29,0
2021,6,2,7,0,197.35,30.54,47.72,0,4.8,0,0,3.81,0
2021,6,2,8,0,555.2,76.94,207.15,0,7.11,0,0,3.16,0
2021,6,2,9,0,650.98,114.82,349.73,0,9.73,0,0,1.89,0
2021,6,2,10,0,621.54,134.0,458.15,0,12.26,0,0,2.44,0
2021,6,2,11,0,596.52,141.32,478.1,0,13.67,0,0,2.84,0
2021,6,2,12,0,584.98,158.73,444.9,0,14.15,0,0,2.75,0
2021,6,2,13,0,292.59,184.76,318.23,0,14.45,0,0,2.64,0
2021,6,2,14,0,169.16,135.32,192.27,0,14.74,0,0,2.61,0
2021,6,2,15,0,289.45,73.8,112.97,0,14.37,0,0,2.07,0
2021,6,2,16,0,66.92,22.41,27.3,0,12.59,0,0,2.14,0
2021,6,2,17,0,0.0,0.0,0.0,0,10.8,0,0,3.08,0
2021,6,2,18,0,0.0,0.0,0.0,0,9.96,0,0,3.88,0
2021,6,2,19,0,0.0,0.0,0.0,0,9.63,0,0,4.09,0
2021,6,2,20,0,0.0,0.0,0.0,0,9.54,0,0,4.06,0
2021,6,2,21,0,0.0,0.0,0.0,0,9.47,0,0,3.88,0
2021,6,2,22,0,0.0,0.0,0.0,0,9.16,0,0,3.56,0
2021,6,2,23,0,0.0,0.0,0.0,0,8.76,0,0,3.19,0
2021,6,3,0,0,0.0,0.0,0.0,0,8.45,0,0,3.17,0
2021,6,3,1,0,0.0,0.0,0.0,0,8.26,0,0,3.4,0
2021,6,3,2,0,0.0,0.0,0.0,0,8.28,0,0,3.43,0
2021,6,3,3,0,0.0,0.0,0.0,0,8.57,0,0,3.45,0
2021,6,3,4,0,0.0,0.0,0.0,0,8.76,0,0,3.42,0
2021,6,3,5,0,0.0,0.0,0.0,0,8.9,0,0,3.67,0
2021,6,3,6,0,0.0,0.0,0.0,0,9.03,0,0,3.3,0
2021,6,3,7,0,0.0,10.85,10.82,0,9.06,0,0,2.66,0
2021,6,3,8,0,0.0,34.7,39.12,0,9.31,0,0,2.39,0
2021,6,3,9,0,0.0,47.88,54.67,0,9.7,0,0,2.22,0
2021,6,3,10,0,34.08,27.95,42.53,0,9.8,0,0,2.2,0
2021,6,3,11,0,2.29,51.64,58.88,0,9.59,0,0,1.79,0
2021,6,3,12,0,35.14,59.8,79.57,0,9.53,0,0,1.31,0
2021,6,3,13,0,0.0,77.1,88.7,0,9.42,0,0,1.09,0
2021,6,3,14,0,0.0,67.02,76.53,0,9.14,0,0,1.18,0
2021,6,3,15,0,0.0,43.41,48.95,0,8.63,0,0,1.21,0
2021,6,3,16,0,0.0,17.61,17.58,0,7.93,0,0,1.36,0
2021,6,3,17,0,0.0,0.0,0.0,0,7.2,0,0,1.8,0
2021,6,3,18,0,0.0,0.0,0.0,0,6.95,0,0,2.18,0
2021,6,3,19,0,0.0,0.0,0.0,0,7.02,0,0,2.48,0
2021,6,3,20,0,0.0,0.0,0.0,0,7.27,0,0,3.06,0
2021,6,3,21,0,0.0,0.0,0.0,0,7.42,0,0,3.4,0
2021,6,3,22,0,0.0,0.0,0.0,0,7.51,0,0,3.74,0
2021,6,3,23,0,0.0,0.0,0.0,0,7.52,0,0,3.34,0
2021,6,4,0,0,0.0,0.0,0.0,0,7.44,0,0,3.71,0
2021,6,4,1,0,0.0,0.0,0.0,0,7.29,0,0,4.44,0
2021,6,4,2,0,0.0,0.0,0.0,0,7.07,0,0,4.55,0
2021,6,4,3,0,0.0,0.0,0.0,0,6.96,0,0,4.8,0
2021,6,4,4,0,0.0,0.0,0.0,0,6.89,0,0,4.94,0
2021,6,4,5,0,0.0,0.0,0.0,0,6.9,0,0,4.99,0
2021,6,4,6,0,0.0,0.0,0.0,0,6.89,0,0,4.99,0
2021,6,4,7,0,389.31,16.38,19.52,0,6.96,0,0,4.92,0
2021,6,4,8,0,119.36,44.76,81.1,0,7.12,0,0,4.83,0
2021,6,4,9,0,499.04,79.06,148.18,0,7.33,0,0,4.76,0
2021,6,4,10,0,658.85,63.77,186.6,0,7.82,0,0,5.36,0
2021,6,4,11,0,62.45,114.58,170.32,0,8.38,0,0,5.52,0
2021,6,4,12,0,147.89,108.21,168.45,0,8.88,0,0,5.85,0
2021,6,4,13,0,102.85,100.62,147.82,0,9.16,0,0,6.0,0
2021,6,4,14,0,184.41,82.0,125.93,0,9.19,0,0,5.89,0
2021,6,4,15,0,184.03,49.08,69.35,0,8.85,0,0,5.51,0
2021,6,4,16,0,66.28,16.65,16.33,0,7.89,0,0,4.65,0
2021,6,4,17,0,0.0,0.0,0.0,0,7.08,0,0,4.6,0
2021,6,4,18,0,0.0,0.0,0.0,0,6.86,0,0,4.72,0
2021,6,4,19,0,0.0,0.0,0.0,0,6.7,0,0,4.66,0
2021,6,4,20,0,0.0,0.0,0.0,0,6.37,0,0,4.6,0
2021,6,4,21,0,0.0,0.0,0.0,0,5.85,0,0,4.48,0
2021,6,4,22,0,0.0,0.0,0.0,0,5.33,0,0,4.22,0
2021,6,4,23,0,0.0,0.0,0.0,0,4.77,0,0,3.49,0
2021,6,5,0,0,0.0,0.0,0.0,0,4.44,0,0,3.11,0
2021,6,5,1,0,0.0,0.0,0.0,0,4.1,0,0,2.4,0
2021,6,5,2,0,0.0,0.0,0.0,0,3.82,0,0,1.78,0
2021,6,5,3,0,0.0,0.0,0.0,0,3.49,0,0,1.4,0
2021,6,5,4,0,0.0,0.0,0.0,0,2.91,0,0,1.19,0
2021,6,5,5,0,0.0,0.0,0.0,0,2.27,0,0,1.12,0
2021,6,5,6,0,0.0,0.0,0.0,0,1.78,0,0,1.17,0
2021,6,5,7,0,190.24,20.5,42.4,0,1.96,0,0,0.92,0
2021,6,5,8,0,528.64,66.21,191.95,0,3.21,0,0,0.44,0
2021,6,5,9,0,577.48,114.38,325.45,0,5.08,0,0,0.41,0
2021,6,5,10,0,624.57,138.67,435.67,0,7.24,0,0,1.28,0
2021,6,5,11,0,681.42,133.56,507.8,0,8.87,0,0,1.93,0
2021,6,5,12,0,786.4,102.7,540.88,0,9.97,0,0,2.44,0
2021,6,5,13,0,923.15,48.99,507.45,0,10.52,0,0,2.91,0
2021,6,5,14,0,843.11,59.84,375.33,0,10.42,0,0,3.2,0
2021,6,5,15,0,633.57,60.23,222.55,0,9.64,0,0,3.33,0
2021,6,5,16,0,289.56,27.92,49.53,0,7.57,0,0,3.04,0
2021,6,5,17,0,0.0,0.0,0.0,0,5.18,0,0,3.01,0
2021,6,5,18,0,0.0,0.0,0.0,0,3.82,0,0,3.24,0
2021,6,5,19,0,0.0,0.0,0.0,0,3.18,0,0,3.24,0
2021,6,5,20,0,0.0,0.0,0.0,0,2.9,0,0,2.92,0
2021,6,5,21,0,0.0,0.0,0.0,0,2.52,0,0,2.87,0
2021,6,5,22,0,0.0,0.0,0.0,0,2.33,0,0,2.91,0
2021,6,5,23,0,0.0,0.0,0.0,0,2.19,0,0,3.07,0
2021,6,6,0,0,0.0,0.0,0.0,0,1.95,0,0,3.25,0
2021,6,6,1,0,0.0,0.0,0.0,0,1.76,0,0,3.26,0
2021,6,6,2,0,0.0,0.0,0.0,0,1.3,0,0,3.25,0
2021,6,6,3,0,0.0,0.0,0.0,0,0.82,0,0,3.22,0
2021,6,6,4,0,0.0,0.0,0.0,0,0.51,0,0,3.28,0
2021,6,6,5,0,0.0,0.0,0.0,0,0.31,0,0,3.3,0
2021,6,6,6,0,0.0,0.0,0.0,0,0.13,0,0,3.27,0
2021,6,6,7,0,320.01,17.38,50.42,0,0.5,0,0,3.04,0
2021,6,6,8,0,664.39,40.87,216.38,0,2.69,0,0,2.42,0
2021,6,6,9,0,664.53,69.88,363.25,0,5.73,0,0,3.1,0
2021,6,6,10,0,860.55,62.13,490.45,0,8.7,0,0,3.26,0
2021,6,6,11,0,925.52,47.59,558.0,0,10.97,0,0,2.75,0
2021,6,6,12,0,902.18,50.81,556.35,0,12.65,0,0,2.19,0
2021,6,6,13,0,900.34,45.85,495.95,0,13.32,0,0,2.13,0
2021,6,6,14,0,819.47,46.27,381.83,0,13.21,0,0,2.37,0
2021,6,6,15,0,681.52,40.26,224.75,0,12.39,0,0,2.5,0
2021,6,6,16,0,336.82,19.98,52.55,0,10.27,0,0,2.4,0
2021,6,6,17,0,0.0,0.0,0.0,0,7.73,0,0,2.65,0
2021,6,6,18,0,0.0,0.0,0.0,0,6.35,0,0,2.8,0
2021,6,6,19,0,0.0,0.0,0.0,0,5.23,0,0,2.97,0
2021,6,6,20,0,0.0,0.0,0.0,0,4.33,0,0,3.02,0
2021,6,6,21,0,0.0,0.0,0.0,0,3.64,0,0,2.92,0
2021,6,6,22,0,0.0,0.0,0.0,0,3.19,0,0,2.66,0
2021,6,6,23,0,0.0,0.0,0.0,0,2.88,0,0,2.45,0
2021,6,7,0,0,0.0,0.0,0.0,0,2.73,0,0,2.28,0
2021,6,7,1,0,0.0,0.0,0.0,0,2.74,0,0,2.01,0
2021,6,7,2,0,0.0,0.0,0.0,0,2.84,0,0,1.82,0
2021,6,7,3,0,0.0,0.0,0.0,0,3.1,0,0,1.7,0
2021,6,7,4,0,0.0,0.0,0.0,0,2.92,0,0,1.66,0
2021,6,7,5,0,0.0,0.0,0.0,0,2.55,0,0,1.67,0
2021,6,7,6,0,0.0,0.0,0.0,0,2.13,0,0,1.54,0
2021,6,7,7,0,168.02,21.07,45.58,0,2.07,0,0,1.4,0
2021,6,7,8,0,669.36,49.75,194.57,0,3.6,0,0,1.26,0
2021,6,7,9,0,704.99,100.07,322.77,0,6.46,0,0,0.89,0
2021,6,7,10,0,754.8,116.7,418.08,0,9.88,0,0,2.1,0
2021,6,7,11,0,474.96,211.34,495.4,0,11.9,0,0,2.84,0
2021,6,7,12,0,760.09,122.32,533.22,0,12.93,0,0,3.27,0
2021,6,7,13,0,904.82,190.99,478.6,0,13.45,0,0,3.45,0
2021,6,7,14,0,765.35,162.66,363.38,0,13.4,0,0,3.41,0
2021,6,7,15,0,483.1,99.57,213.5,0,12.7,0,0,3.04,0
2021,6,7,16,0,86.14,38.86,47.28,0,10.25,0,0,2.96,0
2021,6,7,17,0,0.0,0.0,0.0,0,7.45,0,0,3.76,0
2021,6,7,18,0,0.0,0.0,0.0,0,6.1,0,0,4.26,0
2021,6,7,19,0,0.0,0.0,0.0,0,5.52,0,0,4.47,0
2021,6,7,20,0,0.0,0.0,0.0,0,5.6,0,0,4.09,0
2021,6,7,21,0,0.0,0.0,0.0,0,5.39,0,0,3.72,0
2021,6,7,22,0,0.0,0.0,0.0,0,4.86,0,0,3.87,0
2021,6,7,23,0,0.0,0.0,0.0,0,4.56,0,0,3.88,0
2021,6,8,0,0,0.0,0.0,0.0,0,4.39,0,0,3.86,0
2021,6,8,1,0,0.0,0.0,0.0,0,4.18,0,0,3.92,0
2021,6,8,2,0,0.0,0.0,0.0,0,4.0,0,0,3.95,0
2021,6,8,3,0,0.0,0.0,0.0,0,3.93,0,0,3.88,0
2021,6,8,4,0,0.0,0.0,0.0,0,3.91,0,0,3.9,0
2021,6,8,5,0,0.0,0.0,0.0,0,3.7,0,0,4.01,0
2021,6,8,6,0,0.0,0.0,0.0,0,3.17,0,0,3.76,0
2021,6,8,7,0,96.37,35.91,37.05,0,3.05,0,0,3.72,0
2021,6,8,8,0,550.73,70.36,185.5,0,5.37,0,0,3.29,0
2021,6,8,9,0,575.64,92.94,334.5,0,8.11,0,0,4.23,0
2021,6,8,10,0,784.36,77.35,448.73,0,10.84,0,0,5.98,0
2021,6,8,11,0,666.17,123.69,506.42,0,12.32,0,0,6.83,0
2021,6,8,12,0,237.59,196.2,337.4,0,12.9,0,0,7.26,0
2021,6,8,13,0,180.83,151.23,218.68,0,13.02,0,0,7.12,0
2021,6,8,14,0,280.08,90.04,191.02,0,12.84,0,0,7.04,0
2021,6,8,15,0,213.72,68.64,117.82,0,12.22,0,0,7.02,0
2021,6,8,16,0,72.24,23.07,28.25,0,10.53,0,0,6.55,0
2021,6,8,17,0,0.0,0.0,0.0,0,8.56,0,0,5.9,0
2021,6,8,18,0,0.0,0.0,0.0,0,7.58,0,0,5.27,0
2021,6,8,19,0,0.0,0.0,0.0,0,6.6,0,0,3.63,0
2021,6,8,20,0,0.0,0.0,0.0,0,5.51,0,0,2.92,0
2021,6,8,21,0,0.0,0.0,0.0,0,4.61,0,0,2.86,0
2021,6,8,22,0,0.0,0.0,0.0,0,3.84,0,0,2.43,0
2021,6,8,23,0,0.0,0.0,0.0,0,3.32,0,0,2.05,0
2021,6,9,0,0,0.0,0.0,0.0,0,3.11,0,0,1.9,0
2021,6,9,1,0,0.0,0.0,0.0,0,3.11,0,0,1.47,0
2021,6,9,2,0,0.0,0.0,0.0,0,3.0,0,0,1.71,0
2021,6,9,3,0,0.0,0.0,0.0,0,2.75,0,0,2.22,0
2021,6,9,4,0,0.0,0.0,0.0,0,2.55,0,0,2.73,0
2021,6,9,5,0,0.0,0.0,0.0,0,2.41,0,0,3.04,0
2021,6,9,6,0,0.0,0.0,0.0,0,2.29,0,0,3.02,0
2021,6,9,7,0,43.16,19.22,19.4,0,2.18,0,0,2.76,0
2021,6,9,8,0,76.61,63.28,82.45,0,2.21,0,0,2.98,0
2021,6,9,9,0,90.54,93.05,124.65,0,2.34,0,0,3.25,0
2021,6,9,10,0,31.99,120.49,151.88,0,2.64,0,0,3.38,0
2021,6,9,11,0,90.47,145.4,192.48,0,3.2,0,0,3.7,0
2021,6,9,12,0,139.62,169.33,237.0,0,3.63,0,0,4.04,0
2021,6,9,13,0,304.16,133.81,222.3,0,3.59,0,0,3.98,0
2021,6,9,14,0,226.44,108.93,176.05,0,3.07,0,0,3.62,0
2021,6,9,15,0,284.7,66.18,104.38,0,2.29,0,0,3.08,0
2021,6,9,16,0,62.64,19.07,24.33,0,1.53,0,0,2.53,0
2021,6,9,17,0,0.0,0.0,0.0,0,0.87,0,0,2.34,0
2021,6,9,18,0,0.0,0.0,0.0,0,0.47,0,0,2.43,0
2021,6,9,19,0,0.0,0.0,0.0,0,0.16,0,0,2.49,0
2021,6,9,20,0,0.0,0.0,0.0,0,-0.17,0,0,2.62,0
2021,6,9,21,0,0.0,0.0,0.0,0,-0.47,0,0,2.98,0
2021,6,9,22,0,0.0,0.0,0.0,0,-0.65,0,0,2.7,0
2021,6,9,23,0,0.0,0.0,0.0,0,-0.7,0,0,2.77,0
2021,6,10,0,0,0.0,0.0,0.0,0,-0.65,0,0,3.17,0
2021,6,10,1,0,0.0,0.0,0.0,0,-0.54,0,0,3.73,0
2021,6,10,2,0,0.0,0.0,0.0,0,-0.39,0,0,3.35,0
2021,6,10,3,0,0.0,0.0,0.0,0,-0.21,0,0,3.56,0
2021,6,10,4,0,0.0,0.0,0.0,0,0.07,0,0,3.68,0
2021,6,10,5,0,0.0,0.0,0.0,0,0.21,0,0,3.78,0
2021,6,10,6,0,0.0,0.0,0.0,0,0.31,0,0,3.79,0
2021,6,10,7,0,0.0,19.09,19.17,0,0.43,0,0,3.64,0
2021,6,10,8,0,3.02,42.05,47.28,0,0.72,0,0,3.46,0
2021,6,10,9,0,5.95,75.66,89.53,0,1.05,0,0,3.51,0
2021,6,10,10,0,121.75,111.21,162.05,0,1.3,0,0,3.63,0
2021,6,10,11,0,243.73,159.39,301.55,0,1.54,0,0,3.6,0
2021,6,10,12,0,90.83,148.9,200.77,0,1.73,0,0,3.6,0
2021,6,10,13,0,7.25,80.79,100.25,0,1.83,0,0,3.39,0
2021,6,10,14,0,5.02,107.1,119.28,0,1.78,0,0,2.87,0
2021,6,10,15,0,6.0,63.3,71.55,0,1.6,0,0,2.14,0
2021,6,10,16,0,3.11,19.26,19.25,0,1.26,0,0,1.38,0
2021,6,10,17,0,0.0,0.0,0.0,0,0.85,0,0,1.41,0
2021,6,10,18,0,0.0,0.0,0.0,0,0.69,0,0,1.57,0
2021,6,10,19,0,0.0,0.0,0.0,0,0.42,0,0,1.46,0
2021,6,10,20,0,0.0,0.0,0.0,0,0.34,0,0,1.0,0
2021,6,10,21,0,0.0,0.0,0.0,0,0.27,0,0,0.69,0
2021,6,10,22,0,0.0,0.0,0.0,0,-0.13,0,0,1.24,0
2021,6,10,23,0,0.0,0.0,0.0,0,-0.31,0,0,2.05,0
2021,6,11,0,0,0.0,0.0,0.0,0,-0.4,0,0,2.55,0
2021,6,11,1,0,0.0,0.0,0.0,0,-0.13,0,0,2.95,0
2021,6,11,2,0,0.0,0.0,0.0,0,0.35,0,0,3.1,0
2021,6,11,3,0,0.0,0.0,0.0,0,0.68,0,0,3.18,0
2021,6,11,4,0,0.0,0.0,0.0,0,1.09,0,0,3.33,0
2021,6,11,5,0,0.0,0.0,0.0,0,1.44,0,0,3.6,0
2021,6,11,6,0,0.0,0.0,0.0,0,1.68,0,0,3.54,0
2021,6,11,7,0,141.46,20.79,22.9,0,1.89,0,0,3.53,0
2021,6,11,8,0,327.57,60.62,106.82,0,2.22,0,0,3.53,0
2021,6,11,9,0,230.34,91.92,179.62,0,2.55,0,0,3.49,0
2021,6,11,10,0,91.3,149.17,210.65,0,2.82,0,0,3.6,0
2021,6,11,11,0,15.59,167.14,195.6,0,2.97,0,0,3.75,0
2021,6,11,12,0,47.85,169.26,209.43,0,3.04,0,0,3.8,0
2021,6,11,13,0,34.3,141.44,177.9,0,3.1,0,0,3.75,0
2021,6,11,14,0,62.85,102.43,136.52,0,3.14,0,0,3.61,0
2021,6,11,15,0,68.13,66.7,83.22,0,3.15,0,0,3.51,0
2021,6,11,16,0,57.74,17.47,19.3,0,3.13,0,0,3.49,0
2021,6,11,17,0,0.0,0.0,0.0,0,3.04,0,0,3.52,0
2021,6,11,18,0,0.0,0.0,0.0,0,3.03,0,0,3.39,0
2021,6,11,19,0,0.0,0.0,0.0,0,2.96,0,0,2.92,0
2021,6,11,20,0,0.0,0.0,0.0,0,2.89,0,0,2.62,0
2021,6,11,21,0,0.0,0.0,0.0,0,2.82,0,0,2.58,0
2021,6,11,22,0,0.0,0.0,0.0,0,2.66,0,0,2.91,0
2021,6,11,23,0,0.0,0.0,0.0,0,2.33,0,0,2.99,0
2021,6,12,0,0,0.0,0.0,0.0,0,1.78,0,0,3.06,0
2021,6,12,1,0,0.0,0.0,0.0,0,1.23,0,0,3.13,0
2021,6,12,2,0,0.0,0.0,0.0,0,0.75,0,0,3.05,0
2021,6,12,3,0,0.0,0.0,0.0,0,0.35,0,0,3.17,0
2021,6,12,4,0,0.0,0.0,0.0,0,0.06,0,0,3.3,0
2021,6,12,5,0,0.0,0.0,0.0,0,-0.81,0,0,3.05,0
2021,6,12,6,0,0.0,0.0,0.0,0,-1.39,0,0,3.48,0
2021,6,12,7,0,122.73,16.75,19.33,0,-1.06,0,0,3.79,0
2021,6,12,8,0,306.08,62.82,115.3,0,1.39,0,0,3.34,0
2021,6,12,9,0,465.29,93.97,212.07,0,3.65,0,0,3.08,0
2021,6,12,10,0,274.62,261.52,376.62,0,6.01,0,0,5.11,0
2021,6,12,11,0,473.42,175.04,441.55,0,7.6,0,0,5.64,0
2021,6,12,12,0,657.06,142.81,481.85,0,8.47,0,0,5.62,0
2021,6,12,13,0,738.1,89.15,449.9,0,8.89,0,0,5.41,0
2021,6,12,14,0,606.56,86.05,340.25,0,8.85,0,0,5.14,0
2021,6,12,15,0,548.54,62.8,198.38,0,8.34,0,0,4.68,0
2021,6,12,16,0,175.62,23.91,45.85,0,6.7,0,0,4.08,0
2021,6,12,17,0,0.0,0.0,0.0,0,4.73,0,0,3.62,0
2021,6,12,18,0,0.0,0.0,0.0,0,3.58,0,0,3.6,0
2021,6,12,19,0,0.0,0.0,0.0,0,2.75,0,0,3.66,0
2021,6,12,20,0,0.0,0.0,0.0,0,2.31,0,0,3.84,0
2021,6,12,21,0,0.0,0.0,0.0,0,2.21,0,0,3.82,0
2021,6,12,22,0,0.0,0.0,0.0,0,2.17,0,0,3.68,0
2021,6,12,23,0,0.0,0.0,0.0,0,2.14,0,0,3.52,0
2021,6,13,0,0,0.0,0.0,0.0,0,2.16,0,0,3.1,0
2021,6,13,1,0,0.0,0.0,0.0,0,2.15,0,0,3.1,0
2021,6,13,2,0,0.0,0.0,0.0,0,2.11,0,0,3.35,0
2021,6,13,3,0,0.0,0.0,0.0,0,1.92,0,0,3.23,0
2021,6,13,4,0,0.0,0.0,0.0,0,1.67,0,0,3.41,0
2021,6,13,5,0,0.0,0.0,0.0,0,1.27,0,0,3.16,0
2021,6,13,6,0,0.0,0.0,0.0,0,1.18,0,0,2.98,0
2021,6,13,7,0,32.75,10.17,10.27,0,1.42,0,0,2.92,0
2021,6,13,8,0,80.02,64.41,87.9,0,2.93,0,0,3.16,0
2021,6,13,9,0,90.16,119.91,186.23,0,4.83,0,0,4.16,0
2021,6,13,10,0,73.58,180.95,241.93,0,6.71,0,0,4.55,0
2021,6,13,11,0,61.23,237.09,286.35,0,7.92,0,0,4.54,0
2021,6,13,12,0,100.27,222.85,287.73,0,8.67,0,0,4.51,0
2021,6,13,13,0,155.59,144.31,232.55,0,8.97,0,0,4.28,0
2021,6,13,14,0,197.13,114.19,173.93,0,8.73,0,0,3.97,0
2021,6,13,15,0,180.4,76.86,101.05,0,7.94,0,0,3.68,0
2021,6,13,16,0,62.07,21.49,21.55,0,6.26,0,0,3.01,0
2021,6,13,17,0,0.0,0.0,0.0,0,4.68,0,0,2.82,0
2021,6,13,18,0,0.0,0.0,0.0,0,3.95,0,0,2.7,0
2021,6,13,19,0,0.0,0.0,0.0,0,3.4,0,0,2.55,0
2021,6,13,20,0,0.0,0.0,0.0,0,2.87,0,0,2.43,0
2021,6,13,21,0,0.0,0.0,0.0,0,2.55,0,0,2.22,0
2021,6,13,22,0,0.0,0.0,0.0,0,2.43,0,0,1.81,0
2021,6,13,23,0,0.0,0.0,0.0,0,2.33,0,0,1.53,0
2021,6,14,0,0,0.0,0.0,0.0,0,2.09,0,0,1.45,0
2021,6,14,1,0,0.0,0.0,0.0,0,1.75,0,0,1.56,0
2021,6,14,2,0,0.0,0.0,0.0,0,1.52,0,0,1.51,0
2021,6,14,3,0,0.0,0.0,0.0,0,1.33,0,0,1.55,0
2021,6,14,4,0,0.0,0.0,0.0,0,1.16,0,0,1.53,0
2021,6,14,5,0,0.0,0.0,0.0,0,1.01,0,0,1.51,0
2021,6,14,6,0,0.0,0.0,0.0,0,0.87,0,0,1.43,0
2021,6,14,7,0,168.38,23.57,34.0,0,0.98,0,0,1.31,0
2021,6,14,8,0,359.92,81.34,183.52,0,2.45,0,0,1.08,0
2021,6,14,9,0,521.13,128.14,327.75,0,5.17,0,0,1.2,0
2021,6,14,10,0,627.01,150.15,443.15,0,8.23,0,0,1.05,0
2021,6,14,11,0,538.47,183.66,449.62,0,10.36,0,0,0.64,0
2021,6,14,12,0,423.09,216.26,414.67,0,11.4,0,0,0.35,0
2021,6,14,13,0,469.95,132.38,300.02,0,11.9,0,0,0.22,0
2021,6,14,14,0,316.33,95.14,234.95,0,11.93,0,0,0.38,0
2021,6,14,15,0,414.15,57.85,145.23,0,11.4,0,0,0.63,0
2021,6,14,16,0,157.9,21.03,35.9,0,9.9,0,0,1.13,0
2021,6,14,17,0,0.0,0.0,0.0,0,8.01,0,0,1.66,0
2021,6,14,18,0,0.0,0.0,0.0,0,6.7,0,0,1.72,0
2021,6,14,19,0,0.0,0.0,0.0,0,5.43,0,0,1.99,0
2021,6,14,20,0,0.0,0.0,0.0,0,4.42,0,0,2.38,0
2021,6,14,21,0,0.0,0.0,0.0,0,3.72,0,0,2.66,0
2021,6,14,22,0,0.0,0.0,0.0,0,3.51,0,0,2.57,0
2021,6,14,23,0,0.0,0.0,0.0,0,3.76,0,0,2.16,0
2021,6,15,0,0,0.0,0.0,0.0,0,3.9,0,0,1.69,0
2021,6,15,1,0,0.0,0.0,0.0,0,3.69,0,0,1.59,0
2021,6,15,2,0,0.0,0.0,0.0,0,3.51,0,0,1.68,0
2021,6,15,3,0,0.0,0.0,0.0,0,3.2,0,0,1.87,0
2021,6,15,4,0,0.0,0.0,0.0,0,3.01,0,0,1.98,0
2021,6,15,5,0,0.0,0.0,0.0,0,2.9,0,0,2.13,0
2021,6,15,6,0,0.0,0.0,0.0,0,2.55,0,0,2.41,0
2021,6,15,7,0,140.3,25.93,29.08,0,2.28,0,0,2.71,0
2021,6,15,8,0,281.07,99.99,138.48,0,3.87,0,0,2.75,0
2021,6,15,9,0,236.85,184.57,262.52,0,6.54,0,0,1.84,0
2021,6,15,10,0,429.5,233.23,382.77,0,9.09,0,0,1.78,0
2021,6,15,11,0,420.17,245.07,464.98,0,10.55,0,0,1.77,0
2021,6,15,12,0,437.55,252.13,473.92,0,11.18,0,0,1.43,0
2021,6,15,13,0,366.25,237.0,381.58,0,11.49,0,0,1.13,0
2021,6,15,14,0,238.88,188.11,263.25,0,11.51,0,0,1.0,0
2021,6,15,15,0,276.03,94.22,160.5,0,11.09,0,0,0.89,0
2021,6,15,16,0,242.76,20.22,43.35,0,9.82,0,0,0.88,0
2021,6,15,17,0,0.0,0.0,0.0,0,8.81,0,0,0.94,0
2021,6,15,18,0,0.0,0.0,0.0,0,7.94,0,0,1.14,0
2021,6,15,19,0,0.0,0.0,0.0,0,6.6,0,0,1.81,0
2021,6,15,20,0,0.0,0.0,0.0,0,5.07,0,0,2.47,0
2021,6,15,21,0,0.0,0.0,0.0,0,4.02,0,0,2.84,0
2021,6,15,22,0,0.0,0.0,0.0,0,3.32,0,0,3.1,0
2021,6,15,23,0,0.0,0.0,0.0,0,2.57,0,0,3.37,0
2021,6,16,0,0,0.0,0.0,0.0,0,2.08,0,0,3.57,0
2021,6,16,1,0,0.0,0.0,0.0,0,1.82,0,0,3.7,0
2021,6,16,2,0,0.0,0.0,0.0,0,1.78,0,0,3.5,0
2021,6,16,3,0,0.0,0.0,0.0,0,1.82,0,0,3.38,0
2021,6,16,4,0,0.0,0.0,0.0,0,1.53,0,0,3.39,0
2021,6,16,5,0,0.0,0.0,0.0,0,1.27,0,0,3.42,0
2021,6,16,6,0,0.0,0.0,0.0,0,1.15,0,0,3.43,0
2021,6,16,7,0,273.18,17.47,38.53,0,1.71,0,0,3.18,0
2021,6,16,8,0,625.05,43.43,195.75,0,4.47,0,0,2.36,0
2021,6,16,9,0,740.07,63.03,344.9,0,7.45,0,0,1.43,0
2021,6,16,10,0,817.41,74.19,458.67,0,10.93,0,0,2.48,0
2021,6,16,11,0,584.34,121.32,483.27,0,13.67,0,0,3.39,0
2021,6,16,12,0,244.74,181.61,325.17,0,14.68,0,0,3.37,0
2021,6,16,13,0,438.92,139.52,315.58,0,14.64,0,0,3.81,0
2021,6,16,14,0,236.14,98.41,186.07,0,13.52,0,0,4.09,0
2021,6,16,15,0,129.18,66.91,104.97,0,11.8,0,0,3.38,0
2021,6,16,16,0,68.18,20.07,22.23,0,9.94,0,0,3.11,0
2021,6,16,17,0,0.0,0.0,0.0,0,8.82,0,0,3.32,0
2021,6,16,18,0,0.0,0.0,0.0,0,8.5,0,0,3.4,0
2021,6,16,19,0,0.0,0.0,0.0,0,8.17,0,0,3.4,0
2021,6,16,20,0,0.0,0.0,0.0,0,8.16,0,0,3.85,0
2021,6,16,21,0,0.0,0.0,0.0,0,8.05,0,0,3.37,0
2021,6,16,22,0,0.0,0.0,0.0,0,7.89,0,0,4.3,0
2021,6,16,23,0,0.0,0.0,0.0,0,7.76,0,0,4.73,0
2021,6,17,0,0,0.0,0.0,0.0,0,6.93,0,0,4.93,0
2021,6,17,1,0,0.0,0.0,0.0,0,6.33,0,0,5.31,0
2021,6,17,2,0,0.0,0.0,0.0,0,5.63,0,0,5.23,0
2021,6,17,3,0,0.0,0.0,0.0,0,4.91,0,0,5.2,0
2021,6,17,4,0,0.0,0.0,0.0,0,4.23,0,0,4.9,0
2021,6,17,5,0,0.0,0.0,0.0,0,3.51,0,0,4.71,0
2021,6,17,6,0,0.0,0.0,0.0,0,2.66,0,0,4.45,0
2021,6,17,7,0,90.36,22.48,25.83,0,2.3,0,0,3.85,0
2021,6,17,8,0,121.01,93.65,125.0,0,3.09,0,0,3.61,0
2021,6,17,9,0,214.17,154.66,229.1,0,4.54,0,0,4.14,0
2021,6,17,10,0,127.13,200.46,291.85,0,6.36,0,0,5.5,0
2021,6,17,11,0,176.39,220.02,317.17,0,7.54,0,0,6.02,0
2021,6,17,12,0,72.95,244.84,298.1,0,8.05,0,0,6.01,0
2021,6,17,13,0,468.14,85.51,197.57,0,8.0,0,0,6.03,0
2021,6,17,14,0,365.64,83.46,157.5,0,7.69,0,0,5.99,0
2021,6,17,15,0,143.34,56.07,91.72,0,7.18,0,0,5.5,0
2021,6,17,16,0,429.95,17.31,20.75,0,6.42,0,0,4.73,0
2021,6,17,17,0,0.0,0.0,0.0,0,5.75,0,0,4.65,0
2021,6,17,18,0,0.0,0.0,0.0,0,5.42,0,0,4.63,0
2021,6,17,19,0,0.0,0.0,0.0,0,5.17,0,0,4.33,0
2021,6,17,20,0,0.0,0.0,0.0,0,5.02,0,0,4.22,0
2021,6,17,21,0,0.0,0.0,0.0,0,4.95,0,0,4.22,0
2021,6,17,22,0,0.0,0.0,0.0,0,4.95,0,0,4.23,0
2021,6,17,23,0,0.0,0.0,0.0,0,4.98,0,0,4.21,0
2021,6,18,0,0,0.0,0.0,0.0,0,5.0,0,0,4.02,0
2021,6,18,1,0,0.0,0.0,0.0,0,5.04,0,0,3.99,0
2021,6,18,2,0,0.0,0.0,0.0,0,5.09,0,0,4.05,0
2021,6,18,3,0,0.0,0.0,0.0,0,5.1,0,0,3.83,0
2021,6,18,4,0,0.0,0.0,0.0,0,5.03,0,0,3.92,0
2021,6,18,5,0,0.0,0.0,0.0,0,5.1,0,0,4.29,0
2021,6,18,6,0,0.0,0.0,0.0,0,5.12,0,0,3.85,0
2021,6,18,7,0,52.42,17.93,17.8,0,5.25,0,0,3.63,0
2021,6,18,8,0,191.61,49.34,91.47,0,5.74,0,0,3.46,0
2021,6,18,9,0,191.0,102.88,158.45,0,6.19,0,0,3.56,0
2021,6,18,10,0,66.23,160.04,206.43,0,6.61,0,0,4.08,0
2021,6,18,11,0,108.6,183.3,224.62,0,6.93,0,0,4.39,0
2021,6,18,12,0,49.31,199.59,240.5,0,7.11,0,0,4.85,0
2021,6,18,13,0,126.2,143.42,219.65,0,7.16,0,0,4.99,0
2021,6,18,14,0,210.26,92.36,160.52,0,7.23,0,0,5.01,0
2021,6,18,15,0,104.8,70.13,92.68,0,7.16,0,0,5.1,0
2021,6,18,16,0,58.5,20.52,20.98,0,6.56,0,0,5.12,0
2021,6,18,17,0,0.0,0.0,0.0,0,6.02,0,0,5.53,0
2021,6,18,18,0,0.0,0.0,0.0,0,5.83,0,0,5.72,0
2021,6,18,19,0,0.0,0.0,0.0,0,5.55,0,0,5.94,0
2021,6,18,20,0,0.0,0.0,0.0,0,5.22,0,0,5.68,0
2021,6,18,21,0,0.0,0.0,0.0,0,5.17,0,0,5.39,0
2021,6,18,22,0,0.0,0.0,0.0,0,5.2,0,0,5.11,0
2021,6,18,23,0,0.0,0.0,0.0,0,5.21,0,0,4.66,0
2021,6,19,0,0,0.0,0.0,0.0,0,5.25,0,0,4.48,0
2021,6,19,1,0,0.0,0.0,0.0,0,5.31,0,0,4.3,0
2021,6,19,2,0,0.0,0.0,0.0,0,5.25,0,0,4.18,0
2021,6,19,3,0,0.0,0.0,0.0,0,5.06,0,0,4.1,0
2021,6,19,4,0,0.0,0.0,0.0,0,4.77,0,0,4.08,0
2021,6,19,5,0,0.0,0.0,0.0,0,4.44,0,0,4.06,0
2021,6,19,6,0,0.0,0.0,0.0,0,4.08,0,0,3.99,0
2021,6,19,7,0,191.69,23.67,34.47,0,3.99,0,0,4.01,0
2021,6,19,8,0,613.8,50.32,192.3,0,4.7,0,0,4.46,0
2021,6,19,9,0,730.4,71.19,351.4,0,5.84,0,0,5.17,0
2021,6,19,10,0,776.82,82.46,445.9,0,7.47,0,0,5.57,0
2021,6,19,11,0,641.9,93.93,466.73,0,9.01,0,0,5.7,0
2021,6,19,12,0,239.06,220.21,345.77,0,10.17,0,0,5.71,0
2021,6,19,13,0,97.54,204.57,261.5,0,10.7,0,0,5.71,0
2021,6,19,14,0,193.27,150.42,200.05,0,10.68,0,0,5.7,0
2021,6,19,15,0,138.41,94.63,125.62,0,10.1,0,0,5.38,0
2021,6,19,16,0,132.78,22.64,34.0,0,8.73,0,0,4.9,0
2021,6,19,17,0,0.0,0.0,0.0,0,7.13,0,0,4.69,0
2021,6,19,18,0,0.0,0.0,0.0,0,6.31,0,0,4.59,0
2021,6,19,19,0,0.0,0.0,0.0,0,5.61,0,0,4.38,0
2021,6,19,20,0,0.0,0.0,0.0,0,5.01,0,0,4.24,0
2021,6,19,21,0,0.0,0.0,0.0,0,4.44,0,0,4.1,0
2021,6,19,22,0,0.0,0.0,0.0,0,3.92,0,0,3.77,0
2021,6,19,23,0,0.0,0.0,0.0,0,3.44,0,0,3.6,0
2021,6,20,0,0,0.0,0.0,0.0,0,3.09,0,0,3.66,0
2021,6,20,1,0,0.0,0.0,0.0,0,2.86,0,0,3.73,0
2021,6,20,2,0,0.0,0.0,0.0,0,2.74,0,0,3.71,0
2021,6,20,3,0,0.0,0.0,0.0,0,2.74,0,0,3.61,0
2021,6,20,4,0,0.0,0.0,0.0,0,2.91,0,0,3.69,0
2021,6,20,5,0,0.0,0.0,0.0,0,3.08,0,0,3.71,0
2021,6,20,6,0,0.0,0.0,0.0,0,3.23,0,0,3.75,0
2021,6,20,7,0,284.41,17.42,38.38,0,3.68,0,0,3.83,0
2021,6,20,8,0,560.95,47.42,196.8,0,5.09,0,0,3.78,0
2021,6,20,9,0,711.53,68.76,346.08,0,6.65,0,0,4.74,0
2021,6,20,10,0,809.36,71.97,462.0,0,8.3,0,0,4.41,0
2021,6,20,11,0,693.44,108.55,484.62,0,9.57,0,0,4.01,0
2021,6,20,12,0,771.35,99.22,457.0,0,10.33,0,0,3.48,0
2021,6,20,13,0,552.51,89.85,347.0,0,10.68,0,0,3.13,0
2021,6,20,14,0,224.16,86.13,233.6,0,10.63,0,0,3.09,0
2021,6,20,15,0,462.28,37.26,151.98,0,10.01,0,0,3.06,0
2021,6,20,16,0,209.85,17.74,43.35,0,8.57,0,0,2.62,0
2021,6,20,17,0,0.0,0.0,0.0,0,6.71,0,0,2.94,0
2021,6,20,18,0,0.0,0.0,0.0,0,5.71,0,0,3.47,0
2021,6,20,19,0,0.0,0.0,0.0,0,5.05,0,0,3.28,0
2021,6,20,20,0,0.0,0.0,0.0,0,4.53,0,0,2.83,0
2021,6,20,21,0,0.0,0.0,0.0,0,4.36,0,0,2.57,0
2021,6,20,22,0,0.0,0.0,0.0,0,4.59,0,0,2.26,0
2021,6,20,23,0,0.0,0.0,0.0,0,4.7,0,0,2.43,0
2021,6,21,0,0,0.0,0.0,0.0,0,4.73,0,0,2.51,0
2021,6,21,1,0,0.0,0.0,0.0,0,4.79,0,0,2.36,0
2021,6,21,2,0,0.0,0.0,0.0,0,4.86,0,0,2.66,0
2021,6,21,3,0,0.0,0.0,0.0,0,4.93,0,0,2.73,0
2021,6,21,4,0,0.0,0.0,0.0,0,4.97,0,0,3.13,0
2021,6,21,5,0,0.0,0.0,0.0,0,5.02,0,0,3.32,0
2021,6,21,6,0,0.0,0.0,0.0,0,4.99,0,0,3.33,0
2021,6,21,7,0,303.43,18.13,35.12,0,5.11,0,0,3.16,0
2021,6,21,8,0,544.93,46.68,180.9,0,5.97,0,0,3.43,0
2021,6,21,9,0,587.04,95.24,324.12,0,7.38,0,0,3.37,0
2021,6,21,10,0,628.62,149.22,441.75,0,9.2,0,0,3.13,0
2021,6,21,11,0,824.7,80.78,475.52,0,10.62,0,0,2.59,0
2021,6,21,12,0,701.17,144.51,489.23,0,11.54,0,0,2.17,0
2021,6,21,13,0,651.34,115.67,354.35,0,11.96,0,0,2.1,0
2021,6,21,14,0,573.24,86.66,288.08,0,11.85,0,0,2.26,0
2021,6,21,15,0,498.01,49.55,181.52,0,11.15,0,0,2.47,0
2021,6,21,16,0,311.05,19.08,50.58,0,9.43,0,0,2.66,0
2021,6,21,17,0,0.0,0.0,0.0,0,7.48,0,0,3.43,0
2021,6,21,18,0,0.0,0.0,0.0,0,6.64,0,0,3.55,0
2021,6,21,19,0,0.0,0.0,0.0,0,5.82,0,0,3.21,0
2021,6,21,20,0,0.0,0.0,0.0,0,5.03,0,0,2.85,0
2021,6,21,21,0,0.0,0.0,0.0,0,4.61,0,0,2.79,0
2021,6,21,22,0,0.0,0.0,0.0,0,4.79,0,0,2.73,0
2021,6,21,23,0,0.0,0.0,0.0,0,4.72,0,0,2.56,0
2021,6,22,0,0,0.0,0.0,0.0,0,4.48,0,0,2.55,0
2021,6,22,1,0,0.0,0.0,0.0,0,4.29,0,0,2.43,0
2021,6,22,2,0,0.0,0.0,0.0,0,4.27,0,0,2.4,0
2021,6,22,3,0,0.0,0.0,0.0,0,4.3,0,0,2.45,0
2021,6,22,4,0,0.0,0.0,0.0,0,4.26,0,0,2.84,0
2021,6,22,5,0,0.0,0.0,0.0,0,4.22,0,0,2.89,0
2021,6,22,6,0,0.0,0.0,0.0,0,4.16,0,0,2.96,0
2021,6,22,7,0,323.16,19.58,35.5,0,4.23,0,0,3.21,0
2021,6,22,8,0,617.41,48.19,186.3,0,5.15,0,0,3.34,0
2021,6,22,9,0,626.1,76.96,330.1,0,7.1,0,0,3.61,0
2021,6,22,10,0,757.95,85.13,448.7,0,9.44,0,0,4.0,0
2021,6,22,11,0,694.72,124.0,524.38,0,11.24,0,0,3.89,0
2021,6,22,12,0,788.68,107.19,543.62,0,12.38,0,0,3.58,0
2021,6,22,13,0,923.43,45.5,479.52,0,13.0,0,0,3.09,0
2021,6,22,14,0,821.03,46.82,371.33,0,13.05,0,0,2.7,0
2021,6,22,15,0,604.08,68.33,219.05,0,12.37,0,0,2.49,0
2021,6,22,16,0,171.29,33.27,48.4,0,10.31,0,0,2.77,0
2021,6,22,17,0,0.0,0.0,0.0,0,8.29,0,0,3.31,0
2021,6,22,18,0,0.0,0.0,0.0,0,7.32,0,0,3.69,0
2021,6,22,19,0,0.0,0.0,0.0,0,6.9,0,0,3.13,0
2021,6,22,20,0,0.0,0.0,0.0,0,6.45,0,0,2.92,0
2021,6,22,21,0,0.0,0.0,0.0,0,6.17,0,0,2.82,0
2021,6,22,22,0,0.0,0.0,0.0,0,6.09,0,0,3.06,0
2021,6,22,23,0,0.0,0.0,0.0,0,6.26,0,0,3.09,0
2021,6,23,0,0,0.0,0.0,0.0,0,6.48,0,0,3.15,0
2021,6,23,1,0,0.0,0.0,0.0,0,6.62,0,0,3.16,0
2021,6,23,2,0,0.0,0.0,0.0,0,6.73,0,0,3.19,0
2021,6,23,3,0,0.0,0.0,0.0,0,6.68,0,0,3.09,0
2021,6,23,4,0,0.0,0.0,0.0,0,6.61,0,0,3.07,0
2021,6,23,5,0,0.0,0.0,0.0,0,6.46,0,0,3.37,0
2021,6,23,6,0,0.0,0.0,0.0,0,6.25,0,0,3.62,0
2021,6,23,7,0,5.77,14.31,13.8,0,5.95,0,0,3.33,0
2021,6,23,8,0,6.92,70.75,75.7,0,7.08,0,0,3.02,0
2021,6,23,9,0,0.71,127.51,151.77,0,8.85,0,0,3.33,0
2021,6,23,10,0,0.0,172.33,215.25,0,11.15,0,0,4.52,0
2021,6,23,11,0,16.6,212.91,242.57,0,12.03,0,0,5.21,0
2021,6,23,12,0,2.06,258.43,292.23,0,12.71,0,0,5.48,0
2021,6,23,13,0,0.22,189.13,232.7,0,13.28,0,0,5.62,0
2021,6,23,14,0,79.28,76.57,102.0,0,12.8,0,0,4.96,0
2021,6,23,15,0,0.0,53.16,59.95,0,11.9,0,0,4.16,0
2021,6,23,16,0,0.0,18.81,18.77,0,10.92,0,0,3.79,0
2021,6,23,17,0,0.0,0.0,0.0,0,10.23,0,0,3.95,0
2021,6,23,18,0,0.0,0.0,0.0,0,9.99,0,0,4.28,0
2021,6,23,19,0,0.0,0.0,0.0,0,9.81,0,0,4.55,0
2021,6,23,20,0,0.0,0.0,0.0,0,9.66,0,0,4.88,0
2021,6,23,21,0,0.0,0.0,0.0,0,9.4,0,0,5.16,0
2021,6,23,22,0,0.0,0.0,0.0,0,8.8,0,0,5.59,0
2021,6,23,23,0,0.0,0.0,0.0,0,8.78,0,0,6.06,0
2021,6,24,0,0,0.0,0.0,0.0,0,9.11,0,0,6.71,0
2021,6,24,1,0,0.0,0.0,0.0,0,9.2,0,0,7.01,0
2021,6,24,2,0,0.0,0.0,0.0,0,8.77,0,0,6.55,0
2021,6,24,3,0,0.0,0.0,0.0,0,8.4,0,0,5.86,0
2021,6,24,4,0,0.0,0.0,0.0,0,8.13,0,0,5.81,0
2021,6,24,5,0,0.0,0.0,0.0,0,8.07,0,0,6.06,0
2021,6,24,6,0,0.0,0.0,0.0,0,8.13,0,0,6.19,0
2021,6,24,7,0,1.94,7.95,7.65,0,8.59,0,0,6.63,0
2021,6,24,8,0,12.13,31.64,34.28,0,9.75,0,0,6.97,0
2021,6,24,9,0,25.18,40.61,50.1,0,10.66,0,0,7.18,0
2021,6,24,10,0,38.07,52.25,67.2,0,11.08,0,0,7.46,0
2021,6,24,11,0,16.18,68.35,79.18,0,11.15,0,0,7.83,0
2021,6,24,12,0,9.06,72.47,82.97,0,11.23,0,0,7.68,0
2021,6,24,13,0,35.37,50.59,75.07,0,11.47,0,0,7.12,0
2021,6,24,14,0,58.2,66.88,88.18,0,11.61,0,0,6.84,0
2021,6,24,15,0,49.74,41.33,51.33,0,11.5,0,0,6.69,0
2021,6,24,16,0,12.37,14.08,13.6,0,11.07,0,0,6.43,0
2021,6,24,17,0,0.0,0.0,0.0,0,10.7,0,0,5.97,0
2021,6,24,18,0,0.0,0.0,0.0,0,10.42,0,0,5.4,0
2021,6,24,19,0,0.0,0.0,0.0,0,9.85,0,0,4.84,0
2021,6,24,20,0,0.0,0.0,0.0,0,9.11,0,0,4.41,0
2021,6,24,21,0,0.0,0.0,0.0,0,8.52,0,0,4.19,0
2021,6,24,22,0,0.0,0.0,0.0,0,8.08,0,0,3.99,0
2021,6,24,23,0,0.0,0.0,0.0,0,7.49,0,0,3.82,0
2021,6,25,0,0,0.0,0.0,0.0,0,6.83,0,0,3.49,0
2021,6,25,1,0,0.0,0.0,0.0,0,6.12,0,0,3.21,0
2021,6,25,2,0,0.0,0.0,0.0,0,5.13,0,0,2.65,0
2021,6,25,3,0,0.0,0.0,0.0,0,4.63,0,0,2.49,0
2021,6,25,4,0,0.0,0.0,0.0,0,4.47,0,0,2.38,0
2021,6,25,5,0,0.0,0.0,0.0,0,3.83,0,0,2.15,0
2021,6,25,6,0,0.0,0.0,0.0,0,3.3,0,0,2.14,0
2021,6,25,7,0,104.3,17.2,23.95,0,3.16,0,0,2.43,0
2021,6,25,8,0,229.46,62.71,115.57,0,4.83,0,0,2.73,0
2021,6,25,9,0,253.38,95.66,194.8,0,6.73,0,0,3.77,0
2021,6,25,10,0,146.38,221.21,288.73,0,8.36,0,0,5.42,0
2021,6,25,11,0,233.58,197.06,300.4,0,9.05,0,0,5.77,0
2021,6,25,12,0,195.77,226.31,330.6,0,9.35,0,0,5.81,0
2021,6,25,13,0,124.68,231.76,318.5,0,9.38,0,0,5.64,0
2021,6,25,14,0,236.77,143.75,260.08,0,9.3,0,0,5.4,0
2021,6,25,15,0,390.62,57.23,152.3,0,8.84,0,0,5.03,0
2021,6,25,16,0,245.12,19.81,43.62,0,7.42,0,0,4.11,0
2021,6,25,17,0,0.0,0.0,0.0,0,6.2,0,0,3.66,0
2021,6,25,18,0,0.0,0.0,0.0,0,5.8,0,0,3.9,0
2021,6,25,19,0,0.0,0.0,0.0,0,5.57,0,0,3.91,0
2021,6,25,20,0,0.0,0.0,0.0,0,5.44,0,0,3.81,0
2021,6,25,21,0,0.0,0.0,0.0,0,5.48,0,0,3.69,0
2021,6,25,22,0,0.0,0.0,0.0,0,5.53,0,0,3.53,0
2021,6,25,23,0,0.0,0.0,0.0,0,5.51,0,0,3.35,0
2021,6,26,0,0,0.0,0.0,0.0,0,5.42,0,0,3.38,0
2021,6,26,1,0,0.0,0.0,0.0,0,5.22,0,0,3.51,0
2021,6,26,2,0,0.0,0.0,0.0,0,5.01,0,0,3.52,0
2021,6,26,3,0,0.0,0.0,0.0,0,4.86,0,0,3.51,0
2021,6,26,4,0,0.0,0.0,0.0,0,4.77,0,0,3.59,0
2021,6,26,5,0,0.0,0.0,0.0,0,4.64,0,0,3.51,0
2021,6,26,6,0,0.0,0.0,0.0,0,4.47,0,0,3.63,0
2021,6,26,7,0,59.88,19.14,21.95,0,4.5,0,0,3.6,0
2021,6,26,8,0,303.78,67.53,111.88,0,5.13,0,0,3.97,0
2021,6,26,9,0,170.67,140.55,207.82,0,6.06,0,0,5.27,0
2021,6,26,10,0,128.73,181.83,269.2,0,7.25,0,0,6.07,0
2021,6,26,11,0,137.36,203.37,287.58,0,8.15,0,0,6.08,0
2021,6,26,12,0,100.88,236.38,308.35,0,8.77,0,0,5.9,0
2021,6,26,13,0,427.53,116.76,269.7,0,9.03,0,0,5.73,0
2021,6,26,14,0,285.95,60.46,203.12,0,8.83,0,0,5.5,0
2021,6,26,15,0,222.07,60.43,126.85,0,8.16,0,0,4.98,0
2021,6,26,16,0,181.81,15.68,30.9,0,6.89,0,0,4.0,0
2021,6,26,17,0,0.0,0.0,0.0,0,5.86,0,0,3.76,0
2021,6,26,18,0,0.0,0.0,0.0,0,5.6,0,0,3.9,0
2021,6,26,19,0,0.0,0.0,0.0,0,5.41,0,0,4.06,0
2021,6,26,20,0,0.0,0.0,0.0,0,5.21,0,0,4.21,0
2021,6,26,21,0,0.0,0.0,0.0,0,5.13,0,0,4.2,0
2021,6,26,22,0,0.0,0.0,0.0,0,5.05,0,0,4.03,0
2021,6,26,23,0,0.0,0.0,0.0,0,5.06,0,0,4.09,0
2021,6,27,0,0,0.0,0.0,0.0,0,5.03,0,0,4.22,0
2021,6,27,1,0,0.0,0.0,0.0,0,4.9,0,0,4.04,0
2021,6,27,2,0,0.0,0.0,0.0,0,4.75,0,0,3.86,0
2021,6,27,3,0,0.0,0.0,0.0,0,4.73,0,0,3.94,0
2021,6,27,4,0,0.0,0.0,0.0,0,4.61,0,0,4.01,0
2021,6,27,5,0,0.0,0.0,0.0,0,4.5,0,0,4.08,0
2021,6,27,6,0,0.0,0.0,0.0,0,4.36,0,0,4.18,0
2021,6,27,7,0,230.9,19.61,30.08,0,4.1,0,0,4.3,0
2021,6,27,8,0,537.34,64.55,177.8,0,4.25,0,0,4.71,0
2021,6,27,9,0,678.53,77.45,323.58,0,5.17,0,0,4.46,0
2021,6,27,10,0,825.78,75.46,442.1,0,6.51,0,0,4.2,0
2021,6,27,11,0,588.82,141.47,490.92,0,7.96,0,0,4.04,0
2021,6,27,12,0,694.76,118.87,486.23,0,9.16,0,0,3.95,0
2021,6,27,13,0,565.09,135.51,410.5,0,9.88,0,0,3.75,0
2021,6,27,14,0,536.24,114.84,288.83,0,10.1,0,0,3.5,0
2021,6,27,15,0,342.5,75.8,171.9,0,9.68,0,0,3.22,0
2021,6,27,16,0,190.93,29.67,43.67,0,8.05,0,0,2.8,0
2021,6,27,17,0,0.0,0.0,0.0,0,6.1,0,0,3.07,0
2021,6,27,18,0,0.0,0.0,0.0,0,5.15,0,0,3.18,0
2021,6,27,19,0,0.0,0.0,0.0,0,4.4,0,0,3.24,0
2021,6,27,20,0,0.0,0.0,0.0,0,3.74,0,0,3.05,0
2021,6,27,21,0,0.0,0.0,0.0,0,3.45,0,0,2.84,0
2021,6,27,22,0,0.0,0.0,0.0,0,3.34,0,0,2.41,0
2021,6,27,23,0,0.0,0.0,0.0,0,3.46,0,0,2.39,0
2021,6,28,0,0,0.0,0.0,0.0,0,3.51,0,0,2.18,0
2021,6,28,1,0,0.0,0.0,0.0,0,3.24,0,0,2.09,0
2021,6,28,2,0,0.0,0.0,0.0,0,3.1,0,0,2.23,0
2021,6,28,3,0,0.0,0.0,0.0,0,2.93,0,0,2.13,0
2021,6,28,4,0,0.0,0.0,0.0,0,2.65,0,0,2.16,0
2021,6,28,5,0,0.0,0.0,0.0,0,2.76,0,0,2.35,0
2021,6,28,6,0,0.0,0.0,0.0,0,2.77,0,0,2.47,0
2021,6,28,7,0,187.25,16.58,31.23,0,2.99,0,0,2.5,0
2021,6,28,8,0,546.01,51.97,169.05,0,4.82,0,0,2.67,0
2021,6,28,9,0,419.77,145.01,308.1,0,7.25,0,0,3.31,0
2021,6,28,10,0,773.05,92.89,442.02,0,9.65,0,0,3.57,0
2021,6,28,11,0,559.3,170.09,492.23,0,11.36,0,0,3.19,0
2021,6,28,12,0,732.88,100.87,449.23,0,12.48,0,0,2.73,0
2021,6,28,13,0,500.19,176.18,403.95,0,13.04,0,0,2.37,0
2021,6,28,14,0,526.57,136.49,309.45,0,13.0,0,0,2.18,0
2021,6,28,15,0,519.87,77.07,187.98,0,12.37,0,0,2.08,0
2021,6,28,16,0,274.2,22.6,51.03,0,10.82,0,0,2.18,0
2021,6,28,17,0,0.0,0.0,0.0,0,9.12,0,0,2.84,0
2021,6,28,18,0,0.0,0.0,0.0,0,8.27,0,0,3.18,0
2021,6,28,19,0,0.0,0.0,0.0,0,7.25,0,0,3.4,0
2021,6,28,20,0,0.0,0.0,0.0,0,6.2,0,0,3.41,0
2021,6,28,21,0,0.0,0.0,0.0,0,5.57,0,0,3.22,0
2021,6,28,22,0,0.0,0.0,0.0,0,5.35,0,0,2.97,0
2021,6,28,23,0,0.0,0.0,0.0,0,5.41,0,0,3.07,0
2021,6,29,0,0,0.0,0.0,0.0,0,5.47,0,0,2.95,0
2021,6,29,1,0,0.0,0.0,0.0,0,5.44,0,0,2.97,0
2021,6,29,2,0,0.0,0.0,0.0,0,5.36,0,0,3.08,0
2021,6,29,3,0,0.0,0.0,0.0,0,5.2,0,0,3.16,0
2021,6,29,4,0,0.0,0.0,0.0,0,4.99,0,0,3.61,0
2021,6,29,5,0,0.0,0.0,0.0,0,4.95,0,0,3.73,0
2021,6,29,6,0,0.0,0.0,0.0,0,4.92,0,0,3.81,0
2021,6,29,7,0,170.45,16.5,29.8,0,5.22,0,0,3.69,0
2021,6,29,8,0,488.49,48.33,160.95,0,6.32,0,0,3.73,0
2021,6,29,9,0,511.91,77.42,280.58,0,7.79,0,0,4.38,0
2021,6,29,10,0,639.88,110.07,337.8,0,9.6,0,0,4.61,0
2021,6,29,11,0,475.46,164.77,337.3,0,10.97,0,0,4.44,0
2021,6,29,12,0,132.3,275.26,376.38,0,11.7,0,0,4.13,0
2021,6,29,13,0,551.01,120.24,300.75,0,12.0,0,0,3.82,0
2021,6,29,14,0,260.1,165.43,270.65,0,11.85,0,0,3.66,0
2021,6,29,15,0,274.35,78.72,165.07,0,11.18,0,0,3.3,0
2021,6,29,16,0,132.83,28.85,42.92,0,9.98,0,0,2.93,0
2021,6,29,17,0,0.0,0.0,0.0,0,8.56,0,0,3.13,0
2021,6,29,18,0,0.0,0.0,0.0,0,7.55,0,0,3.4,0
2021,6,29,19,0,0.0,0.0,0.0,0,6.94,0,0,3.33,0
2021,6,29,20,0,0.0,0.0,0.0,0,6.72,0,0,3.37,0
2021,6,29,21,0,0.0,0.0,0.0,0,6.91,0,0,3.68,0
2021,6,29,22,0,0.0,0.0,0.0,0,7.08,0,0,3.49,0
2021,6,29,23,0,0.0,0.0,0.0,0,7.13,0,0,3.59,0
2021,6,30,0,0,0.0,0.0,0.0,0,7.18,0,0,3.74,0
2021,6,30,1,0,0.0,0.0,0.0,0,7.21,0,0,3.99,0
2021,6,30,2,0,0.0,0.0,0.0,0,7.25,0,0,4.16,0
2021,6,30,3,0,0.0,0.0,0.0,0,7.23,0,0,4.06,0
2021,6,30,4,0,0.0,0.0,0.0,0,7.19,0,0,4.05,0
2021,6,30,5,0,0.0,0.0,0.0,0,7.13,0,0,3.95,0
2021,6,30,6,0,0.0,0.0,0.0,0,7.07,0,0,4.05,0
2021,6,30,7,0,236.18,16.73,32.33,0,7.22,0,0,3.97,0
2021,6,30,8,0,500.22,54.47,169.65,0,7.86,0,0,3.77,0
2021,6,30,9,0,542.16,100.9,293.45,0,8.81,0,0,4.08,0
2021,6,30,10,0,412.29,193.07,398.25,0,10.22,0,0,4.55,0
2021,6,30,11,0,517.19,179.23,434.25,0,11.66,0,0,4.41,0
2021,6,30,12,0,697.56,141.18,469.7,0,12.68,0,0,3.87,0
2021,6,30,13,0,534.1,190.29,435.42,0,13.2,0,0,3.4,0
2021,6,30,14,0,588.0,87.03,313.12,0,13.22,0,0,3.14,0
2021,6,30,15,0,540.38,49.09,196.23,0,12.69,0,0,2.94,0
2021,6,30,16,0,276.68,23.01,53.47,0,11.24,0,0,2.84,0
2021,6,30,17,0,0.0,0.0,0.0,0,9.81,0,0,3.46,0
2021,6,30,18,0,0.0,0.0,0.0,0,9.13,0,0,3.76,0
2021,6,30,19,0,0.0,0.0,0.0,0,8.4,0,0,3.43,0
2021,6,30,20,0,0.0,0.0,0.0,0,7.47,0,0,3.14,0
2021,6,30,21,0,0.0,0.0,0.0,0,6.89,0,0,3.35,0
2021,6,30,22,0,0.0,0.0,0.0,0,7.1,0,0,3.3,0
2021,6,30,23,0,0.0,0.0,0.0,0,7.45,0,0,3.03,0
2021,7,1,0,0,0.0,0.0,0.0,0,7.63,0,0,2.8,0
2021,7,1,1,0,0.0,0.0,0.0,0,7.74,0,0,2.72,0
2021,7,1,2,0,0.0,0.0,0.0,0,7.8,0,0,2.66,0
2021,7,1,3,0,0.0,0.0,0.0,0,7.81,0,0,2.53,0
2021,7,1,4,0,0.0,0.0,0.0,0,7.79,0,0,2.4,0
2021,7,1,5,0,0.0,0.0,0.0,0,7.75,0,0,2.45,0
2021,7,1,6,0,0.0,0.0,0.0,0,7.63,0,0,2.39,0
2021,7,1,7,0,1.97,18.41,17.67,0,7.59,0,0,2.43,0
2021,7,1,8,0,37.45,77.16,93.65,0,7.91,0,0,2.26,0
2021,7,1,9,0,30.42,132.47,159.77,0,8.2,0,0,2.0,0
2021,7,1,10,0,0.0,134.66,168.2,0,8.43,0,0,2.1,0
2021,7,1,11,0,0.0,180.5,203.93,0,8.76,0,0,2.03,0
2021,7,1,12,0,33.14,110.83,137.62,0,9.17,0,0,2.15,0
2021,7,1,13,0,15.68,80.65,101.03,0,9.5,0,0,2.6,0
2021,7,1,14,0,0.0,51.69,59.03,0,9.73,0,0,2.76,0
2021,7,1,15,0,0.0,51.63,63.4,0,9.91,0,0,2.62,0
2021,7,1,16,0,0.0,17.83,18.98,0,9.38,0,0,2.67,0
2021,7,1,17,0,0.0,0.0,0.0,0,8.74,0,0,3.05,0
2021,7,1,18,0,0.0,0.0,0.0,0,8.48,0,0,3.21,0
2021,7,1,19,0,0.0,0.0,0.0,0,8.26,0,0,3.35,0
2021,7,1,20,0,0.0,0.0,0.0,0,7.98,0,0,3.2,0
2021,7,1,21,0,0.0,0.0,0.0,0,7.72,0,0,3.05,0
2021,7,1,22,0,0.0,0.0,0.0,0,7.58,0,0,3.13,0
2021,7,1,23,0,0.0,0.0,0.0,0,7.62,0,0,3.27,0
2021,7,2,0,0,0.0,0.0,0.0,0,7.64,0,0,3.05,0
2021,7,2,1,0,0.0,0.0,0.0,0,7.6,0,0,2.62,0
2021,7,2,2,0,0.0,0.0,0.0,0,7.5,0,0,2.39,0
2021,7,2,3,0,0.0,0.0,0.0,0,7.4,0,0,2.18,0
2021,7,2,4,0,0.0,0.0,0.0,0,7.36,0,0,2.08,0
2021,7,2,5,0,0.0,0.0,0.0,0,7.35,0,0,1.88,0
2021,7,2,6,0,0.0,0.0,0.0,0,7.34,0,0,1.66,0
2021,7,2,7,0,109.28,19.99,23.95,0,7.44,0,0,1.65,0
2021,7,2,8,0,154.96,81.77,118.28,0,7.81,0,0,1.63,0
2021,7,2,9,0,168.99,144.86,204.27,0,8.16,0,0,2.09,0
2021,7,2,10,0,70.5,215.84,282.4,0,9.13,0,0,2.54,0
2021,7,2,11,0,52.24,241.13,278.8,0,10.23,0,0,2.94,0
2021,7,2,12,0,115.03,238.26,335.8,0,10.98,0,0,3.38,0
2021,7,2,13,0,537.22,133.11,278.48,0,11.38,0,0,3.63,0
2021,7,2,14,0,332.95,175.27,279.75,0,11.31,0,0,3.6,0
2021,7,2,15,0,276.86,90.32,163.43,0,10.78,0,0,3.32,0
2021,7,2,16,0,178.44,28.49,46.9,0,9.41,0,0,3.02,0
2021,7,2,17,0,0.0,0.0,0.0,0,8.05,0,0,3.0,0
2021,7,2,18,0,0.0,0.0,0.0,0,7.57,0,0,2.87,0
2021,7,2,19,0,0.0,0.0,0.0,0,7.16,0,0,2.83,0
2021,7,2,20,0,0.0,0.0,0.0,0,6.68,0,0,2.85,0
2021,7,2,21,0,0.0,0.0,0.0,0,6.41,0,0,2.81,0
2021,7,2,22,0,0.0,0.0,0.0,0,6.12,0,0,2.79,0
2021,7,2,23,0,0.0,0.0,0.0,0,5.9,0,0,2.85,0
2021,7,3,0,0,0.0,0.0,0.0,0,5.74,0,0,2.76,0
2021,7,3,1,0,0.0,0.0,0.0,0,5.62,0,0,2.78,0
2021,7,3,2,0,0.0,0.0,0.0,0,5.48,0,0,2.84,0
2021,7,3,3,0,0.0,0.0,0.0,0,5.16,0,0,2.81,0
2021,7,3,4,0,0.0,0.0,0.0,0,4.77,0,0,2.5,0
2021,7,3,5,0,0.0,0.0,0.0,0,4.4,0,0,2.21,0
2021,7,3,6,0,0.0,0.0,0.0,0,4.12,0,0,2.07,0
2021,7,3,7,0,24.53,16.75,16.58,0,4.24,0,0,1.82,0
2021,7,3,8,0,93.83,56.1,89.05,0,5.48,0,0,1.74,0
2021,7,3,9,0,154.04,117.89,169.05,0,7.39,0,0,2.58,0
2021,7,3,10,0,95.45,146.89,195.35,0,9.43,0,0,3.54,0
2021,7,3,11,0,36.43,166.75,203.68,0,10.51,0,0,4.17,0
2021,7,3,12,0,94.87,215.78,282.38,0,10.94,0,0,4.45,0
2021,7,3,13,0,531.78,116.36,264.65,0,10.79,0,0,4.44,0
2021,7,3,14,0,576.21,76.22,219.55,0,10.41,0,0,4.2,0
2021,7,3,15,0,289.83,53.09,143.38,0,9.52,0,0,3.73,0
2021,7,3,16,0,271.21,21.05,44.42,0,8.07,0,0,3.12,0
2021,7,3,17,0,0.0,0.0,0.0,0,6.6,0,0,3.04,0
2021,7,3,18,0,0.0,0.0,0.0,0,5.51,0,0,2.9,0
2021,7,3,19,0,0.0,0.0,0.0,0,4.54,0,0,3.02,0
2021,7,3,20,0,0.0,0.0,0.0,0,3.71,0,0,3.09,0
2021,7,3,21,0,0.0,0.0,0.0,0,2.88,0,0,2.94,0
2021,7,3,22,0,0.0,0.0,0.0,0,2.26,0,0,2.48,0
2021,7,3,23,0,0.0,0.0,0.0,0,1.87,0,0,2.71,0
2021,7,4,0,0,0.0,0.0,0.0,0,1.14,0,0,2.79,0
2021,7,4,1,0,0.0,0.0,0.0,0,0.68,0,0,2.64,0
2021,7,4,2,0,0.0,0.0,0.0,0,0.76,0,0,2.7,0
2021,7,4,3,0,0.0,0.0,0.0,0,0.75,0,0,2.64,0
2021,7,4,4,0,0.0,0.0,0.0,0,0.72,0,0,2.47,0
2021,7,4,5,0,0.0,0.0,0.0,0,0.81,0,0,2.58,0
2021,7,4,6,0,0.0,0.0,0.0,0,0.65,0,0,2.52,0
2021,7,4,7,0,340.06,15.23,35.2,0,0.71,0,0,2.86,0
2021,7,4,8,0,418.67,49.22,156.25,0,1.73,0,0,3.52,0
2021,7,4,9,0,469.25,92.11,247.15,0,3.49,0,0,4.41,0
2021,7,4,10,0,420.8,137.84,291.45,0,5.28,0,0,4.57,0
2021,7,4,11,0,74.26,312.61,383.35,0,6.63,0,0,4.48,0
2021,7,4,12,0,669.55,171.8,321.4,0,7.38,0,0,4.13,0
2021,7,4,13,0,158.87,235.85,324.62,0,7.66,0,0,3.76,0
2021,7,4,14,0,383.5,95.71,224.68,0,7.51,0,0,3.66,0
2021,7,4,15,0,521.72,51.78,139.38,0,6.75,0,0,3.81,0
2021,7,4,16,0,310.6,22.89,42.47,0,5.24,0,0,3.43,0
2021,7,4,17,0,0.0,0.0,0.0,0,3.73,0,0,3.0,0
2021,7,4,18,0,0.0,0.0,0.0,0,2.99,0,0,2.88,0
2021,7,4,19,0,0.0,0.0,0.0,0,2.35,0,0,3.02,0
2021,7,4,20,0,0.0,0.0,0.0,0,2.01,0,0,3.36,0
2021,7,4,21,0,0.0,0.0,0.0,0,1.83,0,0,3.54,0
2021,7,4,22,0,0.0,0.0,0.0,0,1.66,0,0,3.64,0
2021,7,4,23,0,0.0,0.0,0.0,0,1.65,0,0,3.65,0
2021,7,5,0,0,0.0,0.0,0.0,0,1.53,0,0,3.21,0
2021,7,5,1,0,0.0,0.0,0.0,0,1.25,0,0,3.19,0
2021,7,5,2,0,0.0,0.0,0.0,0,1.22,0,0,3.29,0
2021,7,5,3,0,0.0,0.0,0.0,0,1.11,0,0,2.92,0
2021,7,5,4,0,0.0,0.0,0.0,0,1.22,0,0,2.84,0
2021,7,5,5,0,0.0,0.0,0.0,0,1.32,0,0,2.75,0
2021,7,5,6,0,0.0,0.0,0.0,0,1.38,0,0,2.67,0
2021,7,5,7,0,118.23,22.06,22.27,0,1.53,0,0,2.5,0
2021,7,5,8,0,229.54,74.88,122.72,0,2.34,0,0,2.68,0
2021,7,5,9,0,223.46,148.07,222.3,0,4.05,0,0,3.2,0
2021,7,5,10,0,123.68,238.11,327.55,0,6.24,0,0,3.59,0
2021,7,5,11,0,18.53,289.44,337.6,0,7.66,0,0,3.61,0
2021,7,5,12,0,608.58,201.09,511.4,0,8.35,0,0,3.81,0
2021,7,5,13,0,745.34,75.48,459.6,0,8.46,0,0,4.02,0
2021,7,5,14,0,682.28,80.54,349.58,0,8.05,0,0,4.09,0
2021,7,5,15,0,683.91,46.8,209.85,0,7.17,0,0,3.97,0
2021,7,5,16,0,347.44,19.7,57.78,0,5.35,0,0,3.56,0
2021,7,5,17,0,0.0,0.0,0.0,0,3.39,0,0,3.39,0
2021,7,5,18,0,0.0,0.0,0.0,0,2.76,0,0,3.34,0
2021,7,5,19,0,0.0,0.0,0.0,0,2.36,0,0,3.53,0
2021,7,5,20,0,0.0,0.0,0.0,0,2.01,0,0,3.61,0
2021,7,5,21,0,0.0,0.0,0.0,0,1.47,0,0,3.32,0
2021,7,5,22,0,0.0,0.0,0.0,0,0.85,0,0,2.98,0
2021,7,5,23,0,0.0,0.0,0.0,0,0.2,0,0,2.67,0
2021,7,6,0,0,0.0,0.0,0.0,0,-0.3,0,0,2.61,0
2021,7,6,1,0,0.0,0.0,0.0,0,-0.53,0,0,2.55,0
2021,7,6,2,0,0.0,0.0,0.0,0,-0.98,0,0,2.34,0
2021,7,6,3,0,0.0,0.0,0.0,0,-1.6,0,0,2.31,0
2021,7,6,4,0,0.0,0.0,0.0,0,-1.82,0,0,2.43,0
2021,7,6,5,0,0.0,0.0,0.0,0,-1.64,0,0,2.37,0
2021,7,6,6,0,0.0,0.0,0.0,0,-1.54,0,0,2.29,0
2021,7,6,7,0,103.88,28.79,26.9,0,-1.08,0,0,2.09,0
2021,7,6,8,0,87.9,115.05,154.82,0,0.34,0,0,1.43,0
2021,7,6,9,0,388.35,201.57,283.75,0,2.32,0,0,0.76,0
2021,7,6,10,0,678.11,249.77,382.83,0,5.33,0,0,0.98,0
2021,7,6,11,0,547.32,295.63,485.83,0,8.2,0,0,1.82,0
2021,7,6,12,0,694.55,283.99,508.0,0,9.23,0,0,1.62,0
2021,7,6,13,0,559.29,191.5,476.65,0,9.66,0,0,1.56,0
2021,7,6,14,0,607.71,135.19,374.88,0,9.64,0,0,1.54,0
2021,7,6,15,0,556.63,89.93,221.85,0,8.92,0,0,1.57,0
2021,7,6,16,0,136.27,31.94,59.75,0,6.85,0,0,1.79,0
2021,7,6,17,0,0.0,0.0,0.0,0,4.67,0,0,2.06,0
2021,7,6,18,0,0.0,0.0,0.0,0,3.21,0,0,2.07,0
2021,7,6,19,0,0.0,0.0,0.0,0,1.6,0,0,2.35,0
2021,7,6,20,0,0.0,0.0,0.0,0,0.29,0,0,2.8,0
2021,7,6,21,0,0.0,0.0,0.0,0,-0.6,0,0,3.11,0
2021,7,6,22,0,0.0,0.0,0.0,0,-1.14,0,0,3.4,0
2021,7,6,23,0,0.0,0.0,0.0,0,-1.32,0,0,3.66,0
2021,7,7,0,0,0.0,0.0,0.0,0,-1.45,0,0,3.77,0
2021,7,7,1,0,0.0,0.0,0.0,0,-1.54,0,0,3.73,0
2021,7,7,2,0,0.0,0.0,0.0,0,-1.58,0,0,3.6,0
2021,7,7,3,0,0.0,0.0,0.0,0,-1.72,0,0,3.51,0
2021,7,7,4,0,0.0,0.0,0.0,0,-1.95,0,0,3.62,0
2021,7,7,5,0,0.0,0.0,0.0,0,-1.99,0,0,3.7,0
2021,7,7,6,0,0.0,0.0,0.0,0,-1.94,0,0,3.78,0
2021,7,7,7,0,356.63,13.88,38.6,0,-1.29,0,0,3.73,0
2021,7,7,8,0,786.84,30.57,200.48,0,1.47,0,0,2.83,0
2021,7,7,9,0,794.02,50.65,352.12,0,4.41,0,0,2.74,0
2021,7,7,10,0,931.18,59.11,468.7,0,7.41,0,0,3.38,0
2021,7,7,11,0,906.24,75.19,552.15,0,9.43,0,0,3.05,0
2021,7,7,12,0,931.86,53.47,572.65,0,10.7,0,0,2.6,0
2021,7,7,13,0,937.46,43.6,520.05,0,11.32,0,0,2.3,0
2021,7,7,14,0,882.4,42.8,409.25,0,11.31,0,0,2.1,0
2021,7,7,15,0,791.6,31.34,253.82,0,10.6,0,0,1.86,0
2021,7,7,16,0,428.88,18.66,76.78,0,8.44,0,0,1.84,0
2021,7,7,17,0,0.0,0.0,0.0,0,6.13,0,0,2.38,0
2021,7,7,18,0,0.0,0.0,0.0,0,4.31,0,0,3.09,0
2021,7,7,19,0,0.0,0.0,0.0,0,2.47,0,0,3.92,0
2021,7,7,20,0,0.0,0.0,0.0,0,1.22,0,0,4.47,0
2021,7,7,21,0,0.0,0.0,0.0,0,0.96,0,0,4.51,0
2021,7,7,22,0,0.0,0.0,0.0,0,1.06,0,0,3.83,0
2021,7,7,23,0,0.0,0.0,0.0,0,0.89,0,0,3.25,0
2021,7,8,0,0,0.0,0.0,0.0,0,0.69,0,0,3.21,0
2021,7,8,1,0,0.0,0.0,0.0,0,0.62,0,0,3.11,0
2021,7,8,2,0,0.0,0.0,0.0,0,0.63,0,0,3.06,0
2021,7,8,3,0,0.0,0.0,0.0,0,0.9,0,0,3.1,0
2021,7,8,4,0,0.0,0.0,0.0,0,0.91,0,0,3.07,0
2021,7,8,5,0,0.0,0.0,0.0,0,1.03,0,0,3.12,0
2021,7,8,6,0,0.0,0.0,0.0,0,1.63,0,0,3.09,0
2021,7,8,7,0,122.31,28.46,30.12,0,1.9,0,0,2.75,0
2021,7,8,8,0,336.78,108.44,163.85,0,3.44,0,0,2.58,0
2021,7,8,9,0,163.3,246.95,296.3,0,5.68,0,0,2.58,0
2021,7,8,10,0,144.41,291.42,383.83,0,8.56,0,0,3.86,0
2021,7,8,11,0,232.78,327.15,439.23,0,10.32,0,0,4.31,0
2021,7,8,12,0,171.71,330.57,443.73,0,10.88,0,0,4.2,0
2021,7,8,13,0,107.73,282.39,372.52,0,10.93,0,0,3.72,0
2021,7,8,14,0,128.8,221.06,274.35,0,10.66,0,0,3.08,0
2021,7,8,15,0,39.4,117.27,158.27,0,10.16,0,0,2.51,0
2021,7,8,16,0,27.28,44.52,45.62,0,8.96,0,0,1.93,0
2021,7,8,17,0,0.0,0.0,0.0,0,7.79,0,0,2.17,0
2021,7,8,18,0,0.0,0.0,0.0,0,6.94,0,0,3.08,0
2021,7,8,19,0,0.0,0.0,0.0,0,6.64,0,0,3.44,0
2021,7,8,20,0,0.0,0.0,0.0,0,6.72,0,0,3.44,0
2021,7,8,21,0,0.0,0.0,0.0,0,6.78,0,0,3.1,0
2021,7,8,22,0,0.0,0.0,0.0,0,6.64,0,0,2.97,0
2021,7,8,23,0,0.0,0.0,0.0,0,6.53,0,0,2.97,0
2021,7,9,0,0,0.0,0.0,0.0,0,6.38,0,0,2.66,0
2021,7,9,1,0,0.0,0.0,0.0,0,6.22,0,0,2.46,0
2021,7,9,2,0,0.0,0.0,0.0,0,6.06,0,0,2.75,0
2021,7,9,3,0,0.0,0.0,0.0,0,6.12,0,0,2.7,0
2021,7,9,4,0,0.0,0.0,0.0,0,6.1,0,0,2.26,0
2021,7,9,5,0,0.0,0.0,0.0,0,6.06,0,0,2.0,0
2021,7,9,6,0,0.0,0.0,0.0,0,6.04,0,0,2.17,0
2021,7,9,7,0,0.0,12.17,11.68,0,6.09,0,0,2.26,0
2021,7,9,8,0,29.94,56.2,61.25,0,6.63,0,0,2.05,0
2021,7,9,9,0,23.68,94.64,113.22,0,7.2,0,0,1.88,0
2021,7,9,10,0,18.75,123.95,154.62,0,7.77,0,0,1.97,0
2021,7,9,11,0,21.35,149.47,179.9,0,7.96,0,0,1.98,0
2021,7,9,12,0,84.32,116.73,167.07,0,8.01,0,0,2.45,0
2021,7,9,13,0,3.36,99.99,115.4,0,8.06,0,0,3.1,0
2021,7,9,14,0,18.78,147.28,167.7,0,8.03,0,0,3.27,0
2021,7,9,15,0,10.32,97.07,111.1,0,7.83,0,0,2.89,0
2021,7,9,16,0,0.0,28.69,30.02,0,6.76,0,0,2.48,0
2021,7,9,17,0,0.0,0.0,0.0,0,5.2,0,0,2.3,0
2021,7,9,18,0,0.0,0.0,0.0,0,4.44,0,0,2.26,0
2021,7,9,19,0,0.0,0.0,0.0,0,3.88,0,0,2.57,0
2021,7,9,20,0,0.0,0.0,0.0,0,3.44,0,0,2.71,0
2021,7,9,21,0,0.0,0.0,0.0,0,3.43,0,0,3.01,0
2021,7,9,22,0,0.0,0.0,0.0,0,3.13,0,0,2.93,0
2021,7,9,23,0,0.0,0.0,0.0,0,3.09,0,0,3.05,0
2021,7,10,0,0,0.0,0.0,0.0,0,3.39,0,0,3.44,0
2021,7,10,1,0,0.0,0.0,0.0,0,3.89,0,0,3.66,0
2021,7,10,2,0,0.0,0.0,0.0,0,4.17,0,0,3.8,0
2021,7,10,3,0,0.0,0.0,0.0,0,4.25,0,0,3.97,0
2021,7,10,4,0,0.0,0.0,0.0,0,4.19,0,0,3.97,0
2021,7,10,5,0,0.0,0.0,0.0,0,4.11,0,0,3.75,0
2021,7,10,6,0,0.0,0.0,0.0,0,3.99,0,0,3.25,0
2021,7,10,7,0,164.57,15.71,28.98,0,4.03,0,0,3.18,0
2021,7,10,8,0,492.03,63.98,173.15,0,5.03,0,0,3.57,0
2021,7,10,9,0,574.26,90.98,323.3,0,6.12,0,0,3.9,0
2021,7,10,10,0,659.22,115.08,446.7,0,7.85,0,0,4.42,0
2021,7,10,11,0,628.42,125.92,489.95,0,9.63,0,0,4.81,0
2021,7,10,12,0,570.26,148.92,472.42,0,10.66,0,0,4.68,0
2021,7,10,13,0,396.48,127.55,324.2,0,11.11,0,0,4.39,0
2021,7,10,14,0,226.68,136.76,245.38,0,11.04,0,0,4.14,0
2021,7,10,15,0,178.13,95.91,151.62,0,10.41,0,0,3.75,0
2021,7,10,16,0,106.38,27.45,42.25,0,8.98,0,0,3.11,0
2021,7,10,17,0,0.0,0.0,0.0,0,7.27,0,0,2.93,0
2021,7,10,18,0,0.0,0.0,0.0,0,6.11,0,0,2.85,0
2021,7,10,19,0,0.0,0.0,0.0,0,5.03,0,0,2.86,0
2021,7,10,20,0,0.0,0.0,0.0,0,4.2,0,0,2.77,0
2021,7,10,21,0,0.0,0.0,0.0,0,3.67,0,0,2.57,0
2021,7,10,22,0,0.0,0.0,0.0,0,3.39,0,0,2.53,0
2021,7,10,23,0,0.0,0.0,0.0,0,3.39,0,0,2.49,0
2021,7,11,0,0,0.0,0.0,0.0,0,3.53,0,0,2.33,0
2021,7,11,1,0,0.0,0.0,0.0,0,3.66,0,0,2.52,0
2021,7,11,2,0,0.0,0.0,0.0,0,3.54,0,0,2.44,0
2021,7,11,3,0,0.0,0.0,0.0,0,3.5,0,0,2.83,0
2021,7,11,4,0,0.0,0.0,0.0,0,3.57,0,0,3.08,0
2021,7,11,5,0,0.0,0.0,0.0,0,3.75,0,0,3.19,0
2021,7,11,6,0,0.0,0.0,0.0,0,3.83,0,0,3.32,0
2021,7,11,7,0,313.63,17.46,37.33,0,4.27,0,0,3.36,0
2021,7,11,8,0,660.6,44.61,184.32,0,5.7,0,0,3.56,0
2021,7,11,9,0,652.03,72.38,326.92,0,7.4,0,0,3.64,0
2021,7,11,10,0,718.79,96.3,441.55,0,9.34,0,0,3.21,0
2021,7,11,11,0,522.28,202.54,474.8,0,10.95,0,0,2.35,0
2021,7,11,12,0,300.68,260.53,468.42,0,12.03,0,0,1.56,0
2021,7,11,13,0,319.13,246.89,406.45,0,12.57,0,0,1.21,0
2021,7,11,14,0,505.04,85.51,262.15,0,12.56,0,0,1.16,0
2021,7,11,15,0,495.48,63.09,172.02,0,11.96,0,0,1.25,0
2021,7,11,16,0,216.49,26.08,58.53,0,10.54,0,0,1.36,0
2021,7,11,17,0,0.0,0.0,0.0,0,9.16,0,0,1.78,0
2021,7,11,18,0,0.0,0.0,0.0,0,8.14,0,0,2.08,0
2021,7,11,19,0,0.0,0.0,0.0,0,6.84,0,0,2.63,0
2021,7,11,20,0,0.0,0.0,0.0,0,5.59,0,0,3.31,0
2021,7,11,21,0,0.0,0.0,0.0,0,5.55,0,0,3.3,0
2021,7,11,22,0,0.0,0.0,0.0,0,5.65,0,0,2.91,0
2021,7,11,23,0,0.0,0.0,0.0,0,5.62,0,0,2.64,0
2021,7,12,0,0,0.0,0.0,0.0,0,5.38,0,0,2.53,0
2021,7,12,1,0,0.0,0.0,0.0,0,5.26,0,0,2.6,0
2021,7,12,2,0,0.0,0.0,0.0,0,4.94,0,0,2.34,0
2021,7,12,3,0,0.0,0.0,0.0,0,4.7,0,0,2.26,0
2021,7,12,4,0,0.0,0.0,0.0,0,4.5,0,0,2.17,0
2021,7,12,5,0,0.0,0.0,0.0,0,4.31,0,0,2.16,0
2021,7,12,6,0,0.0,0.0,0.0,0,4.07,0,0,2.05,0
2021,7,12,7,0,166.37,23.18,33.12,0,4.08,0,0,2.05,0
2021,7,12,8,0,353.22,92.16,185.48,0,4.88,0,0,2.23,0
2021,7,12,9,0,638.1,101.55,336.8,0,6.78,0,0,2.93,0
2021,7,12,10,0,728.6,96.88,457.73,0,9.24,0,0,3.26,0
2021,7,12,11,0,797.74,95.71,542.75,0,10.79,0,0,3.18,0
2021,7,12,12,0,616.42,145.32,459.5,0,11.34,0,0,3.26,0
2021,7,12,13,0,497.17,168.26,430.25,0,11.54,0,0,3.36,0
2021,7,12,14,0,548.03,96.7,296.8,0,11.48,0,0,3.33,0
2021,7,12,15,0,346.95,100.62,179.2,0,11.02,0,0,3.03,0
2021,7,12,16,0,217.72,34.9,54.22,0,9.65,0,0,2.49,0
2021,7,12,17,0,0.0,0.0,0.0,0,8.05,0,0,2.67,0
2021,7,12,18,0,0.0,0.0,0.0,0,7.42,0,0,2.84,0
2021,7,12,19,0,0.0,0.0,0.0,0,7.09,0,0,2.87,0
2021,7,12,20,0,0.0,0.0,0.0,0,6.79,0,0,2.94,0
2021,7,12,21,0,0.0,0.0,0.0,0,6.36,0,0,2.97,0
2021,7,12,22,0,0.0,0.0,0.0,0,5.68,0,0,3.09,0
2021,7,12,23,0,0.0,0.0,0.0,0,4.96,0,0,3.29,0
2021,7,13,0,0,0.0,0.0,0.0,0,4.37,0,0,3.44,0
2021,7,13,1,0,0.0,0.0,0.0,0,4.0,0,0,3.13,0
2021,7,13,2,0,0.0,0.0,0.0,0,3.92,0,0,2.5,0
2021,7,13,3,0,0.0,0.0,0.0,0,3.89,0,0,2.31,0
2021,7,13,4,0,0.0,0.0,0.0,0,4.35,0,0,2.02,0
2021,7,13,5,0,0.0,0.0,0.0,0,4.58,0,0,1.66,0
2021,7,13,6,0,0.0,0.0,0.0,0,4.45,0,0,1.45,0
2021,7,13,7,0,200.73,19.41,31.08,0,4.59,0,0,1.63,0
2021,7,13,8,0,387.14,72.38,154.57,0,5.49,0,0,1.77,0
2021,7,13,9,0,474.37,100.79,271.92,0,7.28,0,0,2.62,0
2021,7,13,10,0,504.28,181.41,370.95,0,9.48,0,0,3.99,0
2021,7,13,11,0,354.08,232.68,439.55,0,11.02,0,0,4.45,0
2021,7,13,12,0,386.85,250.39,458.45,0,11.65,0,0,4.59,0
2021,7,13,13,0,105.13,234.19,327.1,0,11.75,0,0,4.91,0
2021,7,13,14,0,0.0,112.68,137.45,0,11.4,0,0,5.16,0
2021,7,13,15,0,0.54,86.41,102.05,0,10.56,0,0,4.38,0
2021,7,13,16,0,0.0,30.12,32.53,0,9.01,0,0,3.33,0
2021,7,13,17,0,0.0,0.0,0.0,0,7.66,0,0,2.88,0
2021,7,13,18,0,0.0,0.0,0.0,0,6.81,0,0,3.16,0
2021,7,13,19,0,0.0,0.0,0.0,0,6.4,0,0,3.18,0
2021,7,13,20,0,0.0,0.0,0.0,0,5.94,0,0,3.2,0
2021,7,13,21,0,0.0,0.0,0.0,0,5.21,0,0,3.37,0
2021,7,13,22,0,0.0,0.0,0.0,0,4.9,0,0,3.42,0
2021,7,13,23,0,0.0,0.0,0.0,0,4.92,0,0,3.26,0
2021,7,14,0,0,0.0,0.0,0.0,0,4.95,0,0,3.24,0
2021,7,14,1,0,0.0,0.0,0.0,0,4.98,0,0,3.13,0
2021,7,14,2,0,0.0,0.0,0.0,0,4.96,0,0,3.09,0
2021,7,14,3,0,0.0,0.0,0.0,0,4.96,0,0,3.24,0
2021,7,14,4,0,0.0,0.0,0.0,0,4.99,0,0,3.21,0
2021,7,14,5,0,0.0,0.0,0.0,0,5.13,0,0,3.68,0
2021,7,14,6,0,0.0,0.0,0.0,0,5.17,0,0,3.47,0
2021,7,14,7,0,18.36,18.11,17.75,0,5.22,0,0,3.43,0
2021,7,14,8,0,31.98,77.77,91.15,0,6.83,0,0,3.14,0
2021,7,14,9,0,13.27,132.34,148.05,0,9.06,0,0,3.97,0
2021,7,14,10,0,0.0,98.35,121.03,0,10.71,0,0,4.91,0
2021,7,14,11,0,43.88,87.82,115.47,0,10.77,0,0,5.93,0
2021,7,14,12,0,52.11,69.21,98.05,0,8.69,0,0,4.26,0
2021,7,14,13,0,42.77,83.47,98.57,0,7.73,0,0,3.19,0
2021,7,14,14,0,6.04,129.2,158.12,0,8.67,0,0,4.07,0
2021,7,14,15,0,3.77,68.65,81.25,0,9.29,0,0,4.98,0
2021,7,14,16,0,0.0,20.35,22.0,0,8.9,0,0,5.25,0
2021,7,14,17,0,0.0,0.0,0.0,0,8.5,0,0,5.66,0
2021,7,14,18,0,0.0,0.0,0.0,0,8.78,0,0,6.23,0
2021,7,14,19,0,0.0,0.0,0.0,0,8.97,0,0,6.49,0
2021,7,14,20,0,0.0,0.0,0.0,0,9.05,0,0,6.53,0
2021,7,14,21,0,0.0,0.0,0.0,0,9.23,0,0,6.76,0
2021,7,14,22,0,0.0,0.0,0.0,0,9.09,0,0,6.87,0
2021,7,14,23,0,0.0,0.0,0.0,0,9.0,0,0,6.46,0
2021,7,15,0,0,0.0,0.0,0.0,0,8.81,0,0,5.8,0
2021,7,15,1,0,0.0,0.0,0.0,0,8.88,0,0,5.72,0
2021,7,15,2,0,0.0,0.0,0.0,0,8.99,0,0,5.74,0
2021,7,15,3,0,0.0,0.0,0.0,0,8.97,0,0,5.76,0
2021,7,15,4,0,0.0,0.0,0.0,0,8.89,0,0,5.51,0
2021,7,15,5,0,0.0,0.0,0.0,0,8.81,0,0,5.1,0
2021,7,15,6,0,0.0,0.0,0.0,0,8.38,0,0,4.65,0
2021,7,15,7,0,103.76,17.42,22.3,0,8.31,0,0,4.11,0
2021,7,15,8,0,281.96,62.68,119.22,0,9.28,0,0,3.73,0
2021,7,15,9,0,448.09,86.49,219.1,0,10.51,0,0,4.52,0
2021,7,15,10,0,312.84,192.88,340.08,0,12.07,0,0,5.13,0
2021,7,15,11,0,218.95,225.8,367.17,0,13.2,0,0,5.39,0
2021,7,15,12,0,252.41,226.92,387.12,0,13.62,0,0,5.49,0
2021,7,15,13,0,272.82,181.49,346.65,0,13.53,0,0,5.7,0
2021,7,15,14,0,498.63,89.23,274.15,0,13.1,0,0,5.76,0
2021,7,15,15,0,276.64,72.66,164.9,0,12.29,0,0,4.76,0
2021,7,15,16,0,163.7,28.53,51.53,0,10.95,0,0,3.48,0
2021,7,15,17,0,0.0,0.0,0.0,0,9.76,0,0,3.26,0
2021,7,15,18,0,0.0,0.0,0.0,0,9.26,0,0,3.33,0
2021,7,15,19,0,0.0,0.0,0.0,0,8.88,0,0,3.6,0
2021,7,15,20,0,0.0,0.0,0.0,0,8.6,0,0,3.75,0
2021,7,15,21,0,0.0,0.0,0.0,0,8.28,0,0,3.88,0
2021,7,15,22,0,0.0,0.0,0.0,0,7.88,0,0,3.91,0
2021,7,15,23,0,0.0,0.0,0.0,0,7.45,0,0,4.03,0
2021,7,16,0,0,0.0,0.0,0.0,0,7.08,0,0,3.98,0
2021,7,16,1,0,0.0,0.0,0.0,0,6.83,0,0,3.77,0
2021,7,16,2,0,0.0,0.0,0.0,0,6.61,0,0,3.73,0
2021,7,16,3,0,0.0,0.0,0.0,0,6.25,0,0,3.23,0
2021,7,16,4,0,0.0,0.0,0.0,0,5.91,0,0,3.13,0
2021,7,16,5,0,0.0,0.0,0.0,0,5.77,0,0,3.2,0
2021,7,16,6,0,0.0,0.0,0.0,0,5.61,0,0,3.12,0
2021,7,16,7,0,21.49,19.39,19.17,0,5.97,0,0,3.9,0
2021,7,16,8,0,79.28,77.32,96.32,0,6.63,0,0,4.07,0
2021,7,16,9,0,235.38,100.53,169.2,0,6.64,0,0,5.22,0
2021,7,16,10,0,202.69,149.98,218.23,0,6.48,0,0,6.34,0
2021,7,16,11,0,334.42,163.68,345.7,0,7.39,0,0,7.04,0
2021,7,16,12,0,296.25,220.55,365.1,0,8.39,0,0,8.3,0
2021,7,16,13,0,292.97,207.43,334.4,0,8.42,0,0,8.99,0
2021,7,16,14,0,260.09,146.91,242.3,0,7.6,0,0,8.68,0
2021,7,16,15,0,199.04,96.39,147.57,0,6.4,0,0,7.94,0
2021,7,16,16,0,208.88,31.94,46.85,0,5.73,0,0,7.85,0
2021,7,16,17,0,0.0,0.0,0.0,0,5.21,0,0,7.71,0
2021,7,16,18,0,0.0,0.0,0.0,0,5.01,0,0,7.38,0
2021,7,16,19,0,0.0,0.0,0.0,0,4.89,0,0,6.82,0
2021,7,16,20,0,0.0,0.0,0.0,0,4.64,0,0,6.4,0
2021,7,16,21,0,0.0,0.0,0.0,0,4.21,0,0,6.6,0
2021,7,16,22,0,0.0,0.0,0.0,0,4.07,0,0,6.86,0
2021,7,16,23,0,0.0,0.0,0.0,0,4.26,0,0,6.73,0
2021,7,17,0,0,0.0,0.0,0.0,0,4.64,0,0,6.54,0
2021,7,17,1,0,0.0,0.0,0.0,0,4.91,0,0,6.53,0
2021,7,17,2,0,0.0,0.0,0.0,0,4.79,0,0,6.56,0
2021,7,17,3,0,0.0,0.0,0.0,0,4.13,0,0,7.49,0
2021,7,17,4,0,0.0,0.0,0.0,0,4.15,0,0,7.59,0
2021,7,17,5,0,0.0,0.0,0.0,0,4.23,0,0,7.37,0
2021,7,17,6,0,0.0,0.0,0.0,0,3.74,0,0,7.22,0
2021,7,17,7,0,11.67,14.54,14.7,0,3.53,0,0,7.07,0
2021,7,17,8,0,95.28,57.13,75.88,0,3.62,0,0,7.99,0
2021,7,17,9,0,177.4,107.72,160.07,0,3.67,0,0,8.58,0
2021,7,17,10,0,406.99,126.55,327.25,0,3.9,0,0,8.56,0
2021,7,17,11,0,274.13,168.46,311.12,0,4.07,0,0,8.37,0
2021,7,17,12,0,367.37,173.44,334.65,0,3.88,0,0,8.91,0
2021,7,17,13,0,265.58,173.6,336.58,0,4.04,0,0,8.64,0
2021,7,17,14,0,372.89,101.62,243.43,0,4.21,0,0,8.11,0
2021,7,17,15,0,337.83,96.18,153.8,0,3.95,0,0,7.4,0
2021,7,17,16,0,145.87,32.93,46.67,0,3.14,0,0,7.19,0
2021,7,17,17,0,0.0,0.0,0.0,0,2.54,0,0,7.47,0
2021,7,17,18,0,0.0,0.0,0.0,0,2.5,0,0,7.79,0
2021,7,17,19,0,0.0,0.0,0.0,0,2.67,0,0,7.59,0
2021,7,17,20,0,0.0,0.0,0.0,0,2.96,0,0,7.4,0
2021,7,17,21,0,0.0,0.0,0.0,0,3.4,0,0,7.58,0
2021,7,17,22,0,0.0,0.0,0.0,0,3.88,0,0,7.59,0
2021,7,17,23,0,0.0,0.0,0.0,0,4.1,0,0,7.24,0
2021,7,18,0,0,0.0,0.0,0.0,0,4.06,0,0,6.84,0
2021,7,18,1,0,0.0,0.0,0.0,0,3.94,0,0,6.44,0
2021,7,18,2,0,0.0,0.0,0.0,0,3.82,0,0,5.84,0
2021,7,18,3,0,0.0,0.0,0.0,0,3.73,0,0,5.36,0
2021,7,18,4,0,0.0,0.0,0.0,0,3.66,0,0,4.89,0
2021,7,18,5,0,0.0,0.0,0.0,0,3.59,0,0,4.53,0
2021,7,18,6,0,0.0,0.0,0.0,0,3.51,0,0,4.32,0
2021,7,18,7,0,214.4,20.5,25.45,0,3.45,0,0,4.14,0
2021,7,18,8,0,422.46,55.36,120.35,0,3.54,0,0,4.2,0
2021,7,18,9,0,462.35,88.86,204.62,0,3.87,0,0,4.26,0
2021,7,18,10,0,554.65,115.85,264.65,0,4.5,0,0,4.19,0
2021,7,18,11,0,112.62,274.73,352.15,0,5.31,0,0,4.15,0
2021,7,18,12,0,180.4,258.9,359.9,0,6.24,0,0,4.29,0
2021,7,18,13,0,160.44,265.53,348.88,0,6.86,0,0,4.37,0
2021,7,18,14,0,156.64,170.47,235.45,0,6.89,0,0,4.38,0
2021,7,18,15,0,150.24,105.91,147.05,0,6.36,0,0,4.23,0
2021,7,18,16,0,95.69,38.62,54.65,0,5.13,0,0,3.65,0
2021,7,18,17,0,0.0,0.0,0.0,0,3.76,0,0,2.96,0
2021,7,18,18,0,0.0,0.0,0.0,0,3.56,0,0,2.86,0
2021,7,18,19,0,0.0,0.0,0.0,0,3.06,0,0,2.93,0
2021,7,18,20,0,0.0,0.0,0.0,0,2.66,0,0,2.51,0
2021,7,18,21,0,0.0,0.0,0.0,0,2.57,0,0,2.44,0
2021,7,18,22,0,0.0,0.0,0.0,0,2.46,0,0,2.46,0
2021,7,18,23,0,0.0,0.0,0.0,0,2.47,0,0,2.21,0
2021,7,19,0,0,0.0,0.0,0.0,0,2.35,0,0,2.19,0
2021,7,19,1,0,0.0,0.0,0.0,0,2.15,0,0,2.01,0
2021,7,19,2,0,0.0,0.0,0.0,0,1.93,0,0,1.74,0
2021,7,19,3,0,0.0,0.0,0.0,0,1.74,0,0,1.66,0
2021,7,19,4,0,0.0,0.0,0.0,0,1.68,0,0,1.51,0
2021,7,19,5,0,0.0,0.0,0.0,0,1.5,0,0,1.3,0
2021,7,19,6,0,0.0,0.0,0.0,0,1.39,0,0,1.23,0
2021,7,19,7,0,11.22,20.34,20.52,0,1.57,0,0,1.45,0
2021,7,19,8,0,10.29,89.57,101.3,0,2.33,0,0,1.69,0
2021,7,19,9,0,2.97,151.81,173.6,0,3.77,0,0,2.16,0
2021,7,19,10,0,0.2,252.69,295.27,0,5.46,0,0,2.84,0
2021,7,19,11,0,105.18,229.18,288.02,0,6.67,0,0,3.48,0
2021,7,19,12,0,71.45,232.6,288.02,0,7.04,0,0,3.94,0
2021,7,19,13,0,6.47,240.11,272.05,0,6.94,0,0,4.32,0
2021,7,19,14,0,28.35,147.99,180.88,0,6.6,0,0,4.57,0
2021,7,19,15,0,8.4,97.46,114.07,0,5.91,0,0,4.44,0
2021,7,19,16,0,17.26,32.31,34.8,0,4.91,0,0,3.68,0
2021,7,19,17,0,0.0,0.0,0.0,0,3.81,0,0,2.87,0
2021,7,19,18,0,0.0,0.0,0.0,0,3.35,0,0,2.68,0
2021,7,19,19,0,0.0,0.0,0.0,0,3.15,0,0,2.97,0
2021,7,19,20,0,0.0,0.0,0.0,0,3.03,0,0,3.35,0
2021,7,19,21,0,0.0,0.0,0.0,0,2.89,0,0,3.65,0
2021,7,19,22,0,0.0,0.0,0.0,0,2.84,0,0,3.75,0
2021,7,19,23,0,0.0,0.0,0.0,0,2.86,0,0,3.83,0
2021,7,20,0,0,0.0,0.0,0.0,0,2.83,0,0,3.91,0
2021,7,20,1,0,0.0,0.0,0.0,0,2.63,0,0,3.61,0
2021,7,20,2,0,0.0,0.0,0.0,0,2.42,0,0,4.05,0
2021,7,20,3,0,0.0,0.0,0.0,0,2.18,0,0,3.8,0
2021,7,20,4,0,0.0,0.0,0.0,0,1.9,0,0,3.59,0
2021,7,20,5,0,0.0,0.0,0.0,0,1.74,0,0,3.37,0
2021,7,20,6,0,0.0,0.0,0.0,0,1.6,0,0,3.45,0
2021,7,20,7,0,194.3,20.02,21.92,0,1.8,0,0,3.96,0
2021,7,20,8,0,334.44,60.52,92.68,0,2.29,0,0,4.29,0
2021,7,20,9,0,276.46,101.41,169.98,0,3.16,0,0,4.81,0
2021,7,20,10,0,193.04,144.85,215.68,0,4.58,0,0,5.65,0
2021,7,20,11,0,6.09,227.88,273.52,0,5.91,0,0,6.17,0
2021,7,20,12,0,62.51,170.95,213.23,0,6.81,0,0,6.64,0
2021,7,20,13,0,66.65,141.99,176.85,0,7.08,0,0,6.84,0
2021,7,20,14,0,13.98,114.58,132.85,0,6.67,0,0,6.52,0
2021,7,20,15,0,14.52,74.49,84.9,0,5.73,0,0,5.67,0
2021,7,20,16,0,11.85,22.42,24.15,0,4.68,0,0,5.17,0
2021,7,20,17,0,0.0,0.0,0.0,0,4.11,0,0,5.14,0
2021,7,20,18,0,0.0,0.0,0.0,0,4.05,0,0,4.98,0
2021,7,20,19,0,0.0,0.0,0.0,0,4.01,0,0,4.67,0
2021,7,20,20,0,0.0,0.0,0.0,0,3.89,0,0,4.58,0
2021,7,20,21,0,0.0,0.0,0.0,0,3.66,0,0,4.52,0
2021,7,20,22,0,0.0,0.0,0.0,0,3.45,0,0,4.74,0
2021,7,20,23,0,0.0,0.0,0.0,0,2.96,0,0,5.19,0
2021,7,21,0,0,0.0,0.0,0.0,0,2.19,0,0,5.61,0
2021,7,21,1,0,0.0,0.0,0.0,0,1.57,0,0,6.02,0
2021,7,21,2,0,0.0,0.0,0.0,0,1.37,0,0,6.35,0
2021,7,21,3,0,0.0,0.0,0.0,0,1.23,0,0,6.38,0
2021,7,21,4,0,0.0,0.0,0.0,0,1.03,0,0,6.11,0
2021,7,21,5,0,0.0,0.0,0.0,0,0.66,0,0,5.64,0
2021,7,21,6,0,0.0,0.0,0.0,0,0.19,0,0,5.1,0
2021,7,21,7,0,257.89,21.92,44.62,0,0.17,0,0,4.74,0
2021,7,21,8,0,702.75,47.04,218.35,0,0.92,0,0,4.8,0
2021,7,21,9,0,795.95,61.07,390.48,0,2.36,0,0,4.85,0
2021,7,21,10,0,752.48,105.39,516.9,0,4.34,0,0,4.96,0
2021,7,21,11,0,810.55,106.34,582.78,0,6.15,0,0,4.88,0
2021,7,21,12,0,703.02,125.11,547.33,0,7.33,0,0,4.72,0
2021,7,21,13,0,823.71,80.25,461.8,0,7.9,0,0,4.45,0
2021,7,21,14,0,722.22,73.71,373.77,0,7.95,0,0,4.2,0
2021,7,21,15,0,678.11,58.61,243.77,0,7.43,0,0,3.92,0
2021,7,21,16,0,405.3,32.98,93.15,0,5.88,0,0,3.3,0
2021,7,21,17,0,0.0,0.0,0.0,0,3.41,0,0,3.05,0
2021,7,21,18,0,0.0,0.0,0.0,0,1.77,0,0,3.17,0
2021,7,21,19,0,0.0,0.0,0.0,0,0.7,0,0,3.0,0
2021,7,21,20,0,0.0,0.0,0.0,0,-0.1,0,0,2.77,0
2021,7,21,21,0,0.0,0.0,0.0,0,-0.83,0,0,2.76,0
2021,7,21,22,0,0.0,0.0,0.0,0,-1.34,0,0,2.8,0
2021,7,21,23,0,0.0,0.0,0.0,0,-1.43,0,0,2.51,0
2021,7,22,0,0,0.0,0.0,0.0,0,-1.21,0,0,1.99,0
2021,7,22,1,0,0.0,0.0,0.0,0,-1.25,0,0,1.66,0
2021,7,22,2,0,0.0,0.0,0.0,0,-1.43,0,0,1.61,0
2021,7,22,3,0,0.0,0.0,0.0,0,-1.75,0,0,1.76,0
2021,7,22,4,0,0.0,0.0,0.0,0,-2.03,0,0,2.17,0
2021,7,22,5,0,0.0,0.0,0.0,0,-2.04,0,0,2.3,0
2021,7,22,6,0,0.0,0.0,0.0,0,-2.38,0,0,2.55,0
2021,7,22,7,0,394.99,17.92,53.95,0,-1.83,0,0,2.74,0
2021,7,22,8,0,764.01,36.15,234.25,0,0.74,0,0,2.2,0
2021,7,22,9,0,846.63,48.31,399.45,0,4.19,0,0,2.27,0
2021,7,22,10,0,954.41,42.55,524.83,0,7.65,0,0,4.21,0
2021,7,22,11,0,942.66,50.63,603.97,0,9.31,0,0,4.26,0
2021,7,22,12,0,950.63,51.81,610.47,0,10.16,0,0,4.29,0
2021,7,22,13,0,818.7,98.66,546.7,0,10.42,0,0,4.21,0
2021,7,22,14,0,761.83,93.23,427.67,0,10.11,0,0,4.06,0
2021,7,22,15,0,513.68,104.94,268.75,0,9.33,0,0,3.63,0
2021,7,22,16,0,379.4,44.1,93.85,0,7.38,0,0,3.11,0
2021,7,22,17,0,0.0,0.0,0.0,0,4.62,0,0,3.84,0
2021,7,22,18,0,0.0,0.0,0.0,0,3.57,0,0,4.18,0
2021,7,22,19,0,0.0,0.0,0.0,0,3.49,0,0,4.04,0
2021,7,22,20,0,0.0,0.0,0.0,0,3.33,0,0,3.82,0
2021,7,22,21,0,0.0,0.0,0.0,0,3.2,0,0,3.67,0
2021,7,22,22,0,0.0,0.0,0.0,0,3.2,0,0,3.46,0
2021,7,22,23,0,0.0,0.0,0.0,0,3.17,0,0,3.15,0
2021,7,23,0,0,0.0,0.0,0.0,0,3.03,0,0,2.97,0
2021,7,23,1,0,0.0,0.0,0.0,0,2.67,0,0,2.7,0
2021,7,23,2,0,0.0,0.0,0.0,0,2.09,0,0,2.36,0
2021,7,23,3,0,0.0,0.0,0.0,0,1.71,0,0,2.36,0
2021,7,23,4,0,0.0,0.0,0.0,0,1.46,0,0,2.76,0
2021,7,23,5,0,0.0,0.0,0.0,0,1.42,0,0,3.09,0
2021,7,23,6,0,0.0,0.0,0.0,0,1.36,0,0,3.49,0
2021,7,23,7,0,3.07,22.04,22.0,0,1.77,0,0,4.49,0
2021,7,23,8,0,15.49,84.05,103.88,0,2.62,0,0,4.66,0
2021,7,23,9,0,19.19,165.69,188.48,0,3.42,0,0,4.22,0
2021,7,23,10,0,8.26,169.56,193.35,0,4.39,0,0,4.31,0
2021,7,23,11,0,71.1,91.1,128.62,0,5.57,0,0,4.4,0
2021,7,23,12,0,117.77,86.32,132.95,0,6.47,0,0,4.51,0
2021,7,23,13,0,41.17,70.93,87.65,0,6.87,0,0,4.45,0
2021,7,23,14,0,20.94,106.73,124.35,0,6.89,0,0,4.36,0
2021,7,23,15,0,9.3,81.55,92.62,0,6.89,0,0,4.17,0
2021,7,23,16,0,2.05,32.81,34.9,0,6.6,0,0,4.25,0
2021,7,23,17,0,0.0,0.0,0.0,0,6.36,0,0,4.29,0
2021,7,23,18,0,0.0,0.0,0.0,0,6.34,0,0,4.33,0
2021,7,23,19,0,0.0,0.0,0.0,0,6.33,0,0,4.46,0
2021,7,23,20,0,0.0,0.0,0.0,0,6.35,0,0,4.45,0
2021,7,23,21,0,0.0,0.0,0.0,0,6.45,0,0,4.42,0
2021,7,23,22,0,0.0,0.0,0.0,0,6.6,0,0,4.39,0
2021,7,23,23,0,0.0,0.0,0.0,0,6.68,0,0,4.28,0
2021,7,24,0,0,0.0,0.0,0.0,0,6.68,0,0,4.01,0
2021,7,24,1,0,0.0,0.0,0.0,0,6.53,0,0,3.79,0
2021,7,24,2,0,0.0,0.0,0.0,0,6.19,0,0,3.58,0
2021,7,24,3,0,0.0,0.0,0.0,0,5.8,0,0,3.58,0
2021,7,24,4,0,0.0,0.0,0.0,0,5.39,0,0,3.58,0
2021,7,24,5,0,0.0,0.0,0.0,0,5.0,0,0,3.65,0
2021,7,24,6,0,0.0,0.0,0.0,0,4.6,0,0,3.68,0
2021,7,24,7,0,15.01,19.84,19.92,0,4.34,0,0,3.71,0
2021,7,24,8,0,185.35,62.67,84.8,0,4.35,0,0,3.76,0
2021,7,24,9,0,35.75,100.11,121.18,0,4.54,0,0,4.16,0
2021,7,24,10,0,37.57,143.92,181.65,0,4.86,0,0,5.02,0
2021,7,24,11,0,43.38,194.23,236.95,0,5.14,0,0,5.63,0
2021,7,24,12,0,55.47,211.4,261.9,0,5.43,0,0,6.31,0
2021,7,24,13,0,64.78,184.67,222.52,0,5.86,0,0,6.59,0
2021,7,24,14,0,526.16,92.23,198.38,0,6.32,0,0,6.45,0
2021,7,24,15,0,363.64,80.91,137.52,0,6.33,0,0,6.08,0
2021,7,24,16,0,223.16,40.72,52.7,0,5.52,0,0,4.94,0
2021,7,24,17,0,0.0,0.0,0.0,0,4.52,0,0,4.61,0
2021,7,24,18,0,0.0,0.0,0.0,0,4.39,0,0,4.94,0
2021,7,24,19,0,0.0,0.0,0.0,0,4.5,0,0,5.46,0
2021,7,24,20,0,0.0,0.0,0.0,0,4.71,0,0,6.15,0
2021,7,24,21,0,0.0,0.0,0.0,0,4.99,0,0,6.78,0
2021,7,24,22,0,0.0,0.0,0.0,0,5.02,0,0,7.19,0
2021,7,24,23,0,0.0,0.0,0.0,0,4.84,0,0,7.12,0
2021,7,25,0,0,0.0,0.0,0.0,0,4.65,0,0,7.17,0
2021,7,25,1,0,0.0,0.0,0.0,0,4.39,0,0,7.46,0
2021,7,25,2,0,0.0,0.0,0.0,0,3.82,0,0,7.6,0
2021,7,25,3,0,0.0,0.0,0.0,0,3.32,0,0,7.78,0
2021,7,25,4,0,0.0,0.0,0.0,0,2.82,0,0,8.01,0
2021,7,25,5,0,0.0,0.0,0.0,0,1.96,0,0,7.62,0
2021,7,25,6,0,0.0,0.0,0.0,0,1.38,0,0,7.1,0
2021,7,25,7,0,154.68,25.0,34.22,0,1.32,0,0,7.23,0
2021,7,25,8,0,216.96,80.51,143.27,0,1.66,0,0,8.04,0
2021,7,25,9,0,373.37,103.44,246.95,0,2.05,0,0,8.63,0
2021,7,25,10,0,285.51,186.53,361.48,0,2.78,0,0,8.48,0
2021,7,25,11,0,222.1,249.32,442.52,0,3.54,0,0,8.42,0
2021,7,25,12,0,225.48,275.34,464.27,0,4.12,0,0,8.46,0
2021,7,25,13,0,447.94,160.71,411.05,0,4.38,0,0,8.2,0
2021,7,25,14,0,491.89,143.65,351.8,0,4.39,0,0,7.83,0
2021,7,25,15,0,610.68,52.96,214.02,0,4.11,0,0,7.24,0
2021,7,25,16,0,304.1,27.95,88.38,0,3.24,0,0,6.12,0
2021,7,25,17,0,0.0,0.0,0.0,0,2.04,0,0,5.47,0
2021,7,25,18,0,0.0,0.0,0.0,0,1.54,0,0,5.32,0
2021,7,25,19,0,0.0,0.0,0.0,0,1.16,0,0,5.01,0
2021,7,25,20,0,0.0,0.0,0.0,0,0.94,0,0,5.06,0
2021,7,25,21,0,0.0,0.0,0.0,0,0.97,0,0,5.16,0
2021,7,25,22,0,0.0,0.0,0.0,0,0.94,0,0,5.19,0
2021,7,25,23,0,0.0,0.0,0.0,0,0.9,0,0,5.31,0
2021,7,26,0,0,0.0,0.0,0.0,0,0.92,0,0,5.42,0
2021,7,26,1,0,0.0,0.0,0.0,0,1.02,0,0,5.59,0
2021,7,26,2,0,0.0,0.0,0.0,0,1.35,0,0,5.63,0
2021,7,26,3,0,0.0,0.0,0.0,0,1.75,0,0,5.52,0
2021,7,26,4,0,0.0,0.0,0.0,0,2.13,0,0,5.32,0
2021,7,26,5,0,0.0,0.0,0.0,0,2.21,0,0,4.92,0
2021,7,26,6,0,0.0,0.0,0.0,0,2.28,0,0,4.59,0
2021,7,26,7,0,103.92,21.82,29.88,0,2.8,0,0,4.15,0
2021,7,26,8,0,97.98,81.39,125.65,0,3.74,0,0,4.04,0
2021,7,26,9,0,107.43,160.17,213.65,0,4.6,0,0,4.08,0
2021,7,26,10,0,30.82,210.45,241.8,0,5.4,0,0,4.15,0
2021,7,26,11,0,18.81,227.43,273.23,0,5.86,0,0,4.46,0
2021,7,26,12,0,47.02,274.41,328.0,0,6.33,0,0,4.59,0
2021,7,26,13,0,246.31,127.67,235.77,0,6.64,0,0,4.62,0
2021,7,26,14,0,581.32,84.99,211.88,0,6.76,0,0,4.56,0
2021,7,26,15,0,258.95,67.16,141.73,0,6.75,0,0,4.38,0
2021,7,26,16,0,184.52,48.51,58.83,0,6.29,0,0,3.8,0
2021,7,26,17,0,0.0,0.0,0.0,0,5.47,0,0,3.67,0
2021,7,26,18,0,0.0,0.0,0.0,0,5.26,0,0,3.76,0
2021,7,26,19,0,0.0,0.0,0.0,0,5.23,0,0,4.1,0
2021,7,26,20,0,0.0,0.0,0.0,0,5.32,0,0,4.01,0
2021,7,26,21,0,0.0,0.0,0.0,0,5.36,0,0,3.73,0
2021,7,26,22,0,0.0,0.0,0.0,0,5.3,0,0,3.44,0
2021,7,26,23,0,0.0,0.0,0.0,0,5.29,0,0,3.6,0
2021,7,27,0,0,0.0,0.0,0.0,0,5.26,0,0,3.6,0
2021,7,27,1,0,0.0,0.0,0.0,0,5.18,0,0,3.51,0
2021,7,27,2,0,0.0,0.0,0.0,0,4.9,0,0,3.38,0
2021,7,27,3,0,0.0,0.0,0.0,0,4.74,0,0,3.78,0
2021,7,27,4,0,0.0,0.0,0.0,0,4.6,0,0,3.78,0
2021,7,27,5,0,0.0,0.0,0.0,0,4.19,0,0,3.66,0
2021,7,27,6,0,0.0,0.0,0.0,0,3.45,0,0,3.66,0
2021,7,27,7,0,250.38,27.97,55.88,0,3.59,0,0,3.14,0
2021,7,27,8,0,466.29,112.12,219.75,0,5.85,0,0,2.68,0
2021,7,27,9,0,537.17,190.07,375.58,0,8.24,0,0,4.18,0
2021,7,27,10,0,859.84,278.53,492.48,0,10.21,0,0,5.58,0
2021,7,27,11,0,698.96,173.52,579.75,0,11.09,0,0,5.58,0
2021,7,27,12,0,755.3,126.54,589.33,0,11.62,0,0,5.52,0
2021,7,27,13,0,818.86,91.93,557.17,0,11.85,0,0,5.42,0
2021,7,27,14,0,857.68,50.34,455.33,0,11.78,0,0,5.4,0
2021,7,27,15,0,774.91,43.05,296.48,0,11.28,0,0,5.31,0
2021,7,27,16,0,484.2,28.61,119.38,0,9.94,0,0,4.89,0
2021,7,27,17,0,0.0,0.0,0.0,0,8.0,0,0,4.7,0
2021,7,27,18,0,0.0,0.0,0.0,0,6.92,0,0,4.64,0
2021,7,27,19,0,0.0,0.0,0.0,0,6.14,0,0,4.72,0
2021,7,27,20,0,0.0,0.0,0.0,0,5.76,0,0,4.9,0
2021,7,27,21,0,0.0,0.0,0.0,0,5.6,0,0,5.07,0
2021,7,27,22,0,0.0,0.0,0.0,0,5.54,0,0,5.19,0
2021,7,27,23,0,0.0,0.0,0.0,0,5.43,0,0,4.89,0
2021,7,28,0,0,0.0,0.0,0.0,0,5.35,0,0,4.89,0
2021,7,28,1,0,0.0,0.0,0.0,0,5.38,0,0,4.88,0
2021,7,28,2,0,0.0,0.0,0.0,0,5.16,0,0,4.91,0
2021,7,28,3,0,0.0,0.0,0.0,0,4.87,0,0,4.86,0
2021,7,28,4,0,0.0,0.0,0.0,0,4.74,0,0,4.96,0
2021,7,28,5,0,0.0,0.0,0.0,0,4.71,0,0,5.17,0
2021,7,28,6,0,0.0,0.0,0.0,0,4.69,0,0,5.28,0
2021,7,28,7,0,55.94,24.55,27.42,0,5.5,0,0,5.35,0
2021,7,28,8,0,130.6,80.22,113.45,0,8.17,0,0,5.56,0
2021,7,28,9,0,240.45,143.49,234.98,0,10.68,0,0,6.38,0
2021,7,28,10,0,332.52,170.47,259.62,0,12.82,0,0,7.0,0
2021,7,28,11,0,38.03,185.01,226.75,0,14.05,0,0,7.47,0
2021,7,28,12,0,80.7,141.43,196.12,0,13.69,0,0,7.53,0
2021,7,28,13,0,3.64,101.66,115.8,0,11.23,0,0,6.96,0
2021,7,28,14,0,2.08,123.11,147.18,0,8.95,0,0,5.07,0
2021,7,28,15,0,1.49,89.89,98.03,0,7.82,0,0,4.08,0
2021,7,28,16,0,0.0,35.6,37.75,0,7.04,0,0,4.29,0
2021,7,28,17,0,0.0,0.0,0.0,0,6.41,0,0,4.4,0
2021,7,28,18,0,0.0,0.0,0.0,0,6.01,0,0,4.33,0
2021,7,28,19,0,0.0,0.0,0.0,0,5.75,0,0,4.33,0
2021,7,28,20,0,0.0,0.0,0.0,0,5.75,0,0,4.19,0
2021,7,28,21,0,0.0,0.0,0.0,0,5.92,0,0,4.35,0
2021,7,28,22,0,0.0,0.0,0.0,0,6.1,0,0,4.83,0
2021,7,28,23,0,0.0,0.0,0.0,0,6.12,0,0,5.36,0
2021,7,29,0,0,0.0,0.0,0.0,0,5.6,0,0,5.16,0
2021,7,29,1,0,0.0,0.0,0.0,0,4.67,0,0,4.9,0
2021,7,29,2,0,0.0,0.0,0.0,0,4.05,0,0,5.01,0
2021,7,29,3,0,0.0,0.0,0.0,0,3.37,0,0,5.02,0
2021,7,29,4,0,0.0,0.0,0.0,0,2.51,0,0,4.93,0
2021,7,29,5,0,0.0,0.0,0.0,0,1.84,0,0,4.92,0
2021,7,29,6,0,0.0,0.0,0.0,0,1.52,0,0,4.88,0
2021,7,29,7,0,347.66,25.75,63.78,0,1.88,0,0,4.9,0
2021,7,29,8,0,774.22,46.3,246.57,0,2.78,0,0,5.64,0
2021,7,29,9,0,937.3,44.98,419.17,0,4.02,0,0,5.57,0
2021,7,29,10,0,937.45,48.8,554.17,0,5.52,0,0,5.39,0
2021,7,29,11,0,944.23,53.7,628.78,0,6.86,0,0,5.1,0
2021,7,29,12,0,914.84,71.39,633.7,0,7.87,0,0,4.86,0
2021,7,29,13,0,907.25,64.35,581.88,0,8.35,0,0,4.72,0
2021,7,29,14,0,902.51,45.94,465.1,0,8.35,0,0,4.49,0
2021,7,29,15,0,837.03,37.48,310.33,0,7.84,0,0,4.14,0
2021,7,29,16,0,555.43,22.53,131.75,0,6.4,0,0,3.49,0
2021,7,29,17,0,0.0,0.0,0.0,0,3.99,0,0,3.09,0
2021,7,29,18,0,0.0,0.0,0.0,0,2.48,0,0,3.13,0
2021,7,29,19,0,0.0,0.0,0.0,0,1.41,0,0,3.23,0
2021,7,29,20,0,0.0,0.0,0.0,0,0.58,0,0,3.23,0
2021,7,29,21,0,0.0,0.0,0.0,0,-0.05,0,0,3.15,0
2021,7,29,22,0,0.0,0.0,0.0,0,-0.55,0,0,3.05,0
2021,7,29,23,0,0.0,0.0,0.0,0,-0.85,0,0,2.97,0
2021,7,30,0,0,0.0,0.0,0.0,0,-0.89,0,0,2.66,0
2021,7,30,1,0,0.0,0.0,0.0,0,-0.9,0,0,2.26,0
2021,7,30,2,0,0.0,0.0,0.0,0,-1.15,0,0,2.07,0
2021,7,30,3,0,0.0,0.0,0.0,0,-1.48,0,0,2.14,0
2021,7,30,4,0,0.0,0.0,0.0,0,-1.83,0,0,1.99,0
2021,7,30,5,0,0.0,0.0,0.0,0,-2.61,0,0,2.08,0
2021,7,30,6,0,0.0,0.0,0.0,0,-2.95,0,0,2.23,0
2021,7,30,7,0,467.32,19.82,71.2,0,-1.87,0,0,2.0,0
2021,7,30,8,0,749.21,50.74,253.12,0,1.18,0,0,1.38,0
2021,7,30,9,0,763.24,92.6,423.25,0,4.85,0,0,0.44,0
2021,7,30,10,0,934.16,54.79,556.65,0,8.65,0,0,1.66,0
2021,7,30,11,0,971.25,51.65,643.0,0,11.4,0,0,3.2,0
2021,7,30,12,0,984.01,46.8,653.15,0,12.37,0,0,3.97,0
2021,7,30,13,0,968.92,46.12,598.12,0,12.54,0,0,4.24,0
2021,7,30,14,0,951.33,40.25,480.05,0,12.23,0,0,4.18,0
2021,7,30,15,0,859.73,38.1,316.88,0,11.41,0,0,3.68,0
2021,7,30,16,0,605.73,29.0,134.07,0,9.12,0,0,2.84,0
2021,7,30,17,0,0.0,0.0,0.0,0,5.82,0,0,3.21,0
2021,7,30,18,0,0.0,0.0,0.0,0,3.94,0,0,3.51,0
2021,7,30,19,0,0.0,0.0,0.0,0,2.72,0,0,3.8,0
2021,7,30,20,0,0.0,0.0,0.0,0,1.69,0,0,4.26,0
2021,7,30,21,0,0.0,0.0,0.0,0,1.22,0,0,4.59,0
2021,7,30,22,0,0.0,0.0,0.0,0,1.45,0,0,4.34,0
2021,7,30,23,0,0.0,0.0,0.0,0,1.41,0,0,4.36,0
2021,7,31,0,0,0.0,0.0,0.0,0,1.52,0,0,4.3,0
2021,7,31,1,0,0.0,0.0,0.0,0,1.84,0,0,3.88,0
2021,7,31,2,0,0.0,0.0,0.0,0,1.89,0,0,3.77,0
2021,7,31,3,0,0.0,0.0,0.0,0,2.02,0,0,3.87,0
2021,7,31,4,0,0.0,0.0,0.0,0,2.39,0,0,3.42,0
2021,7,31,5,0,0.0,0.0,0.0,0,2.64,0,0,3.42,0
2021,7,31,6,0,0.0,0.0,0.0,0,3.21,0,0,3.7,0
2021,7,31,7,0,74.58,33.23,37.0,0,4.73,0,0,4.41,0
2021,7,31,8,0,104.09,97.3,133.23,0,7.64,0,0,3.42,0
2021,7,31,9,0,198.74,163.34,234.9,0,10.14,0,0,2.81,0
2021,7,31,10,0,155.03,222.26,329.6,0,12.76,0,0,4.42,0
2021,7,31,11,0,134.92,258.66,398.52,0,14.53,0,0,5.38,0
2021,7,31,12,0,432.64,251.07,451.7,0,15.38,0,0,5.99,0
2021,7,31,13,0,486.06,176.89,456.38,0,15.81,0,0,6.45,0
2021,7,31,14,0,397.14,133.31,346.4,0,15.95,0,0,6.65,0
2021,7,31,15,0,391.25,121.2,219.1,0,15.57,0,0,6.6,0
2021,7,31,16,0,146.09,58.86,90.85,0,14.15,0,0,6.51,0
2021,7,31,17,0,0.0,0.0,0.0,0,12.25,0,0,6.4,0
2021,7,31,18,0,0.0,0.0,0.0,0,11.27,0,0,5.75,0
2021,7,31,19,0,0.0,0.0,0.0,0,10.34,0,0,5.68,0
2021,7,31,20,0,0.0,0.0,0.0,0,9.91,0,0,5.52,0
2021,7,31,21,0,0.0,0.0,0.0,0,9.5,0,0,4.39,0
2021,7,31,22,0,0.0,0.0,0.0,0,8.89,0,0,3.71,0
2021,7,31,23,0,0.0,0.0,0.0,0,8.32,0,0,3.47,0
2021,8,1,0,0,0.0,0.0,0.0,0,7.78,0,0,3.33,0
2021,8,1,1,0,0.0,0.0,0.0,0,7.49,0,0,3.19,0
2021,8,1,2,0,0.0,0.0,0.0,0,7.35,0,0,3.17,0
2021,8,1,3,0,0.0,0.0,0.0,0,7.25,0,0,3.15,0
2021,8,1,4,0,0.0,0.0,0.0,0,7.13,0,0,3.21,0
2021,8,1,5,0,0.0,0.0,0.0,0,7.21,0,0,3.53,0
2021,8,1,6,0,0.0,0.0,0.0,0,7.26,0,0,3.96,0
2021,8,1,7,0,129.3,34.58,55.47,0,7.9,0,0,3.7,0
2021,8,1,8,0,477.64,72.51,221.5,0,9.97,0,0,3.54,0
2021,8,1,9,0,631.52,91.58,382.7,0,12.34,0,0,4.83,0
2021,8,1,10,0,125.96,235.09,307.17,0,13.4,0,0,5.34,0
2021,8,1,11,0,339.87,197.11,312.55,0,13.13,0,0,5.27,0
2021,8,1,12,0,250.13,171.82,249.88,0,12.99,0,0,5.12,0
2021,8,1,13,0,51.19,152.68,198.27,0,12.2,0,0,5.95,0
2021,8,1,14,0,153.06,122.43,187.52,0,11.3,0,0,5.39,0
2021,8,1,15,0,129.07,93.83,128.12,0,10.54,0,0,5.05,0
2021,8,1,16,0,98.34,35.5,52.92,0,9.58,0,0,4.48,0
2021,8,1,17,0,13.66,3.58,2.75,0,8.39,0,0,3.9,0
2021,8,1,18,0,0.0,0.0,0.0,0,7.91,0,0,3.73,0
2021,8,1,19,0,0.0,0.0,0.0,0,7.38,0,0,3.29,0
2021,8,1,20,0,0.0,0.0,0.0,0,6.74,0,0,2.4,0
2021,8,1,21,0,0.0,0.0,0.0,0,5.81,0,0,1.95,0
2021,8,1,22,0,0.0,0.0,0.0,0,4.67,0,0,2.07,0
2021,8,1,23,0,0.0,0.0,0.0,0,3.94,0,0,2.22,0
2021,8,2,0,0,0.0,0.0,0.0,0,3.54,0,0,2.23,0
2021,8,2,1,0,0.0,0.0,0.0,0,3.32,0,0,2.27,0
2021,8,2,2,0,0.0,0.0,0.0,0,2.91,0,0,2.54,0
2021,8,2,3,0,0.0,0.0,0.0,0,2.55,0,0,2.84,0
2021,8,2,4,0,0.0,0.0,0.0,0,2.48,0,0,3.08,0
2021,8,2,5,0,0.0,0.0,0.0,0,2.11,0,0,2.92,0
2021,8,2,6,0,0.0,0.0,0.0,0,2.11,0,0,3.0,0
2021,8,2,7,0,409.25,26.08,69.47,0,2.81,0,0,2.96,0
2021,8,2,8,0,514.07,60.25,239.05,0,4.18,0,0,3.66,0
2021,8,2,9,0,719.39,89.29,403.3,0,6.42,0,0,4.35,0
2021,8,2,10,0,757.46,107.14,497.65,0,8.86,0,0,4.55,0
2021,8,2,11,0,732.21,175.36,593.83,0,10.67,0,0,4.54,0
2021,8,2,12,0,758.07,139.84,601.2,0,11.84,0,0,4.37,0
2021,8,2,13,0,714.51,109.77,552.42,0,12.53,0,0,4.33,0
2021,8,2,14,0,706.23,114.3,444.98,0,12.7,0,0,4.4,0
2021,8,2,15,0,662.34,85.86,298.2,0,12.31,0,0,4.46,0
2021,8,2,16,0,455.42,42.4,122.32,0,10.91,0,0,4.29,0
2021,8,2,17,0,61.55,3.96,4.57,0,8.56,0,0,4.52,0
2021,8,2,18,0,0.0,0.0,0.0,0,7.52,0,0,4.61,0
2021,8,2,19,0,0.0,0.0,0.0,0,6.92,0,0,4.57,0
2021,8,2,20,0,0.0,0.0,0.0,0,6.51,0,0,4.7,0
2021,8,2,21,0,0.0,0.0,0.0,0,6.38,0,0,4.81,0
2021,8,2,22,0,0.0,0.0,0.0,0,6.43,0,0,4.88,0
2021,8,2,23,0,0.0,0.0,0.0,0,6.32,0,0,4.95,0
2021,8,3,0,0,0.0,0.0,0.0,0,6.1,0,0,5.3,0
2021,8,3,1,0,0.0,0.0,0.0,0,6.06,0,0,4.55,0
2021,8,3,2,0,0.0,0.0,0.0,0,6.43,0,0,5.1,0
2021,8,3,3,0,0.0,0.0,0.0,0,7.46,0,0,5.39,0
2021,8,3,4,0,0.0,0.0,0.0,0,7.77,0,0,4.96,0
2021,8,3,5,0,0.0,0.0,0.0,0,7.73,0,0,4.8,0
2021,8,3,6,0,0.0,0.0,0.0,0,7.26,0,0,4.6,0
2021,8,3,7,0,67.1,39.22,45.42,0,6.81,0,0,4.34,0
2021,8,3,8,0,260.9,106.81,163.05,0,6.35,0,0,4.44,0
2021,8,3,9,0,271.46,127.13,267.25,0,5.95,0,0,4.61,0
2021,8,3,10,0,852.09,82.23,344.38,0,5.96,0,0,4.75,0
2021,8,3,11,0,502.54,186.18,422.3,0,6.54,0,0,5.36,0
2021,8,3,12,0,312.71,244.15,442.33,0,7.19,0,0,6.01,0
2021,8,3,13,0,677.49,129.31,387.5,0,7.54,0,0,6.43,0
2021,8,3,14,0,459.99,103.58,246.43,0,7.5,0,0,6.71,0
2021,8,3,15,0,469.66,82.91,182.57,0,7.02,0,0,6.71,0
2021,8,3,16,0,361.03,39.61,78.65,0,6.04,0,0,5.91,0
2021,8,3,17,0,29.9,3.85,3.62,0,4.71,0,0,5.24,0
2021,8,3,18,0,0.0,0.0,0.0,0,3.91,0,0,5.2,0
2021,8,3,19,0,0.0,0.0,0.0,0,3.5,0,0,5.01,0
2021,8,3,20,0,0.0,0.0,0.0,0,3.5,0,0,5.06,0
2021,8,3,21,0,0.0,0.0,0.0,0,3.7,0,0,5.37,0
2021,8,3,22,0,0.0,0.0,0.0,0,3.73,0,0,5.57,0
2021,8,3,23,0,0.0,0.0,0.0,0,3.72,0,0,5.87,0
2021,8,4,0,0,0.0,0.0,0.0,0,3.6,0,0,5.95,0
2021,8,4,1,0,0.0,0.0,0.0,0,3.49,0,0,6.01,0
2021,8,4,2,0,0.0,0.0,0.0,0,3.42,0,0,6.2,0
2021,8,4,3,0,0.0,0.0,0.0,0,3.33,0,0,6.58,0
2021,8,4,4,0,0.0,0.0,0.0,0,3.07,0,0,7.46,0
2021,8,4,5,0,0.0,0.0,0.0,0,2.15,0,0,6.81,0
2021,8,4,6,0,0.0,0.0,0.0,0,1.7,0,0,7.24,0
2021,8,4,7,0,139.31,34.45,51.28,0,1.47,0,0,7.2,0
2021,8,4,8,0,191.91,103.04,146.65,0,1.95,0,0,7.57,0
2021,8,4,9,0,110.37,170.51,233.0,0,2.89,0,0,7.89,0
2021,8,4,10,0,89.36,249.62,321.42,0,4.16,0,0,8.23,0
2021,8,4,11,0,70.85,288.58,359.23,0,5.14,0,0,8.52,0
2021,8,4,12,0,136.43,262.0,386.75,0,5.66,0,0,8.53,0
2021,8,4,13,0,391.51,135.25,363.65,0,5.73,0,0,8.36,0
2021,8,4,14,0,375.97,87.67,282.88,0,5.59,0,0,8.02,0
2021,8,4,15,0,521.42,79.91,192.7,0,5.05,0,0,7.24,0
2021,8,4,16,0,356.95,36.66,81.22,0,4.05,0,0,6.35,0
2021,8,4,17,0,44.43,3.95,3.7,0,3.05,0,0,5.42,0
2021,8,4,18,0,0.0,0.0,0.0,0,3.09,0,0,5.47,0
2021,8,4,19,0,0.0,0.0,0.0,0,3.36,0,0,5.61,0
2021,8,4,20,0,0.0,0.0,0.0,0,3.65,0,0,5.62,0
2021,8,4,21,0,0.0,0.0,0.0,0,3.88,0,0,5.64,0
2021,8,4,22,0,0.0,0.0,0.0,0,3.92,0,0,5.65,0
2021,8,4,23,0,0.0,0.0,0.0,0,3.88,0,0,5.62,0
2021,8,5,0,0,0.0,0.0,0.0,0,3.96,0,0,5.67,0
2021,8,5,1,0,0.0,0.0,0.0,0,4.17,0,0,5.65,0
2021,8,5,2,0,0.0,0.0,0.0,0,4.44,0,0,5.65,0
2021,8,5,3,0,0.0,0.0,0.0,0,4.68,0,0,5.69,0
2021,8,5,4,0,0.0,0.0,0.0,0,4.8,0,0,5.66,0
2021,8,5,5,0,0.0,0.0,0.0,0,4.73,0,0,5.43,0
2021,8,5,6,0,0.0,0.0,0.0,0,4.57,0,0,5.23,0
2021,8,5,7,0,92.07,45.7,61.25,0,4.58,0,0,5.18,0
2021,8,5,8,0,169.48,104.2,178.8,0,4.77,0,0,5.23,0
2021,8,5,9,0,301.22,155.41,282.85,0,5.06,0,0,5.49,0
2021,8,5,10,0,282.65,205.96,368.45,0,5.72,0,0,5.63,0
2021,8,5,11,0,255.25,269.81,416.3,0,6.84,0,0,5.93,0
2021,8,5,12,0,196.85,213.49,372.77,0,7.91,0,0,6.12,0
2021,8,5,13,0,120.13,217.17,295.1,0,8.49,0,0,6.15,0
2021,8,5,14,0,111.36,157.52,210.15,0,8.34,0,0,6.12,0
2021,8,5,15,0,133.16,99.6,144.9,0,7.79,0,0,5.91,0
2021,8,5,16,0,67.51,57.81,66.2,0,6.88,0,0,5.17,0
2021,8,5,17,0,18.66,6.12,4.12,0,5.85,0,0,4.63,0
2021,8,5,18,0,0.0,0.0,0.0,0,5.51,0,0,4.66,0
2021,8,5,19,0,0.0,0.0,0.0,0,5.28,0,0,4.6,0
2021,8,5,20,0,0.0,0.0,0.0,0,5.14,0,0,4.68,0
2021,8,5,21,0,0.0,0.0,0.0,0,5.07,0,0,4.77,0
2021,8,5,22,0,0.0,0.0,0.0,0,4.82,0,0,4.64,0
2021,8,5,23,0,0.0,0.0,0.0,0,4.65,0,0,4.59,0
2021,8,6,0,0,0.0,0.0,0.0,0,4.57,0,0,4.54,0
2021,8,6,1,0,0.0,0.0,0.0,0,4.4,0,0,4.41,0
2021,8,6,2,0,0.0,0.0,0.0,0,4.15,0,0,4.3,0
2021,8,6,3,0,0.0,0.0,0.0,0,4.07,0,0,4.19,0
2021,8,6,4,0,0.0,0.0,0.0,0,3.98,0,0,4.08,0
2021,8,6,5,0,0.0,0.0,0.0,0,3.94,0,0,4.01,0
2021,8,6,6,0,0.0,0.0,0.0,0,4.07,0,0,4.01,0
2021,8,6,7,0,277.08,40.42,62.75,0,4.53,0,0,3.85,0
2021,8,6,8,0,251.43,96.44,177.27,0,5.34,0,0,4.34,0
2021,8,6,9,0,266.77,170.79,279.17,0,6.57,0,0,4.91,0
2021,8,6,10,0,21.17,260.92,296.23,0,8.12,0,0,5.07,0
2021,8,6,11,0,86.89,275.88,356.85,0,9.42,0,0,5.02,0
2021,8,6,12,0,265.7,209.75,416.15,0,10.03,0,0,4.97,0
2021,8,6,13,0,650.28,98.44,321.12,0,10.22,0,0,4.82,0
2021,8,6,14,0,542.89,94.81,259.75,0,10.06,0,0,4.65,0
2021,8,6,15,0,495.25,63.05,170.07,0,9.52,0,0,4.45,0
2021,8,6,16,0,467.34,32.17,65.75,0,8.45,0,0,3.99,0
2021,8,6,17,0,47.58,5.29,3.85,0,6.83,0,0,3.66,0
2021,8,6,18,0,0.0,0.0,0.0,0,6.12,0,0,3.57,0
2021,8,6,19,0,0.0,0.0,0.0,0,5.61,0,0,3.5,0
2021,8,6,20,0,0.0,0.0,0.0,0,5.02,0,0,2.96,0
2021,8,6,21,0,0.0,0.0,0.0,0,4.43,0,0,2.91,0
2021,8,6,22,0,0.0,0.0,0.0,0,4.24,0,0,3.05,0
2021,8,6,23,0,0.0,0.0,0.0,0,4.26,0,0,2.9,0
2021,8,7,0,0,0.0,0.0,0.0,0,4.25,0,0,2.52,0
2021,8,7,1,0,0.0,0.0,0.0,0,4.31,0,0,2.4,0
2021,8,7,2,0,0.0,0.0,0.0,0,4.41,0,0,2.47,0
2021,8,7,3,0,0.0,0.0,0.0,0,4.31,0,0,2.56,0
2021,8,7,4,0,0.0,0.0,0.0,0,4.13,0,0,2.55,0
2021,8,7,5,0,0.0,0.0,0.0,0,3.98,0,0,2.62,0
2021,8,7,6,0,0.0,0.0,0.0,0,3.88,0,0,2.69,0
2021,8,7,7,0,45.61,31.9,37.88,0,3.98,0,0,3.06,0
2021,8,7,8,0,81.89,109.86,153.3,0,4.84,0,0,3.89,0
2021,8,7,9,0,178.04,176.18,255.7,0,6.26,0,0,4.18,0
2021,8,7,10,0,259.93,195.25,340.83,0,7.65,0,0,4.36,0
2021,8,7,11,0,382.24,232.87,425.08,0,8.86,0,0,4.58,0
2021,8,7,12,0,280.52,260.28,458.95,0,9.49,0,0,4.76,0
2021,8,7,13,0,306.68,245.57,474.85,0,9.75,0,0,4.91,0
2021,8,7,14,0,505.7,106.9,318.58,0,9.47,0,0,5.07,0
2021,8,7,15,0,415.43,82.58,206.4,0,8.7,0,0,5.14,0
2021,8,7,16,0,271.71,36.35,86.65,0,7.36,0,0,4.92,0
2021,8,7,17,0,44.52,4.82,3.9,0,5.67,0,0,4.53,0
2021,8,7,18,0,0.0,0.0,0.0,0,4.96,0,0,4.52,0
2021,8,7,19,0,0.0,0.0,0.0,0,4.52,0,0,4.51,0
2021,8,7,20,0,0.0,0.0,0.0,0,4.15,0,0,4.39,0
2021,8,7,21,0,0.0,0.0,0.0,0,3.67,0,0,3.75,0
2021,8,7,22,0,0.0,0.0,0.0,0,2.98,0,0,2.99,0
2021,8,7,23,0,0.0,0.0,0.0,0,2.42,0,0,2.37,0
2021,8,8,0,0,0.0,0.0,0.0,0,2.34,0,0,2.18,0
2021,8,8,1,0,0.0,0.0,0.0,0,2.51,0,0,2.06,0
2021,8,8,2,0,0.0,0.0,0.0,0,2.75,0,0,2.57,0
2021,8,8,3,0,0.0,0.0,0.0,0,2.64,0,0,2.69,0
2021,8,8,4,0,0.0,0.0,0.0,0,2.47,0,0,2.82,0
2021,8,8,5,0,0.0,0.0,0.0,0,2.41,0,0,2.86,0
2021,8,8,6,0,0.0,0.0,0.0,0,2.39,0,0,2.89,0
2021,8,8,7,0,412.68,29.48,88.55,0,3.04,0,0,2.84,0
2021,8,8,8,0,530.41,80.31,255.02,0,4.47,0,0,3.42,0
2021,8,8,9,0,669.84,104.64,405.3,0,6.63,0,0,4.37,0
2021,8,8,10,0,645.67,165.59,521.53,0,8.8,0,0,4.31,0
2021,8,8,11,0,524.75,217.57,550.03,0,10.4,0,0,3.96,0
2021,8,8,12,0,402.49,234.98,471.42,0,11.42,0,0,3.53,0
2021,8,8,13,0,639.31,132.83,311.05,0,11.93,0,0,3.29,0
2021,8,8,14,0,464.66,110.66,259.23,0,11.98,0,0,3.27,0
2021,8,8,15,0,280.52,91.04,180.4,0,11.41,0,0,3.32,0
2021,8,8,16,0,312.83,39.17,83.57,0,10.14,0,0,3.1,0
2021,8,8,17,0,21.68,5.86,4.82,0,8.6,0,0,3.44,0
2021,8,8,18,0,0.0,0.0,0.0,0,7.71,0,0,3.72,0
2021,8,8,19,0,0.0,0.0,0.0,0,6.83,0,0,3.54,0
2021,8,8,20,0,0.0,0.0,0.0,0,6.11,0,0,3.39,0
2021,8,8,21,0,0.0,0.0,0.0,0,5.71,0,0,3.34,0
2021,8,8,22,0,0.0,0.0,0.0,0,5.42,0,0,3.29,0
2021,8,8,23,0,0.0,0.0,0.0,0,5.25,0,0,3.53,0
2021,8,9,0,0,0.0,0.0,0.0,0,5.05,0,0,3.82,0
2021,8,9,1,0,0.0,0.0,0.0,0,4.73,0,0,3.82,0
2021,8,9,2,0,0.0,0.0,0.0,0,4.44,0,0,3.77,0
2021,8,9,3,0,0.0,0.0,0.0,0,4.14,0,0,3.56,0
2021,8,9,4,0,0.0,0.0,0.0,0,4.03,0,0,3.51,0
2021,8,9,5,0,0.0,0.0,0.0,0,4.02,0,0,3.51,0
2021,8,9,6,0,0.0,0.0,0.0,0,4.01,0,0,3.53,0
2021,8,9,7,0,225.7,45.81,78.95,0,4.61,0,0,4.06,0
2021,8,9,8,0,427.97,109.19,245.02,0,5.73,0,0,3.67,0
2021,8,9,9,0,611.68,97.52,402.15,0,7.05,0,0,3.87,0
2021,8,9,10,0,588.01,175.36,509.98,0,8.44,0,0,3.96,0
2021,8,9,11,0,498.54,220.03,521.58,0,9.72,0,0,3.75,0
2021,8,9,12,0,307.39,288.11,492.1,0,10.47,0,0,3.65,0
2021,8,9,13,0,285.78,242.45,405.15,0,10.85,0,0,3.78,0
2021,8,9,14,0,367.18,126.17,281.65,0,10.94,0,0,3.62,0
2021,8,9,15,0,335.26,86.47,191.05,0,10.73,0,0,3.01,0
2021,8,9,16,0,329.84,45.8,96.57,0,10.18,0,0,2.48,0
2021,8,9,17,0,27.8,7.05,5.97,0,9.23,0,0,2.59,0
2021,8,9,18,0,0.0,0.0,0.0,0,8.66,0,0,2.92,0
2021,8,9,19,0,0.0,0.0,0.0,0,8.1,0,0,3.09,0
2021,8,9,20,0,0.0,0.0,0.0,0,7.55,0,0,3.25,0
2021,8,9,21,0,0.0,0.0,0.0,0,7.04,0,0,3.28,0
2021,8,9,22,0,0.0,0.0,0.0,0,6.73,0,0,2.94,0
2021,8,9,23,0,0.0,0.0,0.0,0,6.44,0,0,2.87,0
2021,8,10,0,0,0.0,0.0,0.0,0,6.22,0,0,2.85,0
2021,8,10,1,0,0.0,0.0,0.0,0,6.02,0,0,2.86,0
2021,8,10,2,0,0.0,0.0,0.0,0,5.87,0,0,2.84,0
2021,8,10,3,0,0.0,0.0,0.0,0,5.77,0,0,2.62,0
2021,8,10,4,0,0.0,0.0,0.0,0,5.89,0,0,2.42,0
2021,8,10,5,0,0.0,0.0,0.0,0,5.94,0,0,2.47,0
2021,8,10,6,0,0.0,0.0,0.0,0,5.7,0,0,3.01,0
2021,8,10,7,0,311.47,37.12,80.88,0,6.51,0,0,3.42,0
2021,8,10,8,0,486.89,81.9,219.2,0,8.17,0,0,3.21,0
2021,8,10,9,0,584.11,97.04,341.7,0,9.93,0,0,4.33,0
2021,8,10,10,0,694.95,103.24,425.8,0,11.36,0,0,5.38,0
2021,8,10,11,0,403.21,253.61,503.3,0,12.18,0,0,5.68,0
2021,8,10,12,0,454.53,235.01,488.75,0,12.8,0,0,5.66,0
2021,8,10,13,0,157.33,368.97,485.35,0,13.5,0,0,5.46,0
2021,8,10,14,0,366.65,137.38,315.0,0,13.9,0,0,5.15,0
2021,8,10,15,0,561.27,76.79,223.5,0,13.75,0,0,4.69,0
2021,8,10,16,0,363.83,43.04,106.1,0,12.66,0,0,3.98,0
2021,8,10,17,0,40.96,6.61,7.12,0,10.61,0,0,3.92,0
2021,8,10,18,0,0.0,0.0,0.0,0,9.52,0,0,3.92,0
2021,8,10,19,0,0.0,0.0,0.0,0,8.7,0,0,3.76,0
2021,8,10,20,0,0.0,0.0,0.0,0,7.98,0,0,3.45,0
2021,8,10,21,0,0.0,0.0,0.0,0,7.21,0,0,3.29,0
2021,8,10,22,0,0.0,0.0,0.0,0,6.46,0,0,3.46,0
2021,8,10,23,0,0.0,0.0,0.0,0,5.92,0,0,3.5,0
2021,8,11,0,0,0.0,0.0,0.0,0,5.52,0,0,3.74,0
2021,8,11,1,0,0.0,0.0,0.0,0,5.5,0,0,3.74,0
2021,8,11,2,0,0.0,0.0,0.0,0,5.4,0,0,3.76,0
2021,8,11,3,0,0.0,0.0,0.0,0,5.23,0,0,3.86,0
2021,8,11,4,0,0.0,0.0,0.0,0,5.11,0,0,3.91,0
2021,8,11,5,0,0.0,0.0,0.0,0,4.98,0,0,3.96,0
2021,8,11,6,0,0.0,0.0,0.0,0,4.8,0,0,4.36,0
2021,8,11,7,0,273.1,37.54,92.65,0,6.55,0,0,4.84,0
2021,8,11,8,0,502.95,103.79,259.6,0,9.33,0,0,4.33,0
2021,8,11,9,0,484.21,208.14,420.73,0,11.89,0,0,5.74,0
2021,8,11,10,0,374.69,254.89,448.08,0,13.89,0,0,7.0,0
2021,8,11,11,0,376.31,265.34,512.6,0,14.93,0,0,7.59,0
2021,8,11,12,0,211.32,306.93,458.3,0,14.73,0,0,7.63,0
2021,8,11,13,0,476.39,173.99,368.35,0,14.22,0,0,7.09,0
2021,8,11,14,0,139.99,206.72,285.05,0,14.06,0,0,6.5,0
2021,8,11,15,0,638.8,81.86,166.73,0,13.84,0,0,5.8,0
2021,8,11,16,0,260.49,38.27,68.22,0,13.23,0,0,5.38,0
2021,8,11,17,0,53.07,5.92,4.72,0,12.2,0,0,5.51,0
2021,8,11,18,0,0.0,0.0,0.0,0,11.89,0,0,5.8,0
2021,8,11,19,0,0.0,0.0,0.0,0,11.63,0,0,6.14,0
2021,8,11,20,0,0.0,0.0,0.0,0,11.43,0,0,6.55,0
2021,8,11,21,0,0.0,0.0,0.0,0,11.36,0,0,6.99,0
2021,8,11,22,0,0.0,0.0,0.0,0,11.39,0,0,7.19,0
2021,8,11,23,0,0.0,0.0,0.0,0,11.21,0,0,7.12,0
2021,8,12,0,0,0.0,0.0,0.0,0,10.88,0,0,6.65,0
2021,8,12,1,0,0.0,0.0,0.0,0,10.18,0,0,5.14,0
2021,8,12,2,0,0.0,0.0,0.0,0,9.37,0,0,4.32,0
2021,8,12,3,0,0.0,0.0,0.0,0,8.21,0,0,4.73,0
2021,8,12,4,0,0.0,0.0,0.0,0,6.9,0,0,4.37,0
2021,8,12,5,0,0.0,0.0,0.0,0,5.88,0,0,3.54,0
2021,8,12,6,0,0.0,0.0,0.0,0,5.06,0,0,3.49,0
2021,8,12,7,0,177.05,58.4,86.32,0,5.28,0,0,3.94,0
2021,8,12,8,0,528.75,108.11,271.25,0,6.17,0,0,4.38,0
2021,8,12,9,0,771.54,99.95,456.27,0,7.57,0,0,4.26,0
2021,8,12,10,0,856.38,94.4,611.4,0,9.35,0,0,3.97,0
2021,8,12,11,0,975.89,57.77,698.3,0,11.09,0,0,3.77,0
2021,8,12,12,0,988.86,52.4,707.28,0,12.31,0,0,3.52,0
2021,8,12,13,0,983.56,49.69,648.65,0,12.91,0,0,3.3,0
2021,8,12,14,0,944.75,44.32,531.3,0,12.9,0,0,3.06,0
2021,8,12,15,0,893.98,37.96,363.52,0,12.27,0,0,2.88,0
2021,8,12,16,0,700.42,26.44,164.3,0,10.74,0,0,2.65,0
2021,8,12,17,0,127.86,5.67,10.77,0,7.82,0,0,2.89,0
2021,8,12,18,0,0.0,0.0,0.0,0,5.68,0,0,3.56,0
2021,8,12,19,0,0.0,0.0,0.0,0,4.64,0,0,3.54,0
2021,8,12,20,0,0.0,0.0,0.0,0,3.92,0,0,3.23,0
2021,8,12,21,0,0.0,0.0,0.0,0,3.27,0,0,3.09,0
2021,8,12,22,0,0.0,0.0,0.0,0,2.91,0,0,2.91,0
2021,8,12,23,0,0.0,0.0,0.0,0,2.82,0,0,2.71,0
2021,8,13,0,0,0.0,0.0,0.0,0,2.64,0,0,2.5,0
2021,8,13,1,0,0.0,0.0,0.0,0,2.46,0,0,2.19,0
2021,8,13,2,0,0.0,0.0,0.0,0,2.21,0,0,2.06,0
2021,8,13,3,0,0.0,0.0,0.0,0,1.97,0,0,1.91,0
2021,8,13,4,0,0.0,0.0,0.0,0,1.79,0,0,1.81,0
2021,8,13,5,0,0.0,0.0,0.0,0,1.66,0,0,1.74,0
2021,8,13,6,0,0.0,0.0,0.0,0,1.49,0,0,1.66,0
2021,8,13,7,0,452.58,33.5,106.65,0,2.3,0,0,1.61,0
2021,8,13,8,0,511.07,95.21,278.8,0,4.32,0,0,1.94,0
2021,8,13,9,0,692.66,136.64,450.27,0,7.15,0,0,1.84,0
2021,8,13,10,0,470.25,224.78,582.17,0,9.45,0,0,1.89,0
2021,8,13,11,0,676.46,188.47,656.17,0,11.0,0,0,2.26,0
2021,8,13,12,0,901.19,99.77,655.45,0,12.07,0,0,2.64,0
2021,8,13,13,0,867.68,80.62,622.62,0,12.64,0,0,3.07,0
2021,8,13,14,0,847.16,84.53,515.1,0,12.54,0,0,3.44,0
2021,8,13,15,0,787.15,65.07,351.27,0,11.81,0,0,3.81,0
2021,8,13,16,0,632.46,35.41,158.85,0,10.29,0,0,3.86,0
2021,8,13,17,0,133.21,6.16,10.65,0,7.65,0,0,3.67,0
2021,8,13,18,0,0.0,0.0,0.0,0,6.19,0,0,3.49,0
2021,8,13,19,0,0.0,0.0,0.0,0,5.27,0,0,3.34,0
2021,8,13,20,0,0.0,0.0,0.0,0,4.49,0,0,3.2,0
2021,8,13,21,0,0.0,0.0,0.0,0,3.77,0,0,3.13,0
2021,8,13,22,0,0.0,0.0,0.0,0,3.25,0,0,2.74,0
2021,8,13,23,0,0.0,0.0,0.0,0,2.81,0,0,2.68,0
2021,8,14,0,0,0.0,0.0,0.0,0,2.65,0,0,2.63,0
2021,8,14,1,0,0.0,0.0,0.0,0,2.58,0,0,2.6,0
2021,8,14,2,0,0.0,0.0,0.0,0,2.47,0,0,2.49,0
2021,8,14,3,0,0.0,0.0,0.0,0,2.27,0,0,2.11,0
2021,8,14,4,0,0.0,0.0,0.0,0,2.23,0,0,2.14,0
2021,8,14,5,0,0.0,0.0,0.0,0,1.87,0,0,2.15,0
2021,8,14,6,0,0.0,0.0,0.0,0,1.49,0,0,2.31,0
2021,8,14,7,0,520.35,29.64,115.72,0,2.64,0,0,2.07,0
2021,8,14,8,0,794.8,49.18,300.7,0,4.95,0,0,1.58,0
2021,8,14,9,0,852.74,62.83,477.1,0,8.72,0,0,1.69,0
2021,8,14,10,0,918.16,59.84,619.58,0,11.78,0,0,1.79,0
2021,8,14,11,0,955.08,61.04,696.67,0,13.4,0,0,1.76,0
2021,8,14,12,0,953.33,60.47,701.53,0,14.38,0,0,1.88,0
2021,8,14,13,0,922.32,65.33,642.28,0,14.87,0,0,2.04,0
2021,8,14,14,0,884.52,60.17,525.03,0,14.86,0,0,2.1,0
2021,8,14,15,0,795.87,53.78,356.5,0,14.29,0,0,2.01,0
2021,8,14,16,0,577.96,37.54,159.75,0,12.72,0,0,1.85,0
2021,8,14,17,0,79.12,7.51,10.35,0,9.72,0,0,2.37,0
2021,8,14,18,0,0.0,0.0,0.0,0,7.68,0,0,2.76,0
2021,8,14,19,0,0.0,0.0,0.0,0,6.47,0,0,2.66,0
2021,8,14,20,0,0.0,0.0,0.0,0,5.54,0,0,2.51,0
2021,8,14,21,0,0.0,0.0,0.0,0,4.58,0,0,2.59,0
2021,8,14,22,0,0.0,0.0,0.0,0,3.8,0,0,2.54,0
2021,8,14,23,0,0.0,0.0,0.0,0,3.36,0,0,2.29,0
2021,8,15,0,0,0.0,0.0,0.0,0,3.09,0,0,1.98,0
2021,8,15,1,0,0.0,0.0,0.0,0,2.76,0,0,1.7,0
2021,8,15,2,0,0.0,0.0,0.0,0,2.42,0,0,1.57,0
2021,8,15,3,0,0.0,0.0,0.0,0,2.1,0,0,1.63,0
2021,8,15,4,0,0.0,0.0,0.0,0,1.67,0,0,1.85,0
2021,8,15,5,0,0.0,0.0,0.0,0,0.94,0,0,2.14,0
2021,8,15,6,0,0.0,0.0,0.0,0,0.39,0,0,2.52,0
2021,8,15,7,0,486.09,30.69,128.7,0,0.94,0,0,2.86,0
2021,8,15,8,0,799.8,45.26,324.27,0,4.4,0,0,2.38,0
2021,8,15,9,0,903.34,54.27,502.45,0,8.04,0,0,2.93,0
2021,8,15,10,0,946.75,56.66,633.72,0,10.05,0,0,3.29,0
2021,8,15,11,0,960.48,60.65,704.33,0,11.33,0,0,3.64,0
2021,8,15,12,0,967.97,57.99,711.88,0,12.11,0,0,4.1,0
2021,8,15,13,0,952.23,56.32,655.58,0,12.37,0,0,4.55,0
2021,8,15,14,0,920.02,54.31,533.38,0,12.12,0,0,4.92,0
2021,8,15,15,0,866.63,42.67,366.92,0,11.37,0,0,5.07,0
2021,8,15,16,0,673.86,29.16,167.65,0,10.06,0,0,4.74,0
2021,8,15,17,0,139.22,6.81,12.3,0,7.63,0,0,4.25,0
2021,8,15,18,0,0.0,0.0,0.0,0,6.29,0,0,3.72,0
2021,8,15,19,0,0.0,0.0,0.0,0,5.27,0,0,3.76,0
2021,8,15,20,0,0.0,0.0,0.0,0,4.45,0,0,4.02,0
2021,8,15,21,0,0.0,0.0,0.0,0,3.92,0,0,4.32,0
2021,8,15,22,0,0.0,0.0,0.0,0,3.67,0,0,4.44,0
2021,8,15,23,0,0.0,0.0,0.0,0,3.37,0,0,4.46,0
2021,8,16,0,0,0.0,0.0,0.0,0,3.02,0,0,4.51,0
2021,8,16,1,0,0.0,0.0,0.0,0,2.61,0,0,4.6,0
2021,8,16,2,0,0.0,0.0,0.0,0,2.24,0,0,4.53,0
2021,8,16,3,0,0.0,0.0,0.0,0,1.87,0,0,4.41,0
2021,8,16,4,0,0.0,0.0,0.0,0,1.5,0,0,3.86,0
2021,8,16,5,0,0.0,0.0,0.0,0,1.06,0,0,3.64,0
2021,8,16,6,0,0.0,0.0,0.0,0,0.75,0,0,3.81,0
2021,8,16,7,0,560.2,27.58,135.8,0,2.29,0,0,3.72,0
2021,8,16,8,0,806.11,40.94,327.73,0,5.3,0,0,3.94,0
2021,8,16,9,0,919.97,47.51,501.95,0,8.13,0,0,6.03,0
2021,8,16,10,0,898.75,76.13,629.4,0,9.9,0,0,6.8,0
2021,8,16,11,0,910.29,86.92,698.53,0,10.88,0,0,7.12,0
2021,8,16,12,0,920.64,89.75,703.95,0,11.44,0,0,7.26,0
2021,8,16,13,0,809.72,115.47,595.67,0,11.6,0,0,7.3,0
2021,8,16,14,0,822.83,68.79,462.9,0,11.28,0,0,7.28,0
2021,8,16,15,0,633.18,77.58,300.6,0,10.51,0,0,7.04,0
2021,8,16,16,0,504.25,45.55,129.23,0,9.38,0,0,6.6,0
2021,8,16,17,0,39.58,8.84,8.82,0,7.71,0,0,6.01,0
2021,8,16,18,0,0.0,0.0,0.0,0,6.82,0,0,5.95,0
2021,8,16,19,0,0.0,0.0,0.0,0,6.25,0,0,5.72,0
2021,8,16,20,0,0.0,0.0,0.0,0,5.72,0,0,5.57,0
2021,8,16,21,0,0.0,0.0,0.0,0,5.3,0,0,5.58,0
2021,8,16,22,0,0.0,0.0,0.0,0,4.8,0,0,5.21,0
2021,8,16,23,0,0.0,0.0,0.0,0,4.2,0,0,4.78,0
2021,8,17,0,0,0.0,0.0,0.0,0,3.7,0,0,4.64,0
2021,8,17,1,0,0.0,0.0,0.0,0,3.32,0,0,4.48,0
2021,8,17,2,0,0.0,0.0,0.0,0,2.85,0,0,3.87,0
2021,8,17,3,0,0.0,0.0,0.0,0,2.6,0,0,3.54,0
2021,8,17,4,0,0.0,0.0,0.0,0,2.63,0,0,3.58,0
2021,8,17,5,0,0.0,0.0,0.0,0,2.81,0,0,3.71,0
2021,8,17,6,0,0.0,0.0,0.0,0,3.17,0,0,3.73,0
2021,8,17,7,0,422.01,42.03,116.25,0,3.97,0,0,3.88,0
2021,8,17,8,0,569.24,92.56,286.48,0,5.01,0,0,4.38,0
2021,8,17,9,0,616.94,147.38,448.9,0,6.68,0,0,4.59,0
2021,8,17,10,0,857.42,100.58,568.85,0,8.54,0,0,4.61,0
2021,8,17,11,0,824.77,141.07,662.47,0,9.95,0,0,4.44,0
2021,8,17,12,0,660.94,195.44,639.75,0,10.9,0,0,4.3,0
2021,8,17,13,0,521.07,219.05,548.55,0,11.35,0,0,4.15,0
2021,8,17,14,0,769.62,81.24,409.15,0,11.22,0,0,4.09,0
2021,8,17,15,0,614.75,68.53,287.33,0,10.53,0,0,4.04,0
2021,8,17,16,0,507.46,36.33,137.82,0,9.24,0,0,3.75,0
2021,8,17,17,0,118.47,7.63,12.2,0,7.13,0,0,3.28,0
2021,8,17,18,0,0.0,0.0,0.0,0,5.94,0,0,2.92,0
2021,8,17,19,0,0.0,0.0,0.0,0,4.99,0,0,2.74,0
2021,8,17,20,0,0.0,0.0,0.0,0,4.07,0,0,2.59,0
2021,8,17,21,0,0.0,0.0,0.0,0,3.29,0,0,2.55,0
2021,8,17,22,0,0.0,0.0,0.0,0,2.91,0,0,2.44,0
2021,8,17,23,0,0.0,0.0,0.0,0,2.8,0,0,2.26,0
2021,8,18,0,0,0.0,0.0,0.0,0,2.66,0,0,2.15,0
2021,8,18,1,0,0.0,0.0,0.0,0,2.55,0,0,2.3,0
2021,8,18,2,0,0.0,0.0,0.0,0,2.47,0,0,2.36,0
2021,8,18,3,0,0.0,0.0,0.0,0,2.29,0,0,2.32,0
2021,8,18,4,0,0.0,0.0,0.0,0,2.08,0,0,2.4,0
2021,8,18,5,0,0.0,0.0,0.0,0,2.02,0,0,2.39,0
2021,8,18,6,0,0.0,0.0,0.0,0,2.3,0,0,2.52,0
2021,8,18,7,0,509.4,40.25,134.6,0,3.34,0,0,2.36,0
2021,8,18,8,0,799.25,49.02,328.8,0,5.51,0,0,2.75,0
2021,8,18,9,0,919.16,44.79,516.15,0,8.51,0,0,2.92,0
2021,8,18,10,0,962.61,48.43,646.55,0,11.05,0,0,2.56,0
2021,8,18,11,0,979.36,50.54,716.15,0,12.74,0,0,2.02,0
2021,8,18,12,0,960.75,59.89,719.88,0,13.81,0,0,1.58,0
2021,8,18,13,0,952.62,53.87,662.15,0,14.39,0,0,1.36,0
2021,8,18,14,0,920.78,50.17,541.78,0,14.49,0,0,1.25,0
2021,8,18,15,0,865.29,41.61,374.73,0,14.05,0,0,1.15,0
2021,8,18,16,0,633.95,30.94,176.15,0,12.82,0,0,1.06,0
2021,8,18,17,0,153.78,7.3,14.45,0,10.48,0,0,1.23,0
2021,8,18,18,0,0.0,0.0,0.0,0,9.3,0,0,1.06,0
2021,8,18,19,0,0.0,0.0,0.0,0,8.61,0,0,0.61,0
2021,8,18,20,0,0.0,0.0,0.0,0,7.85,0,0,0.69,0
2021,8,18,21,0,0.0,0.0,0.0,0,6.66,0,0,1.69,0
2021,8,18,22,0,0.0,0.0,0.0,0,5.14,0,0,2.67,0
2021,8,18,23,0,0.0,0.0,0.0,0,3.78,0,0,3.41,0
2021,8,19,0,0,0.0,0.0,0.0,0,2.91,0,0,3.72,0
2021,8,19,1,0,0.0,0.0,0.0,0,2.43,0,0,3.72,0
2021,8,19,2,0,0.0,0.0,0.0,0,2.27,0,0,3.51,0
2021,8,19,3,0,0.0,0.0,0.0,0,2.11,0,0,3.29,0
2021,8,19,4,0,0.0,0.0,0.0,0,2.15,0,0,3.21,0
2021,8,19,5,0,0.0,0.0,0.0,0,2.32,0,0,3.24,0
2021,8,19,6,0,46.6,4.58,4.68,0,2.31,0,0,3.36,0
2021,8,19,7,0,534.79,38.19,119.15,0,3.87,0,0,3.06,0
2021,8,19,8,0,661.89,68.91,288.8,0,6.98,0,0,2.05,0
2021,8,19,9,0,705.63,95.49,446.5,0,10.64,0,0,2.88,0
2021,8,19,10,0,615.76,134.68,514.83,0,12.71,0,0,3.7,0
2021,8,19,11,0,337.47,289.86,535.08,0,13.52,0,0,3.72,0
2021,8,19,12,0,209.15,322.73,497.35,0,14.17,0,0,3.69,0
2021,8,19,13,0,82.37,385.59,492.62,0,14.48,0,0,3.58,0
2021,8,19,14,0,232.66,267.41,423.83,0,14.53,0,0,3.46,0
2021,8,19,15,0,334.52,114.62,247.12,0,14.13,0,0,3.24,0
2021,8,19,16,0,437.97,48.2,123.47,0,13.03,0,0,2.52,0
2021,8,19,17,0,55.88,10.53,11.38,0,10.85,0,0,2.38,0
2021,8,19,18,0,0.0,0.0,0.0,0,9.41,0,0,2.54,0
2021,8,19,19,0,0.0,0.0,0.0,0,8.99,0,0,2.39,0
2021,8,19,20,0,0.0,0.0,0.0,0,8.54,0,0,2.39,0
2021,8,19,21,0,0.0,0.0,0.0,0,7.79,0,0,2.7,0
2021,8,19,22,0,0.0,0.0,0.0,0,6.93,0,0,3.11,0
2021,8,19,23,0,0.0,0.0,0.0,0,6.17,0,0,3.51,0
2021,8,20,0,0,0.0,0.0,0.0,0,5.53,0,0,3.83,0
2021,8,20,1,0,0.0,0.0,0.0,0,5.09,0,0,3.95,0
2021,8,20,2,0,0.0,0.0,0.0,0,4.49,0,0,3.97,0
2021,8,20,3,0,0.0,0.0,0.0,0,3.98,0,0,3.74,0
2021,8,20,4,0,0.0,0.0,0.0,0,3.76,0,0,3.35,0
2021,8,20,5,0,0.0,0.0,0.0,0,3.69,0,0,2.94,0
2021,8,20,6,0,89.45,4.49,5.45,0,3.56,0,0,2.79,0
2021,8,20,7,0,574.23,32.7,136.38,0,4.45,0,0,2.84,0
2021,8,20,8,0,794.86,49.8,338.0,0,7.83,0,0,2.09,0
2021,8,20,9,0,880.22,63.23,518.1,0,11.62,0,0,3.42,0
2021,8,20,10,0,917.61,64.67,649.92,0,13.59,0,0,4.35,0
2021,8,20,11,0,708.08,179.28,666.78,0,14.58,0,0,4.9,0
2021,8,20,12,0,578.62,261.88,600.58,0,15.21,0,0,5.22,0
2021,8,20,13,0,535.46,206.61,579.0,0,15.49,0,0,5.17,0
2021,8,20,14,0,577.58,154.92,484.67,0,15.35,0,0,5.13,0
2021,8,20,15,0,728.82,75.12,325.1,0,14.79,0,0,4.95,0
2021,8,20,16,0,461.17,56.04,150.75,0,13.53,0,0,4.11,0
2021,8,20,17,0,63.47,12.17,13.07,0,10.97,0,0,3.67,0
2021,8,20,18,0,0.0,0.0,0.0,0,8.89,0,0,3.68,0
2021,8,20,19,0,0.0,0.0,0.0,0,7.68,0,0,3.51,0
2021,8,20,20,0,0.0,0.0,0.0,0,7.07,0,0,3.54,0
2021,8,20,21,0,0.0,0.0,0.0,0,6.82,0,0,3.04,0
2021,8,20,22,0,0.0,0.0,0.0,0,6.04,0,0,3.23,0
2021,8,20,23,0,0.0,0.0,0.0,0,5.6,0,0,4.24,0
2021,8,21,0,0,0.0,0.0,0.0,0,6.48,0,0,4.54,0
2021,8,21,1,0,0.0,0.0,0.0,0,6.48,0,0,3.25,0
2021,8,21,2,0,0.0,0.0,0.0,0,5.99,0,0,1.69,0
2021,8,21,3,0,0.0,0.0,0.0,0,5.48,0,0,2.63,0
2021,8,21,4,0,0.0,0.0,0.0,0,5.6,0,0,3.41,0
2021,8,21,5,0,0.0,0.0,0.0,0,5.94,0,0,3.42,0
2021,8,21,6,0,2.67,4.13,3.3,0,5.97,0,0,3.21,0
2021,8,21,7,0,81.57,67.49,84.57,0,6.94,0,0,2.69,0
2021,8,21,8,0,150.84,143.2,204.15,0,8.31,0,0,2.45,0
2021,8,21,9,0,209.13,204.5,336.92,0,9.82,0,0,3.15,0
2021,8,21,10,0,583.38,161.89,535.97,0,12.03,0,0,5.45,0
2021,8,21,11,0,767.03,140.44,688.17,0,13.78,0,0,5.75,0
2021,8,21,12,0,692.84,170.67,652.53,0,14.75,0,0,5.49,0
2021,8,21,13,0,582.77,181.7,558.1,0,15.33,0,0,5.18,0
2021,8,21,14,0,504.41,232.68,467.33,0,15.31,0,0,4.9,0
2021,8,21,15,0,519.21,121.38,310.75,0,14.82,0,0,4.58,0
2021,8,21,16,0,463.45,50.03,149.95,0,13.89,0,0,3.9,0
2021,8,21,17,0,148.01,8.08,14.52,0,12.11,0,0,3.46,0
2021,8,21,18,0,0.0,0.0,0.0,0,11.17,0,0,3.49,0
2021,8,21,19,0,0.0,0.0,0.0,0,10.45,0,0,3.33,0
2021,8,21,20,0,0.0,0.0,0.0,0,9.85,0,0,3.25,0
2021,8,21,21,0,0.0,0.0,0.0,0,9.49,0,0,3.11,0
2021,8,21,22,0,0.0,0.0,0.0,0,9.16,0,0,2.89,0
2021,8,21,23,0,0.0,0.0,0.0,0,8.52,0,0,2.92,0
2021,8,22,0,0,0.0,0.0,0.0,0,7.41,0,0,3.37,0
2021,8,22,1,0,0.0,0.0,0.0,0,6.32,0,0,3.93,0
2021,8,22,2,0,0.0,0.0,0.0,0,5.75,0,0,4.13,0
2021,8,22,3,0,0.0,0.0,0.0,0,5.51,0,0,4.11,0
2021,8,22,4,0,0.0,0.0,0.0,0,5.42,0,0,3.92,0
2021,8,22,5,0,0.0,0.0,0.0,0,5.14,0,0,3.96,0
2021,8,22,6,0,77.48,5.34,6.65,0,5.13,0,0,3.84,0
2021,8,22,7,0,549.71,30.71,142.02,0,6.91,0,0,3.62,0
2021,8,22,8,0,782.79,50.51,341.92,0,10.15,0,0,2.88,0
2021,8,22,9,0,888.01,58.43,520.55,0,13.61,0,0,3.53,0
2021,8,22,10,0,670.02,146.92,583.9,0,16.18,0,0,4.75,0
2021,8,22,11,0,743.37,167.92,703.62,0,17.7,0,0,5.44,0
2021,8,22,12,0,809.58,140.19,706.35,0,18.56,0,0,5.95,0
2021,8,22,13,0,817.08,108.67,626.5,0,18.97,0,0,6.1,0
2021,8,22,14,0,747.88,117.61,489.1,0,19.0,0,0,5.9,0
2021,8,22,15,0,611.22,94.49,312.02,0,18.67,0,0,5.51,0
2021,8,22,16,0,413.2,62.21,140.3,0,17.42,0,0,5.3,0
2021,8,22,17,0,68.67,9.48,10.77,0,15.3,0,0,6.13,0
2021,8,22,18,0,0.0,0.0,0.0,0,14.05,0,0,5.88,0
2021,8,22,19,0,0.0,0.0,0.0,0,12.9,0,0,4.9,0
2021,8,22,20,0,0.0,0.0,0.0,0,11.64,0,0,4.35,0
2021,8,22,21,0,0.0,0.0,0.0,0,10.92,0,0,4.17,0
2021,8,22,22,0,0.0,0.0,0.0,0,10.57,0,0,4.06,0
2021,8,22,23,0,0.0,0.0,0.0,0,10.11,0,0,5.03,0
2021,8,23,0,0,0.0,0.0,0.0,0,9.81,0,0,5.11,0
2021,8,23,1,0,0.0,0.0,0.0,0,9.32,0,0,5.0,0
2021,8,23,2,0,0.0,0.0,0.0,0,8.88,0,0,4.8,0
2021,8,23,3,0,0.0,0.0,0.0,0,8.47,0,0,4.62,0
2021,8,23,4,0,0.0,0.0,0.0,0,8.2,0,0,4.72,0
2021,8,23,5,0,0.0,0.0,0.0,0,8.11,0,0,4.95,0
2021,8,23,6,0,26.52,6.44,5.35,0,8.47,0,0,5.03,0
2021,8,23,7,0,373.59,44.53,108.5,0,10.1,0,0,5.32,0
2021,8,23,8,0,458.12,95.83,269.83,0,12.02,0,0,5.26,0
2021,8,23,9,0,616.28,111.25,431.02,0,13.64,0,0,6.64,0
2021,8,23,10,0,499.82,154.48,535.35,0,14.0,0,0,7.63,0
2021,8,23,11,0,145.15,255.77,406.17,0,13.58,0,0,6.52,0
2021,8,23,12,0,0.51,125.55,155.4,0,13.63,0,0,5.9,0
2021,8,23,13,0,90.43,283.99,347.85,0,13.79,0,0,6.11,0
2021,8,23,14,0,30.06,136.29,166.65,0,13.88,0,0,6.57,0
2021,8,23,15,0,46.62,116.66,157.52,0,14.14,0,0,6.35,0
2021,8,23,16,0,80.91,50.14,66.2,0,13.94,0,0,6.52,0
2021,8,23,17,0,0.0,4.99,4.78,0,12.99,0,0,6.84,0
2021,8,23,18,0,0.0,0.0,0.0,0,11.95,0,0,6.41,0
2021,8,23,19,0,0.0,0.0,0.0,0,11.36,0,0,4.99,0
2021,8,23,20,0,0.0,0.0,0.0,0,10.61,0,0,3.22,0
2021,8,23,21,0,0.0,0.0,0.0,0,9.53,0,0,1.53,0
2021,8,23,22,0,0.0,0.0,0.0,0,8.58,0,0,0.81,0
2021,8,23,23,0,0.0,0.0,0.0,0,8.1,0,0,0.82,0
2021,8,24,0,0,0.0,0.0,0.0,0,7.7,0,0,1.22,0
2021,8,24,1,0,0.0,0.0,0.0,0,7.05,0,0,1.46,0
2021,8,24,2,0,0.0,0.0,0.0,0,5.94,0,0,1.98,0
2021,8,24,3,0,0.0,0.0,0.0,0,4.71,0,0,2.95,0
2021,8,24,4,0,0.0,0.0,0.0,0,3.44,0,0,3.94,0
2021,8,24,5,0,0.0,0.0,0.0,0,1.82,0,0,4.12,0
2021,8,24,6,0,0.0,2.33,1.9,0,0.79,0,0,3.88,0
2021,8,24,7,0,0.0,23.64,26.27,0,0.54,0,0,3.93,0
2021,8,24,8,0,16.29,46.94,57.0,0,0.89,0,0,4.33,0
2021,8,24,9,0,21.73,68.02,79.45,0,1.44,0,0,4.97,0
2021,8,24,10,0,17.37,105.18,126.95,0,1.98,0,0,5.45,0
2021,8,24,11,0,61.59,71.44,109.62,0,2.47,0,0,6.11,0
2021,8,24,12,0,143.64,138.48,222.62,0,2.69,0,0,6.69,0
2021,8,24,13,0,71.26,87.99,117.2,0,2.75,0,0,7.19,0
2021,8,24,14,0,139.16,139.67,209.57,0,2.97,0,0,7.64,0
2021,8,24,15,0,44.82,96.73,132.15,0,3.58,0,0,8.68,0
2021,8,24,16,0,61.33,43.62,59.83,0,4.29,0,0,9.05,0
2021,8,24,17,0,24.84,7.68,6.53,0,4.61,0,0,8.98,0
2021,8,24,18,0,0.0,0.0,0.0,0,4.69,0,0,8.64,0
2021,8,24,19,0,0.0,0.0,0.0,0,4.54,0,0,8.51,0
2021,8,24,20,0,0.0,0.0,0.0,0,4.26,0,0,7.89,0
2021,8,24,21,0,0.0,0.0,0.0,0,3.84,0,0,7.68,0
2021,8,24,22,0,0.0,0.0,0.0,0,3.39,0,0,7.41,0
2021,8,24,23,0,0.0,0.0,0.0,0,2.96,0,0,7.08,0
2021,8,25,0,0,0.0,0.0,0.0,0,2.6,0,0,6.87,0
2021,8,25,1,0,0.0,0.0,0.0,0,2.32,0,0,6.75,0
2021,8,25,2,0,0.0,0.0,0.0,0,1.98,0,0,6.56,0
2021,8,25,3,0,0.0,0.0,0.0,0,1.59,0,0,6.31,0
2021,8,25,4,0,0.0,0.0,0.0,0,1.18,0,0,5.99,0
2021,8,25,5,0,0.0,0.0,0.0,0,0.85,0,0,5.51,0
2021,8,25,6,0,83.69,6.69,8.32,0,0.46,0,0,5.07,0
2021,8,25,7,0,332.3,55.93,129.0,0,0.8,0,0,4.89,0
2021,8,25,8,0,561.72,100.18,289.6,0,1.99,0,0,5.07,0
2021,8,25,9,0,765.28,114.18,432.17,0,3.76,0,0,5.36,0
2021,8,25,10,0,628.36,159.43,590.22,0,5.52,0,0,5.57,0
2021,8,25,11,0,650.49,177.29,620.65,0,7.04,0,0,5.76,0
2021,8,25,12,0,485.56,294.1,653.67,0,8.17,0,0,5.71,0
2021,8,25,13,0,381.1,268.06,550.25,0,8.69,0,0,5.63,0
2021,8,25,14,0,522.15,127.28,368.27,0,8.67,0,0,5.56,0
2021,8,25,15,0,520.89,94.01,263.52,0,8.18,0,0,5.29,0
2021,8,25,16,0,453.06,56.77,132.73,0,7.35,0,0,4.58,0
2021,8,25,17,0,119.05,11.19,15.18,0,5.99,0,0,3.94,0
2021,8,25,18,0,0.0,0.0,0.0,0,4.96,0,0,3.63,0
2021,8,25,19,0,0.0,0.0,0.0,0,4.22,0,0,3.46,0
2021,8,25,20,0,0.0,0.0,0.0,0,3.72,0,0,3.3,0
2021,8,25,21,0,0.0,0.0,0.0,0,3.35,0,0,3.01,0
2021,8,25,22,0,0.0,0.0,0.0,0,3.0,0,0,2.55,0
2021,8,25,23,0,0.0,0.0,0.0,0,2.73,0,0,2.02,0
2021,8,26,0,0,0.0,0.0,0.0,0,2.65,0,0,1.58,0
2021,8,26,1,0,0.0,0.0,0.0,0,2.54,0,0,1.23,0
2021,8,26,2,0,0.0,0.0,0.0,0,2.5,0,0,1.4,0
2021,8,26,3,0,0.0,0.0,0.0,0,2.08,0,0,1.48,0
2021,8,26,4,0,0.0,0.0,0.0,0,1.03,0,0,1.35,0
2021,8,26,5,0,0.0,0.0,0.0,0,0.45,0,0,1.67,0
2021,8,26,6,0,141.75,6.7,11.3,0,0.31,0,0,1.82,0
2021,8,26,7,0,527.48,39.36,161.57,0,1.51,0,0,1.57,0
2021,8,26,8,0,777.05,63.82,361.02,0,4.36,0,0,1.15,0
2021,8,26,9,0,890.54,74.61,538.95,0,8.08,0,0,1.37,0
2021,8,26,10,0,962.13,57.53,689.17,0,10.4,0,0,0.99,0
2021,8,26,11,0,663.68,186.47,660.97,0,11.76,0,0,1.11,0
2021,8,26,12,0,389.54,313.42,606.85,0,12.62,0,0,1.33,0
2021,8,26,13,0,465.88,306.04,576.42,0,13.08,0,0,1.56,0
2021,8,26,14,0,367.18,214.15,408.25,0,13.11,0,0,1.78,0
2021,8,26,15,0,388.14,146.02,251.27,0,12.63,0,0,1.89,0
2021,8,26,16,0,227.3,73.12,122.07,0,11.43,0,0,2.04,0
2021,8,26,17,0,73.65,13.55,12.35,0,9.28,0,0,2.51,0
2021,8,26,18,0,0.0,0.0,0.0,0,7.59,0,0,2.93,0
2021,8,26,19,0,0.0,0.0,0.0,0,6.47,0,0,3.04,0
2021,8,26,20,0,0.0,0.0,0.0,0,5.6,0,0,2.82,0
2021,8,26,21,0,0.0,0.0,0.0,0,4.9,0,0,2.54,0
2021,8,26,22,0,0.0,0.0,0.0,0,4.42,0,0,2.29,0
2021,8,26,23,0,0.0,0.0,0.0,0,4.08,0,0,2.12,0
2021,8,27,0,0,0.0,0.0,0.0,0,3.83,0,0,2.04,0
2021,8,27,1,0,0.0,0.0,0.0,0,3.64,0,0,2.03,0
2021,8,27,2,0,0.0,0.0,0.0,0,3.41,0,0,2.11,0
2021,8,27,3,0,0.0,0.0,0.0,0,3.23,0,0,2.09,0
2021,8,27,4,0,0.0,0.0,0.0,0,3.07,0,0,2.09,0
2021,8,27,5,0,0.0,0.0,0.0,0,2.86,0,0,2.2,0
2021,8,27,6,0,42.47,6.24,6.93,0,2.66,0,0,2.29,0
2021,8,27,7,0,245.27,55.46,104.0,0,3.7,0,0,2.24,0
2021,8,27,8,0,278.45,85.87,225.8,0,6.35,0,0,2.86,0
2021,8,27,9,0,805.46,110.86,347.1,0,8.67,0,0,3.91,0
2021,8,27,10,0,239.92,206.12,347.27,0,9.67,0,0,4.18,0
2021,8,27,11,0,304.18,184.01,341.38,0,10.15,0,0,4.53,0
2021,8,27,12,0,226.12,245.29,399.38,0,10.52,0,0,4.95,0
2021,8,27,13,0,527.85,169.89,438.25,0,10.41,0,0,5.27,0
2021,8,27,14,0,281.34,205.47,352.02,0,9.96,0,0,5.47,0
2021,8,27,15,0,457.57,111.04,262.48,0,9.24,0,0,5.41,0
2021,8,27,16,0,407.53,56.61,138.2,0,8.23,0,0,4.92,0
2021,8,27,17,0,169.62,12.0,19.1,0,6.45,0,0,3.87,0
2021,8,27,18,0,0.0,0.0,0.0,0,5.04,0,0,3.63,0
2021,8,27,19,0,0.0,0.0,0.0,0,4.25,0,0,3.42,0
2021,8,27,20,0,0.0,0.0,0.0,0,3.52,0,0,3.16,0
2021,8,27,21,0,0.0,0.0,0.0,0,2.64,0,0,3.15,0
2021,8,27,22,0,0.0,0.0,0.0,0,1.9,0,0,3.38,0
2021,8,27,23,0,0.0,0.0,0.0,0,1.35,0,0,3.49,0
2021,8,28,0,0,0.0,0.0,0.0,0,0.92,0,0,3.52,0
2021,8,28,1,0,0.0,0.0,0.0,0,0.54,0,0,3.45,0
2021,8,28,2,0,0.0,0.0,0.0,0,0.14,0,0,3.47,0
2021,8,28,3,0,0.0,0.0,0.0,0,-0.19,0,0,3.47,0
2021,8,28,4,0,0.0,0.0,0.0,0,-0.42,0,0,3.45,0
2021,8,28,5,0,0.0,0.0,0.0,0,-0.56,0,0,3.42,0
2021,8,28,6,0,141.35,8.03,14.6,0,-0.5,0,0,3.35,0
2021,8,28,7,0,709.2,35.21,175.12,0,1.45,0,0,2.82,0
2021,8,28,8,0,810.91,55.22,374.85,0,4.48,0,0,3.73,0
2021,8,28,9,0,834.46,80.35,545.3,0,7.25,0,0,4.46,0
2021,8,28,10,0,791.88,83.23,655.67,0,9.02,0,0,3.71,0
2021,8,28,11,0,841.0,120.25,734.28,0,10.47,0,0,3.12,0
2021,8,28,12,0,850.59,149.15,727.05,0,11.49,0,0,2.88,0
2021,8,28,13,0,912.96,98.05,665.0,0,12.06,0,0,2.86,0
2021,8,28,14,0,713.92,142.25,556.45,0,12.17,0,0,2.78,0
2021,8,28,15,0,699.23,90.05,379.92,0,11.83,0,0,2.51,0
2021,8,28,16,0,543.96,51.24,185.25,0,10.84,0,0,2.11,0
2021,8,28,17,0,172.27,11.19,22.12,0,8.37,0,0,2.04,0
2021,8,28,18,0,0.0,0.0,0.0,0,6.69,0,0,2.04,0
2021,8,28,19,0,0.0,0.0,0.0,0,6.5,0,0,1.27,0
2021,8,28,20,0,0.0,0.0,0.0,0,6.45,0,0,0.14,0
2021,8,28,21,0,0.0,0.0,0.0,0,5.22,0,0,1.53,0
2021,8,28,22,0,0.0,0.0,0.0,0,3.15,0,0,3.07,0
2021,8,28,23,0,0.0,0.0,0.0,0,2.02,0,0,3.83,0
2021,8,29,0,0,0.0,0.0,0.0,0,1.71,0,0,3.7,0
2021,8,29,1,0,0.0,0.0,0.0,0,1.2,0,0,3.57,0
2021,8,29,2,0,0.0,0.0,0.0,0,0.66,0,0,3.65,0
2021,8,29,3,0,0.0,0.0,0.0,0,0.71,0,0,3.62,0
2021,8,29,4,0,0.0,0.0,0.0,0,1.57,0,0,2.79,0
2021,8,29,5,0,0.0,0.0,0.0,0,2.05,0,0,2.06,0
2021,8,29,6,0,19.17,11.38,8.85,0,1.57,0,0,2.6,0
2021,8,29,7,0,94.4,86.84,103.7,0,3.75,0,0,2.99,0
2021,8,29,8,0,96.24,159.21,219.5,0,6.6,0,0,2.25,0
2021,8,29,9,0,65.99,226.72,322.12,0,9.98,0,0,2.72,0
2021,8,29,10,0,12.77,347.63,418.58,0,12.02,0,0,4.1,0
2021,8,29,11,0,62.84,338.85,414.12,0,12.59,0,0,4.9,0
2021,8,29,12,0,43.75,129.0,160.6,0,12.43,0,0,5.61,0
2021,8,29,13,0,0.0,108.39,132.65,0,11.67,0,0,5.18,0
2021,8,29,14,0,273.35,195.07,313.38,0,11.32,0,0,4.37,0
2021,8,29,15,0,279.26,107.43,192.62,0,11.33,0,0,3.87,0
2021,8,29,16,0,135.67,57.65,94.3,0,10.66,0,0,3.15,0
2021,8,29,17,0,93.57,10.7,13.25,0,8.53,0,0,2.97,0
2021,8,29,18,0,0.0,0.0,0.0,0,6.54,0,0,3.27,0
2021,8,29,19,0,0.0,0.0,0.0,0,5.45,0,0,3.27,0
2021,8,29,20,0,0.0,0.0,0.0,0,4.61,0,0,3.14,0
2021,8,29,21,0,0.0,0.0,0.0,0,3.81,0,0,3.23,0
2021,8,29,22,0,0.0,0.0,0.0,0,3.12,0,0,3.33,0
2021,8,29,23,0,0.0,0.0,0.0,0,2.59,0,0,3.47,0
2021,8,30,0,0,0.0,0.0,0.0,0,2.3,0,0,3.33,0
2021,8,30,1,0,0.0,0.0,0.0,0,2.23,0,0,3.13,0
2021,8,30,2,0,0.0,0.0,0.0,0,2.46,0,0,2.97,0
2021,8,30,3,0,0.0,0.0,0.0,0,3.05,0,0,2.55,0
2021,8,30,4,0,0.0,0.0,0.0,0,3.28,0,0,1.81,0
2021,8,30,5,0,0.0,0.0,0.0,0,3.14,0,0,1.62,0
2021,8,30,6,0,43.66,14.12,13.12,0,3.16,0,0,1.18,0
2021,8,30,7,0,191.8,89.25,121.25,0,3.87,0,0,1.03,0
2021,8,30,8,0,132.73,188.46,261.52,0,5.88,0,0,1.28,0
2021,8,30,9,0,83.68,343.59,399.33,0,8.79,0,0,1.71,0
2021,8,30,10,0,128.07,366.78,509.92,0,10.99,0,0,2.13,0
2021,8,30,11,0,247.22,435.81,627.17,0,12.16,0,0,2.36,0
2021,8,30,12,0,344.87,470.14,612.9,0,12.98,0,0,2.67,0
2021,8,30,13,0,307.25,412.75,548.22,0,13.3,0,0,3.0,0
2021,8,30,14,0,78.94,334.11,410.2,0,13.21,0,0,3.28,0
2021,8,30,15,0,120.91,214.86,272.52,0,12.67,0,0,3.61,0
2021,8,30,16,0,120.0,108.37,134.88,0,11.36,0,0,3.18,0
2021,8,30,17,0,28.79,21.37,18.42,0,9.35,0,0,2.73,0
2021,8,30,18,0,0.0,0.0,0.0,0,7.72,0,0,3.09,0
2021,8,30,19,0,0.0,0.0,0.0,0,6.86,0,0,3.01,0
2021,8,30,20,0,0.0,0.0,0.0,0,6.46,0,0,2.42,0
2021,8,30,21,0,0.0,0.0,0.0,0,5.91,0,0,2.44,0
2021,8,30,22,0,0.0,0.0,0.0,0,5.59,0,0,2.38,0
2021,8,30,23,0,0.0,0.0,0.0,0,5.67,0,0,1.9,0
2021,8,31,0,0,0.0,0.0,0.0,0,5.4,0,0,1.83,0
2021,8,31,1,0,0.0,0.0,0.0,0,4.77,0,0,1.93,0
2021,8,31,2,0,0.0,0.0,0.0,0,4.26,0,0,2.02,0
2021,8,31,3,0,0.0,0.0,0.0,0,3.98,0,0,2.03,0
2021,8,31,4,0,0.0,0.0,0.0,0,3.91,0,0,1.9,0
2021,8,31,5,0,0.0,0.0,0.0,0,4.02,0,0,1.68,0
2021,8,31,6,0,83.12,11.24,16.8,0,4.21,0,0,1.38,0
2021,8,31,7,0,617.14,43.18,186.8,0,5.44,0,0,1.08,0
2021,8,31,8,0,795.2,64.08,396.73,0,8.12,0,0,0.88,0
2021,8,31,9,0,885.47,71.9,578.53,0,12.0,0,0,1.7,0
2021,8,31,10,0,936.37,73.59,709.62,0,14.03,0,0,2.24,0
2021,8,31,11,0,917.82,86.34,777.22,0,15.36,0,0,2.68,0
2021,8,31,12,0,913.16,93.84,779.22,0,16.24,0,0,3.18,0
2021,8,31,13,0,932.79,81.54,713.3,0,16.57,0,0,3.55,0
2021,8,31,14,0,860.59,84.2,583.33,0,16.43,0,0,3.73,0
2021,8,31,15,0,792.05,70.66,408.65,0,16.03,0,0,3.79,0
2021,8,31,16,0,591.54,51.05,203.0,0,14.95,0,0,3.19,0
2021,8,31,17,0,132.72,14.28,23.8,0,12.01,0,0,2.91,0
2021,8,31,18,0,0.0,0.0,0.0,0,9.54,0,0,3.35,0
2021,8,31,19,0,0.0,0.0,0.0,0,8.19,0,0,3.66,0
2021,8,31,20,0,0.0,0.0,0.0,0,7.23,0,0,3.89,0
2021,8,31,21,0,0.0,0.0,0.0,0,6.82,0,0,3.79,0
2021,8,31,22,0,0.0,0.0,0.0,0,6.72,0,0,3.51,0
2021,8,31,23,0,0.0,0.0,0.0,0,6.72,0,0,3.2,0
2021,9,1,0,0,0.0,0.0,0.0,0,6.6,0,0,2.97,0
2021,9,1,1,0,0.0,0.0,0.0,0,6.53,0,0,2.79,0
2021,9,1,2,0,0.0,0.0,0.0,0,6.68,0,0,2.54,0
2021,9,1,3,0,0.0,0.0,0.0,0,6.91,0,0,2.16,0
2021,9,1,4,0,0.0,0.0,0.0,0,7.27,0,0,1.6,0
2021,9,1,5,0,0.0,0.0,0.0,0,7.69,0,0,0.9,0
2021,9,1,6,0,102.92,12.18,16.58,0,7.94,0,0,0.32,0
2021,9,1,7,0,481.52,60.9,185.35,0,9.05,0,0,0.19,0
2021,9,1,8,0,832.77,57.95,393.12,0,11.2,0,0,0.42,0
2021,9,1,9,0,908.02,63.26,582.15,0,14.77,0,0,0.82,0
2021,9,1,10,0,942.27,66.01,712.05,0,17.66,0,0,1.76,0
2021,9,1,11,0,949.46,69.8,779.42,0,19.16,0,0,1.98,0
2021,9,1,12,0,948.31,70.25,781.1,0,20.08,0,0,1.77,0
2021,9,1,13,0,925.48,75.72,714.72,0,20.46,0,0,1.45,0
2021,9,1,14,0,903.33,66.34,590.03,0,20.38,0,0,1.25,0
2021,9,1,15,0,830.96,59.0,414.02,0,19.83,0,0,1.31,0
2021,9,1,16,0,625.65,45.12,206.65,0,18.46,0,0,1.61,0
2021,9,1,17,0,134.79,13.89,25.3,0,15.44,0,0,2.46,0
2021,9,1,18,0,0.0,0.0,0.0,0,12.48,0,0,3.79,0
2021,9,1,19,0,0.0,0.0,0.0,0,10.47,0,0,5.04,0
2021,9,1,20,0,0.0,0.0,0.0,0,10.31,0,0,4.8,0
2021,9,1,21,0,0.0,0.0,0.0,0,9.85,0,0,3.88,0
2021,9,1,22,0,0.0,0.0,0.0,0,9.01,0,0,3.87,0
2021,9,1,23,0,0.0,0.0,0.0,0,8.31,0,0,3.86,0
2021,9,2,0,0,0.0,0.0,0.0,0,7.7,0,0,3.9,0
2021,9,2,1,0,0.0,0.0,0.0,0,7.2,0,0,3.94,0
2021,9,2,2,0,0.0,0.0,0.0,0,6.81,0,0,3.99,0
2021,9,2,3,0,0.0,0.0,0.0,0,6.54,0,0,4.04,0
2021,9,2,4,0,0.0,0.0,0.0,0,6.38,0,0,4.1,0
2021,9,2,5,0,0.0,0.0,0.0,0,6.3,0,0,4.14,0
2021,9,2,6,0,108.12,12.45,19.65,0,6.59,0,0,4.13,0
2021,9,2,7,0,577.1,48.07,191.88,0,9.07,0,0,3.94,0
2021,9,2,8,0,748.05,72.84,398.05,0,11.93,0,0,4.27,0
2021,9,2,9,0,842.24,83.51,577.28,0,15.11,0,0,4.93,0
2021,9,2,10,0,903.56,78.43,703.8,0,17.71,0,0,5.32,0
2021,9,2,11,0,897.2,88.9,768.03,0,19.34,0,0,5.41,0
2021,9,2,12,0,905.16,88.47,767.35,0,20.24,0,0,5.21,0
2021,9,2,13,0,860.86,99.44,695.58,0,20.66,0,0,4.97,0
2021,9,2,14,0,811.76,90.27,570.62,0,20.68,0,0,4.76,0
2021,9,2,15,0,762.87,65.61,394.52,0,20.27,0,0,4.53,0
2021,9,2,16,0,551.72,50.51,194.43,0,19.23,0,0,3.8,0
2021,9,2,17,0,112.04,14.07,24.05,0,16.89,0,0,3.76,0
2021,9,2,18,0,0.0,0.0,0.0,0,15.28,0,0,4.25,0
2021,9,2,19,0,0.0,0.0,0.0,0,14.62,0,0,4.51,0
2021,9,2,20,0,0.0,0.0,0.0,0,14.45,0,0,4.49,0
2021,9,2,21,0,0.0,0.0,0.0,0,14.1,0,0,4.47,0
2021,9,2,22,0,0.0,0.0,0.0,0,13.65,0,0,4.42,0
2021,9,2,23,0,0.0,0.0,0.0,0,13.11,0,0,4.16,0
2021,9,3,0,0,0.0,0.0,0.0,0,12.5,0,0,3.96,0
2021,9,3,1,0,0.0,0.0,0.0,0,11.9,0,0,3.69,0
2021,9,3,2,0,0.0,0.0,0.0,0,11.25,0,0,3.73,0
2021,9,3,3,0,0.0,0.0,0.0,0,10.76,0,0,3.96,0
2021,9,3,4,0,0.0,0.0,0.0,0,10.57,0,0,4.05,0
2021,9,3,5,0,0.0,0.0,0.0,0,10.47,0,0,3.93,0
2021,9,3,6,0,93.86,13.59,19.38,0,10.39,0,0,3.44,0
2021,9,3,7,0,537.32,53.31,187.98,0,11.8,0,0,3.07,0
2021,9,3,8,0,748.29,73.26,393.33,0,13.75,0,0,4.14,0
2021,9,3,9,0,835.04,80.56,573.95,0,15.76,0,0,4.56,0
2021,9,3,10,0,826.09,121.16,687.1,0,17.49,0,0,4.91,0
2021,9,3,11,0,780.6,160.28,731.65,0,18.67,0,0,5.04,0
2021,9,3,12,0,783.76,152.55,707.6,0,19.32,0,0,5.04,0
2021,9,3,13,0,783.3,134.06,684.9,0,19.59,0,0,5.1,0
2021,9,3,14,0,758.31,83.35,546.05,0,19.55,0,0,5.14,0
2021,9,3,15,0,698.52,82.45,386.35,0,19.12,0,0,5.05,0
2021,9,3,16,0,542.22,57.92,194.3,0,18.18,0,0,4.58,0
2021,9,3,17,0,136.66,13.43,23.95,0,15.95,0,0,3.94,0
2021,9,3,18,0,0.0,0.0,0.0,0,14.12,0,0,3.53,0
2021,9,3,19,0,0.0,0.0,0.0,0,12.91,0,0,3.93,0
2021,9,3,20,0,0.0,0.0,0.0,0,12.4,0,0,4.75,0
2021,9,3,21,0,0.0,0.0,0.0,0,12.07,0,0,4.67,0
2021,9,3,22,0,0.0,0.0,0.0,0,11.67,0,0,4.87,0
2021,9,3,23,0,0.0,0.0,0.0,0,11.2,0,0,4.94,0
2021,9,4,0,0,0.0,0.0,0.0,0,10.72,0,0,5.04,0
2021,9,4,1,0,0.0,0.0,0.0,0,10.39,0,0,5.13,0
2021,9,4,2,0,0.0,0.0,0.0,0,10.15,0,0,5.03,0
2021,9,4,3,0,0.0,0.0,0.0,0,10.19,0,0,4.85,0
2021,9,4,4,0,0.0,0.0,0.0,0,10.12,0,0,4.23,0
2021,9,4,5,0,0.0,0.0,0.0,0,9.85,0,0,3.9,0
2021,9,4,6,0,0.0,5.59,5.55,0,9.84,0,0,4.48,0
2021,9,4,7,0,0.0,22.03,24.7,0,10.5,0,0,4.72,0
2021,9,4,8,0,0.0,39.25,47.88,0,11.01,0,0,4.76,0
2021,9,4,9,0,0.0,73.34,87.22,0,11.51,0,0,5.26,0
2021,9,4,10,0,0.0,104.86,128.35,0,11.87,0,0,5.67,0
2021,9,4,11,0,0.0,157.32,193.5,0,12.04,0,0,5.75,0
2021,9,4,12,0,64.14,88.02,128.9,0,12.3,0,0,5.73,0
2021,9,4,13,0,25.87,94.76,122.7,0,12.45,0,0,5.63,0
2021,9,4,14,0,0.0,55.22,65.68,0,12.36,0,0,5.4,0
2021,9,4,15,0,0.0,87.96,106.07,0,12.11,0,0,5.14,0
2021,9,4,16,0,0.0,46.0,51.88,0,11.81,0,0,4.93,0
2021,9,4,17,0,0.0,7.87,7.62,0,11.51,0,0,4.66,0
2021,9,4,18,0,0.0,0.0,0.0,0,11.22,0,0,4.17,0
2021,9,4,19,0,0.0,0.0,0.0,0,10.92,0,0,3.44,0
2021,9,4,20,0,0.0,0.0,0.0,0,10.42,0,0,3.08,0
2021,9,4,21,0,0.0,0.0,0.0,0,9.56,0,0,3.02,0
2021,9,4,22,0,0.0,0.0,0.0,0,8.71,0,0,2.94,0
2021,9,4,23,0,0.0,0.0,0.0,0,8.04,0,0,3.0,0
2021,9,5,0,0,0.0,0.0,0.0,0,7.46,0,0,3.03,0
2021,9,5,1,0,0.0,0.0,0.0,0,7.04,0,0,3.15,0
2021,9,5,2,0,0.0,0.0,0.0,0,6.73,0,0,3.44,0
2021,9,5,3,0,0.0,0.0,0.0,0,6.36,0,0,3.95,0
2021,9,5,4,0,0.0,0.0,0.0,0,5.84,0,0,4.28,0
2021,9,5,5,0,0.0,0.0,0.0,0,5.37,0,0,4.6,0
2021,9,5,6,0,19.66,11.83,13.3,0,4.89,0,0,5.01,0
2021,9,5,7,0,86.4,66.52,84.65,0,4.53,0,0,5.72,0
2021,9,5,8,0,65.07,127.07,183.45,0,4.47,0,0,6.11,0
2021,9,5,9,0,105.54,196.27,266.12,0,4.7,0,0,6.25,0
2021,9,5,10,0,50.61,264.33,336.65,0,5.16,0,0,6.29,0
2021,9,5,11,0,202.66,251.74,389.27,0,5.82,0,0,6.43,0
2021,9,5,12,0,182.92,274.81,405.1,0,6.4,0,0,6.56,0
2021,9,5,13,0,178.22,245.72,354.2,0,6.68,0,0,6.73,0
2021,9,5,14,0,90.67,198.38,262.0,0,6.44,0,0,6.74,0
2021,9,5,15,0,196.09,118.59,178.85,0,5.81,0,0,6.43,0
2021,9,5,16,0,195.2,65.67,89.0,0,4.98,0,0,5.88,0
2021,9,5,17,0,29.31,15.05,13.3,0,4.22,0,0,4.91,0
2021,9,5,18,0,0.0,0.0,0.0,0,4.12,0,0,4.67,0
2021,9,5,19,0,0.0,0.0,0.0,0,4.54,0,0,5.21,0
2021,9,5,20,0,0.0,0.0,0.0,0,4.62,0,0,5.66,0
2021,9,5,21,0,0.0,0.0,0.0,0,3.96,0,0,5.37,0
2021,9,5,22,0,0.0,0.0,0.0,0,3.37,0,0,4.97,0
2021,9,5,23,0,0.0,0.0,0.0,0,3.06,0,0,4.77,0
2021,9,6,0,0,0.0,0.0,0.0,0,2.96,0,0,4.86,0
2021,9,6,1,0,0.0,0.0,0.0,0,3.15,0,0,5.15,0
2021,9,6,2,0,0.0,0.0,0.0,0,3.12,0,0,5.43,0
2021,9,6,3,0,0.0,0.0,0.0,0,2.98,0,0,5.47,0
2021,9,6,4,0,0.0,0.0,0.0,0,2.99,0,0,5.42,0
2021,9,6,5,0,0.0,0.0,0.0,0,3.1,0,0,5.28,0
2021,9,6,6,0,99.82,24.21,20.02,0,3.15,0,0,4.89,0
2021,9,6,7,0,168.91,95.1,143.7,0,3.72,0,0,4.64,0
2021,9,6,8,0,275.59,201.97,280.5,0,4.3,0,0,4.98,0
2021,9,6,9,0,260.1,235.55,409.7,0,5.31,0,0,5.11,0
2021,9,6,10,0,599.29,201.24,624.62,0,6.77,0,0,5.21,0
2021,9,6,11,0,806.92,177.55,787.5,0,8.85,0,0,5.37,0
2021,9,6,12,0,832.39,171.23,799.2,0,10.48,0,0,5.62,0
2021,9,6,13,0,960.1,76.44,740.6,0,11.32,0,0,5.67,0
2021,9,6,14,0,931.46,63.81,614.33,0,11.58,0,0,5.39,0
2021,9,6,15,0,894.17,44.11,445.5,0,11.39,0,0,5.04,0
2021,9,6,16,0,766.95,31.38,235.3,0,10.66,0,0,4.43,0
2021,9,6,17,0,305.12,11.21,36.17,0,8.5,0,0,3.55,0
2021,9,6,18,0,0.0,0.0,0.0,0,6.28,0,0,3.14,0
2021,9,6,19,0,0.0,0.0,0.0,0,4.85,0,0,3.2,0
2021,9,6,20,0,0.0,0.0,0.0,0,3.82,0,0,3.16,0
2021,9,6,21,0,0.0,0.0,0.0,0,2.99,0,0,2.99,0
2021,9,6,22,0,0.0,0.0,0.0,0,2.29,0,0,2.87,0
2021,9,6,23,0,0.0,0.0,0.0,0,1.83,0,0,2.87,0
2021,9,7,0,0,0.0,0.0,0.0,0,1.64,0,0,2.6,0
2021,9,7,1,0,0.0,0.0,0.0,0,1.65,0,0,2.4,0
2021,9,7,2,0,0.0,0.0,0.0,0,1.99,0,0,2.83,0
2021,9,7,3,0,0.0,0.0,0.0,0,1.92,0,0,2.77,0
2021,9,7,4,0,0.0,0.0,0.0,0,1.8,0,0,2.9,0
2021,9,7,5,0,0.0,0.0,0.0,0,1.9,0,0,3.29,0
2021,9,7,6,0,249.86,13.8,34.88,0,2.03,0,0,3.33,0
2021,9,7,7,0,710.31,41.28,233.88,0,3.54,0,0,3.49,0
2021,9,7,8,0,895.58,46.67,447.45,0,6.19,0,0,4.91,0
2021,9,7,9,0,945.94,57.26,628.6,0,8.73,0,0,5.87,0
2021,9,7,10,0,939.27,76.64,751.05,0,10.41,0,0,6.26,0
2021,9,7,11,0,967.61,70.18,822.55,0,11.56,0,0,6.38,0
2021,9,7,12,0,991.66,64.9,822.17,0,12.44,0,0,6.58,0
2021,9,7,13,0,982.67,57.25,756.08,0,13.02,0,0,6.62,0
2021,9,7,14,0,896.55,77.36,619.5,0,13.14,0,0,6.46,0
2021,9,7,15,0,807.41,67.27,435.88,0,12.75,0,0,6.15,0
2021,9,7,16,0,637.49,48.04,225.52,0,11.76,0,0,5.57,0
2021,9,7,17,0,249.5,15.44,33.15,0,9.61,0,0,4.8,0
2021,9,7,18,0,0.0,0.0,0.0,0,7.74,0,0,4.3,0
2021,9,7,19,0,0.0,0.0,0.0,0,6.99,0,0,4.27,0
2021,9,7,20,0,0.0,0.0,0.0,0,6.71,0,0,4.48,0
2021,9,7,21,0,0.0,0.0,0.0,0,6.56,0,0,4.39,0
2021,9,7,22,0,0.0,0.0,0.0,0,5.93,0,0,3.8,0
2021,9,7,23,0,0.0,0.0,0.0,0,5.05,0,0,2.98,0
2021,9,8,0,0,0.0,0.0,0.0,0,4.27,0,0,2.77,0
2021,9,8,1,0,0.0,0.0,0.0,0,4.02,0,0,2.62,0
2021,9,8,2,0,0.0,0.0,0.0,0,4.09,0,0,2.06,0
2021,9,8,3,0,0.0,0.0,0.0,0,4.13,0,0,1.83,0
2021,9,8,4,0,0.0,0.0,0.0,0,4.26,0,0,1.24,0
2021,9,8,5,0,0.0,0.0,0.0,0,4.3,0,0,0.91,0
2021,9,8,6,0,231.89,17.48,30.33,0,4.29,0,0,0.62,0
2021,9,8,7,0,603.93,54.56,218.05,0,5.35,0,0,0.7,0
2021,9,8,8,0,720.36,92.33,426.92,0,7.81,0,0,0.84,0
2021,9,8,9,0,873.78,82.81,613.47,0,11.08,0,0,1.61,0
2021,9,8,10,0,954.25,68.45,754.78,0,13.63,0,0,1.89,0
2021,9,8,11,0,980.21,62.77,824.6,0,15.44,0,0,2.27,0
2021,9,8,12,0,980.02,63.0,824.65,0,16.74,0,0,2.7,0
2021,9,8,13,0,969.74,63.22,757.5,0,17.4,0,0,2.94,0
2021,9,8,14,0,943.58,58.83,628.42,0,17.41,0,0,2.99,0
2021,9,8,15,0,878.79,49.38,447.38,0,16.87,0,0,2.84,0
2021,9,8,16,0,724.27,38.6,233.73,0,15.6,0,0,2.48,0
2021,9,8,17,0,243.88,14.69,35.53,0,12.72,0,0,2.48,0
2021,9,8,18,0,0.0,0.0,0.0,0,9.76,0,0,3.14,0
2021,9,8,19,0,0.0,0.0,0.0,0,8.02,0,0,3.28,0
2021,9,8,20,0,0.0,0.0,0.0,0,6.93,0,0,3.11,0
2021,9,8,21,0,0.0,0.0,0.0,0,6.02,0,0,3.02,0
2021,9,8,22,0,0.0,0.0,0.0,0,5.21,0,0,3.09,0
2021,9,8,23,0,0.0,0.0,0.0,0,4.58,0,0,3.12,0
2021,9,9,0,0,0.0,0.0,0.0,0,4.07,0,0,2.98,0
2021,9,9,1,0,0.0,0.0,0.0,0,3.6,0,0,2.99,0
2021,9,9,2,0,0.0,0.0,0.0,0,3.19,0,0,3.13,0
2021,9,9,3,0,0.0,0.0,0.0,0,2.91,0,0,3.09,0
2021,9,9,4,0,0.0,0.0,0.0,0,2.74,0,0,2.92,0
2021,9,9,5,0,0.0,0.0,0.0,0,2.46,0,0,2.93,0
2021,9,9,6,0,218.17,14.69,30.85,0,2.36,0,0,3.02,0
2021,9,9,7,0,402.42,75.4,192.52,0,4.74,0,0,2.79,0
2021,9,9,8,0,614.73,126.99,368.58,0,8.5,0,0,2.84,0
2021,9,9,9,0,685.45,190.29,544.92,0,12.17,0,0,3.86,0
2021,9,9,10,0,691.31,175.92,748.0,0,14.66,0,0,4.48,0
2021,9,9,11,0,638.78,315.54,773.92,0,16.32,0,0,4.96,0
2021,9,9,12,0,771.79,185.49,811.17,0,17.31,0,0,5.28,0
2021,9,9,13,0,750.31,149.95,752.5,0,17.58,0,0,5.22,0
2021,9,9,14,0,681.09,238.23,586.0,0,17.24,0,0,5.05,0
2021,9,9,15,0,413.92,204.68,407.8,0,16.51,0,0,4.84,0
2021,9,9,16,0,269.9,127.3,208.75,0,15.26,0,0,4.43,0
2021,9,9,17,0,136.74,29.29,31.88,0,12.7,0,0,4.12,0
2021,9,9,18,0,0.0,0.0,0.0,0,10.6,0,0,3.89,0
2021,9,9,19,0,0.0,0.0,0.0,0,9.32,0,0,4.04,0
2021,9,9,20,0,0.0,0.0,0.0,0,8.52,0,0,4.14,0
2021,9,9,21,0,0.0,0.0,0.0,0,7.89,0,0,4.37,0
2021,9,9,22,0,0.0,0.0,0.0,0,7.41,0,0,4.65,0
2021,9,9,23,0,0.0,0.0,0.0,0,7.19,0,0,4.69,0
2021,9,10,0,0,0.0,0.0,0.0,0,7.32,0,0,5.34,0
2021,9,10,1,0,0.0,0.0,0.0,0,7.51,0,0,5.37,0
2021,9,10,2,0,0.0,0.0,0.0,0,7.35,0,0,5.0,0
2021,9,10,3,0,0.0,0.0,0.0,0,6.91,0,0,4.4,0
2021,9,10,4,0,0.0,0.0,0.0,0,6.46,0,0,4.74,0
2021,9,10,5,0,0.0,0.0,0.0,0,6.37,0,0,4.65,0
2021,9,10,6,0,295.38,15.99,44.0,0,6.38,0,0,4.37,0
2021,9,10,7,0,768.64,37.73,251.25,0,8.5,0,0,3.52,0
2021,9,10,8,0,882.31,48.63,464.5,0,11.33,0,0,3.12,0
2021,9,10,9,0,945.32,58.07,643.42,0,14.54,0,0,4.54,0
2021,9,10,10,0,971.45,63.5,770.25,0,16.97,0,0,5.39,0
2021,9,10,11,0,981.19,65.28,835.78,0,18.35,0,0,5.45,0
2021,9,10,12,0,982.26,64.6,835.08,0,19.02,0,0,5.42,0
2021,9,10,13,0,966.98,64.45,766.03,0,19.17,0,0,5.26,0
2021,9,10,14,0,958.66,53.51,637.22,0,18.88,0,0,5.06,0
2021,9,10,15,0,894.65,45.89,455.55,0,18.21,0,0,4.75,0
2021,9,10,16,0,748.24,36.7,241.48,0,16.96,0,0,3.89,0
2021,9,10,17,0,265.31,15.56,39.47,0,14.28,0,0,3.14,0
2021,9,10,18,0,0.0,0.0,0.0,0,12.09,0,0,2.73,0
2021,9,10,19,0,0.0,0.0,0.0,0,11.82,0,0,2.06,0
2021,9,10,20,0,0.0,0.0,0.0,0,11.57,0,0,1.6,0
2021,9,10,21,0,0.0,0.0,0.0,0,11.1,0,0,1.67,0
2021,9,10,22,0,0.0,0.0,0.0,0,9.87,0,0,2.22,0
2021,9,10,23,0,0.0,0.0,0.0,0,8.61,0,0,2.8,0
2021,9,11,0,0,0.0,0.0,0.0,0,7.62,0,0,3.27,0
2021,9,11,1,0,0.0,0.0,0.0,0,6.68,0,0,3.65,0
2021,9,11,2,0,0.0,0.0,0.0,0,5.73,0,0,4.04,0
2021,9,11,3,0,0.0,0.0,0.0,0,5.2,0,0,4.27,0
2021,9,11,4,0,0.0,0.0,0.0,0,4.61,0,0,4.6,0
2021,9,11,5,0,0.0,0.0,0.0,0,4.22,0,0,4.92,0
2021,9,11,6,0,199.24,18.28,36.68,0,4.62,0,0,4.76,0
2021,9,11,7,0,494.32,59.01,198.31,0,7.91,0,0,3.65,0
2021,9,11,8,0,603.39,99.09,377.55,0,11.54,0,0,2.49,0
2021,9,11,9,0,568.24,149.35,499.35,0,15.3,0,0,4.22,0
2021,9,11,10,0,1017.98,53.65,796.67,0,18.1,0,0,5.84,0
2021,9,11,11,0,1028.06,54.45,863.45,0,19.63,0,0,6.89,0
2021,9,11,12,0,1024.74,54.03,859.28,0,20.24,0,0,7.09,0
2021,9,11,13,0,1010.17,52.7,786.78,0,20.45,0,0,7.18,0
2021,9,11,14,0,960.89,54.44,648.75,0,20.34,0,0,7.16,0
2021,9,11,15,0,916.37,43.92,465.42,0,19.85,0,0,6.87,0
2021,9,11,16,0,774.37,34.94,248.18,0,18.78,0,0,6.22,0
2021,9,11,17,0,295.46,14.93,42.03,0,16.21,0,0,5.74,0
2021,9,11,18,0,0.0,0.0,0.0,0,14.24,0,0,5.78,0
2021,9,11,19,0,0.0,0.0,0.0,0,13.34,0,0,5.87,0
2021,9,11,20,0,0.0,0.0,0.0,0,12.66,0,0,6.1,0
2021,9,11,21,0,0.0,0.0,0.0,0,12.15,0,0,6.22,0
2021,9,11,22,0,0.0,0.0,0.0,0,11.68,0,0,6.34,0
2021,9,11,23,0,0.0,0.0,0.0,0,11.24,0,0,6.45,0
2021,9,12,0,0,0.0,0.0,0.0,0,10.82,0,0,6.46,0
2021,9,12,1,0,0.0,0.0,0.0,0,10.41,0,0,6.29,0
2021,9,12,2,0,0.0,0.0,0.0,0,9.87,0,0,5.89,0
2021,9,12,3,0,0.0,0.0,0.0,0,9.39,0,0,5.66,0
2021,9,12,4,0,0.0,0.0,0.0,0,8.91,0,0,5.27,0
2021,9,12,5,0,0.0,0.0,0.0,0,8.33,0,0,5.15,0
2021,9,12,6,0,237.12,21.87,47.05,0,7.85,0,0,4.07,0
2021,9,12,7,0,685.16,53.92,253.38,0,9.57,0,0,3.43,0
2021,9,12,8,0,842.89,66.65,466.67,0,12.16,0,0,3.69,0
2021,9,12,9,0,902.09,78.56,648.05,0,15.03,0,0,5.03,0
2021,9,12,10,0,924.79,86.36,772.4,0,17.09,0,0,6.52,0
2021,9,12,11,0,959.18,76.13,845.03,0,17.98,0,0,7.41,0
2021,9,12,12,0,954.22,80.91,837.78,0,18.15,0,0,7.69,0
2021,9,12,13,0,729.95,155.84,754.92,0,18.07,0,0,7.91,0
2021,9,12,14,0,823.88,97.48,620.38,0,17.67,0,0,8.18,0
2021,9,12,15,0,741.27,93.18,416.27,0,16.9,0,0,8.13,0
2021,9,12,16,0,550.34,80.19,207.0,0,15.63,0,0,7.7,0
2021,9,12,17,0,133.23,20.99,26.85,0,13.63,0,0,6.76,0
2021,9,12,18,0,0.0,0.0,0.0,0,11.4,0,0,6.18,0
2021,9,12,19,0,0.0,0.0,0.0,0,9.85,0,0,5.96,0
2021,9,12,20,0,0.0,0.0,0.0,0,8.63,0,0,5.72,0
2021,9,12,21,0,0.0,0.0,0.0,0,7.78,0,0,5.51,0
2021,9,12,22,0,0.0,0.0,0.0,0,7.18,0,0,5.12,0
2021,9,12,23,0,0.0,0.0,0.0,0,6.43,0,0,4.7,0
2021,9,13,0,0,0.0,0.0,0.0,0,5.9,0,0,4.32,0
2021,9,13,1,0,0.0,0.0,0.0,0,5.45,0,0,4.02,0
2021,9,13,2,0,0.0,0.0,0.0,0,4.93,0,0,3.72,0
2021,9,13,3,0,0.0,0.0,0.0,0,4.42,0,0,3.54,0
2021,9,13,4,0,0.0,0.0,0.0,0,4.07,0,0,3.14,0
2021,9,13,5,0,0.0,0.0,0.0,0,3.74,0,0,2.79,0
2021,9,13,6,0,289.62,16.85,46.22,0,3.71,0,0,2.31,0
2021,9,13,7,0,507.55,58.02,186.23,0,5.48,0,0,2.22,0
2021,9,13,8,0,450.94,114.04,317.5,0,7.34,0,0,2.5,0
2021,9,13,9,0,300.54,277.47,432.65,0,8.47,0,0,2.23,0
2021,9,13,10,0,487.21,159.8,458.0,0,9.38,0,0,2.16,0
2021,9,13,11,0,235.69,278.57,461.02,0,9.94,0,0,2.19,0
2021,9,13,12,0,174.83,242.34,399.45,0,10.51,0,0,2.29,0
2021,9,13,13,0,248.21,236.8,356.27,0,10.69,0,0,2.7,0
2021,9,13,14,0,111.52,204.42,264.75,0,10.21,0,0,3.25,0
2021,9,13,15,0,73.1,152.56,190.0,0,9.34,0,0,3.59,0
2021,9,13,16,0,33.2,85.82,99.15,0,8.27,0,0,3.62,0
2021,9,13,17,0,0.0,17.23,16.52,0,7.04,0,0,2.85,0
2021,9,13,18,0,0.0,0.0,0.0,0,5.96,0,0,2.5,0
2021,9,13,19,0,0.0,0.0,0.0,0,5.28,0,0,2.32,0
2021,9,13,20,0,0.0,0.0,0.0,0,4.79,0,0,2.4,0
2021,9,13,21,0,0.0,0.0,0.0,0,4.41,0,0,2.49,0
2021,9,13,22,0,0.0,0.0,0.0,0,4.13,0,0,2.44,0
2021,9,13,23,0,0.0,0.0,0.0,0,3.96,0,0,2.61,0
2021,9,14,0,0,0.0,0.0,0.0,0,3.85,0,0,2.45,0
2021,9,14,1,0,0.0,0.0,0.0,0,3.77,0,0,2.64,0
2021,9,14,2,0,0.0,0.0,0.0,0,3.64,0,0,2.79,0
2021,9,14,3,0,0.0,0.0,0.0,0,3.55,0,0,3.01,0
2021,9,14,4,0,0.0,0.0,0.0,0,3.32,0,0,3.24,0
2021,9,14,5,0,0.0,0.0,0.0,0,3.21,0,0,3.33,0
2021,9,14,6,0,196.91,24.28,44.33,0,3.31,0,0,3.29,0
2021,9,14,7,0,525.44,73.58,225.57,0,3.95,0,0,3.52,0
2021,9,14,8,0,539.6,131.38,410.77,0,5.61,0,0,3.99,0
2021,9,14,9,0,672.94,162.46,605.35,0,8.01,0,0,4.01,0
2021,9,14,10,0,589.77,245.13,730.03,0,10.15,0,0,3.86,0
2021,9,14,11,0,525.77,318.0,762.72,0,11.65,0,0,3.88,0
2021,9,14,12,0,440.51,342.85,697.55,0,12.63,0,0,4.06,0
2021,9,14,13,0,529.1,158.11,559.9,0,13.22,0,0,4.31,0
2021,9,14,14,0,339.57,331.77,494.45,0,13.31,0,0,4.55,0
2021,9,14,15,0,333.84,189.29,346.98,0,12.86,0,0,4.64,0
2021,9,14,16,0,414.26,91.63,192.0,0,11.94,0,0,4.46,0
2021,9,14,17,0,140.57,23.6,36.05,0,10.05,0,0,3.66,0
2021,9,14,18,0,0.0,0.0,0.0,0,7.69,0,0,3.18,0
2021,9,14,19,0,0.0,0.0,0.0,0,6.19,0,0,3.15,0
2021,9,14,20,0,0.0,0.0,0.0,0,5.1,0,0,3.11,0
2021,9,14,21,0,0.0,0.0,0.0,0,4.29,0,0,3.0,0
2021,9,14,22,0,0.0,0.0,0.0,0,3.6,0,0,2.87,0
2021,9,14,23,0,0.0,0.0,0.0,0,2.92,0,0,2.96,0
2021,9,15,0,0,0.0,0.0,0.0,0,2.35,0,0,3.02,0
2021,9,15,1,0,0.0,0.0,0.0,0,2.03,0,0,2.78,0
2021,9,15,2,0,0.0,0.0,0.0,0,1.65,0,0,2.65,0
2021,9,15,3,0,0.0,0.0,0.0,0,1.18,0,0,2.7,0
2021,9,15,4,0,0.0,0.0,0.0,0,0.83,0,0,2.64,0
2021,9,15,5,0,0.0,0.0,0.0,0,0.54,0,0,2.62,0
2021,9,15,6,0,361.91,19.68,62.28,0,0.66,0,0,2.64,0
2021,9,15,7,0,764.53,47.2,278.38,0,3.3,0,0,2.05,0
2021,9,15,8,0,876.37,59.12,490.8,0,7.08,0,0,1.8,0
2021,9,15,9,0,956.3,62.39,673.67,0,10.2,0,0,2.21,0
2021,9,15,10,0,978.23,80.95,789.55,0,12.12,0,0,2.16,0
2021,9,15,11,0,847.0,164.79,850.65,0,13.63,0,0,2.12,0
2021,9,15,12,0,730.97,243.3,837.65,0,14.78,0,0,2.17,0
2021,9,15,13,0,881.92,142.8,745.4,0,15.46,0,0,2.34,0
2021,9,15,14,0,858.92,99.21,610.3,0,15.62,0,0,2.55,0
2021,9,15,15,0,819.81,74.84,430.55,0,15.27,0,0,2.65,0
2021,9,15,16,0,767.04,48.02,227.8,0,14.37,0,0,2.67,0
2021,9,15,17,0,249.28,18.11,43.58,0,12.26,0,0,2.4,0
2021,9,15,18,0,0.0,0.0,0.0,0,9.42,0,0,2.79,0
2021,9,15,19,0,0.0,0.0,0.0,0,7.75,0,0,3.47,0
2021,9,15,20,0,0.0,0.0,0.0,0,6.92,0,0,3.73,0
2021,9,15,21,0,0.0,0.0,0.0,0,6.07,0,0,3.62,0
2021,9,15,22,0,0.0,0.0,0.0,0,5.37,0,0,3.23,0
2021,9,15,23,0,0.0,0.0,0.0,0,4.86,0,0,3.38,0
2021,9,16,0,0,0.0,0.0,0.0,0,4.54,0,0,2.89,0
2021,9,16,1,0,0.0,0.0,0.0,0,4.08,0,0,2.69,0
2021,9,16,2,0,0.0,0.0,0.0,0,3.66,0,0,2.55,0
2021,9,16,3,0,0.0,0.0,0.0,0,3.27,0,0,2.41,0
2021,9,16,4,0,0.0,0.0,0.0,0,2.88,0,0,2.47,0
2021,9,16,5,0,0.0,0.0,0.0,0,2.73,0,0,2.46,0
2021,9,16,6,0,382.61,20.76,66.18,0,3.21,0,0,2.43,0
2021,9,16,7,0,782.68,43.47,283.42,0,4.97,0,0,2.24,0
2021,9,16,8,0,886.86,57.45,498.35,0,8.02,0,0,1.62,0
2021,9,16,9,0,925.02,60.56,677.55,0,11.25,0,0,0.88,0
2021,9,16,10,0,607.95,287.54,745.2,0,13.29,0,0,0.76,0
2021,9,16,11,0,574.43,272.68,769.1,0,14.73,0,0,0.94,0
2021,9,16,12,0,582.49,276.55,703.1,0,15.77,0,0,1.23,0
2021,9,16,13,0,874.15,130.65,638.2,0,16.36,0,0,1.54,0
2021,9,16,14,0,753.33,170.06,582.4,0,16.48,0,0,1.74,0
2021,9,16,15,0,511.59,157.97,417.52,0,16.11,0,0,1.83,0
2021,9,16,16,0,682.23,61.32,227.9,0,15.24,0,0,1.74,0
2021,9,16,17,0,237.92,21.67,45.47,0,13.33,0,0,1.27,0
2021,9,16,18,0,0.0,0.0,0.0,0,10.99,0,0,1.0,0
2021,9,16,19,0,0.0,0.0,0.0,0,9.83,0,0,0.98,0
2021,9,16,20,0,0.0,0.0,0.0,0,9.34,0,0,1.91,0
2021,9,16,21,0,0.0,0.0,0.0,0,8.1,0,0,2.83,0
2021,9,16,22,0,0.0,0.0,0.0,0,6.37,0,0,3.43,0
2021,9,16,23,0,0.0,0.0,0.0,0,5.36,0,0,4.02,0
2021,9,17,0,0,0.0,0.0,0.0,0,5.36,0,0,3.15,0
2021,9,17,1,0,0.0,0.0,0.0,0,4.86,0,0,2.75,0
2021,9,17,2,0,0.0,0.0,0.0,0,4.52,0,0,2.73,0
2021,9,17,3,0,0.0,0.0,0.0,0,4.48,0,0,2.69,0
2021,9,17,4,0,0.0,0.0,0.0,0,4.56,0,0,2.66,0
2021,9,17,5,0,0.0,0.0,0.0,0,4.59,0,0,2.54,0
2021,9,17,6,0,381.07,20.89,68.32,0,4.95,0,0,2.5,0
2021,9,17,7,0,793.79,39.5,284.58,0,6.62,0,0,2.53,0
2021,9,17,8,0,908.81,48.63,500.25,0,9.65,0,0,2.55,0
2021,9,17,9,0,582.21,152.88,540.52,0,13.16,0,0,2.97,0
2021,9,17,10,0,994.94,54.43,810.7,0,15.63,0,0,3.2,0
2021,9,17,11,0,1005.31,56.94,871.92,0,17.07,0,0,3.38,0
2021,9,17,12,0,1000.43,57.73,865.88,0,18.02,0,0,3.49,0
2021,9,17,13,0,895.92,98.5,779.12,0,18.63,0,0,3.56,0
2021,9,17,14,0,913.12,66.13,646.75,0,18.83,0,0,3.67,0
2021,9,17,15,0,763.63,94.25,451.17,0,18.56,0,0,3.81,0
2021,9,17,16,0,528.12,105.31,226.18,0,17.75,0,0,3.72,0
2021,9,17,17,0,81.63,27.81,35.88,0,15.48,0,0,3.11,0
2021,9,17,18,0,0.0,0.0,0.0,0,13.09,0,0,3.73,0
2021,9,17,19,0,0.0,0.0,0.0,0,12.37,0,0,4.26,0
2021,9,17,20,0,0.0,0.0,0.0,0,12.07,0,0,4.29,0
2021,9,17,21,0,0.0,0.0,0.0,0,11.84,0,0,3.84,0
2021,9,17,22,0,0.0,0.0,0.0,0,11.46,0,0,3.42,0
2021,9,17,23,0,0.0,0.0,0.0,0,10.93,0,0,3.67,0
2021,9,18,0,0,0.0,0.0,0.0,0,10.88,0,0,4.36,0
2021,9,18,1,0,0.0,0.0,0.0,0,10.42,0,0,3.45,0
2021,9,18,2,0,0.0,0.0,0.0,0,9.87,0,0,2.35,0
2021,9,18,3,0,0.0,0.0,0.0,0,8.96,0,0,3.12,0
2021,9,18,4,0,0.0,0.0,0.0,0,8.81,0,0,4.34,0
2021,9,18,5,0,0.0,0.0,0.0,0,9.23,0,0,3.98,0
2021,9,18,6,0,23.06,34.23,37.78,0,9.42,0,0,3.04,0
2021,9,18,7,0,76.94,115.76,151.6,0,11.43,0,0,3.54,0
2021,9,18,8,0,38.14,223.24,276.62,0,13.69,0,0,5.7,0
2021,9,18,9,0,97.51,312.41,428.42,0,14.87,0,0,7.0,0
2021,9,18,10,0,7.62,307.15,358.08,0,15.5,0,0,6.7,0
2021,9,18,11,0,16.45,165.41,201.65,0,15.19,0,0,7.16,0
2021,9,18,12,0,51.45,74.24,112.35,0,14.51,0,0,6.3,0
2021,9,18,13,0,10.27,96.12,120.22,0,13.88,0,0,5.95,0
2021,9,18,14,0,45.88,240.48,309.15,0,13.36,0,0,5.79,0
2021,9,18,15,0,130.22,171.94,235.4,0,12.95,0,0,5.91,0
2021,9,18,16,0,130.4,88.11,136.35,0,12.05,0,0,5.5,0
2021,9,18,17,0,77.52,30.59,30.92,0,10.75,0,0,4.94,0
2021,9,18,18,0,0.0,0.0,0.0,0,9.0,0,0,4.73,0
2021,9,18,19,0,0.0,0.0,0.0,0,8.35,0,0,4.79,0
2021,9,18,20,0,0.0,0.0,0.0,0,7.74,0,0,4.73,0
2021,9,18,21,0,0.0,0.0,0.0,0,6.91,0,0,4.36,0
2021,9,18,22,0,0.0,0.0,0.0,0,5.89,0,0,3.81,0
2021,9,18,23,0,0.0,0.0,0.0,0,4.91,0,0,3.18,0
2021,9,19,0,0,0.0,0.0,0.0,0,4.12,0,0,3.06,0
2021,9,19,1,0,0.0,0.0,0.0,0,3.5,0,0,3.02,0
2021,9,19,2,0,0.0,0.0,0.0,0,2.94,0,0,2.98,0
2021,9,19,3,0,0.0,0.0,0.0,0,2.76,0,0,2.36,0
2021,9,19,4,0,0.0,0.0,0.0,0,2.82,0,0,1.69,0
2021,9,19,5,0,0.0,0.0,0.0,0,2.86,0,0,1.39,0
2021,9,19,6,0,436.9,21.05,81.6,0,3.05,0,0,1.44,0
2021,9,19,7,0,792.18,45.37,305.62,0,4.86,0,0,1.65,0
2021,9,19,8,0,915.32,55.53,521.15,0,8.32,0,0,3.22,0
2021,9,19,9,0,941.41,88.3,692.7,0,10.71,0,0,4.19,0
2021,9,19,10,0,933.03,122.39,824.85,0,12.45,0,0,4.75,0
2021,9,19,11,0,1011.84,73.51,891.28,0,13.7,0,0,5.25,0
2021,9,19,12,0,1011.81,65.78,888.05,0,14.43,0,0,5.7,0
2021,9,19,13,0,1022.97,54.14,818.05,0,14.73,0,0,6.07,0
2021,9,19,14,0,995.97,47.77,684.72,0,14.63,0,0,6.28,0
2021,9,19,15,0,957.69,40.0,498.1,0,14.12,0,0,6.15,0
2021,9,19,16,0,794.46,39.95,277.05,0,13.23,0,0,5.55,0
2021,9,19,17,0,383.39,16.8,57.72,0,11.36,0,0,4.62,0
2021,9,19,18,0,0.0,0.0,0.0,0,9.08,0,0,4.05,0
2021,9,19,19,0,0.0,0.0,0.0,0,7.77,0,0,3.84,0
2021,9,19,20,0,0.0,0.0,0.0,0,6.85,0,0,3.98,0
2021,9,19,21,0,0.0,0.0,0.0,0,6.24,0,0,4.26,0
2021,9,19,22,0,0.0,0.0,0.0,0,5.91,0,0,4.42,0
2021,9,19,23,0,0.0,0.0,0.0,0,5.82,0,0,4.48,0
2021,9,20,0,0,0.0,0.0,0.0,0,5.92,0,0,4.7,0
2021,9,20,1,0,0.0,0.0,0.0,0,5.79,0,0,4.58,0
2021,9,20,2,0,0.0,0.0,0.0,0,5.53,0,0,4.19,0
2021,9,20,3,0,0.0,0.0,0.0,0,4.99,0,0,3.94,0
2021,9,20,4,0,0.0,0.0,0.0,0,4.4,0,0,4.18,0
2021,9,20,5,0,0.0,0.0,0.0,0,4.05,0,0,4.2,0
2021,9,20,6,0,424.54,23.5,83.7,0,4.3,0,0,4.02,0
2021,9,20,7,0,817.75,41.33,307.08,0,7.03,0,0,3.44,0
2021,9,20,8,0,901.58,56.32,523.28,0,10.42,0,0,4.4,0
2021,9,20,9,0,968.68,58.43,702.62,0,13.76,0,0,7.17,0
2021,9,20,10,0,997.55,56.99,828.62,0,15.69,0,0,8.63,0
2021,9,20,11,0,1000.54,68.88,887.22,0,16.55,0,0,9.19,0
2021,9,20,12,0,921.74,95.97,870.9,0,17.07,0,0,9.51,0
2021,9,20,13,0,866.42,129.42,781.12,0,17.36,0,0,9.7,0
2021,9,20,14,0,509.9,135.77,424.77,0,17.27,0,0,9.73,0
2021,9,20,15,0,433.54,131.38,300.75,0,16.35,0,0,9.38,0
2021,9,20,16,0,139.43,121.72,163.38,0,13.89,0,0,8.46,0
2021,9,20,17,0,74.93,24.96,27.35,0,10.47,0,0,7.0,0
2021,9,20,18,0,0.0,0.0,0.0,0,8.37,0,0,5.81,0
2021,9,20,19,0,0.0,0.0,0.0,0,7.27,0,0,5.15,0
2021,9,20,20,0,0.0,0.0,0.0,0,6.09,0,0,4.32,0
2021,9,20,21,0,0.0,0.0,0.0,0,4.85,0,0,4.05,0
2021,9,20,22,0,0.0,0.0,0.0,0,3.99,0,0,4.58,0
2021,9,20,23,0,0.0,0.0,0.0,0,3.45,0,0,4.96,0
2021,9,21,0,0,0.0,0.0,0.0,0,3.0,0,0,5.31,0
2021,9,21,1,0,0.0,0.0,0.0,0,2.51,0,0,5.51,0
2021,9,21,2,0,0.0,0.0,0.0,0,2.33,0,0,5.74,0
2021,9,21,3,0,0.0,0.0,0.0,0,2.02,0,0,5.73,0
2021,9,21,4,0,0.0,0.0,0.0,0,1.6,0,0,5.62,0
2021,9,21,5,0,0.0,0.0,0.0,0,1.11,0,0,5.17,0
2021,9,21,6,0,159.13,35.11,52.0,0,1.03,0,0,5.21,0
2021,9,21,7,0,250.89,98.14,163.8,0,1.65,0,0,5.76,0
2021,9,21,8,0,191.43,201.34,279.45,0,2.88,0,0,5.95,0
2021,9,21,9,0,220.39,255.42,396.12,0,4.32,0,0,6.06,0
2021,9,21,10,0,192.62,341.16,540.97,0,5.61,0,0,6.27,0
2021,9,21,11,0,258.17,328.27,588.85,0,6.54,0,0,6.29,0
2021,9,21,12,0,322.57,332.55,645.67,0,7.31,0,0,6.11,0
2021,9,21,13,0,532.23,174.93,528.62,0,7.98,0,0,6.13,0
2021,9,21,14,0,367.43,260.09,496.23,0,8.42,0,0,6.17,0
2021,9,21,15,0,393.18,161.8,345.05,0,8.55,0,0,6.04,0
2021,9,21,16,0,248.21,103.05,189.95,0,8.35,0,0,5.64,0
2021,9,21,17,0,128.62,25.06,41.92,0,7.37,0,0,4.88,0
2021,9,21,18,0,0.0,0.0,0.0,0,5.54,0,0,4.41,0
2021,9,21,19,0,0.0,0.0,0.0,0,4.59,0,0,3.58,0
2021,9,21,20,0,0.0,0.0,0.0,0,3.71,0,0,3.31,0
2021,9,21,21,0,0.0,0.0,0.0,0,2.95,0,0,3.49,0
2021,9,21,22,0,0.0,0.0,0.0,0,2.3,0,0,3.67,0
2021,9,21,23,0,0.0,0.0,0.0,0,1.71,0,0,3.57,0
2021,9,22,0,0,0.0,0.0,0.0,0,1.14,0,0,3.41,0
2021,9,22,1,0,0.0,0.0,0.0,0,0.67,0,0,3.05,0
2021,9,22,2,0,0.0,0.0,0.0,0,0.42,0,0,2.7,0
2021,9,22,3,0,0.0,0.0,0.0,0,0.31,0,0,2.41,0
2021,9,22,4,0,0.0,0.0,0.0,0,0.41,0,0,2.59,0
2021,9,22,5,0,0.0,0.0,0.0,0,0.32,0,0,2.27,0
2021,9,22,6,0,443.95,23.43,92.3,0,0.67,0,0,2.02,0
2021,9,22,7,0,803.15,38.91,312.77,0,3.18,0,0,2.06,0
2021,9,22,8,0,913.11,50.71,526.72,0,6.88,0,0,3.14,0
2021,9,22,9,0,970.06,53.16,706.33,0,10.1,0,0,3.45,0
2021,9,22,10,0,996.86,53.17,831.17,0,12.22,0,0,3.02,0
2021,9,22,11,0,746.99,206.51,847.17,0,13.85,0,0,2.97,0
2021,9,22,12,0,673.34,240.31,815.83,0,15.01,0,0,3.26,0
2021,9,22,13,0,555.85,290.3,699.45,0,15.56,0,0,3.69,0
2021,9,22,14,0,828.07,121.68,524.4,0,15.41,0,0,4.07,0
2021,9,22,15,0,716.94,106.51,393.73,0,14.7,0,0,4.28,0
2021,9,22,16,0,474.7,62.64,227.7,0,13.52,0,0,4.25,0
2021,9,22,17,0,296.31,19.8,53.8,0,11.55,0,0,3.76,0
2021,9,22,18,0,0.0,0.0,0.0,0,9.03,0,0,3.13,0
2021,9,22,19,0,0.0,0.0,0.0,0,7.59,0,0,3.12,0
2021,9,22,20,0,0.0,0.0,0.0,0,6.58,0,0,3.11,0
2021,9,22,21,0,0.0,0.0,0.0,0,5.74,0,0,2.96,0
2021,9,22,22,0,0.0,0.0,0.0,0,4.99,0,0,2.95,0
2021,9,22,23,0,0.0,0.0,0.0,0,4.45,0,0,2.87,0
2021,9,23,0,0,0.0,0.0,0.0,0,4.04,0,0,2.86,0
2021,9,23,1,0,0.0,0.0,0.0,0,3.72,0,0,2.79,0
2021,9,23,2,0,0.0,0.0,0.0,0,3.62,0,0,2.67,0
2021,9,23,3,0,0.0,0.0,0.0,0,3.78,0,0,2.36,0
2021,9,23,4,0,0.0,0.0,0.0,0,4.05,0,0,2.29,0
2021,9,23,5,0,0.0,0.0,0.0,0,4.14,0,0,2.24,0
2021,9,23,6,0,384.23,25.99,86.45,0,4.62,0,0,2.04,0
2021,9,23,7,0,660.51,73.32,279.62,0,6.28,0,0,2.52,0
2021,9,23,8,0,624.1,125.42,477.9,0,9.51,0,0,3.34,0
2021,9,23,9,0,909.53,93.07,700.6,0,12.4,0,0,3.26,0
2021,9,23,10,0,953.45,83.49,836.12,0,14.76,0,0,3.28,0
2021,9,23,11,0,994.8,77.97,898.42,0,16.69,0,0,3.35,0
2021,9,23,12,0,965.12,98.7,886.0,0,18.06,0,0,3.56,0
2021,9,23,13,0,858.14,128.27,800.0,0,18.7,0,0,3.82,0
2021,9,23,14,0,886.79,89.81,666.92,0,18.63,0,0,4.03,0
2021,9,23,15,0,853.33,67.25,479.02,0,17.93,0,0,4.17,0
2021,9,23,16,0,682.29,57.47,265.42,0,16.73,0,0,4.17,0
2021,9,23,17,0,325.57,21.79,59.47,0,14.49,0,0,3.75,0
2021,9,23,18,0,0.0,0.0,0.0,0,11.68,0,0,3.54,0
2021,9,23,19,0,0.0,0.0,0.0,0,10.03,0,0,3.58,0
2021,9,23,20,0,0.0,0.0,0.0,0,8.84,0,0,3.46,0
2021,9,23,21,0,0.0,0.0,0.0,0,7.76,0,0,3.31,0
2021,9,23,22,0,0.0,0.0,0.0,0,6.95,0,0,3.38,0
2021,9,23,23,0,0.0,0.0,0.0,0,6.31,0,0,3.52,0
2021,9,24,0,0,0.0,0.0,0.0,0,5.72,0,0,3.77,0
2021,9,24,1,0,0.0,0.0,0.0,0,5.3,0,0,3.85,0
2021,9,24,2,0,0.0,0.0,0.0,0,4.9,0,0,3.94,0
2021,9,24,3,0,0.0,0.0,0.0,0,4.44,0,0,4.46,0
2021,9,24,4,0,0.0,0.0,0.0,0,4.6,0,0,4.45,0
2021,9,24,5,0,0.0,0.0,0.0,0,4.45,0,0,4.3,0
2021,9,24,6,0,323.07,35.88,91.4,0,4.95,0,0,4.27,0
2021,9,24,7,0,596.46,90.58,294.2,0,8.48,0,0,2.96,0
2021,9,24,8,0,793.13,95.51,504.08,0,12.26,0,0,4.37,0
2021,9,24,9,0,826.09,125.0,679.28,0,15.33,0,0,6.95,0
2021,9,24,10,0,708.03,117.64,747.1,0,16.62,0,0,7.12,0
2021,9,24,11,0,562.67,264.8,709.17,0,17.6,0,0,7.19,0
2021,9,24,12,0,407.21,322.78,715.83,0,18.33,0,0,7.39,0
2021,9,24,13,0,603.58,269.35,701.33,0,18.69,0,0,7.64,0
2021,9,24,14,0,664.37,247.15,620.95,0,18.69,0,0,7.78,0
2021,9,24,15,0,734.31,85.85,418.15,0,18.4,0,0,7.64,0
2021,9,24,16,0,641.13,59.64,244.45,0,17.75,0,0,7.02,0
2021,9,24,17,0,295.09,23.57,56.53,0,16.09,0,0,5.89,0
2021,9,24,18,0,0.0,0.0,0.0,0,13.96,0,0,5.39,0
2021,9,24,19,0,0.0,0.0,0.0,0,12.94,0,0,5.24,0
2021,9,24,20,0,0.0,0.0,0.0,0,12.16,0,0,5.26,0
2021,9,24,21,0,0.0,0.0,0.0,0,11.6,0,0,5.35,0
2021,9,24,22,0,0.0,0.0,0.0,0,11.11,0,0,5.45,0
2021,9,24,23,0,0.0,0.0,0.0,0,10.5,0,0,5.21,0
2021,9,25,0,0,0.0,0.0,0.0,0,9.56,0,0,4.81,0
2021,9,25,1,0,0.0,0.0,0.0,0,8.5,0,0,4.08,0
2021,9,25,2,0,0.0,0.0,0.0,0,7.51,0,0,3.16,0
2021,9,25,3,0,0.0,0.0,0.0,0,6.66,0,0,3.05,0
2021,9,25,4,0,0.0,0.0,0.0,0,5.9,0,0,3.22,0
2021,9,25,5,0,0.0,0.0,0.0,0,5.29,0,0,3.28,0
2021,9,25,6,0,462.88,25.46,109.82,0,5.44,0,0,3.12,0
2021,9,25,7,0,827.62,42.68,337.0,0,7.74,0,0,3.81,0
2021,9,25,8,0,931.23,57.28,558.28,0,9.64,0,0,4.65,0
2021,9,25,9,0,1005.29,54.18,740.45,0,11.23,0,0,5.0,0
2021,9,25,10,0,1015.23,58.24,869.65,0,12.54,0,0,5.16,0
2021,9,25,11,0,1025.75,61.09,929.72,0,13.57,0,0,5.19,0
2021,9,25,12,0,1011.49,73.16,918.58,0,14.27,0,0,5.14,0
2021,9,25,13,0,894.47,126.29,831.12,0,14.54,0,0,4.85,0
2021,9,25,14,0,902.75,111.73,693.3,0,14.37,0,0,4.51,0
2021,9,25,15,0,885.23,71.7,503.92,0,13.83,0,0,4.18,0
2021,9,25,16,0,718.52,60.86,283.55,0,12.85,0,0,3.83,0
2021,9,25,17,0,385.31,23.44,67.3,0,11.07,0,0,3.4,0
2021,9,25,18,0,0.0,0.0,0.0,0,8.5,0,0,3.01,0
2021,9,25,19,0,0.0,0.0,0.0,0,6.83,0,0,3.32,0
2021,9,25,20,0,0.0,0.0,0.0,0,5.67,0,0,3.26,0
2021,9,25,21,0,0.0,0.0,0.0,0,4.74,0,0,3.08,0
2021,9,25,22,0,0.0,0.0,0.0,0,3.87,0,0,3.15,0
2021,9,25,23,0,0.0,0.0,0.0,0,3.25,0,0,3.08,0
2021,9,26,0,0,0.0,0.0,0.0,0,2.76,0,0,3.0,0
2021,9,26,1,0,0.0,0.0,0.0,0,2.37,0,0,2.96,0
2021,9,26,2,0,0.0,0.0,0.0,0,2.32,0,0,3.06,0
2021,9,26,3,0,0.0,0.0,0.0,0,2.41,0,0,2.99,0
2021,9,26,4,0,0.0,0.0,0.0,0,2.57,0,0,3.18,0
2021,9,26,5,0,0.0,0.0,0.0,0,2.95,0,0,3.79,0
2021,9,26,6,0,93.52,51.32,72.1,0,3.8,0,0,4.16,0
2021,9,26,7,0,198.24,151.96,221.2,0,5.36,0,0,4.92,0
2021,9,26,8,0,261.83,246.68,385.27,0,7.19,0,0,5.11,0
2021,9,26,9,0,824.88,124.97,494.73,0,9.3,0,0,4.92,0
2021,9,26,10,0,511.45,333.21,723.4,0,11.14,0,0,4.66,0
2021,9,26,11,0,435.27,378.97,746.72,0,12.71,0,0,4.48,0
2021,9,26,12,0,351.24,343.06,699.7,0,13.92,0,0,4.41,0
2021,9,26,13,0,334.62,301.54,610.97,0,14.64,0,0,4.39,0
2021,9,26,14,0,321.14,285.26,454.75,0,14.81,0,0,4.42,0
2021,9,26,15,0,270.18,194.2,317.88,0,14.35,0,0,4.5,0
2021,9,26,16,0,353.84,82.47,174.1,0,13.35,0,0,4.62,0
2021,9,26,17,0,171.46,23.94,43.83,0,11.63,0,0,4.44,0
2021,9,26,18,0,0.0,0.0,0.0,0,9.19,0,0,4.34,0
2021,9,26,19,0,0.0,0.0,0.0,0,7.71,0,0,4.39,0
2021,9,26,20,0,0.0,0.0,0.0,0,6.44,0,0,4.75,0
2021,9,26,21,0,0.0,0.0,0.0,0,5.53,0,0,4.95,0
2021,9,26,22,0,0.0,0.0,0.0,0,5.0,0,0,5.11,0
2021,9,26,23,0,0.0,0.0,0.0,0,4.79,0,0,5.13,0
2021,9,27,0,0,0.0,0.0,0.0,0,4.78,0,0,5.14,0
2021,9,27,1,0,0.0,0.0,0.0,0,4.7,0,0,5.09,0
2021,9,27,2,0,0.0,0.0,0.0,0,4.51,0,0,4.99,0
2021,9,27,3,0,0.0,0.0,0.0,0,4.14,0,0,4.94,0
2021,9,27,4,0,0.0,0.0,0.0,0,3.81,0,0,4.5,0
2021,9,27,5,0,0.0,0.0,0.0,0,3.76,0,0,4.27,0
2021,9,27,6,0,353.22,39.42,112.78,0,4.37,0,0,4.02,0
2021,9,27,7,0,669.57,91.61,318.7,0,6.13,0,0,4.52,0
2021,9,27,8,0,662.79,121.97,518.17,0,8.83,0,0,4.62,0
2021,9,27,9,0,841.51,121.22,676.47,0,11.6,0,0,4.25,0
2021,9,27,10,0,814.66,111.47,740.42,0,13.66,0,0,3.91,0
2021,9,27,11,0,461.05,301.0,784.97,0,14.87,0,0,3.82,0
2021,9,27,12,0,302.59,385.91,673.72,0,16.04,0,0,3.88,0
2021,9,27,13,0,218.46,444.34,726.38,0,16.63,0,0,3.88,0
2021,9,27,14,0,420.31,297.02,576.05,0,16.72,0,0,3.8,0
2021,9,27,15,0,386.98,166.96,365.48,0,16.37,0,0,3.61,0
2021,9,27,16,0,214.63,116.73,199.05,0,15.49,0,0,3.26,0
2021,9,27,17,0,137.86,31.15,51.05,0,13.93,0,0,2.75,0
2021,9,27,18,0,0.0,0.0,0.0,0,12.05,0,0,3.02,0
2021,9,27,19,0,0.0,0.0,0.0,0,11.02,0,0,3.56,0
2021,9,27,20,0,0.0,0.0,0.0,0,10.36,0,0,4.16,0
2021,9,27,21,0,0.0,0.0,0.0,0,10.31,0,0,4.26,0
2021,9,27,22,0,0.0,0.0,0.0,0,10.26,0,0,4.0,0
2021,9,27,23,0,0.0,0.0,0.0,0,9.79,0,0,4.0,0
2021,9,28,0,0,0.0,0.0,0.0,0,8.94,0,0,3.7,0
2021,9,28,1,0,0.0,0.0,0.0,0,8.11,0,0,3.4,0
2021,9,28,2,0,0.0,0.0,0.0,0,7.46,0,0,3.52,0
2021,9,28,3,0,0.0,0.0,0.0,0,7.23,0,0,3.3,0
2021,9,28,4,0,0.0,0.0,0.0,0,7.24,0,0,3.16,0
2021,9,28,5,0,0.0,0.0,0.0,0,7.28,0,0,3.08,0
2021,9,28,6,0,278.7,43.31,88.12,0,7.77,0,0,2.97,0
2021,9,28,7,0,383.68,137.6,260.33,0,9.3,0,0,2.7,0
2021,9,28,8,0,432.78,189.94,450.65,0,11.44,0,0,3.12,0
2021,9,28,9,0,648.18,177.66,587.53,0,13.5,0,0,3.3,0
2021,9,28,10,0,364.11,361.67,666.17,0,15.04,0,0,3.32,0
2021,9,28,11,0,383.99,338.7,697.72,0,15.89,0,0,3.42,0
2021,9,28,12,0,373.48,342.84,664.6,0,16.07,0,0,3.54,0
2021,9,28,13,0,298.74,293.98,550.85,0,16.21,0,0,3.73,0
2021,9,28,14,0,146.4,312.81,448.25,0,16.05,0,0,3.92,0
2021,9,28,15,0,168.75,190.35,295.67,0,15.72,0,0,3.96,0
2021,9,28,16,0,98.85,108.77,145.8,0,15.09,0,0,3.78,0
2021,9,28,17,0,35.84,28.53,31.08,0,14.08,0,0,3.16,0
2021,9,28,18,0,0.0,0.0,0.0,0,12.39,0,0,2.85,0
2021,9,28,19,0,0.0,0.0,0.0,0,11.41,0,0,2.73,0
2021,9,28,20,0,0.0,0.0,0.0,0,10.62,0,0,2.93,0
2021,9,28,21,0,0.0,0.0,0.0,0,9.98,0,0,3.2,0
2021,9,28,22,0,0.0,0.0,0.0,0,9.5,0,0,3.32,0
2021,9,28,23,0,0.0,0.0,0.0,0,9.06,0,0,3.4,0
2021,9,29,0,0,0.0,0.0,0.0,0,8.77,0,0,3.55,0
2021,9,29,1,0,0.0,0.0,0.0,0,8.72,0,0,3.4,0
2021,9,29,2,0,0.0,0.0,0.0,0,8.71,0,0,3.34,0
2021,9,29,3,0,0.0,0.0,0.0,0,9.05,0,0,3.65,0
2021,9,29,4,0,0.0,0.0,0.0,0,9.15,0,0,3.36,0
2021,9,29,5,0,0.0,0.0,0.0,0,9.2,0,0,3.17,0
2021,9,29,6,0,16.14,30.82,34.3,0,9.4,0,0,3.21,0
2021,9,29,7,0,45.96,74.08,83.15,0,10.11,0,0,3.3,0
2021,9,29,8,0,19.13,112.96,130.32,0,10.96,0,0,4.12,0
2021,9,29,9,0,39.52,137.04,178.05,0,11.88,0,0,5.65,0
2021,9,29,10,0,1.73,124.45,149.55,0,12.05,0,0,6.45,0
2021,9,29,11,0,24.43,117.79,149.07,0,11.9,0,0,6.26,0
2021,9,29,12,0,41.83,141.94,193.05,0,12.37,0,0,5.79,0
2021,9,29,13,0,14.59,100.8,128.82,0,12.61,0,0,4.74,0
2021,9,29,14,0,93.48,81.03,131.43,0,12.75,0,0,4.03,0
2021,9,29,15,0,0.0,69.34,79.75,0,12.77,0,0,3.97,0
2021,9,29,16,0,0.0,53.14,61.38,0,12.51,0,0,4.84,0
2021,9,29,17,0,0.0,14.95,15.65,0,12.09,0,0,5.4,0
2021,9,29,18,0,0.0,0.0,0.0,0,12.0,0,0,5.2,0
2021,9,29,19,0,0.0,0.0,0.0,0,11.93,0,0,4.77,0
2021,9,29,20,0,0.0,0.0,0.0,0,11.79,0,0,4.7,0
2021,9,29,21,0,0.0,0.0,0.0,0,11.45,0,0,4.62,0
2021,9,29,22,0,0.0,0.0,0.0,0,10.95,0,0,4.38,0
2021,9,29,23,0,0.0,0.0,0.0,0,10.41,0,0,4.07,0
2021,9,30,0,0,0.0,0.0,0.0,0,10.24,0,0,4.42,0
2021,9,30,1,0,0.0,0.0,0.0,0,10.22,0,0,4.84,0
2021,9,30,2,0,0.0,0.0,0.0,0,10.19,0,0,4.96,0
2021,9,30,3,0,0.0,0.0,0.0,0,10.34,0,0,4.72,0
2021,9,30,4,0,0.0,0.0,0.0,0,10.46,0,0,4.96,0
2021,9,30,5,0,0.0,0.0,0.0,0,10.36,0,0,4.25,0
2021,9,30,6,0,98.42,32.62,46.6,0,10.75,0,0,3.35,0
2021,9,30,7,0,103.5,84.55,117.65,0,12.0,0,0,2.94,0
2021,9,30,8,0,212.64,103.88,179.07,0,13.28,0,0,2.99,0
2021,9,30,9,0,5.25,81.3,101.35,0,15.59,0,0,3.88,0
2021,9,30,10,0,34.39,108.51,154.7,0,17.25,0,0,4.27,0
2021,9,30,11,0,30.72,140.85,194.27,0,18.34,0,0,4.42,0
2021,9,30,12,0,45.89,255.7,343.83,0,19.06,0,0,4.57,0
2021,9,30,13,0,163.91,287.01,434.67,0,19.44,0,0,4.62,0
2021,9,30,14,0,267.76,259.72,416.1,0,19.39,0,0,4.59,0
2021,9,30,15,0,146.56,201.23,294.58,0,18.95,0,0,4.44,0
2021,9,30,16,0,170.92,104.08,144.98,0,18.07,0,0,3.99,0
2021,9,30,17,0,15.37,30.31,32.62,0,16.3,0,0,2.97,0
2021,9,30,18,0,0.0,0.0,0.0,0,13.91,0,0,3.45,0
2021,9,30,19,0,0.0,0.0,0.0,0,12.5,0,0,4.17,0
2021,9,30,20,0,0.0,0.0,0.0,0,11.84,0,0,4.33,0
2021,9,30,21,0,0.0,0.0,0.0,0,11.35,0,0,4.53,0
2021,9,30,22,0,0.0,0.0,0.0,0,11.12,0,0,4.62,0
2021,9,30,23,0,0.0,0.0,0.0,0,11.14,0,0,4.48,0
2021,10,1,0,0,0.0,0.0,0.0,0,11.02,0,0,4.34,0
2021,10,1,1,0,0.0,0.0,0.0,0,10.8,0,0,4.21,0
2021,10,1,2,0,0.0,0.0,0.0,0,10.52,0,0,4.2,0
2021,10,1,3,0,0.0,0.0,0.0,0,10.54,0,0,4.17,0
2021,10,1,4,0,0.0,0.0,0.0,0,10.48,0,0,3.82,0
2021,10,1,5,0,0.0,0.0,0.0,0,10.32,0,0,2.87,0
2021,10,1,6,0,205.78,45.95,88.9,0,10.23,0,0,2.78,0
2021,10,1,7,0,478.82,79.39,239.15,0,11.39,0,0,2.64,0
2021,10,1,8,0,465.87,162.62,459.77,0,12.73,0,0,2.97,0
2021,10,1,9,0,416.52,281.91,586.4,0,14.41,0,0,3.65,0
2021,10,1,10,0,620.21,218.86,697.38,0,16.15,0,0,4.04,0
2021,10,1,11,0,329.76,304.39,584.5,0,17.18,0,0,4.34,0
2021,10,1,12,0,128.33,352.62,493.3,0,17.28,0,0,4.57,0
2021,10,1,13,0,102.18,292.07,432.35,0,17.28,0,0,4.53,0
2021,10,1,14,0,109.54,195.98,301.23,0,16.92,0,0,4.19,0
2021,10,1,15,0,92.51,116.75,168.3,0,16.16,0,0,3.56,0
2021,10,1,16,0,84.81,79.25,101.6,0,15.17,0,0,2.95,0
2021,10,1,17,0,34.54,23.32,26.95,0,13.74,0,0,2.61,0
2021,10,1,18,0,0.0,0.0,0.0,0,11.7,0,0,2.96,0
2021,10,1,19,0,0.0,0.0,0.0,0,10.41,0,0,3.16,0
2021,10,1,20,0,0.0,0.0,0.0,0,9.68,0,0,2.95,0
2021,10,1,21,0,0.0,0.0,0.0,0,9.2,0,0,2.53,0
2021,10,1,22,0,0.0,0.0,0.0,0,8.92,0,0,1.97,0
2021,10,1,23,0,0.0,0.0,0.0,0,8.66,0,0,1.62,0
2021,10,2,0,0,0.0,0.0,0.0,0,8.33,0,0,1.52,0
2021,10,2,1,0,0.0,0.0,0.0,0,8.04,0,0,1.52,0
2021,10,2,2,0,0.0,0.0,0.0,0,7.9,0,0,1.85,0
2021,10,2,3,0,0.0,0.0,0.0,0,7.99,0,0,2.04,0
2021,10,2,4,0,0.0,0.0,0.0,0,7.98,0,0,2.13,0
2021,10,2,5,0,0.0,0.0,0.0,0,7.96,0,0,2.37,0
2021,10,2,6,0,253.04,40.6,74.1,0,8.16,0,0,2.63,0
2021,10,2,7,0,214.32,88.51,168.73,0,8.76,0,0,2.63,0
2021,10,2,8,0,109.33,225.22,280.58,0,9.69,0,0,3.17,0
2021,10,2,9,0,627.55,165.12,379.05,0,10.99,0,0,3.98,0
2021,10,2,10,0,319.65,332.44,524.65,0,12.18,0,0,3.99,0
2021,10,2,11,0,194.48,347.9,519.35,0,13.27,0,0,4.09,0
2021,10,2,12,0,240.86,344.65,558.88,0,14.24,0,0,4.41,0
2021,10,2,13,0,693.88,153.5,435.8,0,14.84,0,0,4.81,0
2021,10,2,14,0,181.06,262.07,412.95,0,14.8,0,0,5.05,0
2021,10,2,15,0,199.81,171.77,270.6,0,14.21,0,0,4.96,0
2021,10,2,16,0,243.24,79.98,130.48,0,13.26,0,0,4.64,0
2021,10,2,17,0,91.07,20.12,31.7,0,11.99,0,0,3.47,0
2021,10,2,18,0,0.0,0.0,0.0,0,10.68,0,0,2.8,0
2021,10,2,19,0,0.0,0.0,0.0,0,9.62,0,0,2.8,0
2021,10,2,20,0,0.0,0.0,0.0,0,9.06,0,0,2.6,0
2021,10,2,21,0,0.0,0.0,0.0,0,8.81,0,0,2.71,0
2021,10,2,22,0,0.0,0.0,0.0,0,8.77,0,0,2.98,0
2021,10,2,23,0,0.0,0.0,0.0,0,8.83,0,0,2.97,0
2021,10,3,0,0,0.0,0.0,0.0,0,8.79,0,0,3.05,0
2021,10,3,1,0,0.0,0.0,0.0,0,8.67,0,0,3.01,0
2021,10,3,2,0,0.0,0.0,0.0,0,8.45,0,0,2.84,0
2021,10,3,3,0,0.0,0.0,0.0,0,8.24,0,0,2.53,0
2021,10,3,4,0,0.0,0.0,0.0,0,8.08,0,0,2.09,0
2021,10,3,5,0,7.16,3.43,2.5,0,8.0,0,0,2.03,0
2021,10,3,6,0,86.28,62.64,64.07,0,8.25,0,0,2.14,0
2021,10,3,7,0,62.87,149.18,186.8,0,9.18,0,0,2.65,0
2021,10,3,8,0,174.7,205.92,316.45,0,11.41,0,0,4.08,0
2021,10,3,9,0,295.99,254.78,483.23,0,13.82,0,0,4.39,0
2021,10,3,10,0,312.34,429.1,709.38,0,15.53,0,0,4.47,0
2021,10,3,11,0,257.95,455.07,736.1,0,16.73,0,0,4.66,0
2021,10,3,12,0,293.08,392.49,715.1,0,17.35,0,0,4.93,0
2021,10,3,13,0,330.18,324.68,595.2,0,17.51,0,0,5.26,0
2021,10,3,14,0,354.92,267.16,490.17,0,17.21,0,0,5.21,0
2021,10,3,15,0,515.02,154.44,422.0,0,16.68,0,0,4.76,0
2021,10,3,16,0,384.06,95.76,201.23,0,16.17,0,0,4.22,0
2021,10,3,17,0,90.82,37.2,45.97,0,15.09,0,0,3.47,0
2021,10,3,18,0,0.0,0.0,0.0,0,13.03,0,0,3.02,0
2021,10,3,19,0,0.0,0.0,0.0,0,12.31,0,0,1.91,0
2021,10,3,20,0,0.0,0.0,0.0,0,11.17,0,0,1.88,0
2021,10,3,21,0,0.0,0.0,0.0,0,9.58,0,0,3.34,0
2021,10,3,22,0,0.0,0.0,0.0,0,9.46,0,0,4.09,0
2021,10,3,23,0,0.0,0.0,0.0,0,9.5,0,0,3.65,0
2021,10,4,0,0,0.0,0.0,0.0,0,9.16,0,0,3.92,0
2021,10,4,1,0,0.0,0.0,0.0,0,8.99,0,0,4.14,0
2021,10,4,2,0,0.0,0.0,0.0,0,8.84,0,0,4.3,0
2021,10,4,3,0,0.0,0.0,0.0,0,8.7,0,0,4.33,0
2021,10,4,4,0,0.0,0.0,0.0,0,8.54,0,0,4.24,0
2021,10,4,5,0,30.0,4.51,4.57,0,8.23,0,0,4.01,0
2021,10,4,6,0,348.8,37.84,92.62,0,8.84,0,0,3.62,0
2021,10,4,7,0,511.38,72.91,204.68,0,11.13,0,0,3.92,0
2021,10,4,8,0,521.77,100.46,287.08,0,12.97,0,0,4.86,0
2021,10,4,9,0,259.51,222.76,373.75,0,14.42,0,0,5.71,0
2021,10,4,10,0,254.76,325.22,520.72,0,15.23,0,0,6.26,0
2021,10,4,11,0,465.48,385.24,782.35,0,15.5,0,0,6.67,0
2021,10,4,12,0,814.85,159.59,906.03,0,15.94,0,0,6.99,0
2021,10,4,13,0,974.67,74.51,862.28,0,16.24,0,0,7.13,0
2021,10,4,14,0,842.55,133.77,702.65,0,16.14,0,0,7.13,0
2021,10,4,15,0,596.39,128.5,436.02,0,15.65,0,0,7.18,0
2021,10,4,16,0,578.18,90.65,241.15,0,14.78,0,0,7.13,0
2021,10,4,17,0,220.32,38.28,58.92,0,13.45,0,0,6.65,0
2021,10,4,18,0,0.0,0.0,0.0,0,11.44,0,0,5.95,0
2021,10,4,19,0,0.0,0.0,0.0,0,10.44,0,0,5.81,0
2021,10,4,20,0,0.0,0.0,0.0,0,9.69,0,0,5.87,0
2021,10,4,21,0,0.0,0.0,0.0,0,8.77,0,0,5.97,0
2021,10,4,22,0,0.0,0.0,0.0,0,7.9,0,0,5.86,0
2021,10,4,23,0,0.0,0.0,0.0,0,6.99,0,0,5.18,0
2021,10,5,0,0,0.0,0.0,0.0,0,6.2,0,0,4.94,0
2021,10,5,1,0,0.0,0.0,0.0,0,5.67,0,0,5.07,0
2021,10,5,2,0,0.0,0.0,0.0,0,5.41,0,0,5.29,0
2021,10,5,3,0,0.0,0.0,0.0,0,5.38,0,0,5.46,0
2021,10,5,4,0,0.0,0.0,0.0,0,5.2,0,0,5.33,0
2021,10,5,5,0,48.09,4.56,5.1,0,4.79,0,0,5.0,0
2021,10,5,6,0,293.2,45.53,85.62,0,5.19,0,0,4.8,0
2021,10,5,7,0,222.89,142.17,199.55,0,5.74,0,0,5.4,0
2021,10,5,8,0,198.14,227.71,325.35,0,6.56,0,0,6.39,0
2021,10,5,9,0,588.49,183.61,466.92,0,7.75,0,0,6.99,0
2021,10,5,10,0,527.44,320.39,775.2,0,9.21,0,0,7.39,0
2021,10,5,11,0,512.59,324.16,857.58,0,10.35,0,0,7.67,0
2021,10,5,12,0,545.44,409.72,849.08,0,11.21,0,0,8.01,0
2021,10,5,13,0,534.0,335.96,773.17,0,11.77,0,0,8.32,0
2021,10,5,14,0,597.03,260.99,641.38,0,11.93,0,0,8.36,0
2021,10,5,15,0,577.03,207.61,455.83,0,11.66,0,0,8.14,0
2021,10,5,16,0,464.32,118.57,258.25,0,11.04,0,0,7.62,0
2021,10,5,17,0,314.79,30.61,76.82,0,9.94,0,0,6.76,0
2021,10,5,18,0,0.0,0.0,0.0,0,7.94,0,0,5.84,0
2021,10,5,19,0,0.0,0.0,0.0,0,6.87,0,0,5.36,0
2021,10,5,20,0,0.0,0.0,0.0,0,6.15,0,0,5.11,0
2021,10,5,21,0,0.0,0.0,0.0,0,5.54,0,0,4.88,0
2021,10,5,22,0,0.0,0.0,0.0,0,4.94,0,0,4.47,0
2021,10,5,23,0,0.0,0.0,0.0,0,4.32,0,0,4.05,0
2021,10,6,0,0,0.0,0.0,0.0,0,3.85,0,0,3.82,0
2021,10,6,1,0,0.0,0.0,0.0,0,3.32,0,0,3.82,0
2021,10,6,2,0,0.0,0.0,0.0,0,2.94,0,0,3.5,0
2021,10,6,3,0,0.0,0.0,0.0,0,2.64,0,0,3.23,0
2021,10,6,4,0,0.0,0.0,0.0,0,2.41,0,0,3.15,0
2021,10,6,5,0,81.6,5.93,7.93,0,2.21,0,0,3.17,0
2021,10,6,6,0,647.48,33.55,165.62,0,3.34,0,0,2.87,0
2021,10,6,7,0,877.09,47.14,401.35,0,6.54,0,0,2.33,0
2021,10,6,8,0,955.92,57.51,621.75,0,10.36,0,0,3.72,0
2021,10,6,9,0,994.16,63.42,799.9,0,13.07,0,0,3.48,0
2021,10,6,10,0,1042.87,54.59,925.6,0,15.13,0,0,3.34,0
2021,10,6,11,0,1044.63,54.5,980.5,0,16.63,0,0,3.51,0
2021,10,6,12,0,1038.04,55.67,966.67,0,17.55,0,0,3.91,0
2021,10,6,13,0,1030.1,53.89,884.65,0,17.98,0,0,4.27,0
2021,10,6,14,0,998.03,53.95,740.33,0,17.99,0,0,4.36,0
2021,10,6,15,0,933.69,51.99,547.15,0,17.66,0,0,4.25,0
2021,10,6,16,0,833.61,38.84,321.33,0,16.9,0,0,4.03,0
2021,10,6,17,0,448.47,22.99,93.18,0,15.14,0,0,3.22,0
2021,10,6,18,0,0.0,0.0,0.0,0,11.84,0,0,3.37,0
2021,10,6,19,0,0.0,0.0,0.0,0,9.93,0,0,3.49,0
2021,10,6,20,0,0.0,0.0,0.0,0,8.61,0,0,3.84,0
2021,10,6,21,0,0.0,0.0,0.0,0,7.02,0,0,4.87,0
2021,10,6,22,0,0.0,0.0,0.0,0,6.88,0,0,5.41,0
2021,10,6,23,0,0.0,0.0,0.0,0,6.97,0,0,5.07,0
2021,10,7,0,0,0.0,0.0,0.0,0,7.05,0,0,4.75,0
2021,10,7,1,0,0.0,0.0,0.0,0,7.23,0,0,4.1,0
2021,10,7,2,0,0.0,0.0,0.0,0,7.33,0,0,3.54,0
2021,10,7,3,0,0.0,0.0,0.0,0,7.07,0,0,3.56,0
2021,10,7,4,0,0.0,0.0,0.0,0,6.56,0,0,4.04,0
2021,10,7,5,0,21.11,8.86,6.22,0,6.47,0,0,4.42,0
2021,10,7,6,0,171.56,86.25,132.07,0,8.18,0,0,4.69,0
2021,10,7,7,0,391.4,178.13,336.4,0,11.54,0,0,3.53,0
2021,10,7,8,0,650.58,134.47,551.05,0,14.78,0,0,5.22,0
2021,10,7,9,0,877.77,117.2,774.25,0,17.59,0,0,6.77,0
2021,10,7,10,0,671.5,232.5,871.17,0,19.06,0,0,6.86,0
2021,10,7,11,0,631.48,327.17,879.62,0,19.43,0,0,6.95,0
2021,10,7,12,0,606.94,284.47,887.45,0,19.47,0,0,6.6,0
2021,10,7,13,0,957.21,85.91,867.9,0,20.21,0,0,6.25,0
2021,10,7,14,0,912.33,88.3,726.03,0,20.33,0,0,6.27,0
2021,10,7,15,0,866.75,73.2,532.6,0,19.8,0,0,6.11,0
2021,10,7,16,0,745.63,53.5,310.88,0,18.83,0,0,5.77,0
2021,10,7,17,0,359.19,28.91,90.55,0,17.14,0,0,4.94,0
2021,10,7,18,0,0.0,0.0,0.0,0,14.53,0,0,3.95,0
2021,10,7,19,0,0.0,0.0,0.0,0,12.77,0,0,3.71,0
2021,10,7,20,0,0.0,0.0,0.0,0,11.31,0,0,3.2,0
2021,10,7,21,0,0.0,0.0,0.0,0,10.27,0,0,2.4,0
2021,10,7,22,0,0.0,0.0,0.0,0,9.25,0,0,2.07,0
2021,10,7,23,0,0.0,0.0,0.0,0,8.02,0,0,2.27,0
2021,10,8,0,0,0.0,0.0,0.0,0,7.04,0,0,2.47,0
2021,10,8,1,0,0.0,0.0,0.0,0,6.36,0,0,2.49,0
2021,10,8,2,0,0.0,0.0,0.0,0,5.87,0,0,2.45,0
2021,10,8,3,0,0.0,0.0,0.0,0,5.4,0,0,2.47,0
2021,10,8,4,0,0.0,0.0,0.0,0,4.85,0,0,2.64,0
2021,10,8,5,0,92.54,6.47,8.95,0,4.11,0,0,3.06,0
2021,10,8,6,0,613.65,41.39,161.02,0,4.62,0,0,3.51,0
2021,10,8,7,0,672.46,78.6,383.5,0,8.43,0,0,2.55,0
2021,10,8,8,0,837.45,92.68,599.65,0,12.61,0,0,2.17,0
2021,10,8,9,0,970.4,77.57,797.25,0,15.32,0,0,2.45,0
2021,10,8,10,0,1002.89,73.2,921.92,0,17.33,0,0,2.61,0
2021,10,8,11,0,997.12,77.83,973.42,0,18.96,0,0,2.77,0
2021,10,8,12,0,979.85,84.21,960.15,0,20.17,0,0,2.94,0
2021,10,8,13,0,957.09,94.93,875.83,0,20.88,0,0,3.13,0
2021,10,8,14,0,883.11,103.62,731.3,0,21.13,0,0,3.32,0
2021,10,8,15,0,855.56,79.25,540.45,0,20.87,0,0,3.39,0
2021,10,8,16,0,741.17,55.17,315.15,0,20.08,0,0,3.29,0
2021,10,8,17,0,348.95,31.01,90.6,0,18.04,0,0,2.69,0
2021,10,8,18,0,0.0,0.0,0.0,0,14.5,0,0,3.07,0
2021,10,8,19,0,0.0,0.0,0.0,0,12.61,0,0,3.18,0
2021,10,8,20,0,0.0,0.0,0.0,0,12.33,0,0,2.55,0
2021,10,8,21,0,0.0,0.0,0.0,0,12.6,0,0,1.55,0
2021,10,8,22,0,0.0,0.0,0.0,0,11.9,0,0,1.41,0
2021,10,8,23,0,0.0,0.0,0.0,0,10.57,0,0,2.2,0
2021,10,9,0,0,0.0,0.0,0.0,0,9.63,0,0,2.85,0
2021,10,9,1,0,0.0,0.0,0.0,0,8.83,0,0,3.27,0
2021,10,9,2,0,0.0,0.0,0.0,0,8.15,0,0,3.58,0
2021,10,9,3,0,0.0,0.0,0.0,0,7.61,0,0,3.78,0
2021,10,9,4,0,0.0,0.0,0.0,0,7.34,0,0,3.87,0
2021,10,9,5,0,73.53,7.9,10.25,0,6.99,0,0,4.01,0
2021,10,9,6,0,598.78,42.88,172.68,0,7.79,0,0,4.33,0
2021,10,9,7,0,824.13,64.84,405.02,0,12.01,0,0,3.47,0
2021,10,9,8,0,920.65,71.24,620.72,0,16.34,0,0,2.91,0
2021,10,9,9,0,980.82,71.25,797.85,0,19.9,0,0,4.32,0
2021,10,9,10,0,986.06,74.73,915.03,0,21.64,0,0,4.68,0
2021,10,9,11,0,857.78,141.81,957.03,0,22.73,0,0,4.93,0
2021,10,9,12,0,507.97,308.44,897.8,0,23.38,0,0,5.12,0
2021,10,9,13,0,768.94,137.14,738.6,0,23.74,0,0,5.28,0
2021,10,9,14,0,676.74,211.76,645.67,0,23.75,0,0,5.3,0
2021,10,9,15,0,298.65,266.61,421.1,0,23.41,0,0,5.15,0
2021,10,9,16,0,335.82,140.11,215.23,0,22.66,0,0,4.47,0
2021,10,9,17,0,160.44,59.95,64.05,0,21.04,0,0,3.54,0
2021,10,9,18,0,0.0,0.0,0.0,0,18.18,0,0,3.61,0
2021,10,9,19,0,0.0,0.0,0.0,0,16.16,0,0,3.93,0
2021,10,9,20,0,0.0,0.0,0.0,0,15.02,0,0,4.62,0
2021,10,9,21,0,0.0,0.0,0.0,0,14.77,0,0,4.9,0
2021,10,9,22,0,0.0,0.0,0.0,0,14.91,0,0,4.61,0
2021,10,9,23,0,0.0,0.0,0.0,0,14.99,0,0,4.54,0
2021,10,10,0,0,0.0,0.0,0.0,0,14.95,0,0,4.46,0
2021,10,10,1,0,0.0,0.0,0.0,0,14.84,0,0,4.44,0
2021,10,10,2,0,0.0,0.0,0.0,0,14.66,0,0,4.5,0
2021,10,10,3,0,0.0,0.0,0.0,0,14.28,0,0,4.8,0
2021,10,10,4,0,0.0,0.0,0.0,0,14.01,0,0,4.98,0
2021,10,10,5,0,35.91,10.55,9.0,0,14.63,0,0,5.71,0
2021,10,10,6,0,191.38,71.05,108.45,0,15.78,0,0,5.44,0
2021,10,10,7,0,192.29,172.88,250.88,0,17.17,0,0,4.54,0
2021,10,10,8,0,357.63,224.79,401.48,0,17.79,0,0,3.37,0
2021,10,10,9,0,344.85,253.15,612.62,0,18.28,0,0,4.7,0
2021,10,10,10,0,603.41,212.23,725.45,0,19.24,0,0,5.85,0
2021,10,10,11,0,575.72,295.3,472.12,0,19.98,0,0,6.53,0
2021,10,10,12,0,84.95,180.0,292.3,0,19.35,0,0,6.32,0
2021,10,10,13,0,90.48,123.4,188.73,0,19.05,0,0,5.91,0
2021,10,10,14,0,0.0,99.73,122.07,0,17.95,0,0,6.4,0
2021,10,10,15,0,0.0,75.81,85.65,0,16.39,0,0,5.34,0
2021,10,10,16,0,0.0,40.18,42.15,0,15.15,0,0,3.92,0
2021,10,10,17,0,0.0,12.04,12.88,0,14.17,0,0,2.83,0
2021,10,10,18,0,0.0,0.0,0.0,0,13.35,0,0,2.78,0
2021,10,10,19,0,0.0,0.0,0.0,0,12.84,0,0,2.76,0
2021,10,10,20,0,0.0,0.0,0.0,0,12.37,0,0,2.77,0
2021,10,10,21,0,0.0,0.0,0.0,0,12.02,0,0,2.9,0
2021,10,10,22,0,0.0,0.0,0.0,0,11.69,0,0,2.62,0
2021,10,10,23,0,0.0,0.0,0.0,0,11.24,0,0,2.47,0
2021,10,11,0,0,0.0,0.0,0.0,0,10.59,0,0,2.63,0
2021,10,11,1,0,0.0,0.0,0.0,0,9.98,0,0,2.27,0
2021,10,11,2,0,0.0,0.0,0.0,0,9.41,0,0,2.25,0
2021,10,11,3,0,0.0,0.0,0.0,0,8.88,0,0,2.22,0
2021,10,11,4,0,0.0,0.0,0.0,0,8.43,0,0,2.3,0
2021,10,11,5,0,0.0,6.49,6.0,0,7.94,0,0,2.56,0
2021,10,11,6,0,0.0,59.3,66.97,0,7.57,0,0,2.4,0
2021,10,11,7,0,0.0,125.41,141.38,0,7.49,0,0,2.62,0
2021,10,11,8,0,0.65,219.05,258.85,0,7.94,0,0,2.49,0
2021,10,11,9,0,25.27,329.06,409.67,0,8.9,0,0,1.71,0
2021,10,11,10,0,45.95,419.97,547.53,0,9.69,0,0,0.85,0
2021,10,11,11,0,61.31,274.82,367.67,0,10.27,0,0,1.01,0
2021,10,11,12,0,58.68,444.45,569.12,0,10.78,0,0,1.38,0
2021,10,11,13,0,74.28,341.42,433.88,0,11.12,0,0,1.33,0
2021,10,11,14,0,31.03,279.5,350.08,0,11.26,0,0,1.67,0
2021,10,11,15,0,28.15,156.41,188.1,0,11.1,0,0,2.19,0
2021,10,11,16,0,0.0,98.12,102.95,0,10.65,0,0,3.01,0
2021,10,11,17,0,0.0,20.62,22.05,0,9.98,0,0,3.61,0
2021,10,11,18,0,0.0,0.0,0.0,0,9.17,0,0,4.1,0
2021,10,11,19,0,0.0,0.0,0.0,0,8.41,0,0,4.47,0
2021,10,11,20,0,0.0,0.0,0.0,0,7.77,0,0,4.61,0
2021,10,11,21,0,0.0,0.0,0.0,0,7.41,0,0,4.46,0
2021,10,11,22,0,0.0,0.0,0.0,0,7.3,0,0,4.52,0
2021,10,11,23,0,0.0,0.0,0.0,0,7.2,0,0,4.62,0
2021,10,12,0,0,0.0,0.0,0.0,0,7.01,0,0,4.65,0
2021,10,12,1,0,0.0,0.0,0.0,0,6.77,0,0,4.56,0
2021,10,12,2,0,0.0,0.0,0.0,0,6.6,0,0,4.63,0
2021,10,12,3,0,0.0,0.0,0.0,0,6.47,0,0,4.76,0
2021,10,12,4,0,0.0,0.0,0.0,0,6.33,0,0,4.87,0
2021,10,12,5,0,0.0,5.06,4.68,0,6.23,0,0,5.05,0
2021,10,12,6,0,71.26,54.58,63.95,0,6.58,0,0,5.22,0
2021,10,12,7,0,84.27,108.0,143.98,0,7.29,0,0,5.24,0
2021,10,12,8,0,62.26,172.84,219.32,0,7.98,0,0,5.57,0
2021,10,12,9,0,67.91,243.56,312.88,0,8.72,0,0,5.76,0
2021,10,12,10,0,43.54,280.47,362.33,0,9.54,0,0,5.81,0
2021,10,12,11,0,102.17,387.12,537.5,0,10.57,0,0,5.65,0
2021,10,12,12,0,136.4,402.33,637.47,0,11.57,0,0,5.54,0
2021,10,12,13,0,279.77,320.47,585.0,0,12.25,0,0,5.28,0
2021,10,12,14,0,190.4,306.23,459.4,0,12.42,0,0,4.95,0
2021,10,12,15,0,84.19,173.65,225.02,0,12.01,0,0,4.69,0
2021,10,12,16,0,53.7,107.82,129.25,0,11.36,0,0,4.47,0
2021,10,12,17,0,30.36,32.53,38.85,0,10.49,0,0,4.08,0
2021,10,12,18,0,0.0,0.0,0.0,0,9.18,0,0,3.76,0
2021,10,12,19,0,0.0,0.0,0.0,0,8.22,0,0,3.97,0
2021,10,12,20,0,0.0,0.0,0.0,0,7.62,0,0,4.38,0
2021,10,12,21,0,0.0,0.0,0.0,0,7.44,0,0,4.68,0
2021,10,12,22,0,0.0,0.0,0.0,0,7.35,0,0,4.9,0
2021,10,12,23,0,0.0,0.0,0.0,0,7.23,0,0,5.06,0
2021,10,13,0,0,0.0,0.0,0.0,0,7.14,0,0,5.06,0
2021,10,13,1,0,0.0,0.0,0.0,0,7.13,0,0,5.11,0
2021,10,13,2,0,0.0,0.0,0.0,0,7.18,0,0,5.13,0
2021,10,13,3,0,0.0,0.0,0.0,0,7.19,0,0,5.14,0
2021,10,13,4,0,0.0,0.0,0.0,0,7.17,0,0,5.04,0
2021,10,13,5,0,31.91,8.87,9.32,0,7.19,0,0,4.96,0
2021,10,13,6,0,171.34,62.54,106.4,0,7.65,0,0,4.74,0
2021,10,13,7,0,344.53,94.87,227.57,0,8.5,0,0,4.82,0
2021,10,13,8,0,482.11,119.91,334.92,0,9.46,0,0,5.53,0
2021,10,13,9,0,348.92,251.88,425.88,0,10.4,0,0,5.82,0
2021,10,13,10,0,444.07,339.82,539.38,0,11.32,0,0,5.89,0
2021,10,13,11,0,83.55,420.19,559.78,0,11.87,0,0,5.59,0
2021,10,13,12,0,57.46,318.44,453.02,0,12.26,0,0,5.13,0
2021,10,13,13,0,134.34,371.55,480.4,0,12.66,0,0,4.81,0
2021,10,13,14,0,140.34,276.0,362.15,0,13.06,0,0,4.58,0
2021,10,13,15,0,20.57,223.87,266.62,0,13.32,0,0,4.24,0
2021,10,13,16,0,88.71,109.3,150.25,0,13.28,0,0,3.85,0
2021,10,13,17,0,110.14,33.1,47.85,0,12.72,0,0,3.65,0
2021,10,13,18,0,0.0,0.0,0.0,0,11.89,0,0,4.05,0
2021,10,13,19,0,0.0,0.0,0.0,0,11.48,0,0,4.37,0
2021,10,13,20,0,0.0,0.0,0.0,0,11.2,0,0,4.16,0
2021,10,13,21,0,0.0,0.0,0.0,0,11.06,0,0,4.16,0
2021,10,13,22,0,0.0,0.0,0.0,0,10.94,0,0,4.12,0
2021,10,13,23,0,0.0,0.0,0.0,0,10.64,0,0,3.69,0
2021,10,14,0,0,0.0,0.0,0.0,0,10.47,0,0,3.69,0
2021,10,14,1,0,0.0,0.0,0.0,0,10.27,0,0,3.46,0
2021,10,14,2,0,0.0,0.0,0.0,0,10.03,0,0,3.21,0
2021,10,14,3,0,0.0,0.0,0.0,0,9.8,0,0,3.01,0
2021,10,14,4,0,0.0,0.0,0.0,0,9.6,0,0,2.91,0
2021,10,14,5,0,34.91,7.18,7.75,0,9.45,0,0,2.97,0
2021,10,14,6,0,296.9,49.77,88.88,0,10.14,0,0,2.91,0
2021,10,14,7,0,317.43,95.35,199.85,0,11.58,0,0,3.8,0
2021,10,14,8,0,290.96,126.58,262.4,0,13.4,0,0,4.48,0
2021,10,14,9,0,94.98,230.32,350.8,0,15.16,0,0,5.63,0
2021,10,14,10,0,244.62,352.74,527.88,0,17.0,0,0,7.19,0
2021,10,14,11,0,232.55,335.63,588.03,0,18.79,0,0,8.5,0
2021,10,14,12,0,363.37,282.21,604.78,0,19.4,0,0,8.85,0
2021,10,14,13,0,500.69,234.29,637.38,0,19.29,0,0,8.43,0
2021,10,14,14,0,390.72,283.94,601.8,0,19.16,0,0,7.78,0
2021,10,14,15,0,596.06,86.89,390.08,0,18.93,0,0,6.99,0
2021,10,14,16,0,344.54,101.02,218.3,0,18.56,0,0,6.2,0
2021,10,14,17,0,238.03,34.79,65.8,0,17.34,0,0,5.65,0
2021,10,14,18,0,0.0,0.0,0.0,0,14.89,0,0,5.35,0
2021,10,14,19,0,0.0,0.0,0.0,0,13.05,0,0,4.73,0
2021,10,14,20,0,0.0,0.0,0.0,0,11.46,0,0,3.89,0
2021,10,14,21,0,0.0,0.0,0.0,0,10.23,0,0,3.5,0
2021,10,14,22,0,0.0,0.0,0.0,0,8.83,0,0,3.98,0
2021,10,14,23,0,0.0,0.0,0.0,0,7.94,0,0,4.41,0
2021,10,15,0,0,0.0,0.0,0.0,0,7.52,0,0,4.26,0
2021,10,15,1,0,0.0,0.0,0.0,0,7.02,0,0,3.9,0
2021,10,15,2,0,0.0,0.0,0.0,0,6.52,0,0,3.57,0
2021,10,15,3,0,0.0,0.0,0.0,0,6.13,0,0,2.98,0
2021,10,15,4,0,0.0,0.0,0.0,0,5.59,0,0,2.44,0
2021,10,15,5,0,3.0,10.35,9.85,0,5.61,0,0,1.36,0
2021,10,15,6,0,108.85,101.26,132.12,0,6.01,0,0,0.95,0
2021,10,15,7,0,205.2,234.17,298.8,0,7.22,0,0,2.36,0
2021,10,15,8,0,326.64,294.0,498.92,0,8.97,0,0,4.89,0
2021,10,15,9,0,162.2,358.2,495.3,0,9.86,0,0,5.98,0
2021,10,15,10,0,142.4,318.03,482.98,0,9.82,0,0,6.31,0
2021,10,15,11,0,339.4,307.72,668.22,0,9.68,0,0,6.81,0
2021,10,15,12,0,117.25,396.6,554.53,0,9.89,0,0,7.21,0
2021,10,15,13,0,62.76,367.67,480.52,0,10.17,0,0,7.01,0
2021,10,15,14,0,122.21,327.89,423.8,0,10.15,0,0,6.62,0
2021,10,15,15,0,117.12,198.61,281.73,0,9.69,0,0,6.22,0
2021,10,15,16,0,82.94,137.62,149.88,0,8.78,0,0,5.6,0
2021,10,15,17,0,16.47,41.3,44.6,0,7.64,0,0,4.52,0
2021,10,15,18,0,0.0,0.0,0.0,0,6.71,0,0,4.03,0
2021,10,15,19,0,0.0,0.0,0.0,0,6.27,0,0,4.43,0
2021,10,15,20,0,0.0,0.0,0.0,0,6.0,0,0,4.78,0
2021,10,15,21,0,0.0,0.0,0.0,0,5.78,0,0,4.97,0
2021,10,15,22,0,0.0,0.0,0.0,0,5.64,0,0,5.05,0
2021,10,15,23,0,0.0,0.0,0.0,0,5.57,0,0,5.18,0
2021,10,16,0,0,0.0,0.0,0.0,0,5.58,0,0,5.42,0
2021,10,16,1,0,0.0,0.0,0.0,0,5.64,0,0,5.81,0
2021,10,16,2,0,0.0,0.0,0.0,0,5.68,0,0,5.99,0
2021,10,16,3,0,0.0,0.0,0.0,0,5.57,0,0,6.29,0
2021,10,16,4,0,0.0,0.0,0.0,0,5.42,0,0,6.54,0
2021,10,16,5,0,24.11,9.76,8.02,0,5.32,0,0,6.65,0
2021,10,16,6,0,218.84,55.17,76.3,0,5.29,0,0,6.88,0
2021,10,16,7,0,453.22,99.07,158.05,0,5.36,0,0,6.79,0
2021,10,16,8,0,23.73,126.85,156.65,0,5.75,0,0,6.75,0
2021,10,16,9,0,103.66,183.38,268.0,0,6.39,0,0,6.56,0
2021,10,16,10,0,47.9,223.39,286.42,0,7.4,0,0,6.72,0
2021,10,16,11,0,45.64,239.06,328.0,0,9.24,0,0,7.33,0
2021,10,16,12,0,57.39,231.88,311.67,0,11.34,0,0,7.82,0
2021,10,16,13,0,48.68,314.04,398.42,0,12.51,0,0,8.0,0
2021,10,16,14,0,127.29,336.96,441.38,0,12.9,0,0,8.0,0
2021,10,16,15,0,298.86,235.03,377.2,0,12.68,0,0,7.73,0
2021,10,16,16,0,329.09,123.23,217.75,0,12.31,0,0,7.22,0
2021,10,16,17,0,248.55,34.61,82.6,0,11.63,0,0,6.2,0
2021,10,16,18,0,0.0,0.0,0.0,0,9.92,0,0,5.54,0
2021,10,16,19,0,0.0,0.0,0.0,0,8.91,0,0,5.4,0
2021,10,16,20,0,0.0,0.0,0.0,0,8.35,0,0,5.29,0
2021,10,16,21,0,0.0,0.0,0.0,0,7.89,0,0,5.01,0
2021,10,16,22,0,0.0,0.0,0.0,0,7.28,0,0,4.63,0
2021,10,16,23,0,0.0,0.0,0.0,0,6.67,0,0,4.26,0
2021,10,17,0,0,0.0,0.0,0.0,0,6.06,0,0,3.82,0
2021,10,17,1,0,0.0,0.0,0.0,0,5.46,0,0,3.28,0
2021,10,17,2,0,0.0,0.0,0.0,0,4.9,0,0,2.89,0
2021,10,17,3,0,0.0,0.0,0.0,0,4.14,0,0,2.78,0
2021,10,17,4,0,0.0,0.0,0.0,0,3.53,0,0,2.93,0
2021,10,17,5,0,124.73,12.21,21.38,0,3.26,0,0,2.7,0
2021,10,17,6,0,608.5,46.2,207.9,0,4.65,0,0,2.39,0
2021,10,17,7,0,834.29,63.59,440.92,0,7.45,0,0,3.12,0
2021,10,17,8,0,938.16,73.04,656.83,0,10.19,0,0,3.46,0
2021,10,17,9,0,948.11,100.95,831.1,0,12.42,0,0,3.07,0
2021,10,17,10,0,993.69,74.64,951.35,0,14.21,0,0,2.95,0
2021,10,17,11,0,1005.06,80.5,1007.92,0,15.52,0,0,3.18,0
2021,10,17,12,0,1017.84,83.88,992.15,0,16.56,0,0,3.42,0
2021,10,17,13,0,827.44,180.17,893.67,0,17.1,0,0,3.61,0
2021,10,17,14,0,939.85,89.11,737.38,0,17.19,0,0,3.68,0
2021,10,17,15,0,832.6,94.93,565.4,0,16.86,0,0,3.56,0
2021,10,17,16,0,755.54,73.82,342.52,0,16.09,0,0,3.27,0
2021,10,17,17,0,522.59,32.05,121.05,0,14.55,0,0,2.54,0
2021,10,17,18,0,0.0,0.0,0.0,0,11.63,0,0,2.5,0
2021,10,17,19,0,0.0,0.0,0.0,0,10.02,0,0,2.56,0
2021,10,17,20,0,0.0,0.0,0.0,0,9.88,0,0,1.9,0
2021,10,17,21,0,0.0,0.0,0.0,0,10.04,0,0,1.05,0
2021,10,17,22,0,0.0,0.0,0.0,0,9.96,0,0,0.16,0
2021,10,17,23,0,0.0,0.0,0.0,0,9.38,0,0,0.62,0
2021,10,18,0,0,0.0,0.0,0.0,0,8.82,0,0,0.97,0
2021,10,18,1,0,0.0,0.0,0.0,0,8.49,0,0,0.99,0
2021,10,18,2,0,0.0,0.0,0.0,0,8.25,0,0,1.03,0
2021,10,18,3,0,0.0,0.0,0.0,0,7.97,0,0,1.18,0
2021,10,18,4,0,0.0,0.0,0.0,0,7.63,0,0,1.48,0
2021,10,18,5,0,171.93,12.03,24.1,0,7.05,0,0,1.85,0
2021,10,18,6,0,669.36,44.14,217.02,0,7.47,0,0,2.18,0
2021,10,18,7,0,847.61,59.46,452.55,0,10.01,0,0,2.0,0
2021,10,18,8,0,949.76,62.83,670.72,0,13.32,0,0,2.58,0
2021,10,18,9,0,1006.49,62.31,847.47,0,15.69,0,0,3.04,0
2021,10,18,10,0,1026.92,64.45,968.33,0,17.29,0,0,3.19,0
2021,10,18,11,0,1000.85,86.39,1015.0,0,18.51,0,0,3.43,0
2021,10,18,12,0,991.91,97.78,997.85,0,19.38,0,0,3.7,0
2021,10,18,13,0,998.75,70.23,917.05,0,19.82,0,0,3.89,0
2021,10,18,14,0,883.94,118.57,762.95,0,19.83,0,0,3.89,0
2021,10,18,15,0,852.7,67.14,523.53,0,19.42,0,0,3.67,0
2021,10,18,16,0,642.21,95.73,316.95,0,18.58,0,0,3.3,0
2021,10,18,17,0,253.91,56.32,107.38,0,16.99,0,0,2.46,0
2021,10,18,18,0,0.0,0.0,0.0,0,14.26,0,0,2.51,0
2021,10,18,19,0,0.0,0.0,0.0,0,12.94,0,0,2.53,0
2021,10,18,20,0,0.0,0.0,0.0,0,12.67,0,0,2.02,0
2021,10,18,21,0,0.0,0.0,0.0,0,12.67,0,0,1.18,0
2021,10,18,22,0,0.0,0.0,0.0,0,12.22,0,0,1.2,0
2021,10,18,23,0,0.0,0.0,0.0,0,11.16,0,0,2.43,0
2021,10,19,0,0,0.0,0.0,0.0,0,9.96,0,0,3.57,0
2021,10,19,1,0,0.0,0.0,0.0,0,9.53,0,0,3.76,0
2021,10,19,2,0,0.0,0.0,0.0,0,9.16,0,0,3.19,0
2021,10,19,3,0,0.0,0.0,0.0,0,8.46,0,0,2.83,0
2021,10,19,4,0,0.0,0.0,0.0,0,7.98,0,0,2.63,0
2021,10,19,5,0,106.15,17.18,20.88,0,7.17,0,0,3.04,0
2021,10,19,6,0,473.29,75.06,198.45,0,8.07,0,0,3.17,0
2021,10,19,7,0,614.44,105.55,425.65,0,11.27,0,0,2.76,0
2021,10,19,8,0,883.95,95.33,657.58,0,14.06,0,0,3.43,0
2021,10,19,9,0,938.38,87.53,802.22,0,16.03,0,0,4.4,0
2021,10,19,10,0,818.12,206.24,919.92,0,17.15,0,0,5.13,0
2021,10,19,11,0,813.58,219.42,943.88,0,17.74,0,0,5.4,0
2021,10,19,12,0,569.23,317.77,920.53,0,18.34,0,0,5.49,0
2021,10,19,13,0,566.28,304.82,847.33,0,18.78,0,0,5.56,0
2021,10,19,14,0,876.55,94.22,661.08,0,18.63,0,0,5.64,0
2021,10,19,15,0,787.37,83.84,509.52,0,17.95,0,0,5.59,0
2021,10,19,16,0,665.35,79.36,314.58,0,16.89,0,0,5.36,0
2021,10,19,17,0,401.13,36.25,115.82,0,15.39,0,0,4.52,0
2021,10,19,18,0,0.0,0.0,0.0,0,12.57,0,0,3.53,0
2021,10,19,19,0,0.0,0.0,0.0,0,10.57,0,0,3.29,0
2021,10,19,20,0,0.0,0.0,0.0,0,9.08,0,0,3.14,0
2021,10,19,21,0,0.0,0.0,0.0,0,7.94,0,0,3.21,0
2021,10,19,22,0,0.0,0.0,0.0,0,7.01,0,0,3.38,0
2021,10,19,23,0,0.0,0.0,0.0,0,6.35,0,0,3.47,0
2021,10,20,0,0,0.0,0.0,0.0,0,5.78,0,0,3.17,0
2021,10,20,1,0,0.0,0.0,0.0,0,5.18,0,0,2.95,0
2021,10,20,2,0,0.0,0.0,0.0,0,4.63,0,0,2.79,0
2021,10,20,3,0,0.0,0.0,0.0,0,4.27,0,0,2.49,0
2021,10,20,4,0,0.0,0.0,0.0,0,3.91,0,0,2.49,0
2021,10,20,5,0,121.47,17.29,21.38,0,3.66,0,0,2.58,0
2021,10,20,6,0,542.83,51.16,172.12,0,5.21,0,0,2.63,0
2021,10,20,7,0,535.18,103.22,348.17,0,7.91,0,0,3.29,0
2021,10,20,8,0,665.35,121.7,504.02,0,10.74,0,0,4.98,0
2021,10,20,9,0,371.63,336.97,650.0,0,12.99,0,0,4.95,0
2021,10,20,10,0,480.72,344.01,816.45,0,14.7,0,0,4.54,0
2021,10,20,11,0,397.33,422.02,841.88,0,16.12,0,0,4.6,0
2021,10,20,12,0,431.37,301.89,841.97,0,17.21,0,0,4.72,0
2021,10,20,13,0,451.26,345.26,799.97,0,17.95,0,0,4.87,0
2021,10,20,14,0,631.17,215.29,694.08,0,18.23,0,0,4.73,0
2021,10,20,15,0,684.38,116.97,489.1,0,18.02,0,0,4.63,0
2021,10,20,16,0,590.45,84.47,301.15,0,17.36,0,0,4.58,0
2021,10,20,17,0,325.21,42.56,111.32,0,16.09,0,0,4.14,0
2021,10,20,18,0,0.0,0.0,0.0,0,13.56,0,0,3.75,0
2021,10,20,19,0,0.0,0.0,0.0,0,11.83,0,0,3.38,0
2021,10,20,20,0,0.0,0.0,0.0,0,10.75,0,0,3.21,0
2021,10,20,21,0,0.0,0.0,0.0,0,9.93,0,0,3.05,0
2021,10,20,22,0,0.0,0.0,0.0,0,9.24,0,0,2.88,0
2021,10,20,23,0,0.0,0.0,0.0,0,8.67,0,0,2.77,0
2021,10,21,0,0,0.0,0.0,0.0,0,8.32,0,0,2.56,0
2021,10,21,1,0,0.0,0.0,0.0,0,8.27,0,0,2.44,0
2021,10,21,2,0,0.0,0.0,0.0,0,8.43,0,0,2.38,0
2021,10,21,3,0,0.0,0.0,0.0,0,8.47,0,0,2.43,0
2021,10,21,4,0,0.0,0.0,0.0,0,8.38,0,0,2.28,0
2021,10,21,5,0,91.71,17.3,24.92,0,8.28,0,0,2.23,0
2021,10,21,6,0,519.25,69.11,211.65,0,8.8,0,0,2.51,0
2021,10,21,7,0,732.39,90.28,441.52,0,10.53,0,0,3.03,0
2021,10,21,8,0,806.6,135.58,648.45,0,13.24,0,0,2.99,0
2021,10,21,9,0,620.36,191.1,760.92,0,15.85,0,0,2.88,0
2021,10,21,10,0,581.15,341.32,894.45,0,17.8,0,0,2.99,0
2021,10,21,11,0,93.68,563.02,776.75,0,19.28,0,0,2.99,0
2021,10,21,12,0,280.29,520.86,707.7,0,20.39,0,0,2.72,0
2021,10,21,13,0,238.85,420.97,662.92,0,21.04,0,0,2.33,0
2021,10,21,14,0,158.76,393.23,544.12,0,21.04,0,0,1.99,0
2021,10,21,15,0,223.46,322.6,440.75,0,20.34,0,0,1.76,0
2021,10,21,16,0,140.7,166.03,252.55,0,19.28,0,0,1.54,0
2021,10,21,17,0,64.01,71.49,91.75,0,17.85,0,0,1.35,0
2021,10,21,18,0,0.0,0.0,0.0,0,16.57,0,0,1.36,0
2021,10,21,19,0,0.0,0.0,0.0,0,15.94,0,0,1.57,0
2021,10,21,20,0,0.0,0.0,0.0,0,15.25,0,0,1.99,0
2021,10,21,21,0,0.0,0.0,0.0,0,14.0,0,0,2.77,0
2021,10,21,22,0,0.0,0.0,0.0,0,13.16,0,0,3.45,0
2021,10,21,23,0,0.0,0.0,0.0,0,12.7,0,0,3.31,0
2021,10,22,0,0,0.0,0.0,0.0,0,12.04,0,0,2.89,0
2021,10,22,1,0,0.0,0.0,0.0,0,11.24,0,0,2.57,0
2021,10,22,2,0,0.0,0.0,0.0,0,10.57,0,0,2.5,0
2021,10,22,3,0,0.0,0.0,0.0,0,10.05,0,0,2.55,0
2021,10,22,4,0,0.0,0.0,0.0,0,9.82,0,0,2.48,0
2021,10,22,5,0,104.46,17.47,25.73,0,9.71,0,0,2.32,0
2021,10,22,6,0,534.12,60.88,212.35,0,10.84,0,0,2.28,0
2021,10,22,7,0,794.78,69.53,442.88,0,13.22,0,0,2.18,0
2021,10,22,8,0,865.4,85.48,656.4,0,16.56,0,0,1.85,0
2021,10,22,9,0,719.81,176.91,801.65,0,18.82,0,0,1.64,0
2021,10,22,10,0,692.47,256.76,893.6,0,20.34,0,0,1.5,0
2021,10,22,11,0,490.88,418.13,900.47,0,21.54,0,0,1.41,0
2021,10,22,12,0,522.77,387.25,896.4,0,22.48,0,0,1.37,0
2021,10,22,13,0,838.89,249.78,855.85,0,23.02,0,0,1.37,0
2021,10,22,14,0,604.88,188.88,646.45,0,23.2,0,0,1.4,0
2021,10,22,15,0,594.6,130.96,507.75,0,22.9,0,0,1.44,0
2021,10,22,16,0,599.03,78.35,312.77,0,22.3,0,0,1.44,0
2021,10,22,17,0,403.76,40.96,123.0,0,21.1,0,0,1.22,0
2021,10,22,18,0,0.0,0.0,0.0,0,19.14,0,0,1.13,0
2021,10,22,19,0,0.0,0.0,0.0,0,17.78,0,0,1.52,0
2021,10,22,20,0,0.0,0.0,0.0,0,16.0,0,0,2.43,0
2021,10,22,21,0,0.0,0.0,0.0,0,13.88,0,0,3.54,0
2021,10,22,22,0,0.0,0.0,0.0,0,12.33,0,0,4.49,0
2021,10,22,23,0,0.0,0.0,0.0,0,12.07,0,0,4.4,0
2021,10,23,0,0,0.0,0.0,0.0,0,11.92,0,0,3.42,0
2021,10,23,1,0,0.0,0.0,0.0,0,11.21,0,0,3.17,0
2021,10,23,2,0,0.0,0.0,0.0,0,10.66,0,0,3.19,0
2021,10,23,3,0,0.0,0.0,0.0,0,10.31,0,0,3.18,0
2021,10,23,4,0,0.0,0.0,0.0,0,10.11,0,0,3.23,0
2021,10,23,5,0,143.28,17.89,29.98,0,10.04,0,0,3.36,0
2021,10,23,6,0,549.59,69.83,217.23,0,11.81,0,0,3.19,0
2021,10,23,7,0,647.95,115.18,438.58,0,15.17,0,0,2.37,0
2021,10,23,8,0,724.73,155.23,642.47,0,19.22,0,0,3.76,0
2021,10,23,9,0,906.48,131.12,835.35,0,21.92,0,0,3.81,0
2021,10,23,10,0,771.25,208.52,926.55,0,23.49,0,0,3.77,0
2021,10,23,11,0,727.75,250.84,923.28,0,24.67,0,0,3.8,0
2021,10,23,12,0,563.36,331.19,897.2,0,25.7,0,0,3.97,0
2021,10,23,13,0,968.77,106.17,856.67,0,26.29,0,0,4.12,0
2021,10,23,14,0,522.9,232.28,644.67,0,26.49,0,0,4.2,0
2021,10,23,15,0,632.34,145.35,480.58,0,25.91,0,0,4.13,0
2021,10,23,16,0,329.4,172.62,275.25,0,24.39,0,0,3.55,0
2021,10,23,17,0,229.97,64.42,104.22,0,22.2,0,0,3.18,0
2021,10,23,18,0,0.0,0.0,0.0,0,19.92,0,0,2.88,0
2021,10,23,19,0,0.0,0.0,0.0,0,17.82,0,0,3.76,0
2021,10,23,20,0,0.0,0.0,0.0,0,15.78,0,0,4.95,0
2021,10,23,21,0,0.0,0.0,0.0,0,14.2,0,0,4.38,0
2021,10,23,22,0,0.0,0.0,0.0,0,13.17,0,0,3.92,0
2021,10,23,23,0,0.0,0.0,0.0,0,12.48,0,0,3.98,0
2021,10,24,0,0,0.0,0.0,0.0,0,11.62,0,0,4.04,0
2021,10,24,1,0,0.0,0.0,0.0,0,10.82,0,0,3.84,0
2021,10,24,2,0,0.0,0.0,0.0,0,10.14,0,0,3.74,0
2021,10,24,3,0,0.0,0.0,0.0,0,9.52,0,0,3.57,0
2021,10,24,4,0,0.0,0.0,0.0,0,8.91,0,0,3.29,0
2021,10,24,5,0,122.14,19.36,31.9,0,8.24,0,0,3.16,0
2021,10,24,6,0,572.55,63.57,229.52,0,8.21,0,0,3.61,0
2021,10,24,7,0,770.45,88.62,462.5,0,9.0,0,0,4.0,0
2021,10,24,8,0,801.71,129.55,670.22,0,10.87,0,0,4.1,0
2021,10,24,9,0,877.02,142.62,856.38,0,13.11,0,0,4.21,0
2021,10,24,10,0,954.91,117.46,987.72,0,15.01,0,0,4.26,0
2021,10,24,11,0,1029.98,83.34,1055.8,0,16.36,0,0,4.4,0
2021,10,24,12,0,957.93,108.7,1035.32,0,17.33,0,0,4.67,0
2021,10,24,13,0,875.75,155.82,934.8,0,17.83,0,0,4.97,0
2021,10,24,14,0,895.66,95.31,738.67,0,17.87,0,0,5.18,0
2021,10,24,15,0,819.54,95.52,554.9,0,17.46,0,0,5.21,0
2021,10,24,16,0,604.38,99.24,351.7,0,16.56,0,0,5.09,0
2021,10,24,17,0,520.64,44.16,145.43,0,15.19,0,0,4.62,0
2021,10,24,18,0,0.0,0.0,0.0,0,12.64,0,0,3.81,0
2021,10,24,19,0,0.0,0.0,0.0,0,10.68,0,0,3.72,0
2021,10,24,20,0,0.0,0.0,0.0,0,9.46,0,0,3.69,0
2021,10,24,21,0,0.0,0.0,0.0,0,8.49,0,0,3.46,0
2021,10,24,22,0,0.0,0.0,0.0,0,7.6,0,0,3.24,0
2021,10,24,23,0,0.0,0.0,0.0,0,6.74,0,0,3.09,0
2021,10,25,0,0,0.0,0.0,0.0,0,5.86,0,0,3.08,0
2021,10,25,1,0,0.0,0.0,0.0,0,5.0,0,0,3.1,0
2021,10,25,2,0,0.0,0.0,0.0,0,4.1,0,0,3.14,0
2021,10,25,3,0,0.0,0.0,0.0,0,3.32,0,0,3.16,0
2021,10,25,4,0,0.0,0.0,0.0,0,2.73,0,0,3.16,0
2021,10,25,5,0,300.23,15.2,41.8,0,2.32,0,0,3.17,0
2021,10,25,6,0,807.74,35.45,257.8,0,4.06,0,0,2.44,0
2021,10,25,7,0,928.14,53.03,496.23,0,6.62,0,0,2.51,0
2021,10,25,8,0,1014.88,52.59,713.42,0,9.42,0,0,3.42,0
2021,10,25,9,0,1041.8,52.64,888.83,0,11.59,0,0,3.65,0
2021,10,25,10,0,1069.78,50.21,1005.72,0,13.43,0,0,3.88,0
2021,10,25,11,0,1088.07,49.01,1060.28,0,14.95,0,0,4.1,0
2021,10,25,12,0,1076.98,50.5,1045.32,0,16.11,0,0,4.23,0
2021,10,25,13,0,1053.47,53.17,962.17,0,16.75,0,0,4.28,0
2021,10,25,14,0,1015.5,60.63,815.25,0,16.89,0,0,4.34,0
2021,10,25,15,0,973.17,57.34,619.28,0,16.56,0,0,4.27,0
2021,10,25,16,0,912.36,44.29,389.77,0,15.76,0,0,4.08,0
2021,10,25,17,0,640.69,27.54,151.45,0,14.44,0,0,3.63,0
2021,10,25,18,0,85.56,3.58,5.38,0,11.74,0,0,2.94,0
2021,10,25,19,0,0.0,0.0,0.0,0,9.09,0,0,3.6,0
2021,10,25,20,0,0.0,0.0,0.0,0,7.75,0,0,4.1,0
2021,10,25,21,0,0.0,0.0,0.0,0,6.85,0,0,4.0,0
2021,10,25,22,0,0.0,0.0,0.0,0,6.22,0,0,3.51,0
2021,10,25,23,0,0.0,0.0,0.0,0,5.83,0,0,3.03,0
2021,10,26,0,0,0.0,0.0,0.0,0,5.54,0,0,2.72,0
2021,10,26,1,0,0.0,0.0,0.0,0,5.36,0,0,2.43,0
2021,10,26,2,0,0.0,0.0,0.0,0,5.26,0,0,2.06,0
2021,10,26,3,0,0.0,0.0,0.0,0,5.14,0,0,1.81,0
2021,10,26,4,0,0.0,0.0,0.0,0,4.63,0,0,2.0,0
2021,10,26,5,0,328.04,14.97,43.55,0,3.78,0,0,2.55,0
2021,10,26,6,0,765.95,38.25,259.3,0,4.77,0,0,2.94,0
2021,10,26,7,0,895.91,57.55,497.2,0,8.91,0,0,1.78,0
2021,10,26,8,0,1005.02,56.03,715.97,0,12.97,0,0,1.49,0
2021,10,26,9,0,1036.56,55.54,891.65,0,15.13,0,0,1.57,0
2021,10,26,10,0,1073.76,49.72,1011.15,0,17.0,0,0,1.7,0
2021,10,26,11,0,1081.0,54.02,1062.78,0,18.59,0,0,1.89,0
2021,10,26,12,0,1064.8,57.48,1043.1,0,19.84,0,0,2.01,0
2021,10,26,13,0,1044.32,58.59,956.38,0,20.65,0,0,2.03,0
2021,10,26,14,0,1019.82,59.47,809.53,0,20.97,0,0,2.01,0
2021,10,26,15,0,973.51,53.49,618.88,0,20.83,0,0,2.0,0
2021,10,26,16,0,867.64,47.62,389.02,0,20.17,0,0,2.08,0
2021,10,26,17,0,615.08,28.84,151.38,0,18.69,0,0,2.11,0
2021,10,26,18,0,89.46,4.05,5.6,0,15.31,0,0,2.62,0
2021,10,26,19,0,0.0,0.0,0.0,0,12.77,0,0,3.15,0
2021,10,26,20,0,0.0,0.0,0.0,0,11.5,0,0,3.17,0
2021,10,26,21,0,0.0,0.0,0.0,0,9.97,0,0,3.43,0
2021,10,26,22,0,0.0,0.0,0.0,0,8.57,0,0,4.0,0
2021,10,26,23,0,0.0,0.0,0.0,0,7.78,0,0,4.35,0
2021,10,27,0,0,0.0,0.0,0.0,0,7.17,0,0,4.51,0
2021,10,27,1,0,0.0,0.0,0.0,0,6.94,0,0,4.21,0
2021,10,27,2,0,0.0,0.0,0.0,0,6.73,0,0,3.64,0
2021,10,27,3,0,0.0,0.0,0.0,0,6.59,0,0,3.24,0
2021,10,27,4,0,0.0,0.0,0.0,0,6.23,0,0,3.33,0
2021,10,27,5,0,192.71,20.76,40.35,0,5.94,0,0,3.38,0
2021,10,27,6,0,658.91,55.84,249.88,0,8.02,0,0,2.7,0
2021,10,27,7,0,833.04,75.87,487.33,0,11.56,0,0,1.46,0
2021,10,27,8,0,960.1,70.08,706.3,0,16.02,0,0,2.2,0
2021,10,27,9,0,995.1,73.19,882.3,0,18.58,0,0,2.59,0
2021,10,27,10,0,1034.65,68.43,1002.75,0,20.37,0,0,2.65,0
2021,10,27,11,0,1055.29,65.05,1054.4,0,21.91,0,0,2.7,0
2021,10,27,12,0,1039.77,68.21,1038.28,0,23.15,0,0,2.77,0
2021,10,27,13,0,1025.51,67.52,955.17,0,24.02,0,0,2.91,0
2021,10,27,14,0,966.24,86.43,806.05,0,24.41,0,0,2.97,0
2021,10,27,15,0,956.34,78.43,605.5,0,24.29,0,0,2.98,0
2021,10,27,16,0,661.06,122.86,364.42,0,23.64,0,0,2.98,0
2021,10,27,17,0,380.86,72.31,133.95,0,21.99,0,0,2.63,0
2021,10,27,18,0,24.08,6.2,4.88,0,18.36,0,0,3.1,0
2021,10,27,19,0,0.0,0.0,0.0,0,15.68,0,0,3.5,0
2021,10,27,20,0,0.0,0.0,0.0,0,14.62,0,0,3.34,0
2021,10,27,21,0,0.0,0.0,0.0,0,14.28,0,0,2.98,0
2021,10,27,22,0,0.0,0.0,0.0,0,14.29,0,0,2.36,0
2021,10,27,23,0,0.0,0.0,0.0,0,14.26,0,0,1.59,0
2021,10,28,0,0,0.0,0.0,0.0,0,13.66,0,0,1.43,0
2021,10,28,1,0,0.0,0.0,0.0,0,12.9,0,0,1.94,0
2021,10,28,2,0,0.0,0.0,0.0,0,12.21,0,0,2.41,0
2021,10,28,3,0,0.0,0.0,0.0,0,11.59,0,0,2.8,0
2021,10,28,4,0,0.0,0.0,0.0,0,11.03,0,0,3.13,0
2021,10,28,5,0,70.34,35.31,33.62,0,10.74,0,0,3.28,0
2021,10,28,6,0,202.74,131.43,190.02,0,11.98,0,0,3.0,0
2021,10,28,7,0,367.41,216.43,378.45,0,14.63,0,0,2.6,0
2021,10,28,8,0,312.41,317.83,535.95,0,17.45,0,0,1.7,0
2021,10,28,9,0,589.98,264.87,765.78,0,19.45,0,0,1.22,0
2021,10,28,10,0,881.37,173.39,936.8,0,22.21,0,0,1.73,0
2021,10,28,11,0,361.05,442.39,874.05,0,23.83,0,0,2.05,0
2021,10,28,12,0,9.42,428.55,528.97,0,24.31,0,0,2.57,0
2021,10,28,13,0,0.43,358.84,441.42,0,24.52,0,0,3.38,0
2021,10,28,14,0,27.46,285.63,358.7,0,23.98,0,0,3.55,0
2021,10,28,15,0,23.58,141.96,173.02,0,23.71,0,0,3.16,0
2021,10,28,16,0,24.33,66.59,86.75,0,24.04,0,0,3.55,0
2021,10,28,17,0,4.48,25.75,29.52,0,22.6,0,0,3.53,0
2021,10,28,18,0,2.91,3.43,2.47,0,20.03,0,0,3.91,0
2021,10,28,19,0,0.0,0.0,0.0,0,18.4,0,0,4.2,0
2021,10,28,20,0,0.0,0.0,0.0,0,17.33,0,0,4.3,0
2021,10,28,21,0,0.0,0.0,0.0,0,16.81,0,0,4.4,0
2021,10,28,22,0,0.0,0.0,0.0,0,16.0,0,0,3.99,0
2021,10,28,23,0,0.0,0.0,0.0,0,15.02,0,0,4.27,0
2021,10,29,0,0,0.0,0.0,0.0,0,14.41,0,0,4.45,0
2021,10,29,1,0,0.0,0.0,0.0,0,14.57,0,0,4.07,0
2021,10,29,2,0,0.0,0.0,0.0,0,14.32,0,0,4.2,0
2021,10,29,3,0,0.0,0.0,0.0,0,14.19,0,0,4.34,0
2021,10,29,4,0,0.0,0.0,0.0,0,14.03,0,0,4.32,0
2021,10,29,5,0,11.36,17.13,17.3,0,14.02,0,0,4.19,0
2021,10,29,6,0,47.08,85.8,109.85,0,15.86,0,0,4.16,0
2021,10,29,7,0,173.11,168.56,232.62,0,18.41,0,0,5.69,0
2021,10,29,8,0,213.59,224.6,368.88,0,20.53,0,0,7.78,0
2021,10,29,9,0,175.87,258.25,474.1,0,21.51,0,0,8.71,0
2021,10,29,10,0,281.73,307.93,514.55,0,22.19,0,0,9.26,0
2021,10,29,11,0,186.39,324.37,584.78,0,22.81,0,0,9.32,0
2021,10,29,12,0,625.95,201.66,811.15,0,23.08,0,0,9.34,0
2021,10,29,13,0,858.4,119.43,883.7,0,23.09,0,0,9.41,0
2021,10,29,14,0,489.45,395.08,695.58,0,22.48,0,0,9.29,0
2021,10,29,15,0,739.76,114.48,564.8,0,21.39,0,0,8.84,0
2021,10,29,16,0,703.23,71.46,355.75,0,19.94,0,0,8.13,0
2021,10,29,17,0,482.04,43.16,139.45,0,18.11,0,0,7.33,0
2021,10,29,18,0,60.49,5.74,6.25,0,15.64,0,0,6.62,0
2021,10,29,19,0,0.0,0.0,0.0,0,13.79,0,0,6.02,0
2021,10,29,20,0,0.0,0.0,0.0,0,12.71,0,0,5.74,0
2021,10,29,21,0,0.0,0.0,0.0,0,11.59,0,0,5.38,0
2021,10,29,22,0,0.0,0.0,0.0,0,10.5,0,0,4.86,0
2021,10,29,23,0,0.0,0.0,0.0,0,9.56,0,0,4.57,0
2021,10,30,0,0,0.0,0.0,0.0,0,8.73,0,0,4.21,0
2021,10,30,1,0,0.0,0.0,0.0,0,7.97,0,0,3.94,0
2021,10,30,2,0,0.0,0.0,0.0,0,7.26,0,0,3.68,0
2021,10,30,3,0,0.0,0.0,0.0,0,6.65,0,0,3.09,0
2021,10,30,4,0,0.0,0.0,0.0,0,6.08,0,0,2.71,0
2021,10,30,5,0,315.59,19.75,52.6,0,5.7,0,0,2.18,0
2021,10,30,6,0,776.26,42.05,272.6,0,7.06,0,0,1.8,0
2021,10,30,7,0,947.34,49.46,510.3,0,9.38,0,0,2.28,0
2021,10,30,8,0,1006.03,56.32,725.9,0,11.45,0,0,2.39,0
2021,10,30,9,0,1023.9,67.71,895.85,0,13.25,0,0,2.69,0
2021,10,30,10,0,883.11,170.02,1005.65,0,14.78,0,0,3.13,0
2021,10,30,11,0,947.81,154.85,1040.03,0,16.01,0,0,3.54,0
2021,10,30,12,0,823.41,190.48,1021.53,0,16.81,0,0,3.91,0
2021,10,30,13,0,979.69,99.68,951.55,0,17.25,0,0,4.37,0
2021,10,30,14,0,956.82,88.44,814.88,0,17.11,0,0,4.79,0
2021,10,30,15,0,932.7,70.93,624.92,0,16.46,0,0,5.0,0
2021,10,30,16,0,851.84,54.33,396.58,0,15.38,0,0,5.05,0
2021,10,30,17,0,621.97,35.76,160.18,0,13.9,0,0,4.84,0
2021,10,30,18,0,65.15,6.1,7.62,0,11.51,0,0,4.02,0
2021,10,30,19,0,0.0,0.0,0.0,0,9.31,0,0,3.38,0
2021,10,30,20,0,0.0,0.0,0.0,0,7.87,0,0,3.17,0
2021,10,30,21,0,0.0,0.0,0.0,0,6.72,0,0,2.94,0
2021,10,30,22,0,0.0,0.0,0.0,0,5.73,0,0,2.89,0
2021,10,30,23,0,0.0,0.0,0.0,0,5.08,0,0,2.73,0
2021,10,31,0,0,0.0,0.0,0.0,0,4.45,0,0,2.77,0
2021,10,31,1,0,0.0,0.0,0.0,0,3.81,0,0,2.8,0
2021,10,31,2,0,0.0,0.0,0.0,0,3.28,0,0,2.78,0
2021,10,31,3,0,0.0,0.0,0.0,0,2.58,0,0,3.14,0
2021,10,31,4,0,0.0,0.0,0.0,0,2.01,0,0,3.39,0
2021,10,31,5,0,313.86,19.9,53.42,0,1.75,0,0,3.32,0
2021,10,31,6,0,755.02,47.75,271.08,0,4.21,0,0,2.61,0
2021,10,31,7,0,880.41,66.6,505.98,0,8.13,0,0,2.02,0
2021,10,31,8,0,989.39,72.52,724.47,0,11.49,0,0,1.52,0
2021,10,31,9,0,1009.13,81.96,900.2,0,13.91,0,0,1.34,0
2021,10,31,10,0,1026.81,76.74,1013.22,0,16.08,0,0,1.14,0
2021,10,31,11,0,1032.89,75.95,1064.3,0,18.03,0,0,0.24,0
2021,10,31,12,0,1054.53,64.73,1049.6,0,19.55,0,0,0.42,0
2021,10,31,13,0,1029.82,67.23,966.7,0,20.61,0,0,0.46,0
2021,10,31,14,0,1004.24,65.4,822.92,0,21.22,0,0,0.55,0
2021,10,31,15,0,892.24,83.93,616.8,0,21.32,0,0,0.6,0
2021,10,31,16,0,837.84,74.03,384.1,0,20.89,0,0,0.37,0
2021,10,31,17,0,529.55,56.81,149.95,0,19.73,0,0,0.33,0
2021,10,31,18,0,37.93,7.95,7.32,0,16.9,0,0,0.98,0
2021,10,31,19,0,0.0,0.0,0.0,0,14.56,0,0,1.18,0
2021,10,31,20,0,0.0,0.0,0.0,0,13.03,0,0,1.01,0
2021,10,31,21,0,0.0,0.0,0.0,0,11.8,0,0,2.29,0
2021,10,31,22,0,0.0,0.0,0.0,0,10.73,0,0,3.46,0
2021,10,31,23,0,0.0,0.0,0.0,0,9.25,0,0,4.07,0
2021,11,1,0,0,0.0,0.0,0.0,0,9.06,0,0,4.02,0
2021,11,1,1,0,0.0,0.0,0.0,0,8.63,0,0,2.89,0
2021,11,1,2,0,0.0,0.0,0.0,0,7.73,0,0,2.73,0
2021,11,1,3,0,0.0,0.0,0.0,0,7.09,0,0,2.7,0
2021,11,1,4,0,0.0,0.0,0.0,0,6.87,0,0,2.8,0
2021,11,1,5,0,9.16,30.69,30.7,0,7.07,0,0,2.85,0
2021,11,1,6,0,13.69,126.36,148.02,0,8.57,0,0,2.21,0
2021,11,1,7,0,2.42,204.66,252.07,0,10.67,0,0,1.63,0
2021,11,1,8,0,33.75,360.21,436.73,0,13.45,0,0,1.82,0
2021,11,1,9,0,26.47,477.83,578.22,0,16.87,0,0,2.21,0
2021,11,1,10,0,68.43,439.71,566.0,0,18.82,0,0,2.42,0
2021,11,1,11,0,45.91,517.23,658.53,0,19.9,0,0,2.65,0
2021,11,1,12,0,39.54,505.78,630.25,0,20.89,0,0,2.78,0
2021,11,1,13,0,37.31,448.98,570.12,0,21.36,0,0,2.79,0
2021,11,1,14,0,154.98,414.56,537.75,0,21.32,0,0,2.66,0
2021,11,1,15,0,112.52,276.78,347.73,0,20.91,0,0,2.36,0
2021,11,1,16,0,38.99,151.58,192.88,0,20.2,0,0,1.98,0
2021,11,1,17,0,33.87,54.05,76.47,0,19.08,0,0,1.63,0
2021,11,1,18,0,1.01,6.4,4.38,0,17.21,0,0,1.79,0
2021,11,1,19,0,0.0,0.0,0.0,0,15.93,0,0,1.79,0
2021,11,1,20,0,0.0,0.0,0.0,0,15.55,0,0,1.17,0
2021,11,1,21,0,0.0,0.0,0.0,0,15.0,0,0,1.11,0
2021,11,1,22,0,0.0,0.0,0.0,0,13.81,0,0,2.02,0
2021,11,1,23,0,0.0,0.0,0.0,0,12.15,0,0,3.07,0
2021,11,2,0,0,0.0,0.0,0.0,0,10.79,0,0,3.9,0
2021,11,2,1,0,0.0,0.0,0.0,0,10.41,0,0,4.35,0
2021,11,2,2,0,0.0,0.0,0.0,0,10.6,0,0,3.84,0
2021,11,2,3,0,0.0,0.0,0.0,0,10.27,0,0,3.43,0
2021,11,2,4,0,0.0,0.0,0.0,0,9.92,0,0,3.05,0
2021,11,2,5,0,226.73,24.38,51.85,0,9.67,0,0,3.06,0
2021,11,2,6,0,648.1,60.55,260.2,0,11.29,0,0,2.78,0
2021,11,2,7,0,826.25,73.18,489.12,0,14.33,0,0,3.56,0
2021,11,2,8,0,916.46,78.49,701.2,0,17.54,0,0,3.92,0
2021,11,2,9,0,918.01,118.05,865.1,0,19.69,0,0,3.69,0
2021,11,2,10,0,900.85,105.92,918.4,0,21.33,0,0,3.44,0
2021,11,2,11,0,686.71,274.2,966.95,0,22.67,0,0,3.24,0
2021,11,2,12,0,658.31,281.55,925.65,0,23.65,0,0,3.23,0
2021,11,2,13,0,500.8,317.87,850.83,0,24.22,0,0,3.38,0
2021,11,2,14,0,549.06,161.05,613.35,0,24.32,0,0,3.57,0
2021,11,2,15,0,773.89,94.88,528.47,0,24.03,0,0,3.84,0
2021,11,2,16,0,723.47,71.55,339.33,0,23.26,0,0,4.17,0
2021,11,2,17,0,483.6,46.85,144.93,0,21.93,0,0,4.4,0
2021,11,2,18,0,62.58,7.19,8.25,0,19.28,0,0,4.25,0
2021,11,2,19,0,0.0,0.0,0.0,0,17.08,0,0,4.65,0
2021,11,2,20,0,0.0,0.0,0.0,0,15.72,0,0,4.88,0
2021,11,2,21,0,0.0,0.0,0.0,0,14.4,0,0,5.05,0
2021,11,2,22,0,0.0,0.0,0.0,0,13.22,0,0,5.03,0
2021,11,2,23,0,0.0,0.0,0.0,0,12.23,0,0,4.9,0
2021,11,3,0,0,0.0,0.0,0.0,0,11.59,0,0,4.76,0
2021,11,3,1,0,0.0,0.0,0.0,0,11.28,0,0,4.5,0
2021,11,3,2,0,0.0,0.0,0.0,0,11.04,0,0,4.26,0
2021,11,3,3,0,0.0,0.0,0.0,0,10.78,0,0,4.01,0
2021,11,3,4,0,0.0,0.0,0.0,0,10.61,0,0,3.86,0
2021,11,3,5,0,226.91,26.21,54.33,0,10.66,0,0,3.67,0
2021,11,3,6,0,568.79,114.17,253.32,0,11.87,0,0,3.68,0
2021,11,3,7,0,676.03,202.15,459.67,0,13.71,0,0,4.18,0
2021,11,3,8,0,770.98,271.79,653.2,0,16.43,0,0,4.35,0
2021,11,3,9,0,462.07,375.46,824.38,0,19.26,0,0,4.61,0
2021,11,3,10,0,442.07,374.74,857.2,0,21.21,0,0,4.75,0
2021,11,3,11,0,233.86,576.87,876.7,0,22.58,0,0,4.71,0
2021,11,3,12,0,201.56,568.04,812.92,0,23.54,0,0,4.62,0
2021,11,3,13,0,223.02,530.01,715.58,0,23.74,0,0,4.43,0
2021,11,3,14,0,216.97,343.23,596.67,0,22.9,0,0,4.1,0
2021,11,3,15,0,69.06,317.87,401.85,0,22.06,0,0,3.47,0
2021,11,3,16,0,27.96,192.74,239.23,0,21.26,0,0,2.71,0
2021,11,3,17,0,73.62,79.13,91.82,0,20.11,0,0,2.69,0
2021,11,3,18,0,0.0,4.52,4.18,0,18.68,0,0,3.05,0
2021,11,3,19,0,0.0,0.0,0.0,0,17.66,0,0,3.12,0
2021,11,3,20,0,0.0,0.0,0.0,0,17.08,0,0,2.9,0
2021,11,3,21,0,0.0,0.0,0.0,0,16.55,0,0,2.95,0
2021,11,3,22,0,0.0,0.0,0.0,0,16.0,0,0,2.99,0
2021,11,3,23,0,0.0,0.0,0.0,0,15.33,0,0,3.26,0
2021,11,4,0,0,0.0,0.0,0.0,0,14.66,0,0,3.26,0
2021,11,4,1,0,0.0,0.0,0.0,0,14.19,0,0,2.9,0
2021,11,4,2,0,0.0,0.0,0.0,0,13.8,0,0,2.55,0
2021,11,4,3,0,0.0,0.0,0.0,0,13.43,0,0,2.51,0
2021,11,4,4,0,0.0,0.0,0.0,0,13.15,0,0,2.39,0
2021,11,4,5,0,0.0,11.02,11.73,0,13.03,0,0,2.32,0
2021,11,4,6,0,0.0,38.23,43.17,0,13.14,0,0,2.35,0
2021,11,4,7,0,0.0,58.24,71.65,0,13.37,0,0,2.22,0
2021,11,4,8,0,0.0,75.74,92.68,0,14.02,0,0,2.24,0
2021,11,4,9,0,0.0,114.01,141.12,0,14.76,0,0,2.59,0
2021,11,4,10,0,13.5,141.82,181.4,0,15.36,0,0,3.05,0
2021,11,4,11,0,34.48,160.32,208.48,0,15.81,0,0,3.64,0
2021,11,4,12,0,22.32,199.03,263.08,0,16.23,0,0,3.63,0
2021,11,4,13,0,67.13,157.42,217.38,0,16.53,0,0,3.38,0
2021,11,4,14,0,91.3,135.77,191.85,0,16.35,0,0,2.84,0
2021,11,4,15,0,16.3,142.49,169.02,0,15.81,0,0,2.18,0
2021,11,4,16,0,9.99,78.8,90.8,0,15.19,0,0,1.8,0
2021,11,4,17,0,0.0,35.54,38.62,0,14.64,0,0,2.11,0
2021,11,4,18,0,0.0,3.98,3.67,0,14.0,0,0,2.81,0
2021,11,4,19,0,0.0,0.0,0.0,0,13.48,0,0,3.11,0
2021,11,4,20,0,0.0,0.0,0.0,0,13.24,0,0,3.51,0
2021,11,4,21,0,0.0,0.0,0.0,0,13.03,0,0,3.75,0
2021,11,4,22,0,0.0,0.0,0.0,0,12.8,0,0,3.77,0
2021,11,4,23,0,0.0,0.0,0.0,0,12.56,0,0,3.86,0
2021,11,5,0,0,0.0,0.0,0.0,0,12.38,0,0,3.97,0
2021,11,5,1,0,0.0,0.0,0.0,0,12.23,0,0,3.93,0
2021,11,5,2,0,0.0,0.0,0.0,0,12.09,0,0,3.88,0
2021,11,5,3,0,0.0,0.0,0.0,0,11.98,0,0,3.86,0
2021,11,5,4,0,0.0,0.0,0.0,0,11.9,0,0,3.8,0
2021,11,5,5,0,5.89,15.34,16.42,0,11.9,0,0,3.79,0
2021,11,5,6,0,28.48,57.44,66.45,0,12.22,0,0,3.65,0
2021,11,5,7,0,45.09,95.39,114.97,0,12.8,0,0,3.53,0
2021,11,5,8,0,28.92,137.77,182.62,0,13.52,0,0,4.0,0
2021,11,5,9,0,56.68,192.79,270.15,0,14.34,0,0,4.07,0
2021,11,5,10,0,0.28,239.3,302.05,0,15.38,0,0,3.95,0
2021,11,5,11,0,50.37,280.62,379.0,0,16.44,0,0,3.6,0
2021,11,5,12,0,27.71,292.2,384.27,0,17.26,0,0,3.18,0
2021,11,5,13,0,50.45,308.82,391.75,0,17.58,0,0,2.93,0
2021,11,5,14,0,43.05,227.34,291.73,0,17.56,0,0,2.89,0
2021,11,5,15,0,61.8,148.13,189.2,0,17.17,0,0,3.0,0
2021,11,5,16,0,37.13,91.22,117.82,0,16.46,0,0,3.21,0
2021,11,5,17,0,23.88,43.08,53.5,0,15.52,0,0,3.13,0
2021,11,5,18,0,8.01,6.47,4.95,0,14.36,0,0,3.34,0
2021,11,5,19,0,0.0,0.0,0.0,0,13.48,0,0,3.63,0
2021,11,5,20,0,0.0,0.0,0.0,0,13.05,0,0,3.62,0
2021,11,5,21,0,0.0,0.0,0.0,0,12.67,0,0,3.48,0
2021,11,5,22,0,0.0,0.0,0.0,0,12.3,0,0,3.35,0
2021,11,5,23,0,0.0,0.0,0.0,0,12.02,0,0,3.22,0
2021,11,6,0,0,0.0,0.0,0.0,0,11.77,0,0,3.18,0
2021,11,6,1,0,0.0,0.0,0.0,0,11.57,0,0,3.04,0
2021,11,6,2,0,0.0,0.0,0.0,0,11.27,0,0,2.84,0
2021,11,6,3,0,0.0,0.0,0.0,0,10.96,0,0,2.59,0
2021,11,6,4,0,0.0,0.0,0.0,0,10.71,0,0,2.57,0
2021,11,6,5,0,196.15,28.79,50.55,0,10.67,0,0,2.53,0
2021,11,6,6,0,453.08,82.91,239.38,0,11.62,0,0,2.32,0
2021,11,6,7,0,585.51,120.84,459.9,0,13.28,0,0,2.4,0
2021,11,6,8,0,745.32,159.95,677.3,0,15.47,0,0,2.57,0
2021,11,6,9,0,456.14,312.62,688.75,0,17.78,0,0,2.91,0
2021,11,6,10,0,449.82,378.55,839.0,0,19.26,0,0,2.95,0
2021,11,6,11,0,402.01,393.1,888.03,0,20.12,0,0,2.84,0
2021,11,6,12,0,483.75,307.65,877.6,0,20.98,0,0,2.64,0
2021,11,6,13,0,393.17,339.2,771.97,0,21.26,0,0,2.67,0
2021,11,6,14,0,624.56,187.28,565.95,0,21.25,0,0,2.74,0
2021,11,6,15,0,274.46,341.04,441.7,0,21.02,0,0,2.77,0
2021,11,6,16,0,137.08,220.86,261.12,0,20.6,0,0,2.59,0
2021,11,6,17,0,21.31,83.63,102.22,0,19.53,0,0,2.38,0
2021,11,6,18,0,0.0,8.98,8.3,0,17.91,0,0,3.02,0
2021,11,6,19,0,0.0,0.0,0.0,0,16.85,0,0,3.48,0
2021,11,6,20,0,0.0,0.0,0.0,0,16.27,0,0,3.44,0
2021,11,6,21,0,0.0,0.0,0.0,0,15.65,0,0,3.52,0
2021,11,6,22,0,0.0,0.0,0.0,0,15.08,0,0,3.43,0
2021,11,6,23,0,0.0,0.0,0.0,0,14.58,0,0,3.2,0
2021,11,7,0,0,0.0,0.0,0.0,0,14.13,0,0,2.96,0
2021,11,7,1,0,0.0,0.0,0.0,0,13.69,0,0,2.8,0
2021,11,7,2,0,0.0,0.0,0.0,0,13.29,0,0,2.74,0
2021,11,7,3,0,0.0,0.0,0.0,0,13.1,0,0,2.83,0
2021,11,7,4,0,0.0,0.0,0.0,0,12.89,0,0,2.75,0
2021,11,7,5,0,2.79,18.92,20.17,0,12.86,0,0,2.71,0
2021,11,7,6,0,63.65,79.33,100.32,0,14.43,0,0,1.98,0
2021,11,7,7,0,72.36,151.72,202.3,0,16.84,0,0,2.4,0
2021,11,7,8,0,195.25,278.9,368.8,0,19.16,0,0,3.76,0
2021,11,7,9,0,111.97,315.36,446.23,0,20.23,0,0,4.29,0
2021,11,7,10,0,110.99,342.43,452.2,0,20.48,0,0,4.52,0
2021,11,7,11,0,18.98,335.53,431.62,0,21.24,0,0,4.42,0
2021,11,7,12,0,14.75,385.72,472.38,0,20.81,0,0,3.99,0
2021,11,7,13,0,0.0,255.59,307.7,0,20.2,0,0,3.13,0
2021,11,7,14,0,3.89,135.2,157.7,0,20.02,0,0,3.24,0
2021,11,7,15,0,0.0,131.39,155.2,0,19.26,0,0,2.25,0
2021,11,7,16,0,0.0,86.49,97.5,0,18.34,0,0,1.5,0
2021,11,7,17,0,0.0,37.58,42.45,0,17.42,0,0,1.93,0
2021,11,7,18,0,0.0,4.71,4.35,0,16.22,0,0,2.25,0
2021,11,7,19,0,0.0,0.0,0.0,0,15.32,0,0,2.66,0
2021,11,7,20,0,0.0,0.0,0.0,0,14.78,0,0,3.06,0
2021,11,7,21,0,0.0,0.0,0.0,0,14.32,0,0,2.64,0
2021,11,7,22,0,0.0,0.0,0.0,0,13.9,0,0,2.13,0
2021,11,7,23,0,0.0,0.0,0.0,0,13.52,0,0,1.61,0
2021,11,8,0,0,0.0,0.0,0.0,0,13.03,0,0,2.39,0
2021,11,8,1,0,0.0,0.0,0.0,0,12.43,0,0,2.32,0
2021,11,8,2,0,0.0,0.0,0.0,0,11.95,0,0,1.88,0
2021,11,8,3,0,0.0,0.0,0.0,0,11.43,0,0,2.38,0
2021,11,8,4,0,0.0,0.0,0.0,0,11.13,0,0,2.47,0
2021,11,8,5,0,53.41,46.33,45.53,0,11.22,0,0,2.45,0
2021,11,8,6,0,216.32,138.76,211.52,0,12.09,0,0,2.33,0
2021,11,8,7,0,463.56,168.05,439.65,0,13.38,0,0,2.52,0
2021,11,8,8,0,713.61,141.07,645.78,0,14.93,0,0,2.91,0
2021,11,8,9,0,518.45,313.24,773.45,0,17.05,0,0,3.23,0
2021,11,8,10,0,598.79,312.62,874.1,0,18.81,0,0,3.7,0
2021,11,8,11,0,578.71,295.93,907.22,0,19.82,0,0,4.24,0
2021,11,8,12,0,546.26,322.96,886.65,0,20.25,0,0,4.59,0
2021,11,8,13,0,528.25,200.71,770.08,0,20.59,0,0,4.56,0
2021,11,8,14,0,532.27,224.74,693.5,0,20.78,0,0,4.44,0
2021,11,8,15,0,623.96,182.31,519.03,0,20.64,0,0,4.24,0
2021,11,8,16,0,633.02,85.14,303.2,0,20.04,0,0,3.91,0
2021,11,8,17,0,379.51,62.19,133.43,0,19.03,0,0,3.27,0
2021,11,8,18,0,29.42,11.17,10.88,0,16.96,0,0,2.39,0
2021,11,8,19,0,0.0,0.0,0.0,0,14.94,0,0,2.49,0
2021,11,8,20,0,0.0,0.0,0.0,0,14.32,0,0,2.33,0
2021,11,8,21,0,0.0,0.0,0.0,0,14.22,0,0,1.97,0
2021,11,8,22,0,0.0,0.0,0.0,0,14.04,0,0,1.75,0
2021,11,8,23,0,0.0,0.0,0.0,0,13.43,0,0,1.82,0
2021,11,9,0,0,0.0,0.0,0.0,0,12.72,0,0,1.93,0
2021,11,9,1,0,0.0,0.0,0.0,0,12.47,0,0,1.61,0
2021,11,9,2,0,0.0,0.0,0.0,0,12.18,0,0,1.3,0
2021,11,9,3,0,0.0,0.0,0.0,0,11.86,0,0,1.06,0
2021,11,9,4,0,0.0,0.0,0.0,0,11.59,0,0,0.87,0
2021,11,9,5,0,126.94,45.71,58.88,0,11.21,0,0,0.89,0
2021,11,9,6,0,547.69,89.66,260.33,0,11.78,0,0,1.26,0
2021,11,9,7,0,735.09,115.05,504.0,0,14.49,0,0,0.67,0
2021,11,9,8,0,863.25,118.79,722.25,0,17.61,0,0,2.61,0
2021,11,9,9,0,870.46,167.4,881.38,0,19.06,0,0,3.4,0
2021,11,9,10,0,819.3,177.6,943.45,0,20.24,0,0,3.7,0
2021,11,9,11,0,636.55,365.67,986.03,0,21.25,0,0,4.14,0
2021,11,9,12,0,547.02,402.61,951.2,0,21.92,0,0,4.69,0
2021,11,9,13,0,457.68,345.16,815.03,0,22.21,0,0,4.57,0
2021,11,9,14,0,385.31,387.46,684.2,0,22.14,0,0,4.39,0
2021,11,9,15,0,545.0,249.05,548.97,0,21.83,0,0,4.15,0
2021,11,9,16,0,418.88,154.88,346.17,0,21.29,0,0,3.53,0
2021,11,9,17,0,438.24,63.02,157.85,0,20.33,0,0,2.74,0
2021,11,9,18,0,89.52,9.32,13.35,0,18.15,0,0,2.25,0
2021,11,9,19,0,0.0,0.0,0.0,0,16.59,0,0,2.03,0
2021,11,9,20,0,0.0,0.0,0.0,0,16.62,0,0,1.27,0
2021,11,9,21,0,0.0,0.0,0.0,0,16.44,0,0,0.58,0
2021,11,9,22,0,0.0,0.0,0.0,0,15.29,0,0,1.86,0
2021,11,9,23,0,0.0,0.0,0.0,0,14.46,0,0,2.47,0
2021,11,10,0,0,0.0,0.0,0.0,0,13.4,0,0,3.58,0
2021,11,10,1,0,0.0,0.0,0.0,0,12.95,0,0,4.47,0
2021,11,10,2,0,0.0,0.0,0.0,0,13.22,0,0,4.68,0
2021,11,10,3,0,0.0,0.0,0.0,0,13.73,0,0,4.2,0
2021,11,10,4,0,0.0,0.0,0.0,0,13.66,0,0,3.91,0
2021,11,10,5,0,0.0,24.65,25.8,0,13.56,0,0,3.79,0
2021,11,10,6,0,0.0,96.0,110.82,0,13.76,0,0,3.34,0
2021,11,10,7,0,19.42,104.04,131.62,0,14.39,0,0,4.0,0
2021,11,10,8,0,32.09,122.35,163.73,0,15.51,0,0,3.83,0
2021,11,10,9,0,0.0,135.34,165.35,0,16.95,0,0,5.07,0
2021,11,10,10,0,32.56,299.62,373.23,0,17.91,0,0,5.91,0
2021,11,10,11,0,32.66,240.59,315.85,0,18.77,0,0,6.45,0
2021,11,10,12,0,70.16,208.72,300.05,0,19.52,0,0,7.0,0
2021,11,10,13,0,0.15,142.23,171.25,0,20.5,0,0,7.91,0
2021,11,10,14,0,71.03,77.48,118.95,0,20.75,0,0,6.45,0
2021,11,10,15,0,0.0,54.69,64.6,0,20.62,0,0,4.4,0
2021,11,10,16,0,0.0,29.35,35.8,0,19.98,0,0,2.61,0
2021,11,10,17,0,0.0,13.17,14.88,0,18.93,0,0,2.01,0
2021,11,10,18,0,0.0,4.28,4.1,0,17.71,0,0,2.5,0
2021,11,10,19,0,0.0,0.0,0.0,0,16.52,0,0,3.06,0
2021,11,10,20,0,0.0,0.0,0.0,0,15.53,0,0,2.6,0
2021,11,10,21,0,0.0,0.0,0.0,0,14.89,0,0,2.14,0
2021,11,10,22,0,0.0,0.0,0.0,0,14.36,0,0,2.46,0
2021,11,10,23,0,0.0,0.0,0.0,0,13.94,0,0,2.38,0
2021,11,11,0,0,0.0,0.0,0.0,0,13.49,0,0,2.0,0
2021,11,11,1,0,0.0,0.0,0.0,0,13.07,0,0,1.43,0
2021,11,11,2,0,0.0,0.0,0.0,0,12.89,0,0,0.96,0
2021,11,11,3,0,0.0,0.0,0.0,0,12.63,0,0,1.1,0
2021,11,11,4,0,0.0,0.0,0.0,0,12.29,0,0,1.14,0
2021,11,11,5,0,20.08,28.68,31.73,0,12.16,0,0,1.35,0
2021,11,11,6,0,61.17,90.96,119.28,0,12.89,0,0,1.06,0
2021,11,11,7,0,30.89,188.58,237.77,0,14.14,0,0,0.86,0
2021,11,11,8,0,26.62,363.8,445.77,0,15.4,0,0,0.9,0
2021,11,11,9,0,7.04,369.74,452.83,0,17.3,0,0,0.16,0
2021,11,11,10,0,3.78,463.17,568.62,0,18.3,0,0,0.85,0
2021,11,11,11,0,16.52,309.08,397.42,0,18.67,0,0,0.35,0
2021,11,11,12,0,22.76,318.2,403.98,0,19.48,0,0,1.75,0
2021,11,11,13,0,46.89,310.63,399.15,0,21.21,0,0,2.35,0
2021,11,11,14,0,4.05,127.12,153.75,0,21.21,0,0,2.82,0
2021,11,11,15,0,0.64,93.48,110.53,0,20.34,0,0,2.67,0
2021,11,11,16,0,0.29,55.81,68.1,0,19.28,0,0,3.33,0
2021,11,11,17,0,0.0,28.27,30.85,0,18.03,0,0,3.86,0
2021,11,11,18,0,0.0,4.23,4.05,0,16.76,0,0,4.18,0
2021,11,11,19,0,0.0,0.0,0.0,0,15.55,0,0,4.6,0
2021,11,11,20,0,0.0,0.0,0.0,0,14.1,0,0,5.69,0
2021,11,11,21,0,0.0,0.0,0.0,0,12.3,0,0,6.42,0
2021,11,11,22,0,0.0,0.0,0.0,0,10.62,0,0,6.16,0
2021,11,11,23,0,0.0,0.0,0.0,0,9.69,0,0,5.0,0
2021,11,12,0,0,0.0,0.0,0.0,0,9.29,0,0,4.5,0
2021,11,12,1,0,0.0,0.0,0.0,0,9.12,0,0,4.13,0
2021,11,12,2,0,0.0,0.0,0.0,0,8.97,0,0,3.93,0
2021,11,12,3,0,0.0,0.0,0.0,0,8.87,0,0,4.27,0
2021,11,12,4,0,0.0,0.0,0.0,0,9.15,0,0,4.56,0
2021,11,12,5,0,25.83,22.22,30.8,0,9.57,0,0,4.09,0
2021,11,12,6,0,94.19,77.9,106.75,0,10.3,0,0,4.45,0
2021,11,12,7,0,150.34,136.06,207.65,0,11.54,0,0,3.97,0
2021,11,12,8,0,164.03,269.6,414.9,0,13.42,0,0,4.68,0
2021,11,12,9,0,327.21,295.38,595.25,0,15.0,0,0,6.84,0
2021,11,12,10,0,292.94,395.46,724.12,0,15.84,0,0,7.99,0
2021,11,12,11,0,373.02,341.5,759.67,0,15.88,0,0,8.03,0
2021,11,12,12,0,366.98,366.69,698.03,0,15.87,0,0,7.92,0
2021,11,12,13,0,355.79,314.73,614.0,0,15.79,0,0,7.86,0
2021,11,12,14,0,339.39,271.17,435.6,0,15.29,0,0,7.62,0
2021,11,12,15,0,335.21,161.77,258.5,0,14.41,0,0,7.12,0
2021,11,12,16,0,271.67,101.23,158.77,0,13.14,0,0,6.34,0
2021,11,12,17,0,220.02,51.0,64.45,0,11.85,0,0,5.29,0
2021,11,12,18,0,23.12,6.97,6.82,0,10.73,0,0,4.83,0
2021,11,12,19,0,0.0,0.0,0.0,0,9.82,0,0,5.11,0
2021,11,12,20,0,0.0,0.0,0.0,0,9.0,0,0,5.48,0
2021,11,12,21,0,0.0,0.0,0.0,0,8.39,0,0,5.54,0
2021,11,12,22,0,0.0,0.0,0.0,0,7.98,0,0,5.66,0
2021,11,12,23,0,0.0,0.0,0.0,0,7.58,0,0,5.7,0
2021,11,13,0,0,0.0,0.0,0.0,0,7.22,0,0,5.58,0
2021,11,13,1,0,0.0,0.0,0.0,0,6.91,0,0,5.62,0
2021,11,13,2,0,0.0,0.0,0.0,0,6.7,0,0,5.67,0
2021,11,13,3,0,0.0,0.0,0.0,0,6.63,0,0,5.82,0
2021,11,13,4,0,0.0,0.0,0.0,0,6.58,0,0,6.02,0
2021,11,13,5,0,58.19,27.11,24.35,0,6.53,0,0,6.17,0
2021,11,13,6,0,40.58,60.98,75.95,0,6.62,0,0,6.47,0
2021,11,13,7,0,71.42,89.79,130.2,0,6.79,0,0,6.87,0
2021,11,13,8,0,40.95,202.58,267.88,0,6.91,0,0,7.22,0
2021,11,13,9,0,3.88,214.73,262.95,0,7.05,0,0,7.51,0
2021,11,13,10,0,41.79,271.57,340.48,0,7.79,0,0,8.08,0
2021,11,13,11,0,51.09,294.75,390.7,0,8.48,0,0,8.6,0
2021,11,13,12,0,164.94,287.45,395.92,0,8.38,0,0,8.49,0
2021,11,13,13,0,76.74,232.07,334.83,0,8.12,0,0,7.85,0
2021,11,13,14,0,46.92,217.32,268.55,0,8.2,0,0,7.5,0
2021,11,13,15,0,272.91,143.36,276.73,0,8.35,0,0,7.44,0
2021,11,13,16,0,176.57,103.28,167.6,0,8.46,0,0,7.25,0
2021,11,13,17,0,95.37,61.93,77.28,0,8.29,0,0,6.97,0
2021,11,13,18,0,34.06,11.0,9.15,0,7.89,0,0,6.55,0
2021,11,13,19,0,0.0,0.0,0.0,0,7.54,0,0,6.34,0
2021,11,13,20,0,0.0,0.0,0.0,0,7.29,0,0,6.09,0
2021,11,13,21,0,0.0,0.0,0.0,0,6.89,0,0,5.55,0
2021,11,13,22,0,0.0,0.0,0.0,0,6.48,0,0,5.24,0
2021,11,13,23,0,0.0,0.0,0.0,0,5.93,0,0,4.92,0
2021,11,14,0,0,0.0,0.0,0.0,0,5.35,0,0,4.55,0
2021,11,14,1,0,0.0,0.0,0.0,0,4.81,0,0,4.5,0
2021,11,14,2,0,0.0,0.0,0.0,0,4.13,0,0,4.24,0
2021,11,14,3,0,0.0,0.0,0.0,0,3.63,0,0,3.99,0
2021,11,14,4,0,0.0,0.0,0.0,0,3.33,0,0,4.08,0
2021,11,14,5,0,347.08,28.89,77.8,0,3.17,0,0,4.08,0
2021,11,14,6,0,617.62,76.82,269.17,0,4.8,0,0,4.45,0
2021,11,14,7,0,684.59,155.33,498.73,0,7.17,0,0,6.15,0
2021,11,14,8,0,597.6,197.7,653.28,0,9.21,0,0,7.67,0
2021,11,14,9,0,358.28,400.64,765.1,0,10.53,0,0,8.07,0
2021,11,14,10,0,263.37,389.44,625.8,0,11.45,0,0,8.28,0
2021,11,14,11,0,406.46,308.14,665.33,0,12.09,0,0,8.65,0
2021,11,14,12,0,487.09,305.46,652.35,0,12.5,0,0,8.72,0
2021,11,14,13,0,563.17,249.11,639.75,0,12.41,0,0,8.78,0
2021,11,14,14,0,435.9,207.8,551.15,0,11.64,0,0,8.71,0
2021,11,14,15,0,66.39,208.29,294.23,0,10.43,0,0,8.21,0
2021,11,14,16,0,197.68,130.91,177.07,0,9.35,0,0,7.52,0
2021,11,14,17,0,199.75,51.93,100.15,0,8.44,0,0,6.39,0
2021,11,14,18,0,95.96,12.61,14.55,0,7.4,0,0,5.96,0
2021,11,14,19,0,0.0,0.0,0.0,0,6.52,0,0,5.89,0
2021,11,14,20,0,0.0,0.0,0.0,0,6.04,0,0,6.03,0
2021,11,14,21,0,0.0,0.0,0.0,0,5.48,0,0,6.2,0
2021,11,14,22,0,0.0,0.0,0.0,0,5.05,0,0,6.29,0
2021,11,14,23,0,0.0,0.0,0.0,0,4.82,0,0,6.57,0
2021,11,15,0,0,0.0,0.0,0.0,0,4.5,0,0,6.75,0
2021,11,15,1,0,0.0,0.0,0.0,0,4.27,0,0,7.13,0
2021,11,15,2,0,0.0,0.0,0.0,0,4.1,0,0,7.28,0
2021,11,15,3,0,0.0,0.0,0.0,0,3.76,0,0,7.27,0
2021,11,15,4,0,0.0,0.0,0.0,0,3.39,0,0,7.27,0
2021,11,15,5,0,222.6,28.56,78.28,0,3.44,0,0,7.22,0
2021,11,15,6,0,445.8,119.99,249.8,0,4.29,0,0,7.66,0
2021,11,15,7,0,687.13,164.92,436.48,0,5.3,0,0,8.01,0
2021,11,15,8,0,669.79,170.39,607.65,0,6.41,0,0,7.85,0
2021,11,15,9,0,663.97,284.7,785.5,0,7.64,0,0,7.74,0
2021,11,15,10,0,540.38,374.73,886.38,0,8.92,0,0,7.74,0
2021,11,15,11,0,295.75,462.27,853.03,0,10.08,0,0,7.86,0
2021,11,15,12,0,230.48,493.73,757.33,0,11.07,0,0,8.03,0
2021,11,15,13,0,751.31,194.94,541.58,0,11.74,0,0,8.22,0
2021,11,15,14,0,263.3,320.04,473.52,0,12.1,0,0,8.29,0
2021,11,15,15,0,930.18,124.36,335.52,0,11.92,0,0,8.16,0
2021,11,15,16,0,463.84,72.77,216.38,0,11.4,0,0,7.7,0
2021,11,15,17,0,306.36,50.38,121.57,0,10.48,0,0,6.81,0
2021,11,15,18,0,57.79,11.15,14.95,0,9.18,0,0,5.45,0
2021,11,15,19,0,0.0,0.0,0.0,0,8.22,0,0,4.71,0
2021,11,15,20,0,0.0,0.0,0.0,0,7.9,0,0,4.53,0
2021,11,15,21,0,0.0,0.0,0.0,0,7.64,0,0,4.25,0
2021,11,15,22,0,0.0,0.0,0.0,0,7.3,0,0,4.09,0
2021,11,15,23,0,0.0,0.0,0.0,0,6.78,0,0,3.57,0
2021,11,16,0,0,0.0,0.0,0.0,0,6.3,0,0,3.38,0
2021,11,16,1,0,0.0,0.0,0.0,0,5.82,0,0,3.03,0
2021,11,16,2,0,0.0,0.0,0.0,0,5.4,0,0,3.05,0
2021,11,16,3,0,0.0,0.0,0.0,0,5.05,0,0,2.81,0
2021,11,16,4,0,0.0,0.0,0.0,0,4.84,0,0,2.58,0
2021,11,16,5,0,233.67,31.77,71.1,0,4.98,0,0,2.55,0
2021,11,16,6,0,632.77,79.71,249.05,0,6.24,0,0,2.96,0
2021,11,16,7,0,642.04,184.14,502.23,0,8.39,0,0,4.82,0
2021,11,16,8,0,721.06,210.24,568.75,0,9.98,0,0,4.58,0
2021,11,16,9,0,567.05,277.88,753.97,0,11.45,0,0,3.97,0
2021,11,16,10,0,791.94,148.14,855.7,0,12.84,0,0,3.54,0
2021,11,16,11,0,816.95,227.27,1062.62,0,14.1,0,0,3.37,0
2021,11,16,12,0,606.2,279.86,1065.45,0,15.03,0,0,3.34,0
2021,11,16,13,0,943.92,133.81,981.15,0,15.6,0,0,3.39,0
2021,11,16,14,0,846.59,202.57,818.08,0,15.73,0,0,3.44,0
2021,11,16,15,0,850.99,103.27,641.67,0,15.42,0,0,3.42,0
2021,11,16,16,0,863.07,63.86,427.65,0,14.76,0,0,3.26,0
2021,11,16,17,0,626.68,48.11,203.45,0,13.73,0,0,2.99,0
2021,11,16,18,0,118.53,13.23,22.38,0,11.66,0,0,2.66,0
2021,11,16,19,0,0.0,0.0,0.0,0,9.08,0,0,3.11,0
2021,11,16,20,0,0.0,0.0,0.0,0,7.93,0,0,3.2,0
2021,11,16,21,0,0.0,0.0,0.0,0,7.17,0,0,3.12,0
2021,11,16,22,0,0.0,0.0,0.0,0,6.38,0,0,3.26,0
2021,11,16,23,0,0.0,0.0,0.0,0,5.56,0,0,3.85,0
2021,11,17,0,0,0.0,0.0,0.0,0,5.27,0,0,4.08,0
2021,11,17,1,0,0.0,0.0,0.0,0,5.04,0,0,3.59,0
2021,11,17,2,0,0.0,0.0,0.0,0,4.93,0,0,3.11,0
2021,11,17,3,0,0.0,0.0,0.0,0,4.91,0,0,2.81,0
2021,11,17,4,0,0.0,0.0,0.0,0,4.92,0,0,2.44,0
2021,11,17,5,0,231.43,49.48,75.05,0,5.19,0,0,2.31,0
2021,11,17,6,0,526.4,108.3,272.55,0,6.76,0,0,2.45,0
2021,11,17,7,0,702.81,135.31,503.6,0,9.44,0,0,2.74,0
2021,11,17,8,0,686.58,158.3,626.35,0,12.4,0,0,2.6,0
2021,11,17,9,0,597.23,314.05,804.05,0,14.57,0,0,2.3,0
2021,11,17,10,0,774.2,230.64,988.88,0,16.23,0,0,2.13,0
2021,11,17,11,0,725.87,265.26,997.05,0,17.55,0,0,2.09,0
2021,11,17,12,0,600.49,343.73,998.17,0,18.55,0,0,2.09,0
2021,11,17,13,0,670.49,240.38,895.72,0,19.15,0,0,2.1,0
2021,11,17,14,0,633.12,221.66,699.35,0,19.42,0,0,2.03,0
2021,11,17,15,0,622.01,206.34,528.25,0,19.33,0,0,1.87,0
2021,11,17,16,0,452.96,177.86,339.33,0,18.89,0,0,1.64,0
2021,11,17,17,0,411.68,88.27,160.02,0,17.96,0,0,1.3,0
2021,11,17,18,0,37.56,23.37,18.62,0,16.02,0,0,1.65,0
2021,11,17,19,0,0.0,0.0,0.0,0,14.06,0,0,2.67,0
2021,11,17,20,0,0.0,0.0,0.0,0,12.33,0,0,3.91,0
2021,11,17,21,0,0.0,0.0,0.0,0,11.33,0,0,4.21,0
2021,11,17,22,0,0.0,0.0,0.0,0,10.52,0,0,3.82,0
2021,11,17,23,0,0.0,0.0,0.0,0,10.09,0,0,3.6,0
2021,11,18,0,0,0.0,0.0,0.0,0,9.88,0,0,3.28,0
2021,11,18,1,0,0.0,0.0,0.0,0,9.48,0,0,3.25,0
2021,11,18,2,0,0.0,0.0,0.0,0,9.01,0,0,3.02,0
2021,11,18,3,0,0.0,0.0,0.0,0,8.61,0,0,2.94,0
2021,11,18,4,0,0.0,0.0,0.0,0,8.46,0,0,2.75,0
2021,11,18,5,0,172.06,39.97,74.53,0,8.84,0,0,2.89,0
2021,11,18,6,0,679.67,65.46,295.95,0,10.43,0,0,2.71,0
2021,11,18,7,0,817.66,92.6,530.03,0,13.25,0,0,2.49,0
2021,11,18,8,0,919.82,90.28,741.78,0,16.52,0,0,2.61,0
2021,11,18,9,0,774.34,225.62,873.85,0,18.64,0,0,2.81,0
2021,11,18,10,0,815.39,125.83,894.72,0,19.94,0,0,3.1,0
2021,11,18,11,0,511.25,332.11,1008.42,0,20.86,0,0,3.37,0
2021,11,18,12,0,751.63,285.61,1005.55,0,21.49,0,0,3.47,0
2021,11,18,13,0,691.02,277.41,904.15,0,21.85,0,0,3.55,0
2021,11,18,14,0,707.32,242.14,731.22,0,21.91,0,0,3.68,0
2021,11,18,15,0,288.06,305.69,547.28,0,21.68,0,0,3.64,0
2021,11,18,16,0,161.42,278.08,330.9,0,21.14,0,0,3.36,0
2021,11,18,17,0,230.69,104.74,146.27,0,20.19,0,0,2.39,0
2021,11,18,18,0,22.02,16.46,15.95,0,17.77,0,0,2.62,0
2021,11,18,19,0,0.0,0.0,0.0,0,15.41,0,0,3.86,0
2021,11,18,20,0,0.0,0.0,0.0,0,14.42,0,0,4.95,0
2021,11,18,21,0,0.0,0.0,0.0,0,14.39,0,0,4.97,0
2021,11,18,22,0,0.0,0.0,0.0,0,14.28,0,0,4.62,0
2021,11,18,23,0,0.0,0.0,0.0,0,14.06,0,0,4.83,0
2021,11,19,0,0,0.0,0.0,0.0,0,14.16,0,0,4.12,0
2021,11,19,1,0,0.0,0.0,0.0,0,13.83,0,0,3.94,0
2021,11,19,2,0,0.0,0.0,0.0,0,13.53,0,0,4.59,0
2021,11,19,3,0,0.0,0.0,0.0,0,13.46,0,0,5.08,0
2021,11,19,4,0,0.0,0.0,0.0,0,13.53,0,0,5.38,0
2021,11,19,5,0,74.98,57.12,60.05,0,13.86,0,0,5.31,0
2021,11,19,6,0,75.3,179.67,218.4,0,15.6,0,0,5.0,0
2021,11,19,7,0,682.55,331.2,436.48,0,17.4,0,0,5.15,0
2021,11,19,8,0,128.27,399.28,509.75,0,19.02,0,0,5.39,0
2021,11,19,9,0,199.82,510.98,695.2,0,19.72,0,0,5.15,0
2021,11,19,10,0,160.68,499.96,648.22,0,20.04,0,0,5.26,0
2021,11,19,11,0,21.68,489.86,653.1,0,20.68,0,0,5.38,0
2021,11,19,12,0,44.35,454.3,588.8,0,21.67,0,0,5.63,0
2021,11,19,13,0,0.14,337.93,425.42,0,21.92,0,0,5.75,0
2021,11,19,14,0,0.0,274.81,329.73,0,21.53,0,0,5.4,0
2021,11,19,15,0,0.0,186.51,217.52,0,20.58,0,0,4.45,0
2021,11,19,16,0,0.0,127.11,146.27,0,19.69,0,0,3.21,0
2021,11,19,17,0,0.0,61.99,69.5,0,19.02,0,0,2.55,0
2021,11,19,18,0,0.0,10.13,10.05,0,17.71,0,0,1.82,0
2021,11,19,19,0,0.0,0.0,0.0,0,16.55,0,0,1.44,0
2021,11,19,20,0,0.0,0.0,0.0,0,16.26,0,0,0.77,0
2021,11,19,21,0,0.0,0.0,0.0,0,15.79,0,0,0.42,0
2021,11,19,22,0,0.0,0.0,0.0,0,15.02,0,0,0.93,0
2021,11,19,23,0,0.0,0.0,0.0,0,14.26,0,0,1.31,0
2021,11,20,0,0,0.0,0.0,0.0,0,14.06,0,0,1.44,0
2021,11,20,1,0,0.0,0.0,0.0,0,13.64,0,0,2.64,0
2021,11,20,2,0,0.0,0.0,0.0,0,13.2,0,0,3.61,0
2021,11,20,3,0,0.0,0.0,0.0,0,13.27,0,0,3.75,0
2021,11,20,4,0,0.0,0.0,0.0,0,13.29,0,0,3.33,0
2021,11,20,5,0,19.92,40.58,45.95,0,13.43,0,0,2.54,0
2021,11,20,6,0,31.57,138.93,163.02,0,14.57,0,0,2.03,0
2021,11,20,7,0,58.83,280.46,323.8,0,15.94,0,0,2.44,0
2021,11,20,8,0,34.55,247.76,312.15,0,17.47,0,0,3.61,0
2021,11,20,9,0,0.0,216.92,277.85,0,18.53,0,0,4.34,0
2021,11,20,10,0,0.12,352.42,433.42,0,18.48,0,0,4.6,0
2021,11,20,11,0,0.0,299.04,395.33,0,18.19,0,0,4.97,0
2021,11,20,12,0,64.64,254.6,372.35,0,18.72,0,0,5.91,0
2021,11,20,13,0,36.12,293.78,385.77,0,20.01,0,0,7.02,0
2021,11,20,14,0,28.61,318.11,403.42,0,20.35,0,0,7.29,0
2021,11,20,15,0,0.91,242.76,283.25,0,20.1,0,0,6.9,0
2021,11,20,16,0,9.99,139.58,161.35,0,19.2,0,0,5.85,0
2021,11,20,17,0,25.65,51.75,58.88,0,17.68,0,0,4.52,0
2021,11,20,18,0,0.0,8.49,8.23,0,16.05,0,0,3.6,0
2021,11,20,19,0,0.0,0.0,0.0,0,14.89,0,0,3.13,0
2021,11,20,20,0,0.0,0.0,0.0,0,14.48,0,0,2.22,0
2021,11,20,21,0,0.0,0.0,0.0,0,14.09,0,0,1.95,0
2021,11,20,22,0,0.0,0.0,0.0,0,13.65,0,0,1.78,0
2021,11,20,23,0,0.0,0.0,0.0,0,13.57,0,0,1.42,0
2021,11,21,0,0,0.0,0.0,0.0,0,13.71,0,0,0.4,0
2021,11,21,1,0,0.0,0.0,0.0,0,13.47,0,0,0.55,0
2021,11,21,2,0,0.0,0.0,0.0,0,13.37,0,0,0.37,0
2021,11,21,3,0,0.0,0.0,0.0,0,13.22,0,0,0.4,0
2021,11,21,4,0,0.0,0.0,0.0,0,12.79,0,0,1.52,0
2021,11,21,5,0,0.0,18.62,19.12,0,12.6,0,0,2.8,0
2021,11,21,6,0,0.0,53.17,65.57,0,12.83,0,0,2.73,0
2021,11,21,7,0,0.0,100.88,114.6,0,13.15,0,0,2.81,0
2021,11,21,8,0,0.0,168.85,206.68,0,13.35,0,0,3.58,0
2021,11,21,9,0,16.41,251.33,325.27,0,13.68,0,0,3.67,0
2021,11,21,10,0,44.61,270.42,380.98,0,14.31,0,0,4.22,0
2021,11,21,11,0,33.09,265.46,349.73,0,14.77,0,0,5.13,0
2021,11,21,12,0,33.37,266.22,348.6,0,15.1,0,0,5.92,0
2021,11,21,13,0,68.46,238.18,332.5,0,14.8,0,0,4.99,0
2021,11,21,14,0,0.0,216.83,271.48,0,14.15,0,0,4.95,0
2021,11,21,15,0,0.0,183.78,213.32,0,13.53,0,0,5.43,0
2021,11,21,16,0,0.0,118.79,136.7,0,12.76,0,0,5.82,0
2021,11,21,17,0,0.0,56.75,63.62,0,12.01,0,0,6.56,0
2021,11,21,18,0,0.0,8.83,8.55,0,11.25,0,0,7.0,0
2021,11,21,19,0,0.0,0.0,0.0,0,10.51,0,0,7.14,0
2021,11,21,20,0,0.0,0.0,0.0,0,10.02,0,0,7.03,0
2021,11,21,21,0,0.0,0.0,0.0,0,9.7,0,0,6.95,0
2021,11,21,22,0,0.0,0.0,0.0,0,9.51,0,0,6.81,0
2021,11,21,23,0,0.0,0.0,0.0,0,9.39,0,0,6.57,0
2021,11,22,0,0,0.0,0.0,0.0,0,9.29,0,0,6.38,0
2021,11,22,1,0,0.0,0.0,0.0,0,9.26,0,0,6.33,0
2021,11,22,2,0,0.0,0.0,0.0,0,9.27,0,0,6.34,0
2021,11,22,3,0,0.0,0.0,0.0,0,9.28,0,0,6.31,0
2021,11,22,4,0,0.0,0.0,0.0,0,9.26,0,0,6.24,0
2021,11,22,5,0,75.74,40.4,57.78,0,9.37,0,0,6.24,0
2021,11,22,6,0,235.19,119.48,176.0,0,9.99,0,0,6.26,0
2021,11,22,7,0,215.91,218.19,347.9,0,10.88,0,0,6.69,0
2021,11,22,8,0,416.51,226.22,470.9,0,12.36,0,0,6.83,0
2021,11,22,9,0,309.02,317.95,554.72,0,14.16,0,0,6.62,0
2021,11,22,10,0,331.68,432.15,739.58,0,15.79,0,0,6.26,0
2021,11,22,11,0,440.42,351.88,952.28,0,17.15,0,0,5.81,0
2021,11,22,12,0,690.3,319.59,997.15,0,18.15,0,0,5.35,0
2021,11,22,13,0,624.02,311.31,909.55,0,18.62,0,0,5.16,0
2021,11,22,14,0,701.15,164.1,697.33,0,18.61,0,0,5.18,0
2021,11,22,15,0,496.9,234.12,531.38,0,18.15,0,0,5.22,0
2021,11,22,16,0,523.94,124.09,325.7,0,17.24,0,0,5.22,0
2021,11,22,17,0,282.27,100.37,162.5,0,15.97,0,0,5.09,0
2021,11,22,18,0,58.3,22.7,22.12,0,14.31,0,0,4.63,0
2021,11,22,19,0,0.0,0.0,0.0,0,12.58,0,0,4.35,0
2021,11,22,20,0,0.0,0.0,0.0,0,11.43,0,0,4.31,0
2021,11,22,21,0,0.0,0.0,0.0,0,10.58,0,0,4.37,0
2021,11,22,22,0,0.0,0.0,0.0,0,10.12,0,0,4.45,0
2021,11,22,23,0,0.0,0.0,0.0,0,9.92,0,0,4.69,0
2021,11,23,0,0,0.0,0.0,0.0,0,9.81,0,0,4.79,0
2021,11,23,1,0,0.0,0.0,0.0,0,9.75,0,0,4.75,0
2021,11,23,2,0,0.0,0.0,0.0,0,9.77,0,0,4.78,0
2021,11,23,3,0,0.0,0.0,0.0,0,9.76,0,0,4.75,0
2021,11,23,4,0,0.0,0.0,0.0,0,9.61,0,0,4.73,0
2021,11,23,5,0,177.9,44.73,75.25,0,9.91,0,0,4.64,0
2021,11,23,6,0,483.79,97.22,237.15,0,11.3,0,0,4.66,0
2021,11,23,7,0,555.25,124.45,399.75,0,13.46,0,0,5.06,0
2021,11,23,8,0,494.37,214.33,556.03,0,15.95,0,0,4.95,0
2021,11,23,9,0,528.78,253.35,727.62,0,18.15,0,0,4.24,0
2021,11,23,10,0,561.29,195.09,720.5,0,19.86,0,0,3.31,0
2021,11,23,11,0,169.24,497.36,819.25,0,20.9,0,0,2.85,0
2021,11,23,12,0,117.35,541.73,717.33,0,21.34,0,0,2.69,0
2021,11,23,13,0,97.99,447.44,581.05,0,21.48,0,0,2.54,0
2021,11,23,14,0,222.99,382.53,519.33,0,21.42,0,0,2.37,0
2021,11,23,15,0,66.7,332.37,397.45,0,20.95,0,0,2.57,0
2021,11,23,16,0,40.03,196.78,242.5,0,20.34,0,0,2.81,0
2021,11,23,17,0,21.34,99.28,112.57,0,19.29,0,0,2.44,0
2021,11,23,18,0,0.0,16.58,16.08,0,17.82,0,0,2.74,0
2021,11,23,19,0,0.0,0.0,0.0,0,16.65,0,0,3.34,0
2021,11,23,20,0,0.0,0.0,0.0,0,16.05,0,0,3.43,0
2021,11,23,21,0,0.0,0.0,0.0,0,15.52,0,0,3.39,0
2021,11,23,22,0,0.0,0.0,0.0,0,15.01,0,0,3.5,0
2021,11,23,23,0,0.0,0.0,0.0,0,14.58,0,0,3.5,0
2021,11,24,0,0,0.0,0.0,0.0,0,14.21,0,0,3.43,0
2021,11,24,1,0,0.0,0.0,0.0,0,13.9,0,0,3.44,0
2021,11,24,2,0,0.0,0.0,0.0,0,13.7,0,0,3.34,0
2021,11,24,3,0,0.0,0.0,0.0,0,13.61,0,0,3.32,0
2021,11,24,4,0,0.0,0.0,0.0,0,13.58,0,0,3.34,0
2021,11,24,5,0,25.36,29.68,33.0,0,13.71,0,0,3.22,0
2021,11,24,6,0,43.86,81.96,95.0,0,14.3,0,0,3.13,0
2021,11,24,7,0,35.15,98.51,126.1,0,15.15,0,0,2.98,0
2021,11,24,8,0,25.11,254.85,318.4,0,16.34,0,0,3.17,0
2021,11,24,9,0,50.47,318.07,401.48,0,17.74,0,0,3.29,0
2021,11,24,10,0,0.12,486.24,598.03,0,18.79,0,0,3.27,0
2021,11,24,11,0,32.96,444.54,596.12,0,19.77,0,0,3.13,0
2021,11,24,12,0,51.12,398.14,518.92,0,20.93,0,0,3.34,0
2021,11,24,13,0,104.21,388.83,524.75,0,21.97,0,0,3.84,0
2021,11,24,14,0,5.51,330.01,414.15,0,22.64,0,0,4.38,0
2021,11,24,15,0,2.7,219.39,255.1,0,22.29,0,0,4.3,0
2021,11,24,16,0,1.55,124.12,150.27,0,21.29,0,0,3.37,0
2021,11,24,17,0,0.84,59.11,66.7,0,20.02,0,0,2.82,0
2021,11,24,18,0,0.0,11.23,10.88,0,18.5,0,0,3.09,0
2021,11,24,19,0,0.0,0.0,0.0,0,17.4,0,0,3.41,0
2021,11,24,20,0,0.0,0.0,0.0,0,17.01,0,0,3.3,0
2021,11,24,21,0,0.0,0.0,0.0,0,16.71,0,0,3.11,0
2021,11,24,22,0,0.0,0.0,0.0,0,16.56,0,0,3.27,0
2021,11,24,23,0,0.0,0.0,0.0,0,16.45,0,0,3.3,0
2021,11,25,0,0,0.0,0.0,0.0,0,16.31,0,0,3.18,0
2021,11,25,1,0,0.0,0.0,0.0,0,16.1,0,0,3.18,0
2021,11,25,2,0,0.0,0.0,0.0,0,15.93,0,0,3.38,0
2021,11,25,3,0,0.0,0.0,0.0,0,15.86,0,0,3.5,0
2021,11,25,4,0,0.0,0.0,0.0,0,15.69,0,0,3.34,0
2021,11,25,5,0,0.0,31.89,34.1,0,15.85,0,0,3.62,0
2021,11,25,6,0,2.31,83.27,102.82,0,16.68,0,0,3.33,0
2021,11,25,7,0,20.07,85.5,107.53,0,17.69,0,0,3.15,0
2021,11,25,8,0,0.76,140.58,172.2,0,18.98,0,0,3.71,0
2021,11,25,9,0,32.25,203.91,267.75,0,20.61,0,0,4.2,0
2021,11,25,10,0,0.72,251.73,309.73,0,21.89,0,0,4.25,0
2021,11,25,11,0,31.79,204.74,281.92,0,22.62,0,0,4.02,0
2021,11,25,12,0,32.35,191.7,254.9,0,23.14,0,0,3.69,0
2021,11,25,13,0,19.07,131.61,169.15,0,23.2,0,0,3.35,0
2021,11,25,14,0,0.14,122.36,153.23,0,22.56,0,0,3.06,0
2021,11,25,15,0,37.7,144.12,182.15,0,21.27,0,0,2.7,0
2021,11,25,16,0,18.49,99.95,122.97,0,19.88,0,0,1.72,0
2021,11,25,17,0,10.82,52.0,64.3,0,18.96,0,0,0.88,0
2021,11,25,18,0,9.18,13.97,12.4,0,18.32,0,0,1.04,0
2021,11,25,19,0,0.0,0.0,0.0,0,17.76,0,0,1.88,0
2021,11,25,20,0,0.0,0.0,0.0,0,17.4,0,0,2.44,0
2021,11,25,21,0,0.0,0.0,0.0,0,17.19,0,0,2.67,0
2021,11,25,22,0,0.0,0.0,0.0,0,16.97,0,0,2.48,0
2021,11,25,23,0,0.0,0.0,0.0,0,16.69,0,0,2.15,0
2021,11,26,0,0,0.0,0.0,0.0,0,16.47,0,0,2.55,0
2021,11,26,1,0,0.0,0.0,0.0,0,16.42,0,0,2.33,0
2021,11,26,2,0,0.0,0.0,0.0,0,16.22,0,0,2.15,0
2021,11,26,3,0,0.0,0.0,0.0,0,16.04,0,0,2.98,0
2021,11,26,4,0,0.0,0.0,0.0,0,16.05,0,0,3.43,0
2021,11,26,5,0,0.0,17.14,18.33,0,15.87,0,0,3.28,0
2021,11,26,6,0,0.0,49.01,60.45,0,15.86,0,0,3.3,0
2021,11,26,7,0,5.9,103.39,117.97,0,15.63,0,0,3.44,0
2021,11,26,8,0,5.76,146.42,180.18,0,15.14,0,0,4.14,0
2021,11,26,9,0,67.87,296.7,408.0,0,14.97,0,0,4.95,0
2021,11,26,10,0,18.33,337.78,419.25,0,15.71,0,0,5.55,0
2021,11,26,11,0,80.9,259.41,455.08,0,16.8,0,0,5.69,0
2021,11,26,12,0,93.65,285.61,469.08,0,17.17,0,0,5.78,0
2021,11,26,13,0,44.66,281.02,382.88,0,16.67,0,0,6.04,0
2021,11,26,14,0,50.9,312.25,397.48,0,15.96,0,0,6.08,0
2021,11,26,15,0,108.71,252.97,334.1,0,15.29,0,0,6.01,0
2021,11,26,16,0,93.93,139.58,187.07,0,14.5,0,0,5.69,0
2021,11,26,17,0,65.39,74.12,93.18,0,13.56,0,0,4.94,0
2021,11,26,18,0,8.85,15.07,13.38,0,12.51,0,0,5.25,0
2021,11,26,19,0,0.0,0.0,0.0,0,11.54,0,0,6.06,0
2021,11,26,20,0,0.0,0.0,0.0,0,10.78,0,0,6.44,0
2021,11,26,21,0,0.0,0.0,0.0,0,10.23,0,0,6.67,0
2021,11,26,22,0,0.0,0.0,0.0,0,9.87,0,0,6.72,0
2021,11,26,23,0,0.0,0.0,0.0,0,9.62,0,0,6.49,0
2021,11,27,0,0,0.0,0.0,0.0,0,9.49,0,0,6.38,0
2021,11,27,1,0,0.0,0.0,0.0,0,9.48,0,0,6.28,0
2021,11,27,2,0,0.0,0.0,0.0,0,9.42,0,0,6.16,0
2021,11,27,3,0,0.0,0.0,0.0,0,9.28,0,0,6.0,0
2021,11,27,4,0,0.0,0.0,0.0,0,9.14,0,0,5.82,0
2021,11,27,5,0,19.95,29.64,32.0,0,9.11,0,0,5.64,0
2021,11,27,6,0,34.58,86.11,108.05,0,9.38,0,0,5.54,0
2021,11,27,7,0,47.99,158.0,210.43,0,9.84,0,0,5.84,0
2021,11,27,8,0,32.11,274.16,343.85,0,10.53,0,0,6.0,0
2021,11,27,9,0,92.06,347.52,464.0,0,11.5,0,0,5.99,0
2021,11,27,10,0,65.39,450.61,567.8,0,12.54,0,0,5.84,0
2021,11,27,11,0,15.71,425.79,562.33,0,13.47,0,0,5.67,0
2021,11,27,12,0,38.5,431.12,579.72,0,14.2,0,0,5.46,0
2021,11,27,13,0,4.05,418.33,528.65,0,14.6,0,0,5.32,0
2021,11,27,14,0,53.47,357.56,444.12,0,14.61,0,0,5.26,0
2021,11,27,15,0,6.2,268.17,317.7,0,14.31,0,0,5.25,0
2021,11,27,16,0,491.03,74.95,220.32,0,13.7,0,0,5.28,0
2021,11,27,17,0,348.64,59.35,129.62,0,12.74,0,0,5.21,0
2021,11,27,18,0,208.73,19.04,25.77,0,11.46,0,0,4.95,0
2021,11,27,19,0,0.0,0.0,0.0,0,10.19,0,0,5.02,0
2021,11,27,20,0,0.0,0.0,0.0,0,9.44,0,0,5.17,0
2021,11,27,21,0,0.0,0.0,0.0,0,8.91,0,0,4.9,0
2021,11,27,22,0,0.0,0.0,0.0,0,8.55,0,0,5.05,0
2021,11,27,23,0,0.0,0.0,0.0,0,8.32,0,0,5.09,0
2021,11,28,0,0,0.0,0.0,0.0,0,8.14,0,0,4.96,0
2021,11,28,1,0,0.0,0.0,0.0,0,8.0,0,0,4.72,0
2021,11,28,2,0,0.0,0.0,0.0,0,7.93,0,0,4.63,0
2021,11,28,3,0,0.0,0.0,0.0,0,7.91,0,0,4.48,0
2021,11,28,4,0,0.0,0.0,0.0,0,7.96,0,0,4.42,0
2021,11,28,5,0,174.77,29.43,55.95,0,8.13,0,0,4.37,0
2021,11,28,6,0,536.39,50.39,154.43,0,8.78,0,0,4.52,0
2021,11,28,7,0,417.58,150.11,268.62,0,9.93,0,0,4.83,0
2021,11,28,8,0,67.72,330.63,422.3,0,11.72,0,0,4.52,0
2021,11,28,9,0,93.47,431.56,628.53,0,14.06,0,0,4.07,0
2021,11,28,10,0,402.79,339.12,672.67,0,16.26,0,0,3.56,0
2021,11,28,11,0,170.54,430.54,850.85,0,17.93,0,0,3.29,0
2021,11,28,12,0,281.74,443.6,813.38,0,18.76,0,0,3.07,0
2021,11,28,13,0,274.7,309.58,604.28,0,19.13,0,0,2.71,0
2021,11,28,14,0,45.72,361.7,457.33,0,19.2,0,0,2.47,0
2021,11,28,15,0,28.85,226.09,271.58,0,18.73,0,0,2.56,0
2021,11,28,16,0,34.01,175.52,203.43,0,17.64,0,0,2.93,0
2021,11,28,17,0,62.36,71.19,101.75,0,16.24,0,0,3.25,0
2021,11,28,18,0,33.22,22.18,20.02,0,14.58,0,0,3.55,0
2021,11,28,19,0,0.0,0.0,0.0,0,13.06,0,0,3.64,0
2021,11,28,20,0,0.0,0.0,0.0,0,11.94,0,0,3.63,0
2021,11,28,21,0,0.0,0.0,0.0,0,10.97,0,0,3.56,0
2021,11,28,22,0,0.0,0.0,0.0,0,10.28,0,0,3.44,0
2021,11,28,23,0,0.0,0.0,0.0,0,9.81,0,0,3.41,0
2021,11,29,0,0,0.0,0.0,0.0,0,9.48,0,0,3.34,0
2021,11,29,1,0,0.0,0.0,0.0,0,9.21,0,0,3.17,0
2021,11,29,2,0,0.0,0.0,0.0,0,8.98,0,0,2.98,0
2021,11,29,3,0,0.0,0.0,0.0,0,8.79,0,0,2.67,0
2021,11,29,4,0,0.0,0.0,0.0,0,8.65,0,0,2.59,0
2021,11,29,5,0,62.11,41.82,45.58,0,8.67,0,0,2.62,0
2021,11,29,6,0,117.97,95.75,135.25,0,9.2,0,0,2.87,0
2021,11,29,7,0,140.56,169.92,259.15,0,10.36,0,0,3.06,0
2021,11,29,8,0,181.6,278.67,426.25,0,12.05,0,0,3.03,0
2021,11,29,9,0,439.74,222.37,524.08,0,13.88,0,0,2.79,0
2021,11,29,10,0,162.61,366.87,559.62,0,15.7,0,0,2.65,0
2021,11,29,11,0,367.7,241.86,566.45,0,17.69,0,0,2.94,0
2021,11,29,12,0,268.37,287.19,520.85,0,19.52,0,0,3.19,0
2021,11,29,13,0,227.77,336.4,547.83,0,20.37,0,0,3.15,0
2021,11,29,14,0,524.16,183.4,477.62,0,20.76,0,0,2.96,0
2021,11,29,15,0,518.59,250.36,528.08,0,20.82,0,0,2.55,0
2021,11,29,16,0,502.23,129.03,353.58,0,20.44,0,0,1.91,0
2021,11,29,17,0,444.69,76.0,185.07,0,19.66,0,0,1.05,0
2021,11,29,18,0,89.41,27.25,33.2,0,18.26,0,0,1.19,0
2021,11,29,19,0,0.0,0.0,0.0,0,16.39,0,0,2.63,0
2021,11,29,20,0,0.0,0.0,0.0,0,15.64,0,0,3.73,0
2021,11,29,21,0,0.0,0.0,0.0,0,15.55,0,0,3.61,0
2021,11,29,22,0,0.0,0.0,0.0,0,15.36,0,0,3.5,0
2021,11,29,23,0,0.0,0.0,0.0,0,15.06,0,0,3.17,0
2021,11,30,0,0,0.0,0.0,0.0,0,14.69,0,0,3.02,0
2021,11,30,1,0,0.0,0.0,0.0,0,14.37,0,0,3.11,0
2021,11,30,2,0,0.0,0.0,0.0,0,14.03,0,0,2.65,0
2021,11,30,3,0,0.0,0.0,0.0,0,13.59,0,0,2.51,0
2021,11,30,4,0,0.0,0.0,0.0,0,13.19,0,0,2.4,0
2021,11,30,5,0,24.61,39.86,43.0,0,13.3,0,0,2.18,0
2021,11,30,6,0,16.56,94.75,117.75,0,14.38,0,0,1.94,0
2021,11,30,7,0,11.79,252.51,287.88,0,16.02,0,0,1.77,0
2021,11,30,8,0,1.21,316.76,387.92,0,17.76,0,0,1.12,0
2021,11,30,9,0,506.39,258.51,690.0,0,18.82,0,0,1.15,0
2021,11,30,10,0,804.0,179.95,946.72,0,19.36,0,0,1.43,0
2021,11,30,11,0,471.07,341.0,896.62,0,19.92,0,0,1.56,0
2021,11,30,12,0,198.7,387.53,689.2,0,20.31,0,0,1.63,0
2021,11,30,13,0,40.56,356.85,481.58,0,20.48,0,0,1.66,0
2021,11,30,14,0,263.25,415.53,679.08,0,20.35,0,0,2.01,0
2021,11,30,15,0,0.0,255.68,302.0,0,19.84,0,0,2.07,0
2021,11,30,16,0,0.0,159.8,194.2,0,19.04,0,0,1.56,0
2021,11,30,17,0,0.0,84.18,96.0,0,17.65,0,0,2.14,0
2021,11,30,18,0,0.0,18.22,18.3,0,16.24,0,0,3.0,0
2021,11,30,19,0,0.0,0.0,0.0,0,15.34,0,0,3.37,0
2021,11,30,20,0,0.0,0.0,0.0,0,14.86,0,0,3.67,0
2021,11,30,21,0,0.0,0.0,0.0,0,14.43,0,0,3.36,0
2021,11,30,22,0,0.0,0.0,0.0,0,14.1,0,0,3.29,0
2021,11,30,23,0,0.0,0.0,0.0,0,13.9,0,0,3.05,0
2021,12,1,0,0,0.0,0.0,0.0,0,13.88,0,0,3.21,0
2021,12,1,1,0,0.0,0.0,0.0,0,13.97,0,0,2.86,0
2021,12,1,2,0,0.0,0.0,0.0,0,14.03,0,0,2.69,0
2021,12,1,3,0,0.0,0.0,0.0,0,14.08,0,0,2.58,0
2021,12,1,4,0,0.0,0.0,0.0,0,14.06,0,0,2.53,0
2021,12,1,5,0,40.48,41.03,52.53,0,14.12,0,0,2.57,0
2021,12,1,6,0,182.21,101.31,158.27,0,14.56,0,0,2.12,0
2021,12,1,7,0,372.01,160.74,309.33,0,15.23,0,0,1.53,0
2021,12,1,8,0,143.01,373.8,517.35,0,16.41,0,0,1.78,0
2021,12,1,9,0,125.28,398.88,602.38,0,17.74,0,0,2.44,0
2021,12,1,10,0,333.25,386.38,680.78,0,18.9,0,0,2.51,0
2021,12,1,11,0,454.58,342.64,736.12,0,19.66,0,0,2.28,0
2021,12,1,12,0,382.87,347.44,671.53,0,20.06,0,0,2.08,0
2021,12,1,13,0,385.51,251.82,603.9,0,20.17,0,0,1.87,0
2021,12,1,14,0,288.2,262.39,514.53,0,20.11,0,0,1.61,0
2021,12,1,15,0,342.57,196.09,392.77,0,19.85,0,0,1.32,0
2021,12,1,16,0,259.42,155.81,269.08,0,19.41,0,0,1.07,0
2021,12,1,17,0,204.45,82.2,141.43,0,18.82,0,0,0.9,0
2021,12,1,18,0,100.33,23.1,31.12,0,18.1,0,0,1.11,0
2021,12,1,19,0,0.0,0.0,0.0,0,17.26,0,0,1.41,0
2021,12,1,20,0,0.0,0.0,0.0,0,16.76,0,0,1.85,0
2021,12,1,21,0,0.0,0.0,0.0,0,16.37,0,0,2.62,0
2021,12,1,22,0,0.0,0.0,0.0,0,15.93,0,0,3.16,0
2021,12,1,23,0,0.0,0.0,0.0,0,15.53,0,0,3.63,0
2021,12,2,0,0,0.0,0.0,0.0,0,15.13,0,0,3.06,0
2021,12,2,1,0,0.0,0.0,0.0,0,14.62,0,0,2.64,0
2021,12,2,2,0,0.0,0.0,0.0,0,14.21,0,0,2.33,0
2021,12,2,3,0,0.0,0.0,0.0,0,13.88,0,0,2.29,0
2021,12,2,4,0,0.0,0.0,0.0,0,13.65,0,0,2.43,0
2021,12,2,5,0,264.84,40.57,92.88,0,13.87,0,0,2.26,0
2021,12,2,6,0,627.4,73.0,299.02,0,14.88,0,0,1.52,0
2021,12,2,7,0,786.24,100.8,526.9,0,16.18,0,0,1.06,0
2021,12,2,8,0,878.5,105.74,733.67,0,18.3,0,0,0.97,0
2021,12,2,9,0,931.28,101.18,903.15,0,20.53,0,0,1.09,0
2021,12,2,10,0,919.97,131.38,1013.88,0,22.09,0,0,1.25,0
2021,12,2,11,0,706.54,258.06,1039.12,0,23.4,0,0,1.47,0
2021,12,2,12,0,652.47,320.35,1007.75,0,24.29,0,0,1.73,0
2021,12,2,13,0,596.6,272.0,894.25,0,24.57,0,0,2.0,0
2021,12,2,14,0,637.8,252.37,756.72,0,24.55,0,0,2.25,0
2021,12,2,15,0,594.29,159.82,595.4,0,24.26,0,0,2.35,0
2021,12,2,16,0,692.38,100.06,409.08,0,23.74,0,0,2.09,0
2021,12,2,17,0,615.42,56.73,219.93,0,23.01,0,0,1.4,0
2021,12,2,18,0,292.36,20.64,46.2,0,21.63,0,0,1.08,0
2021,12,2,19,0,0.0,0.0,0.0,0,20.3,0,0,0.74,0
2021,12,2,20,0,0.0,0.0,0.0,0,18.95,0,0,1.56,0
2021,12,2,21,0,0.0,0.0,0.0,0,17.23,0,0,2.61,0
2021,12,2,22,0,0.0,0.0,0.0,0,15.82,0,0,3.33,0
2021,12,2,23,0,0.0,0.0,0.0,0,15.11,0,0,3.41,0
2021,12,3,0,0,0.0,0.0,0.0,0,14.6,0,0,3.08,0
2021,12,3,1,0,0.0,0.0,0.0,0,14.21,0,0,2.81,0
2021,12,3,2,0,0.0,0.0,0.0,0,14.12,0,0,2.63,0
2021,12,3,3,0,0.0,0.0,0.0,0,14.27,0,0,2.15,0
2021,12,3,4,0,0.0,0.0,0.0,0,14.54,0,0,1.72,0
2021,12,3,5,0,313.93,35.3,98.0,0,14.61,0,0,2.07,0
2021,12,3,6,0,707.15,60.25,306.95,0,16.47,0,0,1.89,0
2021,12,3,7,0,839.13,78.13,530.65,0,19.55,0,0,1.54,0
2021,12,3,8,0,924.85,79.76,736.2,0,22.69,0,0,3.2,0
2021,12,3,9,0,976.48,76.18,904.75,0,24.21,0,0,3.43,0
2021,12,3,10,0,874.5,155.45,1016.1,0,25.3,0,0,3.45,0
2021,12,3,11,0,799.39,242.34,1040.18,0,26.12,0,0,3.51,0
2021,12,3,12,0,680.93,264.68,986.95,0,26.61,0,0,3.61,0
2021,12,3,13,0,752.62,153.12,814.35,0,26.6,0,0,3.57,0
2021,12,3,14,0,460.44,317.82,770.2,0,26.24,0,0,3.22,0
2021,12,3,15,0,575.04,202.06,617.17,0,25.69,0,0,2.68,0
2021,12,3,16,0,604.54,129.5,413.58,0,24.99,0,0,2.04,0
2021,12,3,17,0,454.05,68.25,204.35,0,23.98,0,0,1.13,0
2021,12,3,18,0,194.07,23.16,39.62,0,22.43,0,0,0.52,0
2021,12,3,19,0,0.0,0.0,0.0,0,20.47,0,0,1.53,0
2021,12,3,20,0,0.0,0.0,0.0,0,18.58,0,0,3.13,0
2021,12,3,21,0,0.0,0.0,0.0,0,17.54,0,0,3.98,0
2021,12,3,22,0,0.0,0.0,0.0,0,17.24,0,0,3.81,0
2021,12,3,23,0,0.0,0.0,0.0,0,16.92,0,0,3.6,0
2021,12,4,0,0,0.0,0.0,0.0,0,16.65,0,0,3.25,0
2021,12,4,1,0,0.0,0.0,0.0,0,16.36,0,0,2.93,0
2021,12,4,2,0,0.0,0.0,0.0,0,16.23,0,0,2.84,0
2021,12,4,3,0,0.0,0.0,0.0,0,16.11,0,0,2.52,0
2021,12,4,4,0,0.0,0.0,0.0,0,15.89,0,0,2.16,0
2021,12,4,5,0,144.42,61.88,80.18,0,15.87,0,0,1.54,0
2021,12,4,6,0,334.21,146.79,270.17,0,16.62,0,0,1.36,0
2021,12,4,7,0,680.87,141.85,508.55,0,18.27,0,0,2.7,0
2021,12,4,8,0,696.93,204.37,713.67,0,19.93,0,0,3.64,0
2021,12,4,9,0,923.47,113.22,912.7,0,20.89,0,0,4.06,0
2021,12,4,10,0,975.64,109.08,1039.8,0,21.62,0,0,4.24,0
2021,12,4,11,0,1051.53,73.38,1106.95,0,22.12,0,0,4.46,0
2021,12,4,12,0,972.17,100.73,1096.82,0,22.36,0,0,4.72,0
2021,12,4,13,0,965.28,109.98,1018.05,0,22.38,0,0,4.91,0
2021,12,4,14,0,938.14,113.29,879.3,0,22.21,0,0,4.74,0
2021,12,4,15,0,906.29,92.42,695.08,0,21.75,0,0,4.35,0
2021,12,4,16,0,824.99,79.84,481.8,0,21.03,0,0,3.9,0
2021,12,4,17,0,647.15,60.98,252.95,0,19.99,0,0,3.21,0
2021,12,4,18,0,220.03,25.45,49.58,0,17.95,0,0,2.65,0
2021,12,4,19,0,0.0,0.0,0.0,0,15.24,0,0,3.15,0
2021,12,4,20,0,0.0,0.0,0.0,0,13.89,0,0,3.59,0
2021,12,4,21,0,0.0,0.0,0.0,0,12.81,0,0,3.86,0
2021,12,4,22,0,0.0,0.0,0.0,0,12.16,0,0,4.3,0
2021,12,4,23,0,0.0,0.0,0.0,0,11.86,0,0,4.45,0
2021,12,5,0,0,0.0,0.0,0.0,0,11.26,0,0,4.23,0
2021,12,5,1,0,0.0,0.0,0.0,0,10.78,0,0,4.55,0
2021,12,5,2,0,0.0,0.0,0.0,0,10.28,0,0,4.88,0
2021,12,5,3,0,0.0,0.0,0.0,0,9.86,0,0,4.97,0
2021,12,5,4,0,0.0,0.0,0.0,0,9.64,0,0,5.06,0
2021,12,5,5,0,186.31,40.55,67.1,0,9.66,0,0,5.01,0
2021,12,5,6,0,316.12,132.99,231.9,0,10.23,0,0,5.15,0
2021,12,5,7,0,579.81,163.99,440.0,0,11.7,0,0,4.98,0
2021,12,5,8,0,465.93,307.47,651.55,0,13.97,0,0,4.59,0
2021,12,5,9,0,298.43,377.73,669.8,0,16.2,0,0,4.04,0
2021,12,5,10,0,520.14,293.94,742.58,0,18.02,0,0,3.68,0
2021,12,5,11,0,406.98,420.91,892.38,0,19.31,0,0,3.64,0
2021,12,5,12,0,432.81,379.15,870.7,0,20.31,0,0,3.94,0
2021,12,5,13,0,494.17,301.16,747.08,0,20.55,0,0,4.34,0
2021,12,5,14,0,643.99,184.1,574.92,0,20.32,0,0,4.64,0
2021,12,5,15,0,405.47,240.26,532.65,0,19.82,0,0,4.88,0
2021,12,5,16,0,449.72,158.35,360.35,0,18.8,0,0,5.2,0
2021,12,5,17,0,445.03,89.85,191.98,0,17.15,0,0,5.28,0
2021,12,5,18,0,132.37,26.42,39.95,0,15.15,0,0,5.09,0
2021,12,5,19,0,0.0,0.0,0.0,0,13.12,0,0,5.05,0
2021,12,5,20,0,0.0,0.0,0.0,0,11.66,0,0,5.3,0
2021,12,5,21,0,0.0,0.0,0.0,0,10.55,0,0,5.46,0
2021,12,5,22,0,0.0,0.0,0.0,0,9.83,0,0,5.44,0
2021,12,5,23,0,0.0,0.0,0.0,0,9.36,0,0,5.5,0
2021,12,6,0,0,0.0,0.0,0.0,0,9.01,0,0,5.54,0
2021,12,6,1,0,0.0,0.0,0.0,0,8.76,0,0,5.15,0
2021,12,6,2,0,0.0,0.0,0.0,0,8.62,0,0,4.64,0
2021,12,6,3,0,0.0,0.0,0.0,0,8.74,0,0,4.48,0
2021,12,6,4,0,0.0,0.0,0.0,0,8.89,0,0,4.3,0
2021,12,6,5,0,41.57,53.27,56.7,0,9.23,0,0,4.18,0
2021,12,6,6,0,40.94,139.24,173.45,0,10.26,0,0,4.46,0
2021,12,6,7,0,61.63,251.91,321.65,0,12.13,0,0,4.84,0
2021,12,6,8,0,30.23,298.07,369.83,0,14.48,0,0,4.71,0
2021,12,6,9,0,61.94,297.39,378.8,0,16.41,0,0,4.51,0
2021,12,6,10,0,0.48,333.13,409.77,0,18.03,0,0,4.29,0
2021,12,6,11,0,41.95,256.1,353.58,0,18.86,0,0,4.12,0
2021,12,6,12,0,58.01,233.73,316.2,0,18.6,0,0,3.88,0
2021,12,6,13,0,55.63,206.0,288.27,0,18.25,0,0,3.62,0
2021,12,6,14,0,66.66,151.53,226.07,0,18.14,0,0,3.52,0
2021,12,6,15,0,0.34,185.22,222.07,0,18.03,0,0,3.59,0
2021,12,6,16,0,0.24,103.04,128.73,0,17.41,0,0,3.24,0
2021,12,6,17,0,0.0,47.38,55.97,0,16.63,0,0,2.6,0
2021,12,6,18,0,0.0,9.49,9.48,0,15.85,0,0,2.66,0
2021,12,6,19,0,0.0,0.0,0.0,0,14.87,0,0,3.02,0
2021,12,6,20,0,0.0,0.0,0.0,0,14.46,0,0,3.62,0
2021,12,6,21,0,0.0,0.0,0.0,0,14.25,0,0,3.49,0
2021,12,6,22,0,0.0,0.0,0.0,0,14.01,0,0,3.49,0
2021,12,6,23,0,0.0,0.0,0.0,0,13.68,0,0,3.43,0
2021,12,7,0,0,0.0,0.0,0.0,0,13.39,0,0,3.51,0
2021,12,7,1,0,0.0,0.0,0.0,0,13.18,0,0,3.56,0
2021,12,7,2,0,0.0,0.0,0.0,0,13.05,0,0,3.58,0
2021,12,7,3,0,0.0,0.0,0.0,0,12.99,0,0,3.35,0
2021,12,7,4,0,0.0,0.0,0.0,0,12.99,0,0,3.21,0
2021,12,7,5,0,114.66,39.78,56.35,0,13.32,0,0,3.56,0
2021,12,7,6,0,239.93,107.27,185.85,0,14.21,0,0,3.58,0
2021,12,7,7,0,241.55,201.21,363.9,0,15.73,0,0,3.83,0
2021,12,7,8,0,406.67,240.99,500.48,0,17.75,0,0,5.06,0
2021,12,7,9,0,448.33,279.61,665.2,0,19.71,0,0,5.09,0
2021,12,7,10,0,448.27,350.17,704.78,0,21.13,0,0,4.84,0
2021,12,7,11,0,188.06,397.58,683.97,0,21.87,0,0,4.66,0
2021,12,7,12,0,363.87,287.69,675.6,0,22.25,0,0,4.74,0
2021,12,7,13,0,172.43,306.96,538.45,0,21.99,0,0,4.72,0
2021,12,7,14,0,76.06,251.33,363.62,0,21.6,0,0,4.49,0
2021,12,7,15,0,34.55,211.21,289.98,0,20.98,0,0,3.95,0
2021,12,7,16,0,26.63,159.12,201.5,0,20.35,0,0,3.13,0
2021,12,7,17,0,1.97,86.32,100.65,0,19.51,0,0,1.89,0
2021,12,7,18,0,7.66,20.61,22.02,0,18.33,0,0,1.1,0
2021,12,7,19,0,0.0,0.0,0.0,0,17.32,0,0,1.16,0
2021,12,7,20,0,0.0,0.0,0.0,0,16.27,0,0,1.88,0
2021,12,7,21,0,0.0,0.0,0.0,0,15.34,0,0,2.61,0
2021,12,7,22,0,0.0,0.0,0.0,0,14.69,0,0,2.84,0
2021,12,7,23,0,0.0,0.0,0.0,0,14.12,0,0,2.9,0
2021,12,8,0,0,0.0,0.0,0.0,0,13.84,0,0,2.73,0
2021,12,8,1,0,0.0,0.0,0.0,0,13.81,0,0,2.28,0
2021,12,8,2,0,0.0,0.0,0.0,0,13.15,0,0,2.82,0
2021,12,8,3,0,0.0,0.0,0.0,0,12.96,0,0,2.89,0
2021,12,8,4,0,0.0,0.0,0.0,0,13.0,0,0,2.17,0
2021,12,8,5,0,118.4,41.92,68.05,0,13.13,0,0,1.9,0
2021,12,8,6,0,301.97,108.28,202.68,0,14.0,0,0,1.86,0
2021,12,8,7,0,310.0,160.95,334.42,0,15.09,0,0,1.61,0
2021,12,8,8,0,274.55,288.78,535.9,0,16.23,0,0,1.67,0
2021,12,8,9,0,404.18,329.28,661.67,0,17.67,0,0,1.63,0
2021,12,8,10,0,424.82,362.85,814.53,0,18.99,0,0,1.97,0
2021,12,8,11,0,276.93,379.69,753.88,0,19.93,0,0,2.68,0
2021,12,8,12,0,206.77,289.02,514.35,0,20.38,0,0,3.05,0
2021,12,8,13,0,175.11,224.59,368.25,0,20.83,0,0,3.36,0
2021,12,8,14,0,76.68,225.25,328.75,0,21.15,0,0,3.42,0
2021,12,8,15,0,34.79,40.62,59.08,0,20.87,0,0,3.02,0
2021,12,8,16,0,0.0,89.51,111.8,0,20.22,0,0,2.4,0
2021,12,8,17,0,0.0,54.87,63.9,0,19.3,0,0,1.6,0
2021,12,8,18,0,0.0,16.26,17.3,0,17.66,0,0,1.58,0
2021,12,8,19,0,0.0,0.0,0.0,0,15.82,0,0,2.0,0
2021,12,8,20,0,0.0,0.0,0.0,0,14.67,0,0,2.39,0
2021,12,8,21,0,0.0,0.0,0.0,0,13.7,0,0,2.99,0
2021,12,8,22,0,0.0,0.0,0.0,0,13.05,0,0,3.55,0
2021,12,8,23,0,0.0,0.0,0.0,0,12.86,0,0,2.49,0
2021,12,9,0,0,0.0,0.0,0.0,0,12.31,0,0,2.54,0
2021,12,9,1,0,0.0,0.0,0.0,0,11.7,0,0,2.88,0
2021,12,9,2,0,0.0,0.0,0.0,0,10.9,0,0,3.63,0
2021,12,9,3,0,0.0,0.0,0.0,0,10.08,0,0,3.25,0
2021,12,9,4,0,0.0,0.0,0.0,0,9.28,0,0,2.46,0
2021,12,9,5,0,152.39,59.53,73.1,0,8.85,0,0,2.86,0
2021,12,9,6,0,388.74,139.1,251.68,0,9.64,0,0,2.77,0
2021,12,9,7,0,529.91,175.62,484.75,0,11.76,0,0,2.62,0
2021,12,9,8,0,732.12,187.26,709.3,0,14.96,0,0,2.08,0
2021,12,9,9,0,558.06,263.67,783.5,0,17.88,0,0,0.64,0
2021,12,9,10,0,486.75,323.08,761.0,0,19.75,0,0,1.35,0
2021,12,9,11,0,438.87,316.48,801.53,0,20.17,0,0,2.94,0
2021,12,9,12,0,382.26,405.57,846.53,0,20.11,0,0,3.98,0
2021,12,9,13,0,405.44,401.65,810.15,0,19.76,0,0,4.31,0
2021,12,9,14,0,423.02,229.36,531.03,0,18.96,0,0,4.14,0
2021,12,9,15,0,383.82,242.67,491.55,0,17.75,0,0,3.82,0
2021,12,9,16,0,393.33,111.77,293.3,0,16.49,0,0,3.27,0
2021,12,9,17,0,399.58,66.61,155.57,0,15.52,0,0,2.64,0
2021,12,9,18,0,186.11,19.93,34.62,0,14.23,0,0,2.25,0
2021,12,9,19,0,0.0,0.0,0.0,0,12.74,0,0,2.83,0
2021,12,9,20,0,0.0,0.0,0.0,0,11.93,0,0,3.19,0
2021,12,9,21,0,0.0,0.0,0.0,0,11.13,0,0,3.24,0
2021,12,9,22,0,0.0,0.0,0.0,0,10.41,0,0,3.12,0
2021,12,9,23,0,0.0,0.0,0.0,0,9.82,0,0,2.9,0
2021,12,10,0,0,0.0,0.0,0.0,0,9.2,0,0,2.82,0
2021,12,10,1,0,0.0,0.0,0.0,0,8.51,0,0,2.92,0
2021,12,10,2,0,0.0,0.0,0.0,0,8.11,0,0,2.94,0
2021,12,10,3,0,0.0,0.0,0.0,0,8.05,0,0,3.09,0
2021,12,10,4,0,0.0,0.0,0.0,0,8.02,0,0,3.52,0
2021,12,10,5,0,228.45,38.63,72.25,0,7.84,0,0,4.29,0
2021,12,10,6,0,382.42,79.79,202.38,0,7.61,0,0,5.22,0
2021,12,10,7,0,403.2,129.94,346.08,0,7.58,0,0,5.08,0
2021,12,10,8,0,359.36,264.17,496.05,0,7.98,0,0,5.34,0
2021,12,10,9,0,162.68,297.0,465.9,0,8.59,0,0,5.58,0
2021,12,10,10,0,145.16,258.71,462.02,0,9.57,0,0,5.51,0
2021,12,10,11,0,87.78,359.1,544.75,0,10.81,0,0,5.73,0
2021,12,10,12,0,52.74,448.76,611.4,0,12.1,0,0,6.09,0
2021,12,10,13,0,152.38,403.38,608.15,0,13.1,0,0,6.26,0
2021,12,10,14,0,124.8,308.22,439.98,0,13.65,0,0,6.68,0
2021,12,10,15,0,167.63,219.51,334.2,0,14.09,0,0,6.69,0
2021,12,10,16,0,198.46,157.23,237.85,0,14.21,0,0,6.13,0
2021,12,10,17,0,102.03,100.6,126.85,0,13.68,0,0,5.21,0
2021,12,10,18,0,88.82,29.21,31.27,0,12.53,0,0,3.85,0
2021,12,10,19,0,0.0,0.0,0.0,0,11.02,0,0,3.48,0
2021,12,10,20,0,0.0,0.0,0.0,0,10.2,0,0,2.95,0
2021,12,10,21,0,0.0,0.0,0.0,0,9.57,0,0,2.64,0
2021,12,10,22,0,0.0,0.0,0.0,0,9.13,0,0,2.48,0
2021,12,10,23,0,0.0,0.0,0.0,0,8.82,0,0,2.27,0
2021,12,11,0,0,0.0,0.0,0.0,0,8.57,0,0,2.2,0
2021,12,11,1,0,0.0,0.0,0.0,0,7.91,0,0,2.28,0
2021,12,11,2,0,0.0,0.0,0.0,0,7.12,0,0,2.04,0
2021,12,11,3,0,0.0,0.0,0.0,0,6.61,0,0,1.95,0
2021,12,11,4,0,0.0,0.0,0.0,0,6.32,0,0,2.13,0
2021,12,11,5,0,293.31,33.05,86.75,0,6.63,0,0,2.32,0
2021,12,11,6,0,478.98,69.63,252.8,0,8.38,0,0,2.58,0
2021,12,11,7,0,801.04,74.83,409.8,0,11.16,0,0,2.53,0
2021,12,11,8,0,619.66,141.25,539.38,0,14.19,0,0,2.03,0
2021,12,11,9,0,514.44,285.54,768.88,0,16.76,0,0,1.86,0
2021,12,11,10,0,556.63,216.83,746.97,0,18.56,0,0,1.96,0
2021,12,11,11,0,397.26,418.2,898.35,0,19.71,0,0,2.11,0
2021,12,11,12,0,591.18,366.15,836.45,0,20.28,0,0,2.16,0
2021,12,11,13,0,318.32,489.27,854.42,0,20.44,0,0,2.23,0
2021,12,11,14,0,378.06,318.88,628.58,0,20.35,0,0,2.36,0
2021,12,11,15,0,242.13,277.09,465.85,0,19.96,0,0,2.5,0
2021,12,11,16,0,294.32,200.71,318.27,0,19.05,0,0,2.68,0
2021,12,11,17,0,268.63,95.44,173.57,0,17.93,0,0,2.71,0
2021,12,11,18,0,149.1,27.53,48.5,0,16.58,0,0,2.6,0
2021,12,11,19,0,0.0,0.0,0.0,0,15.08,0,0,3.03,0
2021,12,11,20,0,0.0,0.0,0.0,0,14.14,0,0,3.36,0
2021,12,11,21,0,0.0,0.0,0.0,0,13.36,0,0,3.51,0
2021,12,11,22,0,0.0,0.0,0.0,0,12.65,0,0,3.45,0
2021,12,11,23,0,0.0,0.0,0.0,0,11.77,0,0,3.27,0
2021,12,12,0,0,0.0,0.0,0.0,0,10.96,0,0,3.13,0
2021,12,12,1,0,0.0,0.0,0.0,0,10.23,0,0,2.87,0
2021,12,12,2,0,0.0,0.0,0.0,0,9.5,0,0,2.69,0
2021,12,12,3,0,0.0,0.0,0.0,0,8.8,0,0,2.77,0
2021,12,12,4,0,0.0,0.0,0.0,0,8.18,0,0,2.82,0
2021,12,12,5,0,350.55,35.44,97.2,0,8.3,0,0,2.86,0
2021,12,12,6,0,737.31,59.67,312.8,0,9.75,0,0,3.16,0
2021,12,12,7,0,892.6,68.59,542.0,0,12.32,0,0,2.83,0
2021,12,12,8,0,962.73,74.39,751.9,0,15.18,0,0,1.99,0
2021,12,12,9,0,753.94,205.45,889.83,0,17.82,0,0,1.24,0
2021,12,12,10,0,798.16,198.07,994.62,0,19.51,0,0,1.23,0
2021,12,12,11,0,746.71,233.68,991.3,0,20.45,0,0,1.29,0
2021,12,12,12,0,772.4,284.87,1014.95,0,21.33,0,0,1.34,0
2021,12,12,13,0,688.48,268.54,925.97,0,21.86,0,0,1.39,0
2021,12,12,14,0,479.46,325.81,767.15,0,21.79,0,0,1.43,0
2021,12,12,15,0,618.67,220.37,598.45,0,21.54,0,0,1.42,0
2021,12,12,16,0,551.42,162.16,410.23,0,20.94,0,0,1.21,0
2021,12,12,17,0,465.68,75.33,227.2,0,19.88,0,0,1.12,0
2021,12,12,18,0,280.62,23.08,62.2,0,18.33,0,0,1.58,0
2021,12,12,19,0,0.0,0.0,0.0,0,16.43,0,0,2.54,0
2021,12,12,20,0,0.0,0.0,0.0,0,14.79,0,0,3.38,0
2021,12,12,21,0,0.0,0.0,0.0,0,13.41,0,0,3.61,0
2021,12,12,22,0,0.0,0.0,0.0,0,12.69,0,0,3.42,0
2021,12,12,23,0,0.0,0.0,0.0,0,12.31,0,0,2.75,0
2021,12,13,0,0,0.0,0.0,0.0,0,11.7,0,0,2.41,0
2021,12,13,1,0,0.0,0.0,0.0,0,11.34,0,0,2.4,0
2021,12,13,2,0,0.0,0.0,0.0,0,11.0,0,0,2.19,0
2021,12,13,3,0,0.0,0.0,0.0,0,10.63,0,0,2.03,0
2021,12,13,4,0,0.0,0.0,0.0,0,10.23,0,0,1.87,0
2021,12,13,5,0,341.61,39.8,96.38,0,10.47,0,0,1.58,0
2021,12,13,6,0,781.7,51.04,315.73,0,12.24,0,0,0.94,0
2021,12,13,7,0,880.9,77.92,540.08,0,15.27,0,0,0.13,0
2021,12,13,8,0,951.35,79.27,750.88,0,18.19,0,0,1.16,0
2021,12,13,9,0,774.69,194.07,893.97,0,20.02,0,0,1.49,0
2021,12,13,10,0,849.95,116.7,932.45,0,21.52,0,0,1.73,0
2021,12,13,11,0,856.72,247.72,1041.15,0,22.71,0,0,2.15,0
2021,12,13,12,0,678.93,232.73,998.78,0,23.5,0,0,2.73,0
2021,12,13,13,0,686.03,281.53,932.47,0,23.9,0,0,3.28,0
2021,12,13,14,0,748.57,145.2,714.25,0,23.93,0,0,3.65,0
2021,12,13,15,0,731.55,174.44,677.35,0,23.59,0,0,3.93,0
2021,12,13,16,0,680.18,126.87,472.55,0,22.87,0,0,3.99,0
2021,12,13,17,0,614.39,70.15,260.4,0,21.78,0,0,3.36,0
2021,12,13,18,0,286.56,28.6,69.78,0,19.65,0,0,2.91,0
2021,12,13,19,0,0.0,0.0,0.0,0,17.12,0,0,3.12,0
2021,12,13,20,0,0.0,0.0,0.0,0,15.93,0,0,3.04,0
2021,12,13,21,0,0.0,0.0,0.0,0,15.13,0,0,2.91,0
2021,12,13,22,0,0.0,0.0,0.0,0,14.4,0,0,2.85,0
2021,12,13,23,0,0.0,0.0,0.0,0,14.1,0,0,2.43,0
2021,12,14,0,0,0.0,0.0,0.0,0,14.04,0,0,1.86,0
2021,12,14,1,0,0.0,0.0,0.0,0,14.03,0,0,1.4,0
2021,12,14,2,0,0.0,0.0,0.0,0,13.64,0,0,1.2,0
2021,12,14,3,0,0.0,0.0,0.0,0,13.43,0,0,0.84,0
2021,12,14,4,0,0.0,0.0,0.0,0,13.1,0,0,0.47,0
2021,12,14,5,0,202.48,53.67,86.38,0,12.84,0,0,0.8,0
2021,12,14,6,0,426.34,162.07,272.48,0,14.51,0,0,1.02,0
2021,12,14,7,0,402.37,270.42,473.08,0,17.92,0,0,1.1,0
2021,12,14,8,0,747.99,198.22,710.3,0,21.28,0,0,2.49,0
2021,12,14,9,0,889.44,132.13,903.12,0,22.99,0,0,2.93,0
2021,12,14,10,0,1012.52,112.05,1021.58,0,24.2,0,0,3.2,0
2021,12,14,11,0,912.61,188.77,1073.88,0,25.01,0,0,3.36,0
2021,12,14,12,0,762.38,252.37,1031.25,0,25.49,0,0,3.51,0
2021,12,14,13,0,868.12,258.27,947.78,0,25.75,0,0,3.77,0
2021,12,14,14,0,702.94,255.27,802.65,0,25.82,0,0,3.99,0
2021,12,14,15,0,607.93,215.19,638.47,0,25.54,0,0,4.05,0
2021,12,14,16,0,562.81,160.51,449.52,0,24.8,0,0,3.91,0
2021,12,14,17,0,500.79,93.0,249.45,0,23.57,0,0,3.26,0
2021,12,14,18,0,287.62,35.17,65.35,0,21.52,0,0,3.12,0
2021,12,14,19,0,0.0,0.0,0.0,0,19.33,0,0,3.54,0
2021,12,14,20,0,0.0,0.0,0.0,0,17.89,0,0,3.51,0
2021,12,14,21,0,0.0,0.0,0.0,0,16.92,0,0,3.33,0
2021,12,14,22,0,0.0,0.0,0.0,0,16.36,0,0,2.99,0
2021,12,14,23,0,0.0,0.0,0.0,0,15.97,0,0,2.59,0
2021,12,15,0,0,0.0,0.0,0.0,0,15.73,0,0,2.12,0
2021,12,15,1,0,0.0,0.0,0.0,0,15.35,0,0,1.76,0
2021,12,15,2,0,0.0,0.0,0.0,0,14.94,0,0,1.62,0
2021,12,15,3,0,0.0,0.0,0.0,0,14.65,0,0,1.46,0
2021,12,15,4,0,0.0,0.0,0.0,0,14.39,0,0,1.58,0
2021,12,15,5,0,304.25,29.84,92.4,0,14.65,0,0,1.68,0
2021,12,15,6,0,728.98,55.63,300.77,0,16.73,0,0,1.4,0
2021,12,15,7,0,850.52,75.74,527.1,0,20.01,0,0,0.68,0
2021,12,15,8,0,924.0,85.47,736.45,0,23.46,0,0,1.4,0
2021,12,15,9,0,982.24,81.69,911.17,0,25.48,0,0,1.95,0
2021,12,15,10,0,985.4,89.72,1032.45,0,26.83,0,0,2.56,0
2021,12,15,11,0,936.61,137.39,1085.57,0,27.63,0,0,3.11,0
2021,12,15,12,0,737.19,243.42,1042.85,0,27.87,0,0,3.85,0
2021,12,15,13,0,507.64,376.17,849.97,0,27.58,0,0,4.46,0
2021,12,15,14,0,435.15,264.79,585.35,0,27.08,0,0,4.72,0
2021,12,15,15,0,361.4,234.89,476.4,0,26.6,0,0,4.45,0
2021,12,15,16,0,231.27,190.76,296.55,0,25.86,0,0,4.43,0
2021,12,15,17,0,160.77,112.45,156.4,0,24.01,0,0,4.89,0
2021,12,15,18,0,49.79,30.76,36.62,0,21.63,0,0,4.33,0
2021,12,15,19,0,0.0,0.0,0.0,0,19.5,0,0,2.98,0
2021,12,15,20,0,0.0,0.0,0.0,0,18.25,0,0,2.38,0
2021,12,15,21,0,0.0,0.0,0.0,0,17.35,0,0,2.47,0
2021,12,15,22,0,0.0,0.0,0.0,0,16.56,0,0,2.87,0
2021,12,15,23,0,0.0,0.0,0.0,0,15.8,0,0,3.14,0
2021,12,16,0,0,0.0,0.0,0.0,0,15.19,0,0,2.38,0
2021,12,16,1,0,0.0,0.0,0.0,0,14.8,0,0,1.75,0
2021,12,16,2,0,0.0,0.0,0.0,0,14.4,0,0,1.23,0
2021,12,16,3,0,0.0,0.0,0.0,0,13.99,0,0,1.41,0
2021,12,16,4,0,0.0,0.0,0.0,0,13.3,0,0,1.73,0
2021,12,16,5,0,148.99,57.64,74.55,0,13.29,0,0,1.92,0
2021,12,16,6,0,531.0,104.64,263.2,0,15.18,0,0,1.97,0
2021,12,16,7,0,600.09,138.69,473.17,0,17.61,0,0,2.51,0
2021,12,16,8,0,745.32,147.93,683.88,0,19.67,0,0,2.95,0
2021,12,16,9,0,889.71,129.36,880.65,0,21.3,0,0,3.37,0
2021,12,16,10,0,1013.79,85.35,1040.72,0,22.64,0,0,3.64,0
2021,12,16,11,0,984.96,100.3,1101.72,0,23.7,0,0,3.84,0
2021,12,16,12,0,966.05,125.33,1098.1,0,24.44,0,0,3.98,0
2021,12,16,13,0,986.74,99.57,1031.05,0,24.88,0,0,3.86,0
2021,12,16,14,0,986.51,80.08,901.7,0,24.93,0,0,3.55,0
2021,12,16,15,0,939.41,79.62,725.08,0,24.65,0,0,3.18,0
2021,12,16,16,0,875.62,70.24,516.97,0,24.05,0,0,2.75,0
2021,12,16,17,0,717.89,52.74,281.48,0,23.05,0,0,2.17,0
2021,12,16,18,0,357.39,26.71,74.12,0,20.97,0,0,1.93,0
2021,12,16,19,0,0.0,0.0,0.0,0,18.6,0,0,2.49,0
2021,12,16,20,0,0.0,0.0,0.0,0,17.33,0,0,3.02,0
2021,12,16,21,0,0.0,0.0,0.0,0,15.46,0,0,3.99,0
2021,12,16,22,0,0.0,0.0,0.0,0,14.72,0,0,4.6,0
2021,12,16,23,0,0.0,0.0,0.0,0,14.29,0,0,4.12,0
2021,12,17,0,0,0.0,0.0,0.0,0,13.44,0,0,3.99,0
2021,12,17,1,0,0.0,0.0,0.0,0,12.79,0,0,3.77,0
2021,12,17,2,0,0.0,0.0,0.0,0,12.24,0,0,3.65,0
2021,12,17,3,0,0.0,0.0,0.0,0,11.65,0,0,3.56,0
2021,12,17,4,0,0.0,0.0,0.0,0,11.08,0,0,3.59,0
2021,12,17,5,0,142.09,36.58,51.62,0,11.39,0,0,3.42,0
2021,12,17,6,0,447.32,82.99,185.27,0,13.27,0,0,3.4,0
2021,12,17,7,0,411.48,122.4,325.15,0,16.08,0,0,3.35,0
2021,12,17,8,0,505.32,229.49,593.0,0,19.01,0,0,2.91,0
2021,12,17,9,0,694.42,183.45,861.03,0,21.74,0,0,2.25,0
2021,12,17,10,0,905.92,151.78,1031.35,0,23.77,0,0,2.17,0
2021,12,17,11,0,979.21,121.87,1105.95,0,25.26,0,0,2.54,0
2021,12,17,12,0,988.06,113.33,1102.72,0,26.33,0,0,2.84,0
2021,12,17,13,0,884.01,166.57,996.22,0,27.06,0,0,2.81,0
2021,12,17,14,0,715.83,231.18,847.97,0,27.41,0,0,2.49,0
2021,12,17,15,0,640.75,178.79,652.35,0,27.38,0,0,2.14,0
2021,12,17,16,0,735.59,73.91,427.98,0,26.92,0,0,1.78,0
2021,12,17,17,0,576.0,63.73,249.0,0,26.03,0,0,1.28,0
2021,12,17,18,0,344.42,27.87,73.6,0,24.29,0,0,1.55,0
2021,12,17,19,0,0.0,0.0,0.0,0,20.88,0,0,3.52,0
2021,12,17,20,0,0.0,0.0,0.0,0,19.0,0,0,5.07,0
2021,12,17,21,0,0.0,0.0,0.0,0,18.89,0,0,4.86,0
2021,12,17,22,0,0.0,0.0,0.0,0,18.29,0,0,4.14,0
2021,12,17,23,0,0.0,0.0,0.0,0,17.54,0,0,3.97,0
2021,12,18,0,0,0.0,0.0,0.0,0,16.92,0,0,3.98,0
2021,12,18,1,0,0.0,0.0,0.0,0,16.43,0,0,3.8,0
2021,12,18,2,0,0.0,0.0,0.0,0,16.1,0,0,3.43,0
2021,12,18,3,0,0.0,0.0,0.0,0,15.88,0,0,3.3,0
2021,12,18,4,0,0.0,0.0,0.0,0,15.85,0,0,3.36,0
2021,12,18,5,0,100.62,56.32,71.0,0,16.51,0,0,3.36,0
2021,12,18,6,0,220.16,164.08,241.38,0,18.22,0,0,3.2,0
2021,12,18,7,0,386.37,242.92,442.25,0,20.51,0,0,3.28,0
2021,12,18,8,0,428.4,278.11,567.42,0,23.83,0,0,4.98,0
2021,12,18,9,0,239.11,340.09,603.83,0,26.12,0,0,6.32,0
2021,12,18,10,0,194.43,445.9,734.7,0,26.87,0,0,6.42,0
2021,12,18,11,0,515.97,356.67,921.08,0,27.36,0,0,6.45,0
2021,12,18,12,0,734.91,279.51,1008.28,0,27.31,0,0,6.23,0
2021,12,18,13,0,434.93,391.88,821.45,0,27.01,0,0,5.59,0
2021,12,18,14,0,355.31,428.7,712.4,0,27.1,0,0,5.12,0
2021,12,18,15,0,297.17,310.77,543.42,0,27.42,0,0,4.81,0
2021,12,18,16,0,562.78,135.63,429.08,0,27.24,0,0,3.85,0
2021,12,18,17,0,357.01,106.6,204.4,0,26.31,0,0,3.91,0
2021,12,18,18,0,70.68,41.82,48.35,0,24.73,0,0,4.37,0
2021,12,18,19,0,0.0,0.0,0.0,0,22.92,0,0,4.75,0
2021,12,18,20,0,0.0,0.0,0.0,0,22.27,0,0,5.27,0
2021,12,18,21,0,0.0,0.0,0.0,0,21.73,0,0,5.02,0
2021,12,18,22,0,0.0,0.0,0.0,0,21.18,0,0,5.06,0
2021,12,18,23,0,0.0,0.0,0.0,0,20.62,0,0,5.41,0
2021,12,19,0,0,0.0,0.0,0.0,0,20.26,0,0,5.25,0
2021,12,19,1,0,0.0,0.0,0.0,0,19.8,0,0,4.95,0
2021,12,19,2,0,0.0,0.0,0.0,0,19.25,0,0,5.04,0
2021,12,19,3,0,0.0,0.0,0.0,0,18.58,0,0,5.4,0
2021,12,19,4,0,0.0,0.0,0.0,0,17.94,0,0,5.34,0
2021,12,19,5,0,0.0,41.62,42.75,0,18.25,0,0,5.12,0
2021,12,19,6,0,0.0,130.68,142.4,0,19.91,0,0,4.8,0
2021,12,19,7,0,0.59,227.06,265.38,0,22.12,0,0,5.67,0
2021,12,19,8,0,0.16,286.41,347.8,0,24.11,0,0,7.38,0
2021,12,19,9,0,6.41,249.44,305.8,0,25.22,0,0,7.88,0
2021,12,19,10,0,0.96,354.49,436.12,0,25.82,0,0,8.11,0
2021,12,19,11,0,0.27,383.55,502.62,0,26.11,0,0,8.42,0
2021,12,19,12,0,3.54,239.68,315.08,0,26.2,0,0,8.97,0
2021,12,19,13,0,0.0,228.58,281.1,0,25.9,0,0,9.37,0
2021,12,19,14,0,0.0,156.85,191.6,0,24.82,0,0,9.38,0
2021,12,19,15,0,0.0,150.78,183.07,0,22.22,0,0,8.34,0
2021,12,19,16,0,16.22,72.82,85.65,0,20.1,0,0,6.08,0
2021,12,19,17,0,72.04,113.1,135.7,0,19.59,0,0,5.97,0
2021,12,19,18,0,30.31,44.41,40.47,0,19.04,0,0,5.98,0
2021,12,19,19,0,0.0,0.0,0.0,0,18.21,0,0,5.26,0
2021,12,19,20,0,0.0,0.0,0.0,0,17.58,0,0,5.12,0
2021,12,19,21,0,0.0,0.0,0.0,0,17.07,0,0,5.32,0
2021,12,19,22,0,0.0,0.0,0.0,0,16.82,0,0,5.04,0
2021,12,19,23,0,0.0,0.0,0.0,0,16.69,0,0,4.31,0
2021,12,20,0,0,0.0,0.0,0.0,0,16.54,0,0,3.35,0
2021,12,20,1,0,0.0,0.0,0.0,0,16.37,0,0,2.64,0
2021,12,20,2,0,0.0,0.0,0.0,0,16.19,0,0,2.26,0
2021,12,20,3,0,0.0,0.0,0.0,0,15.96,0,0,1.79,0
2021,12,20,4,0,0.0,0.0,0.0,0,15.73,0,0,1.48,0
2021,12,20,5,0,200.36,47.46,62.88,0,15.92,0,0,1.39,0
2021,12,20,6,0,315.47,125.98,206.93,0,16.82,0,0,1.45,0
2021,12,20,7,0,413.22,192.4,376.8,0,18.52,0,0,2.2,0
2021,12,20,8,0,455.12,320.95,582.8,0,21.04,0,0,3.11,0
2021,12,20,9,0,665.47,227.67,832.53,0,23.13,0,0,3.81,0
2021,12,20,10,0,821.48,163.96,929.8,0,24.6,0,0,4.19,0
2021,12,20,11,0,692.7,317.32,1019.8,0,25.69,0,0,4.41,0
2021,12,20,12,0,744.33,237.64,1034.43,0,26.47,0,0,4.52,0
2021,12,20,13,0,812.32,204.26,1003.58,0,26.94,0,0,4.79,0
2021,12,20,14,0,957.71,104.93,909.78,0,27.02,0,0,5.11,0
2021,12,20,15,0,939.83,89.15,741.62,0,26.65,0,0,5.22,0
2021,12,20,16,0,904.4,68.74,538.42,0,25.76,0,0,5.02,0
2021,12,20,17,0,772.29,51.85,307.33,0,24.38,0,0,4.24,0
2021,12,20,18,0,417.6,27.81,90.82,0,22.0,0,0,3.49,0
2021,12,20,19,0,0.0,0.0,0.0,0,18.88,0,0,3.88,0
2021,12,20,20,0,0.0,0.0,0.0,0,16.91,0,0,4.0,0
2021,12,20,21,0,0.0,0.0,0.0,0,15.63,0,0,3.79,0
2021,12,20,22,0,0.0,0.0,0.0,0,14.64,0,0,3.6,0
2021,12,20,23,0,0.0,0.0,0.0,0,13.93,0,0,3.42,0
2021,12,21,0,0,0.0,0.0,0.0,0,13.39,0,0,3.23,0
2021,12,21,1,0,0.0,0.0,0.0,0,12.95,0,0,3.05,0
2021,12,21,2,0,0.0,0.0,0.0,0,12.7,0,0,2.83,0
2021,12,21,3,0,0.0,0.0,0.0,0,12.69,0,0,2.53,0
2021,12,21,4,0,0.0,0.0,0.0,0,12.91,0,0,2.11,0
2021,12,21,5,0,466.99,25.59,98.05,0,13.78,0,0,1.57,0
2021,12,21,6,0,835.19,45.29,321.45,0,15.96,0,0,0.9,0
2021,12,21,7,0,961.53,55.41,553.92,0,18.65,0,0,0.3,0
2021,12,21,8,0,1025.44,60.29,765.85,0,22.26,0,0,2.79,0
2021,12,21,9,0,1057.11,60.7,942.25,0,24.79,0,0,3.95,0
2021,12,21,10,0,1083.32,58.11,1065.38,0,26.46,0,0,4.61,0
2021,12,21,11,0,1078.06,66.12,1123.0,0,27.71,0,0,5.06,0
2021,12,21,12,0,1079.26,64.71,1122.1,0,28.54,0,0,5.35,0
2021,12,21,13,0,1062.98,65.07,1055.97,0,28.94,0,0,5.54,0
2021,12,21,14,0,1030.56,67.56,928.75,0,28.87,0,0,5.44,0
2021,12,21,15,0,994.86,65.46,750.97,0,28.38,0,0,5.13,0
2021,12,21,16,0,925.73,58.87,539.47,0,27.49,0,0,4.61,0
2021,12,21,17,0,808.81,46.1,308.6,0,26.17,0,0,3.52,0
2021,12,21,18,0,416.62,28.22,92.15,0,23.72,0,0,2.96,0
2021,12,21,19,0,0.0,0.0,0.0,0,20.69,0,0,3.14,0
2021,12,21,20,0,0.0,0.0,0.0,0,19.5,0,0,2.79,0
2021,12,21,21,0,0.0,0.0,0.0,0,19.23,0,0,2.15,0
2021,12,21,22,0,0.0,0.0,0.0,0,19.06,0,0,1.62,0
2021,12,21,23,0,0.0,0.0,0.0,0,18.61,0,0,1.47,0
2021,12,22,0,0,0.0,0.0,0.0,0,18.1,0,0,1.59,0
2021,12,22,1,0,0.0,0.0,0.0,0,17.52,0,0,1.7,0
2021,12,22,2,0,0.0,0.0,0.0,0,16.99,0,0,1.7,0
2021,12,22,3,0,0.0,0.0,0.0,0,16.53,0,0,1.71,0
2021,12,22,4,0,0.0,0.0,0.0,0,15.98,0,0,1.83,0
2021,12,22,5,0,134.83,57.78,71.32,0,15.73,0,0,1.96,0
2021,12,22,6,0,232.32,151.27,268.52,0,17.49,0,0,1.67,0
2021,12,22,7,0,614.77,219.74,490.15,0,20.92,0,0,1.67,0
2021,12,22,8,0,739.11,206.08,716.28,0,23.57,0,0,2.85,0
2021,12,22,9,0,835.76,217.52,889.42,0,25.27,0,0,3.48,0
2021,12,22,10,0,644.1,341.49,969.72,0,26.64,0,0,3.72,0
2021,12,22,11,0,437.76,443.14,948.8,0,27.73,0,0,3.77,0
2021,12,22,12,0,378.07,507.41,995.97,0,28.47,0,0,3.67,0
2021,12,22,13,0,645.9,376.28,939.47,0,28.74,0,0,3.4,0
2021,12,22,14,0,899.32,187.22,870.85,0,28.78,0,0,2.93,0
2021,12,22,15,0,699.97,182.83,690.72,0,28.44,0,0,2.35,0
2021,12,22,16,0,676.39,140.98,499.95,0,27.42,0,0,1.52,0
2021,12,22,17,0,478.92,109.17,264.02,0,25.85,0,0,0.65,0
2021,12,22,18,0,201.28,52.23,67.47,0,23.97,0,0,1.74,0
2021,12,22,19,0,0.0,0.0,0.0,0,21.72,0,0,2.73,0
2021,12,22,20,0,0.0,0.0,0.0,0,19.79,0,0,3.42,0
2021,12,22,21,0,0.0,0.0,0.0,0,18.92,0,0,3.45,0
2021,12,22,22,0,0.0,0.0,0.0,0,18.19,0,0,3.28,0
2021,12,22,23,0,0.0,0.0,0.0,0,17.58,0,0,3.26,0
2021,12,23,0,0,0.0,0.0,0.0,0,17.12,0,0,3.33,0
2021,12,23,1,0,0.0,0.0,0.0,0,16.93,0,0,3.14,0
2021,12,23,2,0,0.0,0.0,0.0,0,16.77,0,0,3.05,0
2021,12,23,3,0,0.0,0.0,0.0,0,16.53,0,0,2.93,0
2021,12,23,4,0,0.0,0.0,0.0,0,16.27,0,0,2.7,0
2021,12,23,5,0,20.71,58.62,50.85,0,16.27,0,0,2.46,0
2021,12,23,6,0,183.01,135.24,181.07,0,17.14,0,0,2.45,0
2021,12,23,7,0,261.05,185.31,343.92,0,19.21,0,0,2.4,0
2021,12,23,8,0,566.86,221.71,584.75,0,21.8,0,0,2.54,0
2021,12,23,9,0,401.03,373.77,719.2,0,23.65,0,0,2.4,0
2021,12,23,10,0,308.73,437.28,822.2,0,24.7,0,0,2.35,0
2021,12,23,11,0,426.24,328.32,779.85,0,25.33,0,0,2.39,0
2021,12,23,12,0,376.7,362.23,801.08,0,25.53,0,0,2.36,0
2021,12,23,13,0,282.23,414.26,688.28,0,25.65,0,0,2.17,0
2021,12,23,14,0,195.85,236.66,417.27,0,25.67,0,0,1.93,0
2021,12,23,15,0,222.57,218.43,389.42,0,25.46,0,0,1.49,0
2021,12,23,16,0,182.41,156.49,263.5,0,25.09,0,0,0.85,0
2021,12,23,17,0,244.6,87.81,164.93,0,24.34,0,0,0.14,0
2021,12,23,18,0,144.11,41.79,58.5,0,22.82,0,0,1.34,0
2021,12,23,19,0,0.0,0.0,0.0,0,20.57,0,0,3.0,0
2021,12,23,20,0,0.0,0.0,0.0,0,18.99,0,0,4.04,0
2021,12,23,21,0,0.0,0.0,0.0,0,18.08,0,0,4.35,0
2021,12,23,22,0,0.0,0.0,0.0,0,17.45,0,0,3.81,0
2021,12,23,23,0,0.0,0.0,0.0,0,16.85,0,0,3.28,0
2021,12,24,0,0,0.0,0.0,0.0,0,16.31,0,0,2.93,0
2021,12,24,1,0,0.0,0.0,0.0,0,15.94,0,0,2.4,0
2021,12,24,2,0,0.0,0.0,0.0,0,15.65,0,0,2.11,0
2021,12,24,3,0,0.0,0.0,0.0,0,15.4,0,0,2.13,0
2021,12,24,4,0,0.0,0.0,0.0,0,15.13,0,0,2.15,0
2021,12,24,5,0,249.69,33.35,73.28,0,15.25,0,0,1.99,0
2021,12,24,6,0,535.77,90.27,269.38,0,16.39,0,0,1.56,0
2021,12,24,7,0,705.74,118.15,489.6,0,18.66,0,0,1.09,0
2021,12,24,8,0,803.82,135.81,701.9,0,21.86,0,0,0.78,0
2021,12,24,9,0,713.72,205.33,840.97,0,24.11,0,0,1.11,0
2021,12,24,10,0,763.86,250.53,985.33,0,25.64,0,0,1.55,0
2021,12,24,11,0,781.73,229.79,1036.1,0,26.78,0,0,1.86,0
2021,12,24,12,0,651.53,344.35,1017.97,0,27.57,0,0,2.01,0
2021,12,24,13,0,638.66,263.51,947.33,0,28.05,0,0,1.94,0
2021,12,24,14,0,788.64,146.26,727.97,0,28.21,0,0,1.79,0
2021,12,24,15,0,598.88,214.04,635.88,0,27.97,0,0,1.63,0
2021,12,24,16,0,591.34,156.45,433.48,0,27.33,0,0,1.4,0
2021,12,24,17,0,404.32,137.72,242.18,0,26.08,0,0,1.13,0
2021,12,24,18,0,149.79,45.01,71.38,0,23.97,0,0,1.51,0
2021,12,24,19,0,0.0,0.0,0.0,0,21.94,0,0,2.55,0
2021,12,24,20,0,0.0,0.0,0.0,0,20.44,0,0,3.47,0
2021,12,24,21,0,0.0,0.0,0.0,0,19.37,0,0,4.34,0
2021,12,24,22,0,0.0,0.0,0.0,0,18.99,0,0,3.98,0
2021,12,24,23,0,0.0,0.0,0.0,0,18.13,0,0,3.32,0
2021,12,25,0,0,0.0,0.0,0.0,0,17.47,0,0,3.02,0
2021,12,25,1,0,0.0,0.0,0.0,0,17.0,0,0,2.77,0
2021,12,25,2,0,0.0,0.0,0.0,0,16.62,0,0,2.59,0
2021,12,25,3,0,0.0,0.0,0.0,0,16.31,0,0,2.62,0
2021,12,25,4,0,0.0,0.0,0.0,0,16.04,0,0,2.59,0
2021,12,25,5,0,292.92,32.11,74.07,0,16.4,0,0,2.41,0
2021,12,25,6,0,601.21,77.46,276.3,0,18.09,0,0,2.17,0
2021,12,25,7,0,815.05,85.26,505.15,0,21.01,0,0,1.97,0
2021,12,25,8,0,889.67,98.84,714.2,0,23.76,0,0,1.69,0
2021,12,25,9,0,930.22,105.19,889.0,0,25.62,0,0,1.71,0
2021,12,25,10,0,789.45,199.61,998.35,0,26.85,0,0,1.99,0
2021,12,25,11,0,782.05,251.35,957.78,0,27.53,0,0,2.28,0
2021,12,25,12,0,398.44,349.93,723.0,0,27.84,0,0,2.44,0
2021,12,25,13,0,185.14,338.82,578.12,0,27.64,0,0,2.48,0
2021,12,25,14,0,297.45,180.43,383.33,0,27.09,0,0,2.38,0
2021,12,25,15,0,237.05,286.04,448.38,0,26.62,0,0,2.16,0
2021,12,25,16,0,140.27,195.58,305.95,0,26.0,0,0,1.82,0
2021,12,25,17,0,165.41,105.32,158.65,0,25.01,0,0,1.66,0
2021,12,25,18,0,68.89,38.4,46.78,0,23.24,0,0,2.42,0
2021,12,25,19,0,0.0,0.0,0.0,0,20.73,0,0,4.21,0
2021,12,25,20,0,0.0,0.0,0.0,0,19.65,0,0,4.88,0
2021,12,25,21,0,0.0,0.0,0.0,0,18.97,0,0,4.31,0
2021,12,25,22,0,0.0,0.0,0.0,0,18.26,0,0,4.15,0
2021,12,25,23,0,0.0,0.0,0.0,0,17.56,0,0,3.55,0
2021,12,26,0,0,0.0,0.0,0.0,0,16.89,0,0,3.23,0
2021,12,26,1,0,0.0,0.0,0.0,0,16.47,0,0,3.08,0
2021,12,26,2,0,0.0,0.0,0.0,0,16.12,0,0,3.0,0
2021,12,26,3,0,0.0,0.0,0.0,0,15.9,0,0,2.82,0
2021,12,26,4,0,0.0,0.0,0.0,0,15.77,0,0,2.51,0
2021,12,26,5,0,173.32,37.6,66.9,0,16.16,0,0,2.19,0
2021,12,26,6,0,530.67,91.42,259.52,0,17.59,0,0,1.36,0
2021,12,26,7,0,659.48,136.93,476.1,0,20.43,0,0,1.2,0
2021,12,26,8,0,644.88,175.6,630.92,0,23.12,0,0,1.22,0
2021,12,26,9,0,392.23,306.68,690.42,0,24.47,0,0,1.39,0
2021,12,26,10,0,359.68,359.46,731.65,0,25.3,0,0,1.53,0
2021,12,26,11,0,582.34,358.34,896.78,0,25.66,0,0,1.65,0
2021,12,26,12,0,704.43,288.24,1006.97,0,25.54,0,0,1.7,0
2021,12,26,13,0,699.59,203.94,844.33,0,25.3,0,0,1.67,0
2021,12,26,14,0,487.84,266.81,650.8,0,24.68,0,0,1.35,0
2021,12,26,15,0,179.05,235.65,389.85,0,23.81,0,0,0.9,0
2021,12,26,16,0,103.72,153.39,217.45,0,22.63,0,0,1.5,0
2021,12,26,17,0,42.86,96.29,126.03,0,21.29,0,0,1.73,0
2021,12,26,18,0,12.44,36.07,37.28,0,19.86,0,0,1.67,0
2021,12,26,19,0,0.0,0.0,0.0,0,18.51,0,0,2.92,0
2021,12,26,20,0,0.0,0.0,0.0,0,17.6,0,0,3.94,0
2021,12,26,21,0,0.0,0.0,0.0,0,16.9,0,0,4.18,0
2021,12,26,22,0,0.0,0.0,0.0,0,16.2,0,0,3.68,0
2021,12,26,23,0,0.0,0.0,0.0,0,15.63,0,0,3.81,0
2021,12,27,0,0,0.0,0.0,0.0,0,14.88,0,0,3.95,0
2021,12,27,1,0,0.0,0.0,0.0,0,14.04,0,0,3.91,0
2021,12,27,2,0,0.0,0.0,0.0,0,13.17,0,0,3.86,0
2021,12,27,3,0,0.0,0.0,0.0,0,12.37,0,0,3.81,0
2021,12,27,4,0,0.0,0.0,0.0,0,11.72,0,0,3.86,0
2021,12,27,5,0,163.19,32.59,58.83,0,11.52,0,0,4.06,0
2021,12,27,6,0,349.48,118.17,221.12,0,12.42,0,0,4.2,0
2021,12,27,7,0,536.01,208.87,415.45,0,14.3,0,0,3.9,0
2021,12,27,8,0,537.09,250.01,555.72,0,16.58,0,0,3.38,0
2021,12,27,9,0,564.91,253.76,713.55,0,18.78,0,0,2.65,0
2021,12,27,10,0,692.85,161.8,736.92,0,20.55,0,0,2.14,0
2021,12,27,11,0,351.19,413.33,845.08,0,21.62,0,0,1.95,0
2021,12,27,12,0,166.28,417.26,729.7,0,21.83,0,0,2.05,0
2021,12,27,13,0,154.94,373.64,594.22,0,21.94,0,0,2.51,0
2021,12,27,14,0,171.04,339.61,516.5,0,21.74,0,0,3.17,0
2021,12,27,15,0,236.89,276.04,499.05,0,20.91,0,0,4.12,0
2021,12,27,16,0,207.51,216.26,341.0,0,19.39,0,0,5.12,0
2021,12,27,17,0,126.97,141.12,180.05,0,17.55,0,0,5.77,0
2021,12,27,18,0,68.15,58.63,60.3,0,15.52,0,0,5.82,0
2021,12,27,19,0,0.0,0.0,0.0,0,13.72,0,0,5.59,0
2021,12,27,20,0,0.0,0.0,0.0,0,12.58,0,0,5.56,0
2021,12,27,21,0,0.0,0.0,0.0,0,11.94,0,0,5.59,0
2021,12,27,22,0,0.0,0.0,0.0,0,11.47,0,0,5.54,0
2021,12,27,23,0,0.0,0.0,0.0,0,11.11,0,0,5.52,0
2021,12,28,0,0,0.0,0.0,0.0,0,10.82,0,0,5.41,0
2021,12,28,1,0,0.0,0.0,0.0,0,10.69,0,0,5.28,0
2021,12,28,2,0,0.0,0.0,0.0,0,10.67,0,0,5.18,0
2021,12,28,3,0,0.0,0.0,0.0,0,10.62,0,0,5.0,0
2021,12,28,4,0,0.0,0.0,0.0,0,10.56,0,0,4.94,0
2021,12,28,5,0,152.75,34.04,56.53,0,10.7,0,0,4.7,0
2021,12,28,6,0,247.77,109.59,200.9,0,11.47,0,0,5.2,0
2021,12,28,7,0,317.78,230.88,374.42,0,12.78,0,0,5.32,0
2021,12,28,8,0,466.45,224.0,513.08,0,14.38,0,0,4.7,0
2021,12,28,9,0,514.29,319.11,691.12,0,16.11,0,0,3.92,0
2021,12,28,10,0,625.36,251.66,870.5,0,17.88,0,0,3.18,0
2021,12,28,11,0,268.14,487.7,882.12,0,19.28,0,0,2.7,0
2021,12,28,12,0,236.51,420.87,767.75,0,20.21,0,0,2.46,0
2021,12,28,13,0,467.69,209.59,592.2,0,20.51,0,0,2.52,0
2021,12,28,14,0,340.11,365.59,689.9,0,20.28,0,0,2.77,0
2021,12,28,15,0,492.46,341.54,624.15,0,19.91,0,0,3.2,0
2021,12,28,16,0,720.76,103.36,395.62,0,19.02,0,0,3.74,0
2021,12,28,17,0,640.64,56.13,244.38,0,17.92,0,0,4.23,0
2021,12,28,18,0,366.68,30.49,86.03,0,16.37,0,0,4.39,0
2021,12,28,19,0,0.0,0.0,0.0,0,14.49,0,0,4.62,0
2021,12,28,20,0,0.0,0.0,0.0,0,13.1,0,0,4.82,0
2021,12,28,21,0,0.0,0.0,0.0,0,11.88,0,0,4.78,0
2021,12,28,22,0,0.0,0.0,0.0,0,10.91,0,0,4.67,0
2021,12,28,23,0,0.0,0.0,0.0,0,10.29,0,0,4.47,0
2021,12,29,0,0,0.0,0.0,0.0,0,9.73,0,0,4.21,0
2021,12,29,1,0,0.0,0.0,0.0,0,9.24,0,0,3.81,0
2021,12,29,2,0,0.0,0.0,0.0,0,8.83,0,0,3.34,0
2021,12,29,3,0,0.0,0.0,0.0,0,8.47,0,0,3.1,0
2021,12,29,4,0,0.0,0.0,0.0,0,8.24,0,0,2.95,0
2021,12,29,5,0,224.85,34.6,66.97,0,8.65,0,0,2.7,0
2021,12,29,6,0,757.99,59.16,278.95,0,10.24,0,0,3.06,0
2021,12,29,7,0,930.09,61.42,514.28,0,12.7,0,0,2.7,0
2021,12,29,8,0,970.16,72.83,731.22,0,15.36,0,0,1.79,0
2021,12,29,9,0,915.74,132.48,887.55,0,17.76,0,0,1.03,0
2021,12,29,10,0,710.78,177.99,938.47,0,19.79,0,0,0.6,0
2021,12,29,11,0,791.47,232.19,960.0,0,21.39,0,0,0.59,0
2021,12,29,12,0,594.2,367.78,1019.6,0,22.56,0,0,0.73,0
2021,12,29,13,0,497.87,391.85,900.22,0,23.26,0,0,1.04,0
2021,12,29,14,0,697.94,168.86,604.92,0,23.31,0,0,1.45,0
2021,12,29,15,0,466.33,286.21,584.28,0,23.05,0,0,1.86,0
2021,12,29,16,0,589.98,100.55,404.58,0,22.31,0,0,2.29,0
2021,12,29,17,0,706.17,47.35,247.43,0,21.22,0,0,2.71,0
2021,12,29,18,0,409.42,26.73,86.28,0,19.51,0,0,3.09,0
2021,12,29,19,0,0.0,0.0,0.0,0,17.3,0,0,3.66,0
2021,12,29,20,0,0.0,0.0,0.0,0,15.77,0,0,3.92,0
2021,12,29,21,0,0.0,0.0,0.0,0,14.69,0,0,3.69,0
2021,12,29,22,0,0.0,0.0,0.0,0,13.71,0,0,3.4,0
2021,12,29,23,0,0.0,0.0,0.0,0,12.87,0,0,3.29,0
2021,12,30,0,0,0.0,0.0,0.0,0,12.12,0,0,2.91,0
2021,12,30,1,0,0.0,0.0,0.0,0,11.4,0,0,2.68,0
2021,12,30,2,0,0.0,0.0,0.0,0,10.77,0,0,2.56,0
2021,12,30,3,0,0.0,0.0,0.0,0,10.49,0,0,2.45,0
2021,12,30,4,0,0.0,0.0,0.0,0,10.38,0,0,2.46,0
2021,12,30,5,0,344.45,27.42,75.28,0,10.77,0,0,2.35,0
2021,12,30,6,0,779.46,48.97,288.95,0,12.55,0,0,2.23,0
2021,12,30,7,0,899.62,69.79,522.2,0,15.59,0,0,2.27,0
2021,12,30,8,0,988.43,71.06,741.53,0,18.7,0,0,2.31,0
2021,12,30,9,0,1054.67,65.22,924.38,0,20.89,0,0,2.45,0
2021,12,30,10,0,1025.31,83.09,1054.18,0,22.58,0,0,2.44,0
2021,12,30,11,0,1027.87,94.79,1123.38,0,23.96,0,0,2.36,0
2021,12,30,12,0,994.48,115.32,1122.43,0,24.98,0,0,2.29,0
2021,12,30,13,0,852.03,173.22,1049.97,0,25.58,0,0,2.17,0
2021,12,30,14,0,739.08,196.66,871.42,0,25.82,0,0,2.02,0
2021,12,30,15,0,842.78,118.19,691.8,0,25.63,0,0,1.93,0
2021,12,30,16,0,806.06,99.84,536.92,0,25.0,0,0,1.99,0
2021,12,30,17,0,742.35,65.14,311.83,0,23.85,0,0,2.29,0
2021,12,30,18,0,418.81,29.59,102.45,0,21.69,0,0,2.94,0
2021,12,30,19,0,0.0,0.0,0.0,0,18.89,0,0,3.92,0
2021,12,30,20,0,0.0,0.0,0.0,0,17.53,0,0,4.11,0
2021,12,30,21,0,0.0,0.0,0.0,0,16.66,0,0,4.18,0
2021,12,30,22,0,0.0,0.0,0.0,0,15.83,0,0,3.81,0
2021,12,30,23,0,0.0,0.0,0.0,0,14.94,0,0,3.35,0
2021,12,31,0,0,0.0,0.0,0.0,0,14.14,0,0,3.23,0
2021,12,31,1,0,0.0,0.0,0.0,0,13.46,0,0,3.06,0
2021,12,31,2,0,0.0,0.0,0.0,0,12.87,0,0,2.89,0
2021,12,31,3,0,0.0,0.0,0.0,0,12.33,0,0,2.78,0
2021,12,31,4,0,0.0,0.0,0.0,0,11.88,0,0,2.74,0
2021,12,31,5,0,333.77,27.8,71.78,0,12.3,0,0,2.53,0
2021,12,31,6,0,767.47,51.21,289.0,0,14.65,0,0,1.94,0
2021,12,31,7,0,936.71,56.89,522.33,0,18.1,0,0,1.61,0
2021,12,31,8,0,1012.47,59.05,740.72,0,21.54,0,0,0.99,0
2021,12,31,9,0,1043.02,65.89,924.05,0,23.78,0,0,1.32,0
2021,12,31,10,0,1064.21,65.64,1055.82,0,25.36,0,0,1.68,0
2021,12,31,11,0,1053.4,69.27,1126.43,0,26.6,0,0,1.95,0
2021,12,31,12,0,1052.82,71.33,1132.97,0,27.5,0,0,2.29,0
2021,12,31,13,0,1055.62,67.24,1071.4,0,28.01,0,0,2.54,0
2021,12,31,14,0,1056.4,59.81,948.33,0,28.09,0,0,2.8,0
2021,12,31,15,0,1014.13,60.9,774.62,0,27.7,0,0,3.15,0
2021,12,31,16,0,940.33,59.97,560.72,0,26.83,0,0,3.56,0
2021,12,31,17,0,824.96,44.62,327.3,0,25.36,0,0,3.77,0
2021,12,31,18,0,428.97,26.61,107.88,0,22.8,0,0,3.65,0
2021,12,31,19,0,0.0,0.0,0.0,0,19.95,0,0,4.12,0
2021,12,31,20,0,0.0,0.0,0.0,0,18.5,0,0,4.24,0
2021,12,31,21,0,0.0,0.0,0.0,0,17.51,0,0,4.09,0
2021,12,31,22,0,0.0,0.0,0.0,0,16.65,0,0,3.85,0
2021,12,31,23,0,0.0,0.0,0.0,0,15.87,0,0,3.67,0
