Source,Location ID,Latitude,Longitude,Time Zone,Elevation,DNI Units,DHI Units,GHI Units,Temperature Units
NASA Power,3484,33.749,-84.388,-6,200,w/m2,w/m2,w/m2,c
Year,Month,Day,Hour,Minute,DNI,DHI,GHI,Dew Point,Temperature,Pressure,Wind Direction,Wind Speed,Surface Albedo
2021,1,1,0,0,0.0,0.0,0.0,0,13.56,0,0,6.46,0
2021,1,1,1,0,0.0,0.0,0.0,0,13.4,0,0,6.2,0
2021,1,1,2,0,0.0,0.0,0.0,0,13.53,0,0,7.44,0
2021,1,1,3,0,0.0,0.0,0.0,0,13.66,0,0,7.15,0
2021,1,1,4,0,0.0,0.0,0.0,0,13.64,0,0,7.0,0
2021,1,1,5,0,0.0,0.0,0.0,0,13.79,0,0,7.22,0
2021,1,1,6,0,0.0,0.0,0.0,0,14.8,0,0,9.17,0
2021,1,1,7,0,0.0,20.6,23.58,0,16.01,0,0,9.56,0
2021,1,1,8,0,0.0,37.45,43.03,0,17.25,0,0,9.28,0
2021,1,1,9,0,32.97,24.58,36.9,0,18.53,0,0,8.67,0
2021,1,1,10,0,9.49,66.99,78.65,0,19.51,0,0,7.69,0
2021,1,1,11,0,5.58,94.26,109.62,0,20.24,0,0,7.19,0
2021,1,1,12,0,3.49,96.51,111.35,0,21.03,0,0,7.03,0
2021,1,1,13,0,1.89,111.74,132.2,0,21.55,0,0,7.56,0
2021,1,1,14,0,1.4,89.73,105.53,0,21.27,0,0,8.12,0
2021,1,1,15,0,0.94,46.55,52.65,0,20.28,0,0,8.06,0
2021,1,1,16,0,0.0,6.98,6.65,0,19.15,0,0,7.98,0
2021,1,1,17,0,0.0,0.0,0.0,0,18.49,0,0,7.29,0
2021,1,1,18,0,0.0,0.0,0.0,0,17.71,0,0,6.13,0
2021,1,1,19,0,0.0,0.0,0.0,0,17.65,0,0,6.55,0
2021,1,1,20,0,0.0,0.0,0.0,0,17.75,0,0,6.6,0
2021,1,1,21,0,0.0,0.0,0.0,0,17.77,0,0,6.52,0
2021,1,1,22,0,0.0,0.0,0.0,0,17.78,0,0,6.5,0
2021,1,1,23,0,0.0,0.0,0.0,0,17.17,0,0,6.24,0
2021,1,2,0,0,0.0,0.0,0.0,0,15.92,0,0,6.22,0
2021,1,2,1,0,0.0,0.0,0.0,0,14.08,0,0,5.36,0
2021,1,2,2,0,0.0,0.0,0.0,0,12.63,0,0,4.87,0
2021,1,2,3,0,0.0,0.0,0.0,0,11.62,0,0,4.77,0
2021,1,2,4,0,0.0,0.0,0.0,0,10.83,0,0,4.62,0
2021,1,2,5,0,0.0,0.0,0.0,0,10.13,0,0,4.35,0
2021,1,2,6,0,0.0,0.0,0.0,0,9.47,0,0,4.14,0
2021,1,2,7,0,72.58,45.55,59.9,0,11.15,0,0,3.34,0
2021,1,2,8,0,141.56,130.35,173.8,0,12.58,0,0,1.8,0
2021,1,2,9,0,245.57,226.07,327.25,0,14.11,0,0,1.16,0
2021,1,2,10,0,204.08,265.47,379.92,0,15.74,0,0,1.29,0
2021,1,2,11,0,58.23,289.84,357.1,0,17.0,0,0,2.98,0
2021,1,2,12,0,31.47,248.32,294.08,0,17.74,0,0,3.56,0
2021,1,2,13,0,149.17,264.73,344.8,0,17.18,0,0,5.04,0
2021,1,2,14,0,101.36,190.05,236.07,0,15.4,0,0,3.77,0
2021,1,2,15,0,42.52,92.16,107.95,0,15.01,0,0,3.27,0
2021,1,2,16,0,4.64,13.85,11.7,0,13.49,0,0,3.78,0
2021,1,2,17,0,0.0,0.0,0.0,0,12.99,0,0,4.79,0
2021,1,2,18,0,0.0,0.0,0.0,0,12.55,0,0,4.98,0
2021,1,2,19,0,0.0,0.0,0.0,0,11.97,0,0,5.6,0
2021,1,2,20,0,0.0,0.0,0.0,0,11.72,0,0,6.11,0
2021,1,2,21,0,0.0,0.0,0.0,0,11.19,0,0,6.23,0
2021,1,2,22,0,0.0,0.0,0.0,0,10.32,0,0,5.62,0
2021,1,2,23,0,0.0,0.0,0.0,0,8.51,0,0,5.22,0
2021,1,3,0,0,0.0,0.0,0.0,0,7.56,0,0,5.46,0
2021,1,3,1,0,0.0,0.0,0.0,0,6.9,0,0,5.74,0
2021,1,3,2,0,0.0,0.0,0.0,0,5.99,0,0,5.67,0
2021,1,3,3,0,0.0,0.0,0.0,0,5.1,0,0,5.47,0
2021,1,3,4,0,0.0,0.0,0.0,0,4.52,0,0,5.79,0
2021,1,3,5,0,0.0,0.0,0.0,0,3.97,0,0,6.39,0
2021,1,3,6,0,0.0,0.0,0.0,0,3.88,0,0,6.47,0
2021,1,3,7,0,241.31,41.71,70.55,0,4.22,0,0,6.47,0
2021,1,3,8,0,397.86,83.07,195.68,0,5.23,0,0,6.51,0
2021,1,3,9,0,506.16,114.76,316.55,0,6.84,0,0,6.17,0
2021,1,3,10,0,635.69,133.14,419.75,0,8.33,0,0,6.04,0
2021,1,3,11,0,898.6,204.75,506.08,0,9.47,0,0,6.17,0
2021,1,3,12,0,883.51,77.43,532.53,0,10.19,0,0,6.32,0
2021,1,3,13,0,868.67,80.13,457.95,0,10.24,0,0,6.38,0
2021,1,3,14,0,728.03,77.89,329.7,0,9.72,0,0,6.41,0
2021,1,3,15,0,617.67,56.61,170.4,0,8.6,0,0,6.27,0
2021,1,3,16,0,146.52,16.93,21.33,0,6.44,0,0,6.31,0
2021,1,3,17,0,0.0,0.0,0.0,0,4.82,0,0,6.16,0
2021,1,3,18,0,0.0,0.0,0.0,0,3.55,0,0,5.71,0
2021,1,3,19,0,0.0,0.0,0.0,0,2.65,0,0,5.62,0
2021,1,3,20,0,0.0,0.0,0.0,0,2.09,0,0,5.56,0
2021,1,3,21,0,0.0,0.0,0.0,0,2.11,0,0,5.54,0
2021,1,3,22,0,0.0,0.0,0.0,0,1.96,0,0,5.25,0
2021,1,3,23,0,0.0,0.0,0.0,0,1.16,0,0,5.16,0
2021,1,4,0,0,0.0,0.0,0.0,0,0.32,0,0,5.24,0
2021,1,4,1,0,0.0,0.0,0.0,0,-0.04,0,0,5.5,0
2021,1,4,2,0,0.0,0.0,0.0,0,-0.22,0,0,5.65,0
2021,1,4,3,0,0.0,0.0,0.0,0,-0.44,0,0,5.64,0
2021,1,4,4,0,0.0,0.0,0.0,0,-0.83,0,0,5.41,0
2021,1,4,5,0,0.0,0.0,0.0,0,-1.18,0,0,5.11,0
2021,1,4,6,0,0.0,0.0,0.0,0,-1.47,0,0,4.84,0
2021,1,4,7,0,521.03,29.49,110.62,0,1.01,0,0,3.62,0
2021,1,4,8,0,823.34,46.12,290.25,0,3.66,0,0,1.85,0
2021,1,4,9,0,919.07,56.12,446.08,0,7.64,0,0,3.44,0
2021,1,4,10,0,986.25,52.54,555.1,0,10.6,0,0,3.93,0
2021,1,4,11,0,986.06,67.05,597.78,0,12.0,0,0,3.72,0
2021,1,4,12,0,840.71,117.73,548.92,0,12.88,0,0,3.65,0
2021,1,4,13,0,723.6,144.98,473.55,0,13.19,0,0,3.67,0
2021,1,4,14,0,611.95,133.8,330.73,0,12.94,0,0,3.57,0
2021,1,4,15,0,355.52,95.38,161.88,0,11.71,0,0,3.15,0
2021,1,4,16,0,55.63,19.06,17.8,0,8.72,0,0,3.27,0
2021,1,4,17,0,0.0,0.0,0.0,0,7.51,0,0,3.78,0
2021,1,4,18,0,0.0,0.0,0.0,0,6.56,0,0,4.88,0
2021,1,4,19,0,0.0,0.0,0.0,0,5.85,0,0,6.01,0
2021,1,4,20,0,0.0,0.0,0.0,0,5.8,0,0,6.75,0
2021,1,4,21,0,0.0,0.0,0.0,0,6.88,0,0,6.53,0
2021,1,4,22,0,0.0,0.0,0.0,0,7.43,0,0,6.21,0
2021,1,4,23,0,0.0,0.0,0.0,0,7.65,0,0,6.19,0
2021,1,5,0,0,0.0,0.0,0.0,0,7.33,0,0,6.15,0
2021,1,5,1,0,0.0,0.0,0.0,0,7.2,0,0,6.31,0
2021,1,5,2,0,0.0,0.0,0.0,0,6.18,0,0,6.36,0
2021,1,5,3,0,0.0,0.0,0.0,0,5.45,0,0,6.32,0
2021,1,5,4,0,0.0,0.0,0.0,0,5.66,0,0,5.58,0
2021,1,5,5,0,0.0,0.0,0.0,0,6.15,0,0,5.07,0
2021,1,5,6,0,0.0,0.0,0.0,0,6.02,0,0,4.59,0
2021,1,5,7,0,287.29,44.19,92.12,0,6.17,0,0,4.67,0
2021,1,5,8,0,603.36,81.31,258.12,0,7.1,0,0,5.44,0
2021,1,5,9,0,688.85,110.32,399.55,0,8.69,0,0,5.88,0
2021,1,5,10,0,783.68,117.27,504.88,0,10.82,0,0,6.36,0
2021,1,5,11,0,637.87,170.49,520.53,0,12.2,0,0,6.58,0
2021,1,5,12,0,847.12,93.37,505.67,0,12.91,0,0,6.66,0
2021,1,5,13,0,808.83,90.49,438.55,0,13.0,0,0,6.75,0
2021,1,5,14,0,734.43,71.95,322.12,0,12.5,0,0,6.73,0
2021,1,5,15,0,588.19,47.37,169.98,0,11.17,0,0,6.64,0
2021,1,5,16,0,186.05,14.74,22.42,0,7.77,0,0,7.13,0
2021,1,5,17,0,0.0,0.0,0.0,0,6.3,0,0,7.16,0
2021,1,5,18,0,0.0,0.0,0.0,0,5.4,0,0,6.75,0
2021,1,5,19,0,0.0,0.0,0.0,0,4.44,0,0,6.45,0
2021,1,5,20,0,0.0,0.0,0.0,0,3.4,0,0,6.13,0
2021,1,5,21,0,0.0,0.0,0.0,0,2.18,0,0,5.77,0
2021,1,5,22,0,0.0,0.0,0.0,0,1.4,0,0,5.7,0
2021,1,5,23,0,0.0,0.0,0.0,0,0.76,0,0,5.55,0
2021,1,6,0,0,0.0,0.0,0.0,0,0.08,0,0,5.34,0
2021,1,6,1,0,0.0,0.0,0.0,0,-0.65,0,0,5.31,0
2021,1,6,2,0,0.0,0.0,0.0,0,-1.22,0,0,5.11,0
2021,1,6,3,0,0.0,0.0,0.0,0,-1.81,0,0,4.67,0
2021,1,6,4,0,0.0,0.0,0.0,0,-2.21,0,0,4.14,0
2021,1,6,5,0,0.0,0.0,0.0,0,-2.51,0,0,3.92,0
2021,1,6,6,0,0.0,0.0,0.0,0,-2.8,0,0,4.15,0
2021,1,6,7,0,363.6,51.98,100.93,0,-0.01,0,0,3.16,0
2021,1,6,8,0,445.49,133.94,262.92,0,2.74,0,0,1.61,0
2021,1,6,9,0,493.49,239.41,405.73,0,5.98,0,0,2.35,0
2021,1,6,10,0,510.83,235.61,480.1,0,8.25,0,0,2.29,0
2021,1,6,11,0,226.08,318.94,456.73,0,9.72,0,0,1.78,0
2021,1,6,12,0,335.46,289.06,445.55,0,10.61,0,0,1.32,0
2021,1,6,13,0,576.71,225.99,460.45,0,11.01,0,0,1.21,0
2021,1,6,14,0,326.92,200.73,319.12,0,10.9,0,0,1.16,0
2021,1,6,15,0,216.86,114.99,160.65,0,9.92,0,0,1.14,0
2021,1,6,16,0,32.75,21.93,19.98,0,8.43,0,0,1.58,0
2021,1,6,17,0,0.0,0.0,0.0,0,7.17,0,0,2.52,0
2021,1,6,18,0,0.0,0.0,0.0,0,5.72,0,0,3.44,0
2021,1,6,19,0,0.0,0.0,0.0,0,4.87,0,0,3.89,0
2021,1,6,20,0,0.0,0.0,0.0,0,4.05,0,0,4.39,0
2021,1,6,21,0,0.0,0.0,0.0,0,3.27,0,0,5.15,0
2021,1,6,22,0,0.0,0.0,0.0,0,2.98,0,0,5.92,0
2021,1,6,23,0,0.0,0.0,0.0,0,3.14,0,0,5.68,0
2021,1,7,0,0,0.0,0.0,0.0,0,2.8,0,0,4.8,0
2021,1,7,1,0,0.0,0.0,0.0,0,2.6,0,0,4.67,0
2021,1,7,2,0,0.0,0.0,0.0,0,2.42,0,0,4.79,0
2021,1,7,3,0,0.0,0.0,0.0,0,2.29,0,0,5.11,0
2021,1,7,4,0,0.0,0.0,0.0,0,2.13,0,0,5.09,0
2021,1,7,5,0,0.0,0.0,0.0,0,1.78,0,0,4.78,0
2021,1,7,6,0,0.0,0.0,0.0,0,1.29,0,0,4.95,0
2021,1,7,7,0,1.24,21.78,24.95,0,2.2,0,0,4.63,0
2021,1,7,8,0,10.45,58.22,67.18,0,4.28,0,0,5.73,0
2021,1,7,9,0,25.28,105.13,126.3,0,5.84,0,0,6.98,0
2021,1,7,10,0,11.83,130.93,152.73,0,6.74,0,0,7.93,0
2021,1,7,11,0,8.2,135.91,156.62,0,7.93,0,0,8.09,0
2021,1,7,12,0,0.44,84.57,97.57,0,8.74,0,0,7.09,0
2021,1,7,13,0,4.78,117.28,137.52,0,8.4,0,0,6.02,0
2021,1,7,14,0,7.39,93.5,109.47,0,6.69,0,0,4.12,0
2021,1,7,15,0,10.14,50.14,57.4,0,4.49,0,0,4.79,0
2021,1,7,16,0,2.2,9.09,7.88,0,3.51,0,0,6.22,0
2021,1,7,17,0,0.0,0.0,0.0,0,3.14,0,0,7.42,0
2021,1,7,18,0,0.0,0.0,0.0,0,3.15,0,0,7.83,0
2021,1,7,19,0,0.0,0.0,0.0,0,3.17,0,0,7.92,0
2021,1,7,20,0,0.0,0.0,0.0,0,3.27,0,0,7.64,0
2021,1,7,21,0,0.0,0.0,0.0,0,3.4,0,0,6.95,0
2021,1,7,22,0,0.0,0.0,0.0,0,3.55,0,0,6.25,0
2021,1,7,23,0,0.0,0.0,0.0,0,3.67,0,0,5.84,0
2021,1,8,0,0,0.0,0.0,0.0,0,3.74,0,0,5.36,0
2021,1,8,1,0,0.0,0.0,0.0,0,3.74,0,0,4.74,0
2021,1,8,2,0,0.0,0.0,0.0,0,3.7,0,0,4.07,0
2021,1,8,3,0,0.0,0.0,0.0,0,3.73,0,0,3.52,0
2021,1,8,4,0,0.0,0.0,0.0,0,3.72,0,0,3.33,0
2021,1,8,5,0,0.0,0.0,0.0,0,3.57,0,0,3.4,0
2021,1,8,6,0,0.0,0.0,0.0,0,3.37,0,0,3.61,0
2021,1,8,7,0,0.0,20.58,23.55,0,3.32,0,0,3.34,0
2021,1,8,8,0,0.75,57.45,66.28,0,3.78,0,0,3.24,0
2021,1,8,9,0,74.19,51.59,75.32,0,4.59,0,0,3.05,0
2021,1,8,10,0,46.94,84.5,110.65,0,5.25,0,0,3.35,0
2021,1,8,11,0,65.17,117.52,158.75,0,5.69,0,0,4.48,0
2021,1,8,12,0,268.86,144.2,250.35,0,5.99,0,0,5.68,0
2021,1,8,13,0,97.9,128.76,180.45,0,5.98,0,0,6.45,0
2021,1,8,14,0,66.54,95.26,120.07,0,5.87,0,0,6.97,0
2021,1,8,15,0,44.45,49.59,62.9,0,5.26,0,0,6.72,0
2021,1,8,16,0,6.32,7.32,6.38,0,4.2,0,0,6.89,0
2021,1,8,17,0,0.0,0.0,0.0,0,3.36,0,0,7.08,0
2021,1,8,18,0,0.0,0.0,0.0,0,2.85,0,0,7.17,0
2021,1,8,19,0,0.0,0.0,0.0,0,2.29,0,0,7.1,0
2021,1,8,20,0,0.0,0.0,0.0,0,1.88,0,0,6.9,0
2021,1,8,21,0,0.0,0.0,0.0,0,1.73,0,0,6.7,0
2021,1,8,22,0,0.0,0.0,0.0,0,1.46,0,0,6.53,0
2021,1,8,23,0,0.0,0.0,0.0,0,1.15,0,0,6.59,0
2021,1,9,0,0,0.0,0.0,0.0,0,0.82,0,0,6.76,0
2021,1,9,1,0,0.0,0.0,0.0,0,0.36,0,0,6.86,0
2021,1,9,2,0,0.0,0.0,0.0,0,-0.23,0,0,6.7,0
2021,1,9,3,0,0.0,0.0,0.0,0,-1.02,0,0,6.4,0
2021,1,9,4,0,0.0,0.0,0.0,0,-1.48,0,0,6.46,0
2021,1,9,5,0,0.0,0.0,0.0,0,-1.81,0,0,6.48,0
2021,1,9,6,0,0.0,0.0,0.0,0,-2.01,0,0,6.51,0
2021,1,9,7,0,24.67,26.73,31.9,0,-0.27,0,0,5.97,0
2021,1,9,8,0,36.74,74.46,90.75,0,1.91,0,0,7.03,0
2021,1,9,9,0,32.47,124.52,150.05,0,3.57,0,0,6.78,0
2021,1,9,10,0,35.75,176.54,210.38,0,4.92,0,0,6.5,0
2021,1,9,11,0,27.68,176.35,214.68,0,6.05,0,0,6.47,0
2021,1,9,12,0,70.61,214.05,275.02,0,6.83,0,0,6.52,0
2021,1,9,13,0,74.38,174.99,221.48,0,7.05,0,0,6.57,0
2021,1,9,14,0,59.38,121.4,150.95,0,6.63,0,0,6.52,0
2021,1,9,15,0,54.0,58.93,77.35,0,5.41,0,0,6.39,0
2021,1,9,16,0,19.84,10.39,9.62,0,2.68,0,0,6.41,0
2021,1,9,17,0,0.0,0.0,0.0,0,0.89,0,0,6.52,0
2021,1,9,18,0,0.0,0.0,0.0,0,0.09,0,0,6.58,0
2021,1,9,19,0,0.0,0.0,0.0,0,-0.67,0,0,6.49,0
2021,1,9,20,0,0.0,0.0,0.0,0,-1.45,0,0,6.29,0
2021,1,9,21,0,0.0,0.0,0.0,0,-2.33,0,0,5.64,0
2021,1,9,22,0,0.0,0.0,0.0,0,-3.11,0,0,5.27,0
2021,1,9,23,0,0.0,0.0,0.0,0,-3.64,0,0,5.0,0
2021,1,10,0,0,0.0,0.0,0.0,0,-3.89,0,0,4.59,0
2021,1,10,1,0,0.0,0.0,0.0,0,-3.87,0,0,4.43,0
2021,1,10,2,0,0.0,0.0,0.0,0,-3.88,0,0,3.84,0
2021,1,10,3,0,0.0,0.0,0.0,0,-3.75,0,0,3.24,0
2021,1,10,4,0,0.0,0.0,0.0,0,-4.02,0,0,2.89,0
2021,1,10,5,0,0.0,0.0,0.0,0,-4.08,0,0,2.95,0
2021,1,10,6,0,0.0,0.0,0.0,0,-4.02,0,0,2.99,0
2021,1,10,7,0,253.33,56.54,91.4,0,-2.78,0,0,2.31,0
2021,1,10,8,0,378.69,131.93,242.0,0,0.02,0,0,1.77,0
2021,1,10,9,0,349.5,225.17,375.73,0,3.56,0,0,2.16,0
2021,1,10,10,0,411.93,265.38,469.25,0,6.34,0,0,1.98,0
2021,1,10,11,0,28.84,353.16,411.45,0,8.22,0,0,1.66,0
2021,1,10,12,0,7.37,303.28,347.7,0,9.11,0,0,1.55,0
2021,1,10,13,0,28.5,267.37,316.92,0,8.97,0,0,1.37,0
2021,1,10,14,0,40.05,184.63,215.32,0,7.94,0,0,1.64,0
2021,1,10,15,0,45.99,84.99,102.85,0,6.99,0,0,1.82,0
2021,1,10,16,0,20.94,18.81,16.88,0,5.32,0,0,2.27,0
2021,1,10,17,0,0.0,0.0,0.0,0,3.5,0,0,3.2,0
2021,1,10,18,0,0.0,0.0,0.0,0,2.69,0,0,3.68,0
2021,1,10,19,0,0.0,0.0,0.0,0,2.13,0,0,4.0,0
2021,1,10,20,0,0.0,0.0,0.0,0,1.66,0,0,3.87,0
2021,1,10,21,0,0.0,0.0,0.0,0,1.65,0,0,3.28,0
2021,1,10,22,0,0.0,0.0,0.0,0,1.7,0,0,2.86,0
2021,1,10,23,0,0.0,0.0,0.0,0,1.34,0,0,2.83,0
2021,1,11,0,0,0.0,0.0,0.0,0,0.76,0,0,3.02,0
2021,1,11,1,0,0.0,0.0,0.0,0,0.66,0,0,2.8,0
2021,1,11,2,0,0.0,0.0,0.0,0,0.45,0,0,3.04,0
2021,1,11,3,0,0.0,0.0,0.0,0,0.54,0,0,3.64,0
2021,1,11,4,0,0.0,0.0,0.0,0,0.73,0,0,4.4,0
2021,1,11,5,0,0.0,0.0,0.0,0,0.92,0,0,4.86,0
2021,1,11,6,0,0.0,0.0,0.0,0,0.94,0,0,4.84,0
2021,1,11,7,0,4.3,24.27,27.98,0,2.34,0,0,4.59,0
2021,1,11,8,0,4.23,58.34,67.68,0,4.02,0,0,2.98,0
2021,1,11,9,0,24.04,84.81,102.57,0,5.94,0,0,2.21,0
2021,1,11,10,0,16.52,87.55,104.12,0,7.2,0,0,3.76,0
2021,1,11,11,0,12.0,105.1,123.03,0,7.85,0,0,3.7,0
2021,1,11,12,0,6.73,87.18,100.7,0,8.02,0,0,3.31,0
2021,1,11,13,0,150.37,108.46,159.75,0,7.87,0,0,2.92,0
2021,1,11,14,0,141.11,87.3,119.4,0,7.55,0,0,2.8,0
2021,1,11,15,0,97.16,48.41,62.15,0,6.83,0,0,2.93,0
2021,1,11,16,0,8.45,9.44,9.38,0,5.33,0,0,3.57,0
2021,1,11,17,0,0.0,0.0,0.0,0,4.76,0,0,4.23,0
2021,1,11,18,0,0.0,0.0,0.0,0,4.58,0,0,4.16,0
2021,1,11,19,0,0.0,0.0,0.0,0,4.14,0,0,4.08,0
2021,1,11,20,0,0.0,0.0,0.0,0,3.91,0,0,4.09,0
2021,1,11,21,0,0.0,0.0,0.0,0,3.53,0,0,3.96,0
2021,1,11,22,0,0.0,0.0,0.0,0,2.94,0,0,3.94,0
2021,1,11,23,0,0.0,0.0,0.0,0,2.58,0,0,4.11,0
2021,1,12,0,0,0.0,0.0,0.0,0,2.56,0,0,4.3,0
2021,1,12,1,0,0.0,0.0,0.0,0,2.19,0,0,4.49,0
2021,1,12,2,0,0.0,0.0,0.0,0,1.76,0,0,4.56,0
2021,1,12,3,0,0.0,0.0,0.0,0,1.89,0,0,4.04,0
2021,1,12,4,0,0.0,0.0,0.0,0,2.02,0,0,3.71,0
2021,1,12,5,0,0.0,0.0,0.0,0,1.91,0,0,3.49,0
2021,1,12,6,0,0.0,0.0,0.0,0,1.8,0,0,3.39,0
2021,1,12,7,0,25.53,17.18,21.23,0,2.3,0,0,3.26,0
2021,1,12,8,0,31.76,58.94,72.28,0,3.74,0,0,3.89,0
2021,1,12,9,0,36.73,86.13,108.68,0,5.93,0,0,4.56,0
2021,1,12,10,0,36.18,104.56,132.12,0,7.46,0,0,4.53,0
2021,1,12,11,0,37.45,124.74,155.73,0,8.23,0,0,4.57,0
2021,1,12,12,0,26.67,130.52,160.15,0,9.03,0,0,4.61,0
2021,1,12,13,0,18.22,107.74,133.27,0,9.45,0,0,4.63,0
2021,1,12,14,0,17.3,76.68,89.65,0,9.17,0,0,4.54,0
2021,1,12,15,0,11.34,40.14,46.62,0,8.11,0,0,4.27,0
2021,1,12,16,0,15.19,6.47,6.07,0,4.58,0,0,4.52,0
2021,1,12,17,0,0.0,0.0,0.0,0,2.64,0,0,5.32,0
2021,1,12,18,0,0.0,0.0,0.0,0,1.91,0,0,5.65,0
2021,1,12,19,0,0.0,0.0,0.0,0,1.18,0,0,5.7,0
2021,1,12,20,0,0.0,0.0,0.0,0,0.47,0,0,5.6,0
2021,1,12,21,0,0.0,0.0,0.0,0,-0.24,0,0,5.43,0
2021,1,12,22,0,0.0,0.0,0.0,0,-0.44,0,0,5.16,0
2021,1,12,23,0,0.0,0.0,0.0,0,-0.51,0,0,4.85,0
2021,1,13,0,0,0.0,0.0,0.0,0,-0.98,0,0,4.7,0
2021,1,13,1,0,0.0,0.0,0.0,0,-1.14,0,0,4.64,0
2021,1,13,2,0,0.0,0.0,0.0,0,-1.7,0,0,4.72,0
2021,1,13,3,0,0.0,0.0,0.0,0,-2.46,0,0,4.71,0
2021,1,13,4,0,0.0,0.0,0.0,0,-2.29,0,0,4.6,0
2021,1,13,5,0,0.0,0.0,0.0,0,-3.64,0,0,4.94,0
2021,1,13,6,0,0.0,0.0,0.0,0,-3.83,0,0,4.78,0
2021,1,13,7,0,313.08,46.99,98.03,0,-2.01,0,0,3.93,0
2021,1,13,8,0,622.94,81.83,268.25,0,0.68,0,0,3.77,0
2021,1,13,9,0,764.25,97.31,421.73,0,4.23,0,0,3.73,0
2021,1,13,10,0,791.63,122.5,538.7,0,5.42,0,0,3.5,0
2021,1,13,11,0,791.16,127.15,570.08,0,7.63,0,0,3.52,0
2021,1,13,12,0,281.73,219.18,390.3,0,9.24,0,0,3.34,0
2021,1,13,13,0,376.13,144.04,309.73,0,9.81,0,0,3.63,0
2021,1,13,14,0,411.75,97.97,232.25,0,9.66,0,0,3.98,0
2021,1,13,15,0,271.93,66.88,127.47,0,8.43,0,0,4.01,0
2021,1,13,16,0,56.32,19.43,20.77,0,4.88,0,0,5.05,0
2021,1,13,17,0,0.0,0.0,0.0,0,3.51,0,0,5.43,0
2021,1,13,18,0,0.0,0.0,0.0,0,2.57,0,0,5.77,0
2021,1,13,19,0,0.0,0.0,0.0,0,1.3,0,0,6.1,0
2021,1,13,20,0,0.0,0.0,0.0,0,0.49,0,0,6.36,0
2021,1,13,21,0,0.0,0.0,0.0,0,-0.1,0,0,5.84,0
2021,1,13,22,0,0.0,0.0,0.0,0,-0.83,0,0,5.36,0
2021,1,13,23,0,0.0,0.0,0.0,0,-1.56,0,0,4.95,0
2021,1,14,0,0,0.0,0.0,0.0,0,-2.29,0,0,4.84,0
2021,1,14,1,0,0.0,0.0,0.0,0,-2.81,0,0,4.78,0
2021,1,14,2,0,0.0,0.0,0.0,0,-3.25,0,0,4.71,0
2021,1,14,3,0,0.0,0.0,0.0,0,-3.36,0,0,4.8,0
2021,1,14,4,0,0.0,0.0,0.0,0,-3.14,0,0,4.39,0
2021,1,14,5,0,0.0,0.0,0.0,0,-2.57,0,0,3.63,0
2021,1,14,6,0,0.0,0.0,0.0,0,-1.93,0,0,2.98,0
2021,1,14,7,0,492.2,35.05,112.72,0,-0.59,0,0,2.45,0
2021,1,14,8,0,818.07,51.2,299.98,0,1.8,0,0,1.9,0
2021,1,14,9,0,926.0,60.52,463.65,0,5.6,0,0,2.18,0
2021,1,14,10,0,983.4,61.91,577.62,0,9.21,0,0,3.32,0
2021,1,14,11,0,1003.93,59.74,631.4,0,11.31,0,0,3.99,0
2021,1,14,12,0,1016.52,55.33,618.15,0,12.26,0,0,4.57,0
2021,1,14,13,0,984.17,54.3,539.62,0,12.62,0,0,5.16,0
2021,1,14,14,0,912.29,50.44,403.6,0,12.31,0,0,5.54,0
2021,1,14,15,0,809.12,39.44,224.05,0,10.79,0,0,5.63,0
2021,1,14,16,0,296.64,17.17,40.05,0,6.32,0,0,6.6,0
2021,1,14,17,0,0.0,0.0,0.0,0,4.6,0,0,7.29,0
2021,1,14,18,0,0.0,0.0,0.0,0,4.15,0,0,7.13,0
2021,1,14,19,0,0.0,0.0,0.0,0,3.53,0,0,6.92,0
2021,1,14,20,0,0.0,0.0,0.0,0,3.11,0,0,7.01,0
2021,1,14,21,0,0.0,0.0,0.0,0,2.73,0,0,6.4,0
2021,1,14,22,0,0.0,0.0,0.0,0,1.72,0,0,5.76,0
2021,1,14,23,0,0.0,0.0,0.0,0,1.22,0,0,5.83,0
2021,1,15,0,0,0.0,0.0,0.0,0,1.88,0,0,6.24,0
2021,1,15,1,0,0.0,0.0,0.0,0,3.3,0,0,6.77,0
2021,1,15,2,0,0.0,0.0,0.0,0,4.97,0,0,6.52,0
2021,1,15,3,0,0.0,0.0,0.0,0,5.83,0,0,6.22,0
2021,1,15,4,0,0.0,0.0,0.0,0,6.08,0,0,5.48,0
2021,1,15,5,0,0.0,0.0,0.0,0,6.11,0,0,6.23,0
2021,1,15,6,0,0.0,0.0,0.0,0,5.63,0,0,6.59,0
2021,1,15,7,0,138.04,59.51,78.82,0,5.82,0,0,4.83,0
2021,1,15,8,0,317.09,124.78,220.02,0,7.77,0,0,4.55,0
2021,1,15,9,0,525.54,145.96,374.65,0,9.49,0,0,5.6,0
2021,1,15,10,0,746.33,139.66,533.08,0,10.63,0,0,6.09,0
2021,1,15,11,0,939.22,86.74,620.53,0,11.36,0,0,6.45,0
2021,1,15,12,0,1012.7,61.34,620.08,0,11.69,0,0,7.0,0
2021,1,15,13,0,993.68,52.28,544.35,0,11.64,0,0,7.48,0
2021,1,15,14,0,900.93,54.42,406.0,0,11.06,0,0,7.86,0
2021,1,15,15,0,731.65,47.06,222.7,0,9.68,0,0,7.83,0
2021,1,15,16,0,278.62,19.78,40.75,0,6.17,0,0,7.69,0
2021,1,15,17,0,0.0,0.0,0.0,0,4.2,0,0,7.71,0
2021,1,15,18,0,0.0,0.0,0.0,0,3.37,0,0,7.7,0
2021,1,15,19,0,0.0,0.0,0.0,0,2.69,0,0,7.75,0
2021,1,15,20,0,0.0,0.0,0.0,0,1.72,0,0,7.39,0
2021,1,15,21,0,0.0,0.0,0.0,0,0.74,0,0,6.42,0
2021,1,15,22,0,0.0,0.0,0.0,0,-0.03,0,0,5.8,0
2021,1,15,23,0,0.0,0.0,0.0,0,-0.4,0,0,5.54,0
2021,1,16,0,0,0.0,0.0,0.0,0,-0.62,0,0,5.91,0
2021,1,16,1,0,0.0,0.0,0.0,0,-1.05,0,0,5.42,0
2021,1,16,2,0,0.0,0.0,0.0,0,-1.66,0,0,5.38,0
2021,1,16,3,0,0.0,0.0,0.0,0,-1.8,0,0,5.36,0
2021,1,16,4,0,0.0,0.0,0.0,0,-1.05,0,0,6.23,0
2021,1,16,5,0,0.0,0.0,0.0,0,-1.1,0,0,5.3,0
2021,1,16,6,0,0.0,0.0,0.0,0,-1.9,0,0,5.38,0
2021,1,16,7,0,355.87,38.89,88.6,0,0.29,0,0,6.65,0
2021,1,16,8,0,555.1,62.85,214.45,0,2.38,0,0,7.93,0
2021,1,16,9,0,602.04,85.06,311.23,0,3.78,0,0,9.19,0
2021,1,16,10,0,511.78,130.13,345.67,0,4.67,0,0,9.21,0
2021,1,16,11,0,290.43,204.84,355.1,0,5.59,0,0,9.27,0
2021,1,16,12,0,82.17,254.0,318.4,0,6.08,0,0,9.23,0
2021,1,16,13,0,102.26,243.99,323.42,0,6.32,0,0,8.67,0
2021,1,16,14,0,228.1,154.21,242.5,0,6.2,0,0,8.06,0
2021,1,16,15,0,321.78,70.21,143.62,0,5.39,0,0,7.2,0
2021,1,16,16,0,194.82,21.16,33.85,0,2.94,0,0,6.23,0
2021,1,16,17,0,0.0,0.0,0.0,0,0.83,0,0,6.12,0
2021,1,16,18,0,0.0,0.0,0.0,0,0.14,0,0,6.07,0
2021,1,16,19,0,0.0,0.0,0.0,0,-0.79,0,0,5.75,0
2021,1,16,20,0,0.0,0.0,0.0,0,-1.27,0,0,5.35,0
2021,1,16,21,0,0.0,0.0,0.0,0,-1.74,0,0,4.83,0
2021,1,16,22,0,0.0,0.0,0.0,0,-2.27,0,0,4.46,0
2021,1,16,23,0,0.0,0.0,0.0,0,-2.71,0,0,4.17,0
2021,1,17,0,0,0.0,0.0,0.0,0,-3.02,0,0,4.03,0
2021,1,17,1,0,0.0,0.0,0.0,0,-3.23,0,0,4.06,0
2021,1,17,2,0,0.0,0.0,0.0,0,-3.47,0,0,4.52,0
2021,1,17,3,0,0.0,0.0,0.0,0,-3.49,0,0,4.83,0
2021,1,17,4,0,0.0,0.0,0.0,0,-3.48,0,0,4.99,0
2021,1,17,5,0,0.0,0.0,0.0,0,-3.43,0,0,5.1,0
2021,1,17,6,0,0.0,0.0,0.0,0,-3.33,0,0,4.82,0
2021,1,17,7,0,243.01,51.81,85.88,0,-0.4,0,0,3.54,0
2021,1,17,8,0,403.93,108.97,224.73,0,2.39,0,0,2.15,0
2021,1,17,9,0,540.53,134.12,338.62,0,5.92,0,0,4.58,0
2021,1,17,10,0,319.62,263.23,449.98,0,7.31,0,0,5.17,0
2021,1,17,11,0,272.33,362.43,482.3,0,8.18,0,0,5.61,0
2021,1,17,12,0,557.65,254.81,508.42,0,9.04,0,0,6.0,0
2021,1,17,13,0,634.82,167.43,468.55,0,9.73,0,0,6.05,0
2021,1,17,14,0,590.14,109.52,338.65,0,9.68,0,0,6.0,0
2021,1,17,15,0,515.48,69.05,191.75,0,8.66,0,0,5.79,0
2021,1,17,16,0,190.05,23.84,38.45,0,5.43,0,0,6.36,0
2021,1,17,17,0,0.0,0.0,0.0,0,3.94,0,0,6.99,0
2021,1,17,18,0,0.0,0.0,0.0,0,3.86,0,0,6.86,0
2021,1,17,19,0,0.0,0.0,0.0,0,3.5,0,0,6.65,0
2021,1,17,20,0,0.0,0.0,0.0,0,2.98,0,0,6.49,0
2021,1,17,21,0,0.0,0.0,0.0,0,2.47,0,0,6.29,0
2021,1,17,22,0,0.0,0.0,0.0,0,2.14,0,0,6.3,0
2021,1,17,23,0,0.0,0.0,0.0,0,1.42,0,0,6.56,0
2021,1,18,0,0,0.0,0.0,0.0,0,0.93,0,0,6.52,0
2021,1,18,1,0,0.0,0.0,0.0,0,0.49,0,0,6.63,0
2021,1,18,2,0,0.0,0.0,0.0,0,-0.05,0,0,5.91,0
2021,1,18,3,0,0.0,0.0,0.0,0,0.04,0,0,5.54,0
2021,1,18,4,0,0.0,0.0,0.0,0,-0.65,0,0,5.58,0
2021,1,18,5,0,0.0,0.0,0.0,0,-1.03,0,0,5.73,0
2021,1,18,6,0,0.0,0.0,0.0,0,-0.54,0,0,5.37,0
2021,1,18,7,0,481.05,37.01,116.03,0,0.76,0,0,4.28,0
2021,1,18,8,0,799.97,54.99,302.27,0,3.43,0,0,3.57,0
2021,1,18,9,0,937.53,56.94,471.73,0,7.34,0,0,5.85,0
2021,1,18,10,0,992.22,57.28,587.12,0,9.5,0,0,6.94,0
2021,1,18,11,0,1023.93,52.0,641.45,0,10.51,0,0,7.45,0
2021,1,18,12,0,1006.7,55.23,628.62,0,11.09,0,0,7.52,0
2021,1,18,13,0,988.23,51.65,551.38,0,11.28,0,0,7.29,0
2021,1,18,14,0,920.76,50.05,415.62,0,10.98,0,0,6.86,0
2021,1,18,15,0,807.07,37.87,236.55,0,9.79,0,0,6.23,0
2021,1,18,16,0,385.9,17.33,48.7,0,5.64,0,0,6.27,0
2021,1,18,17,0,0.0,0.0,0.0,0,3.55,0,0,6.1,0
2021,1,18,18,0,0.0,0.0,0.0,0,2.8,0,0,5.45,0
2021,1,18,19,0,0.0,0.0,0.0,0,2.21,0,0,4.9,0
2021,1,18,20,0,0.0,0.0,0.0,0,1.88,0,0,4.52,0
2021,1,18,21,0,0.0,0.0,0.0,0,1.87,0,0,3.91,0
2021,1,18,22,0,0.0,0.0,0.0,0,2.24,0,0,3.1,0
2021,1,18,23,0,0.0,0.0,0.0,0,2.44,0,0,2.53,0
2021,1,19,0,0,0.0,0.0,0.0,0,2.09,0,0,2.49,0
2021,1,19,1,0,0.0,0.0,0.0,0,1.3,0,0,2.84,0
2021,1,19,2,0,0.0,0.0,0.0,0,0.56,0,0,3.15,0
2021,1,19,3,0,0.0,0.0,0.0,0,-0.18,0,0,3.53,0
2021,1,19,4,0,0.0,0.0,0.0,0,-0.67,0,0,3.82,0
2021,1,19,5,0,0.0,0.0,0.0,0,-0.83,0,0,3.88,0
2021,1,19,6,0,0.0,0.0,0.0,0,-0.83,0,0,3.96,0
2021,1,19,7,0,393.16,38.43,100.07,0,2.28,0,0,3.82,0
2021,1,19,8,0,589.08,73.19,249.02,0,5.76,0,0,2.14,0
2021,1,19,9,0,656.99,96.19,379.67,0,8.98,0,0,1.81,0
2021,1,19,10,0,644.83,147.7,491.92,0,12.46,0,0,4.14,0
2021,1,19,11,0,630.07,173.71,533.7,0,13.93,0,0,4.4,0
2021,1,19,12,0,584.48,109.04,396.05,0,14.68,0,0,4.51,0
2021,1,19,13,0,283.54,220.89,363.58,0,14.82,0,0,4.54,0
2021,1,19,14,0,203.75,181.75,265.42,0,14.05,0,0,4.66,0
2021,1,19,15,0,148.41,107.11,148.85,0,12.07,0,0,5.4,0
2021,1,19,16,0,38.8,27.14,27.3,0,9.65,0,0,5.98,0
2021,1,19,17,0,0.0,0.0,0.0,0,8.27,0,0,5.44,0
2021,1,19,18,0,0.0,0.0,0.0,0,7.55,0,0,5.19,0
2021,1,19,19,0,0.0,0.0,0.0,0,7.34,0,0,5.86,0
2021,1,19,20,0,0.0,0.0,0.0,0,7.73,0,0,6.99,0
2021,1,19,21,0,0.0,0.0,0.0,0,8.03,0,0,7.09,0
2021,1,19,22,0,0.0,0.0,0.0,0,7.92,0,0,7.02,0
2021,1,19,23,0,0.0,0.0,0.0,0,7.72,0,0,7.08,0
2021,1,20,0,0,0.0,0.0,0.0,0,7.45,0,0,6.6,0
2021,1,20,1,0,0.0,0.0,0.0,0,7.18,0,0,6.86,0
2021,1,20,2,0,0.0,0.0,0.0,0,7.18,0,0,6.9,0
2021,1,20,3,0,0.0,0.0,0.0,0,6.78,0,0,6.21,0
2021,1,20,4,0,0.0,0.0,0.0,0,5.86,0,0,6.05,0
2021,1,20,5,0,0.0,0.0,0.0,0,5.6,0,0,6.25,0
2021,1,20,6,0,0.0,0.0,0.0,0,5.51,0,0,6.24,0
2021,1,20,7,0,217.18,59.43,95.65,0,6.06,0,0,5.32,0
2021,1,20,8,0,509.77,126.58,263.95,0,7.35,0,0,5.42,0
2021,1,20,9,0,661.2,177.61,427.35,0,9.0,0,0,5.83,0
2021,1,20,10,0,564.43,228.79,534.2,0,10.35,0,0,5.96,0
2021,1,20,11,0,573.64,249.79,565.25,0,11.15,0,0,5.74,0
2021,1,20,12,0,467.4,293.0,552.7,0,11.42,0,0,5.59,0
2021,1,20,13,0,119.03,344.68,415.4,0,11.2,0,0,5.53,0
2021,1,20,14,0,68.89,257.52,306.88,0,10.53,0,0,5.35,0
2021,1,20,15,0,40.56,143.85,170.5,0,9.0,0,0,5.39,0
2021,1,20,16,0,27.16,36.72,36.28,0,6.64,0,0,5.61,0
2021,1,20,17,0,0.0,0.0,0.0,0,5.63,0,0,5.66,0
2021,1,20,18,0,0.0,0.0,0.0,0,5.21,0,0,5.39,0
2021,1,20,19,0,0.0,0.0,0.0,0,4.47,0,0,5.43,0
2021,1,20,20,0,0.0,0.0,0.0,0,4.5,0,0,5.49,0
2021,1,20,21,0,0.0,0.0,0.0,0,4.66,0,0,5.61,0
2021,1,20,22,0,0.0,0.0,0.0,0,4.45,0,0,5.45,0
2021,1,20,23,0,0.0,0.0,0.0,0,4.52,0,0,5.01,0
2021,1,21,0,0,0.0,0.0,0.0,0,4.39,0,0,4.7,0
2021,1,21,1,0,0.0,0.0,0.0,0,4.28,0,0,4.85,0
2021,1,21,2,0,0.0,0.0,0.0,0,4.25,0,0,4.91,0
2021,1,21,3,0,0.0,0.0,0.0,0,4.57,0,0,5.65,0
2021,1,21,4,0,0.0,0.0,0.0,0,4.95,0,0,5.09,0
2021,1,21,5,0,0.0,0.0,0.0,0,4.97,0,0,4.48,0
2021,1,21,6,0,0.0,0.0,0.0,0,5.13,0,0,4.46,0
2021,1,21,7,0,22.98,21.57,25.33,0,6.0,0,0,4.32,0
2021,1,21,8,0,56.59,48.31,61.28,0,7.25,0,0,4.17,0
2021,1,21,9,0,93.92,92.27,125.72,0,8.83,0,0,4.79,0
2021,1,21,10,0,137.86,124.39,178.27,0,10.62,0,0,5.79,0
2021,1,21,11,0,37.05,159.22,199.52,0,12.04,0,0,6.36,0
2021,1,21,12,0,45.53,142.31,188.98,0,12.93,0,0,6.63,0
2021,1,21,13,0,5.05,117.61,136.6,0,13.19,0,0,5.96,0
2021,1,21,14,0,20.47,65.12,78.88,0,12.72,0,0,5.57,0
2021,1,21,15,0,1.18,30.72,35.2,0,12.02,0,0,5.27,0
2021,1,21,16,0,0.0,7.66,7.85,0,10.96,0,0,5.41,0
2021,1,21,17,0,0.0,0.0,0.0,0,10.05,0,0,5.28,0
2021,1,21,18,0,0.0,0.0,0.0,0,9.34,0,0,4.41,0
2021,1,21,19,0,0.0,0.0,0.0,0,8.61,0,0,4.46,0
2021,1,21,20,0,0.0,0.0,0.0,0,8.24,0,0,4.15,0
2021,1,21,21,0,0.0,0.0,0.0,0,7.74,0,0,4.09,0
2021,1,21,22,0,0.0,0.0,0.0,0,7.24,0,0,3.72,0
2021,1,21,23,0,0.0,0.0,0.0,0,6.75,0,0,3.43,0
2021,1,22,0,0,0.0,0.0,0.0,0,6.26,0,0,3.34,0
2021,1,22,1,0,0.0,0.0,0.0,0,5.86,0,0,3.04,0
2021,1,22,2,0,0.0,0.0,0.0,0,5.59,0,0,2.98,0
2021,1,22,3,0,0.0,0.0,0.0,0,5.34,0,0,3.17,0
2021,1,22,4,0,0.0,0.0,0.0,0,5.14,0,0,3.31,0
2021,1,22,5,0,0.0,0.0,0.0,0,4.93,0,0,2.58,0
2021,1,22,6,0,0.0,0.0,0.0,0,4.97,0,0,1.77,0
2021,1,22,7,0,0.0,29.81,34.03,0,5.48,0,0,1.28,0
2021,1,22,8,0,0.0,67.8,77.53,0,6.27,0,0,0.93,0
2021,1,22,9,0,29.48,74.23,91.85,0,7.51,0,0,0.83,0
2021,1,22,10,0,0.0,177.96,203.32,0,8.92,0,0,1.17,0
2021,1,22,11,0,15.62,202.18,237.15,0,10.61,0,0,1.57,0
2021,1,22,12,0,199.63,260.39,376.67,0,12.18,0,0,2.07,0
2021,1,22,13,0,274.18,257.1,391.98,0,13.35,0,0,2.32,0
2021,1,22,14,0,224.71,208.66,293.4,0,13.7,0,0,2.69,0
2021,1,22,15,0,214.52,114.61,168.95,0,12.88,0,0,3.07,0
2021,1,22,16,0,120.36,28.55,37.7,0,9.09,0,0,4.02,0
2021,1,22,17,0,0.0,0.0,0.0,0,6.52,0,0,5.51,0
2021,1,22,18,0,0.0,0.0,0.0,0,5.57,0,0,6.63,0
2021,1,22,19,0,0.0,0.0,0.0,0,4.89,0,0,7.15,0
2021,1,22,20,0,0.0,0.0,0.0,0,4.5,0,0,6.68,0
2021,1,22,21,0,0.0,0.0,0.0,0,3.64,0,0,6.08,0
2021,1,22,22,0,0.0,0.0,0.0,0,2.88,0,0,5.84,0
2021,1,22,23,0,0.0,0.0,0.0,0,2.1,0,0,5.77,0
2021,1,23,0,0,0.0,0.0,0.0,0,1.46,0,0,5.85,0
2021,1,23,1,0,0.0,0.0,0.0,0,0.91,0,0,5.78,0
2021,1,23,2,0,0.0,0.0,0.0,0,0.24,0,0,5.56,0
2021,1,23,3,0,0.0,0.0,0.0,0,-0.37,0,0,5.46,0
2021,1,23,4,0,0.0,0.0,0.0,0,-0.87,0,0,5.42,0
2021,1,23,5,0,0.0,0.0,0.0,0,-1.32,0,0,5.38,0
2021,1,23,6,0,0.0,0.0,0.0,0,-1.58,0,0,5.13,0
2021,1,23,7,0,525.02,37.01,127.12,0,1.07,0,0,3.89,0
2021,1,23,8,0,750.69,69.35,308.08,0,4.02,0,0,3.35,0
2021,1,23,9,0,892.69,78.28,473.58,0,7.66,0,0,3.34,0
2021,1,23,10,0,947.71,90.98,587.83,0,10.49,0,0,2.89,0
2021,1,23,11,0,954.42,82.53,648.95,0,12.48,0,0,2.29,0
2021,1,23,12,0,978.92,78.67,638.7,0,13.78,0,0,1.9,0
2021,1,23,13,0,943.58,74.93,562.15,0,14.35,0,0,1.72,0
2021,1,23,14,0,886.76,65.88,427.55,0,14.27,0,0,1.76,0
2021,1,23,15,0,747.3,50.78,249.07,0,13.36,0,0,2.06,0
2021,1,23,16,0,362.64,22.95,59.22,0,10.53,0,0,2.33,0
2021,1,23,17,0,0.0,0.0,0.0,0,8.88,0,0,2.77,0
2021,1,23,18,0,0.0,0.0,0.0,0,8.0,0,0,3.47,0
2021,1,23,19,0,0.0,0.0,0.0,0,6.84,0,0,4.06,0
2021,1,23,20,0,0.0,0.0,0.0,0,5.67,0,0,4.74,0
2021,1,23,21,0,0.0,0.0,0.0,0,4.78,0,0,5.89,0
2021,1,23,22,0,0.0,0.0,0.0,0,4.91,0,0,6.54,0
2021,1,23,23,0,0.0,0.0,0.0,0,4.61,0,0,6.51,0
2021,1,24,0,0,0.0,0.0,0.0,0,4.06,0,0,6.48,0
2021,1,24,1,0,0.0,0.0,0.0,0,3.58,0,0,5.97,0
2021,1,24,2,0,0.0,0.0,0.0,0,3.37,0,0,5.39,0
2021,1,24,3,0,0.0,0.0,0.0,0,3.0,0,0,5.62,0
2021,1,24,4,0,0.0,0.0,0.0,0,2.22,0,0,5.72,0
2021,1,24,5,0,0.0,0.0,0.0,0,1.44,0,0,5.6,0
2021,1,24,6,0,0.0,0.0,0.0,0,1.17,0,0,5.35,0
2021,1,24,7,0,342.79,53.58,105.45,0,3.29,0,0,4.27,0
2021,1,24,8,0,422.1,119.39,255.0,0,6.17,0,0,4.54,0
2021,1,24,9,0,489.8,191.5,391.92,0,9.05,0,0,4.51,0
2021,1,24,10,0,524.87,211.84,483.15,0,11.49,0,0,4.3,0
2021,1,24,11,0,468.87,230.53,498.4,0,13.3,0,0,4.18,0
2021,1,24,12,0,324.43,244.4,445.52,0,14.68,0,0,3.98,0
2021,1,24,13,0,389.31,188.21,393.88,0,15.51,0,0,3.74,0
2021,1,24,14,0,332.45,160.67,280.25,0,15.51,0,0,3.77,0
2021,1,24,15,0,157.53,115.78,159.85,0,14.48,0,0,4.09,0
2021,1,24,16,0,32.53,32.72,35.4,0,11.75,0,0,5.74,0
2021,1,24,17,0,0.0,0.0,0.0,0,10.65,0,0,6.33,0
2021,1,24,18,0,0.0,0.0,0.0,0,10.02,0,0,5.84,0
2021,1,24,19,0,0.0,0.0,0.0,0,9.88,0,0,5.98,0
2021,1,24,20,0,0.0,0.0,0.0,0,9.68,0,0,5.7,0
2021,1,24,21,0,0.0,0.0,0.0,0,9.17,0,0,5.52,0
2021,1,24,22,0,0.0,0.0,0.0,0,8.86,0,0,5.39,0
2021,1,24,23,0,0.0,0.0,0.0,0,8.94,0,0,4.91,0
2021,1,25,0,0,0.0,0.0,0.0,0,9.34,0,0,4.62,0
2021,1,25,1,0,0.0,0.0,0.0,0,9.64,0,0,4.66,0
2021,1,25,2,0,0.0,0.0,0.0,0,9.88,0,0,5.14,0
2021,1,25,3,0,0.0,0.0,0.0,0,10.17,0,0,5.48,0
2021,1,25,4,0,0.0,0.0,0.0,0,10.21,0,0,5.59,0
2021,1,25,5,0,0.0,0.0,0.0,0,10.39,0,0,5.77,0
2021,1,25,6,0,0.0,0.0,0.0,0,10.65,0,0,5.62,0
2021,1,25,7,0,22.73,32.42,37.47,0,11.82,0,0,4.94,0
2021,1,25,8,0,74.35,74.12,92.22,0,13.03,0,0,3.83,0
2021,1,25,9,0,122.57,108.67,150.9,0,14.69,0,0,4.27,0
2021,1,25,10,0,11.51,120.43,140.6,0,16.44,0,0,4.52,0
2021,1,25,11,0,42.83,99.72,135.7,0,17.81,0,0,4.4,0
2021,1,25,12,0,47.71,202.83,256.15,0,18.71,0,0,4.76,0
2021,1,25,13,0,26.02,119.83,144.88,0,19.73,0,0,5.38,0
2021,1,25,14,0,148.26,79.68,123.78,0,19.9,0,0,5.78,0
2021,1,25,15,0,91.43,44.27,64.05,0,19.23,0,0,6.16,0
2021,1,25,16,0,38.34,14.08,16.0,0,17.32,0,0,7.11,0
2021,1,25,17,0,0.0,0.0,0.0,0,16.07,0,0,7.48,0
2021,1,25,18,0,0.0,0.0,0.0,0,15.76,0,0,7.54,0
2021,1,25,19,0,0.0,0.0,0.0,0,15.75,0,0,7.89,0
2021,1,25,20,0,0.0,0.0,0.0,0,16.05,0,0,8.84,0
2021,1,25,21,0,0.0,0.0,0.0,0,16.25,0,0,8.94,0
2021,1,25,22,0,0.0,0.0,0.0,0,16.35,0,0,8.73,0
2021,1,25,23,0,0.0,0.0,0.0,0,16.4,0,0,8.66,0
2021,1,26,0,0,0.0,0.0,0.0,0,16.46,0,0,8.41,0
2021,1,26,1,0,0.0,0.0,0.0,0,16.61,0,0,8.33,0
2021,1,26,2,0,0.0,0.0,0.0,0,16.76,0,0,8.28,0
2021,1,26,3,0,0.0,0.0,0.0,0,16.92,0,0,8.11,0
2021,1,26,4,0,0.0,0.0,0.0,0,17.02,0,0,7.87,0
2021,1,26,5,0,0.0,0.0,0.0,0,17.11,0,0,7.74,0
2021,1,26,6,0,0.0,0.0,0.0,0,17.03,0,0,7.02,0
2021,1,26,7,0,84.44,62.62,78.22,0,17.23,0,0,5.36,0
2021,1,26,8,0,199.1,144.6,216.43,0,17.65,0,0,3.59,0
2021,1,26,9,0,287.49,186.05,318.7,0,17.91,0,0,3.35,0
2021,1,26,10,0,329.03,219.52,410.9,0,18.21,0,0,3.53,0
2021,1,26,11,0,435.46,170.34,435.23,0,18.46,0,0,3.91,0
2021,1,26,12,0,53.73,154.11,206.62,0,18.15,0,0,4.42,0
2021,1,26,13,0,319.28,138.82,213.52,0,17.25,0,0,4.35,0
2021,1,26,14,0,68.58,114.87,150.38,0,16.65,0,0,3.84,0
2021,1,26,15,0,70.33,70.4,96.95,0,15.88,0,0,3.6,0
2021,1,26,16,0,44.99,25.16,29.05,0,14.2,0,0,3.86,0
2021,1,26,17,0,0.0,0.0,0.0,0,13.09,0,0,4.61,0
2021,1,26,18,0,0.0,0.0,0.0,0,12.74,0,0,4.94,0
2021,1,26,19,0,0.0,0.0,0.0,0,12.33,0,0,4.6,0
2021,1,26,20,0,0.0,0.0,0.0,0,12.03,0,0,4.45,0
2021,1,26,21,0,0.0,0.0,0.0,0,11.79,0,0,4.95,0
2021,1,26,22,0,0.0,0.0,0.0,0,11.43,0,0,5.1,0
2021,1,26,23,0,0.0,0.0,0.0,0,10.89,0,0,4.81,0
2021,1,27,0,0,0.0,0.0,0.0,0,10.49,0,0,5.25,0
2021,1,27,1,0,0.0,0.0,0.0,0,10.62,0,0,5.35,0
2021,1,27,2,0,0.0,0.0,0.0,0,10.46,0,0,4.72,0
2021,1,27,3,0,0.0,0.0,0.0,0,10.2,0,0,4.12,0
2021,1,27,4,0,0.0,0.0,0.0,0,9.97,0,0,4.39,0
2021,1,27,5,0,0.0,0.0,0.0,0,9.5,0,0,4.86,0
2021,1,27,6,0,0.0,0.0,0.0,0,9.1,0,0,4.55,0
2021,1,27,7,0,18.61,61.5,69.55,0,9.92,0,0,3.01,0
2021,1,27,8,0,36.03,140.33,174.7,0,10.74,0,0,3.94,0
2021,1,27,9,0,92.41,209.21,268.45,0,11.51,0,0,4.41,0
2021,1,27,10,0,328.69,180.05,301.4,0,11.89,0,0,4.1,0
2021,1,27,11,0,208.39,214.11,353.77,0,12.56,0,0,4.31,0
2021,1,27,12,0,157.41,206.78,277.65,0,14.03,0,0,4.24,0
2021,1,27,13,0,103.47,149.94,190.32,0,15.25,0,0,4.01,0
2021,1,27,14,0,69.63,122.58,151.82,0,15.65,0,0,3.93,0
2021,1,27,15,0,53.73,79.89,97.07,0,15.04,0,0,3.81,0
2021,1,27,16,0,20.76,24.18,27.3,0,13.33,0,0,4.8,0
2021,1,27,17,0,0.0,0.0,0.0,0,12.94,0,0,6.51,0
2021,1,27,18,0,0.0,0.0,0.0,0,12.93,0,0,8.92,0
2021,1,27,19,0,0.0,0.0,0.0,0,10.58,0,0,11.44,0
2021,1,27,20,0,0.0,0.0,0.0,0,7.64,0,0,10.55,0
2021,1,27,21,0,0.0,0.0,0.0,0,6.13,0,0,9.69,0
2021,1,27,22,0,0.0,0.0,0.0,0,5.03,0,0,9.96,0
2021,1,27,23,0,0.0,0.0,0.0,0,3.62,0,0,9.76,0
2021,1,28,0,0,0.0,0.0,0.0,0,2.6,0,0,9.48,0
2021,1,28,1,0,0.0,0.0,0.0,0,2.11,0,0,9.32,0
2021,1,28,2,0,0.0,0.0,0.0,0,1.85,0,0,9.38,0
2021,1,28,3,0,0.0,0.0,0.0,0,1.5,0,0,9.52,0
2021,1,28,4,0,0.0,0.0,0.0,0,1.04,0,0,9.41,0
2021,1,28,5,0,0.0,0.0,0.0,0,0.62,0,0,9.29,0
2021,1,28,6,0,31.14,4.0,3.15,0,0.37,0,0,8.95,0
2021,1,28,7,0,449.33,49.3,118.72,0,1.34,0,0,8.53,0
2021,1,28,8,0,780.27,74.24,318.25,0,2.8,0,0,8.2,0
2021,1,28,9,0,910.2,75.61,499.95,0,4.42,0,0,8.05,0
2021,1,28,10,0,1020.98,55.59,633.72,0,5.84,0,0,8.37,0
2021,1,28,11,0,1051.42,53.06,691.4,0,6.93,0,0,8.27,0
2021,1,28,12,0,1042.9,54.54,683.03,0,7.67,0,0,8.03,0
2021,1,28,13,0,1026.05,52.93,606.33,0,7.87,0,0,8.03,0
2021,1,28,14,0,965.67,50.52,469.4,0,7.47,0,0,7.85,0
2021,1,28,15,0,865.37,40.09,285.85,0,6.42,0,0,7.6,0
2021,1,28,16,0,523.82,22.0,81.82,0,4.21,0,0,7.6,0
2021,1,28,17,0,0.0,0.0,0.0,0,2.12,0,0,7.86,0
2021,1,28,18,0,0.0,0.0,0.0,0,0.97,0,0,7.05,0
2021,1,28,19,0,0.0,0.0,0.0,0,-0.26,0,0,6.16,0
2021,1,28,20,0,0.0,0.0,0.0,0,-1.22,0,0,5.64,0
2021,1,28,21,0,0.0,0.0,0.0,0,-1.89,0,0,5.45,0
2021,1,28,22,0,0.0,0.0,0.0,0,-2.5,0,0,5.33,0
2021,1,28,23,0,0.0,0.0,0.0,0,-3.07,0,0,5.28,0
2021,1,29,0,0,0.0,0.0,0.0,0,-2.92,0,0,4.96,0
2021,1,29,1,0,0.0,0.0,0.0,0,-2.52,0,0,4.67,0
2021,1,29,2,0,0.0,0.0,0.0,0,-3.05,0,0,4.98,0
2021,1,29,3,0,0.0,0.0,0.0,0,-2.87,0,0,4.69,0
2021,1,29,4,0,0.0,0.0,0.0,0,-3.23,0,0,4.37,0
2021,1,29,5,0,0.0,0.0,0.0,0,-3.56,0,0,4.12,0
2021,1,29,6,0,30.88,6.43,4.68,0,-3.1,0,0,3.78,0
2021,1,29,7,0,403.94,64.09,121.15,0,-1.39,0,0,2.74,0
2021,1,29,8,0,588.33,118.71,307.9,0,1.52,0,0,2.27,0
2021,1,29,9,0,669.0,161.22,470.2,0,4.37,0,0,1.67,0
2021,1,29,10,0,723.37,165.97,586.83,0,6.7,0,0,1.05,0
2021,1,29,11,0,902.9,122.34,670.28,0,8.56,0,0,0.66,0
2021,1,29,12,0,997.26,69.7,670.95,0,9.9,0,0,0.9,0
2021,1,29,13,0,977.81,64.04,594.88,0,10.54,0,0,1.31,0
2021,1,29,14,0,901.9,62.84,454.48,0,10.64,0,0,1.59,0
2021,1,29,15,0,786.71,56.09,274.33,0,10.08,0,0,1.81,0
2021,1,29,16,0,361.11,29.29,75.75,0,7.53,0,0,2.23,0
2021,1,29,17,0,0.0,0.0,0.0,0,5.46,0,0,2.94,0
2021,1,29,18,0,0.0,0.0,0.0,0,3.95,0,0,3.69,0
2021,1,29,19,0,0.0,0.0,0.0,0,2.46,0,0,4.36,0
2021,1,29,20,0,0.0,0.0,0.0,0,1.1,0,0,4.62,0
2021,1,29,21,0,0.0,0.0,0.0,0,0.15,0,0,4.21,0
2021,1,29,22,0,0.0,0.0,0.0,0,0.02,0,0,3.25,0
2021,1,29,23,0,0.0,0.0,0.0,0,0.49,0,0,2.35,0
2021,1,30,0,0,0.0,0.0,0.0,0,0.3,0,0,2.06,0
2021,1,30,1,0,0.0,0.0,0.0,0,-0.05,0,0,2.22,0
2021,1,30,2,0,0.0,0.0,0.0,0,-1.06,0,0,3.09,0
2021,1,30,3,0,0.0,0.0,0.0,0,-2.05,0,0,3.91,0
2021,1,30,4,0,0.0,0.0,0.0,0,-2.48,0,0,4.45,0
2021,1,30,5,0,0.0,0.0,0.0,0,-2.54,0,0,4.92,0
2021,1,30,6,0,19.62,5.96,4.4,0,-2.19,0,0,5.09,0
2021,1,30,7,0,204.07,50.6,85.6,0,0.61,0,0,3.32,0
2021,1,30,8,0,243.81,93.0,162.45,0,2.64,0,0,2.49,0
2021,1,30,9,0,155.56,188.35,271.95,0,4.49,0,0,3.64,0
2021,1,30,10,0,26.03,294.61,344.2,0,5.79,0,0,4.25,0
2021,1,30,11,0,29.97,314.09,370.77,0,6.56,0,0,5.0,0
2021,1,30,12,0,1.27,190.41,222.95,0,8.42,0,0,5.74,0
2021,1,30,13,0,15.11,257.85,297.1,0,9.1,0,0,5.78,0
2021,1,30,14,0,7.39,183.51,213.18,0,8.33,0,0,5.9,0
2021,1,30,15,0,14.08,91.54,106.35,0,7.68,0,0,6.07,0
2021,1,30,16,0,7.44,25.1,27.8,0,5.9,0,0,6.52,0
2021,1,30,17,0,0.0,0.0,0.0,0,3.74,0,0,6.7,0
2021,1,30,18,0,0.0,0.0,0.0,0,3.75,0,0,7.06,0
2021,1,30,19,0,0.0,0.0,0.0,0,3.27,0,0,6.79,0
2021,1,30,20,0,0.0,0.0,0.0,0,2.41,0,0,6.65,0
2021,1,30,21,0,0.0,0.0,0.0,0,1.63,0,0,6.48,0
2021,1,30,22,0,0.0,0.0,0.0,0,1.06,0,0,6.07,0
2021,1,30,23,0,0.0,0.0,0.0,0,0.87,0,0,5.67,0
2021,1,31,0,0,0.0,0.0,0.0,0,1.72,0,0,5.55,0
2021,1,31,1,0,0.0,0.0,0.0,0,2.34,0,0,5.78,0
2021,1,31,2,0,0.0,0.0,0.0,0,2.99,0,0,5.81,0
2021,1,31,3,0,0.0,0.0,0.0,0,3.64,0,0,6.14,0
2021,1,31,4,0,0.0,0.0,0.0,0,4.8,0,0,6.12,0
2021,1,31,5,0,0.0,0.0,0.0,0,5.52,0,0,5.4,0
2021,1,31,6,0,0.0,3.41,3.0,0,6.16,0,0,4.84,0
2021,1,31,7,0,93.29,40.03,48.33,0,7.64,0,0,3.66,0
2021,1,31,8,0,167.87,87.36,122.65,0,8.8,0,0,1.47,0
2021,1,31,9,0,31.83,56.58,73.35,0,9.22,0,0,0.69,0
2021,1,31,10,0,39.24,102.26,128.7,0,9.98,0,0,1.01,0
2021,1,31,11,0,36.16,78.46,102.47,0,10.59,0,0,0.79,0
2021,1,31,12,0,27.5,95.35,120.8,0,11.07,0,0,0.4,0
2021,1,31,13,0,44.33,144.9,186.8,0,11.84,0,0,0.35,0
2021,1,31,14,0,54.3,113.74,145.27,0,12.2,0,0,0.41,0
2021,1,31,15,0,39.39,70.64,84.55,0,12.05,0,0,0.34,0
2021,1,31,16,0,12.62,20.84,23.45,0,10.9,0,0,1.42,0
2021,1,31,17,0,0.0,0.0,0.0,0,9.6,0,0,1.67,0
2021,1,31,18,0,0.0,0.0,0.0,0,9.35,0,0,1.01,0
2021,1,31,19,0,0.0,0.0,0.0,0,8.97,0,0,4.62,0
2021,1,31,20,0,0.0,0.0,0.0,0,9.05,0,0,6.38,0
2021,1,31,21,0,0.0,0.0,0.0,0,8.31,0,0,7.02,0
2021,1,31,22,0,0.0,0.0,0.0,0,7.2,0,0,8.78,0
2021,1,31,23,0,0.0,0.0,0.0,0,5.86,0,0,8.98,0
2021,2,1,0,0,0.0,0.0,0.0,0,4.93,0,0,8.64,0
2021,2,1,1,0,0.0,0.0,0.0,0,4.18,0,0,8.6,0
2021,2,1,2,0,0.0,0.0,0.0,0,3.52,0,0,8.64,0
2021,2,1,3,0,0.0,0.0,0.0,0,2.82,0,0,8.85,0
2021,2,1,4,0,0.0,0.0,0.0,0,2.13,0,0,9.06,0
2021,2,1,5,0,0.0,0.0,0.0,0,1.51,0,0,8.85,0
2021,2,1,6,0,0.0,1.66,1.45,0,1.22,0,0,8.64,0
2021,2,1,7,0,0.0,31.22,35.67,0,1.84,0,0,9.01,0
2021,2,1,8,0,0.0,70.04,82.0,0,2.85,0,0,10.18,0
2021,2,1,9,0,0.0,119.57,139.3,0,3.57,0,0,10.33,0
2021,2,1,10,0,58.08,141.84,191.7,0,4.01,0,0,10.36,0
2021,2,1,11,0,29.16,159.97,197.93,0,4.28,0,0,10.61,0
2021,2,1,12,0,12.57,199.84,234.73,0,4.39,0,0,10.87,0
2021,2,1,13,0,24.94,99.04,122.6,0,4.28,0,0,11.04,0
2021,2,1,14,0,23.5,78.29,95.65,0,3.98,0,0,10.96,0
2021,2,1,15,0,27.35,49.36,60.62,0,3.43,0,0,10.8,0
2021,2,1,16,0,0.0,3.25,3.58,0,2.56,0,0,10.57,0
2021,2,1,17,0,0.0,0.0,0.0,0,1.83,0,0,10.27,0
2021,2,1,18,0,0.0,0.0,0.0,0,1.5,0,0,10.26,0
2021,2,1,19,0,0.0,0.0,0.0,0,1.27,0,0,10.17,0
2021,2,1,20,0,0.0,0.0,0.0,0,1.07,0,0,10.2,0
2021,2,1,21,0,0.0,0.0,0.0,0,0.79,0,0,10.19,0
2021,2,1,22,0,0.0,0.0,0.0,0,0.38,0,0,10.27,0
2021,2,1,23,0,0.0,0.0,0.0,0,-0.15,0,0,10.17,0
2021,2,2,0,0,0.0,0.0,0.0,0,-0.64,0,0,10.03,0
2021,2,2,1,0,0.0,0.0,0.0,0,-1.03,0,0,9.71,0
2021,2,2,2,0,0.0,0.0,0.0,0,-1.38,0,0,9.45,0
2021,2,2,3,0,0.0,0.0,0.0,0,-1.66,0,0,9.37,0
2021,2,2,4,0,0.0,0.0,0.0,0,-1.83,0,0,9.38,0
2021,2,2,5,0,0.0,0.0,0.0,0,-1.98,0,0,9.33,0
2021,2,2,6,0,29.69,6.56,4.97,0,-2.05,0,0,9.06,0
2021,2,2,7,0,448.39,58.48,133.52,0,-0.9,0,0,8.82,0
2021,2,2,8,0,734.75,78.28,324.45,0,0.92,0,0,9.39,0
2021,2,2,9,0,933.97,71.45,525.6,0,2.87,0,0,9.65,0
2021,2,2,10,0,995.19,72.97,648.78,0,4.61,0,0,9.79,0
2021,2,2,11,0,1041.62,59.82,715.85,0,6.03,0,0,9.94,0
2021,2,2,12,0,1029.04,65.21,704.92,0,6.88,0,0,10.22,0
2021,2,2,13,0,1009.75,62.19,626.97,0,7.18,0,0,10.32,0
2021,2,2,14,0,964.36,55.11,488.77,0,6.82,0,0,10.16,0
2021,2,2,15,0,856.52,45.31,303.88,0,5.84,0,0,9.72,0
2021,2,2,16,0,514.42,26.02,98.43,0,3.87,0,0,9.28,0
2021,2,2,17,0,0.0,0.0,0.0,0,1.91,0,0,9.11,0
2021,2,2,18,0,0.0,0.0,0.0,0,1.06,0,0,8.95,0
2021,2,2,19,0,0.0,0.0,0.0,0,0.32,0,0,8.73,0
2021,2,2,20,0,0.0,0.0,0.0,0,-0.31,0,0,8.49,0
2021,2,2,21,0,0.0,0.0,0.0,0,-0.89,0,0,8.29,0
2021,2,2,22,0,0.0,0.0,0.0,0,-1.48,0,0,8.05,0
2021,2,2,23,0,0.0,0.0,0.0,0,-2.11,0,0,7.8,0
2021,2,3,0,0,0.0,0.0,0.0,0,-2.72,0,0,7.59,0
2021,2,3,1,0,0.0,0.0,0.0,0,-3.12,0,0,7.32,0
2021,2,3,2,0,0.0,0.0,0.0,0,-3.41,0,0,7.06,0
2021,2,3,3,0,0.0,0.0,0.0,0,-3.61,0,0,6.91,0
2021,2,3,4,0,0.0,0.0,0.0,0,-3.79,0,0,6.77,0
2021,2,3,5,0,0.0,0.0,0.0,0,-4.1,0,0,6.16,0
2021,2,3,6,0,91.42,7.16,7.97,0,-4.27,0,0,5.4,0
2021,2,3,7,0,707.8,35.15,158.95,0,-1.9,0,0,5.36,0
2021,2,3,8,0,935.94,45.35,367.3,0,0.73,0,0,6.38,0
2021,2,3,9,0,1009.93,49.97,542.5,0,3.1,0,0,5.79,0
2021,2,3,10,0,1059.13,50.45,664.7,0,5.23,0,0,5.31,0
2021,2,3,11,0,1062.24,51.51,723.1,0,7.07,0,0,5.0,0
2021,2,3,12,0,1059.45,50.43,712.6,0,8.45,0,0,4.75,0
2021,2,3,13,0,1031.8,51.45,635.4,0,9.17,0,0,4.7,0
2021,2,3,14,0,993.15,46.71,496.77,0,9.14,0,0,4.92,0
2021,2,3,15,0,888.25,40.12,310.6,0,8.2,0,0,5.04,0
2021,2,3,16,0,540.73,24.99,103.18,0,4.27,0,0,5.94,0
2021,2,3,17,0,0.0,0.0,0.0,0,1.23,0,0,6.94,0
2021,2,3,18,0,0.0,0.0,0.0,0,0.65,0,0,7.09,0
2021,2,3,19,0,0.0,0.0,0.0,0,-0.02,0,0,6.63,0
2021,2,3,20,0,0.0,0.0,0.0,0,-1.01,0,0,5.96,0
2021,2,3,21,0,0.0,0.0,0.0,0,-1.75,0,0,5.93,0
2021,2,3,22,0,0.0,0.0,0.0,0,-2.09,0,0,5.54,0
2021,2,3,23,0,0.0,0.0,0.0,0,-2.54,0,0,5.18,0
2021,2,4,0,0,0.0,0.0,0.0,0,-2.78,0,0,4.75,0
2021,2,4,1,0,0.0,0.0,0.0,0,-3.02,0,0,4.39,0
2021,2,4,2,0,0.0,0.0,0.0,0,-2.81,0,0,3.77,0
2021,2,4,3,0,0.0,0.0,0.0,0,-2.39,0,0,3.29,0
2021,2,4,4,0,0.0,0.0,0.0,0,-1.78,0,0,2.82,0
2021,2,4,5,0,0.0,0.0,0.0,0,-1.29,0,0,2.69,0
2021,2,4,6,0,0.0,5.32,4.65,0,-1.28,0,0,3.15,0
2021,2,4,7,0,0.0,61.69,70.5,0,1.02,0,0,3.12,0
2021,2,4,8,0,18.12,144.8,172.27,0,2.46,0,0,1.83,0
2021,2,4,9,0,10.3,227.1,275.48,0,3.9,0,0,1.52,0
2021,2,4,10,0,12.15,292.64,341.45,0,5.71,0,0,2.52,0
2021,2,4,11,0,4.25,306.23,360.35,0,7.77,0,0,3.93,0
2021,2,4,12,0,59.88,291.47,355.38,0,8.77,0,0,3.96,0
2021,2,4,13,0,20.83,248.79,290.45,0,8.55,0,0,4.34,0
2021,2,4,14,0,18.27,186.73,217.5,0,8.1,0,0,5.34,0
2021,2,4,15,0,4.41,130.73,150.38,0,7.29,0,0,5.76,0
2021,2,4,16,0,0.0,38.14,43.65,0,6.24,0,0,6.39,0
2021,2,4,17,0,0.0,0.0,0.0,0,5.85,0,0,6.87,0
2021,2,4,18,0,0.0,0.0,0.0,0,5.81,0,0,6.88,0
2021,2,4,19,0,0.0,0.0,0.0,0,5.31,0,0,6.49,0
2021,2,4,20,0,0.0,0.0,0.0,0,6.77,0,0,8.62,0
2021,2,4,21,0,0.0,0.0,0.0,0,7.8,0,0,9.29,0
2021,2,4,22,0,0.0,0.0,0.0,0,8.2,0,0,9.63,0
2021,2,4,23,0,0.0,0.0,0.0,0,8.54,0,0,9.69,0
2021,2,5,0,0,0.0,0.0,0.0,0,8.95,0,0,9.19,0
2021,2,5,1,0,0.0,0.0,0.0,0,9.0,0,0,7.47,0
2021,2,5,2,0,0.0,0.0,0.0,0,8.74,0,0,5.37,0
2021,2,5,3,0,0.0,0.0,0.0,0,8.43,0,0,5.37,0
2021,2,5,4,0,0.0,0.0,0.0,0,8.44,0,0,6.5,0
2021,2,5,5,0,0.0,0.0,0.0,0,7.83,0,0,6.68,0
2021,2,5,6,0,3.48,6.29,4.57,0,6.83,0,0,6.74,0
2021,2,5,7,0,40.36,73.84,87.95,0,6.17,0,0,6.84,0
2021,2,5,8,0,63.63,182.41,214.55,0,6.5,0,0,6.51,0
2021,2,5,9,0,94.0,255.4,320.6,0,8.15,0,0,5.87,0
2021,2,5,10,0,95.23,332.29,412.7,0,9.79,0,0,5.48,0
2021,2,5,11,0,572.87,206.91,499.62,0,11.06,0,0,5.57,0
2021,2,5,12,0,470.68,268.44,519.47,0,11.75,0,0,6.32,0
2021,2,5,13,0,343.42,331.98,468.33,0,11.53,0,0,6.78,0
2021,2,5,14,0,207.53,248.58,349.88,0,10.48,0,0,6.51,0
2021,2,5,15,0,118.9,164.18,204.27,0,9.13,0,0,6.19,0
2021,2,5,16,0,45.97,55.73,66.03,0,6.96,0,0,6.53,0
2021,2,5,17,0,0.0,0.0,0.0,0,5.26,0,0,6.14,0
2021,2,5,18,0,0.0,0.0,0.0,0,4.97,0,0,4.1,0
2021,2,5,19,0,0.0,0.0,0.0,0,5.23,0,0,2.17,0
2021,2,5,20,0,0.0,0.0,0.0,0,4.31,0,0,2.02,0
2021,2,5,21,0,0.0,0.0,0.0,0,3.34,0,0,2.14,0
2021,2,5,22,0,0.0,0.0,0.0,0,2.51,0,0,2.59,0
2021,2,5,23,0,0.0,0.0,0.0,0,2.0,0,0,2.46,0
2021,2,6,0,0,0.0,0.0,0.0,0,2.18,0,0,2.02,0
2021,2,6,1,0,0.0,0.0,0.0,0,1.51,0,0,2.16,0
2021,2,6,2,0,0.0,0.0,0.0,0,1.96,0,0,2.04,0
2021,2,6,3,0,0.0,0.0,0.0,0,1.31,0,0,2.53,0
2021,2,6,4,0,0.0,0.0,0.0,0,0.34,0,0,3.79,0
2021,2,6,5,0,0.0,0.0,0.0,0,-0.24,0,0,4.87,0
2021,2,6,6,0,16.97,7.23,5.0,0,0.0,0,0,5.55,0
2021,2,6,7,0,150.78,56.16,80.82,0,2.56,0,0,4.55,0
2021,2,6,8,0,163.84,120.49,172.5,0,4.71,0,0,2.95,0
2021,2,6,9,0,6.28,165.42,190.15,0,7.46,0,0,4.1,0
2021,2,6,10,0,150.61,310.69,388.12,0,9.53,0,0,5.73,0
2021,2,6,11,0,68.45,166.36,215.7,0,9.88,0,0,5.53,0
2021,2,6,12,0,98.38,222.05,278.12,0,9.58,0,0,5.41,0
2021,2,6,13,0,0.0,104.07,119.72,0,8.72,0,0,5.28,0
2021,2,6,14,0,32.31,81.76,102.78,0,7.62,0,0,5.21,0
2021,2,6,15,0,14.74,55.71,65.15,0,6.2,0,0,5.09,0
2021,2,6,16,0,2.46,18.09,20.8,0,4.82,0,0,4.56,0
2021,2,6,17,0,0.0,0.0,0.0,0,3.92,0,0,5.72,0
2021,2,6,18,0,0.0,0.0,0.0,0,3.44,0,0,6.15,0
2021,2,6,19,0,0.0,0.0,0.0,0,2.79,0,0,4.46,0
2021,2,6,20,0,0.0,0.0,0.0,0,2.09,0,0,4.45,0
2021,2,6,21,0,0.0,0.0,0.0,0,1.65,0,0,5.25,0
2021,2,6,22,0,0.0,0.0,0.0,0,1.59,0,0,6.25,0
2021,2,6,23,0,0.0,0.0,0.0,0,1.67,0,0,5.93,0
2021,2,7,0,0,0.0,0.0,0.0,0,1.81,0,0,5.25,0
2021,2,7,1,0,0.0,0.0,0.0,0,2.21,0,0,2.79,0
2021,2,7,2,0,0.0,0.0,0.0,0,2.22,0,0,1.36,0
2021,2,7,3,0,0.0,0.0,0.0,0,2.17,0,0,3.8,0
2021,2,7,4,0,0.0,0.0,0.0,0,1.74,0,0,4.63,0
2021,2,7,5,0,0.0,0.0,0.0,0,1.05,0,0,4.76,0
2021,2,7,6,0,13.06,8.85,7.15,0,0.68,0,0,4.26,0
2021,2,7,7,0,120.38,77.1,103.03,0,1.86,0,0,4.75,0
2021,2,7,8,0,238.78,161.3,235.38,0,4.08,0,0,5.81,0
2021,2,7,9,0,310.97,223.43,367.02,0,6.63,0,0,6.91,0
2021,2,7,10,0,513.82,233.97,535.78,0,8.47,0,0,6.32,0
2021,2,7,11,0,719.14,188.65,659.8,0,9.81,0,0,5.77,0
2021,2,7,12,0,728.16,188.92,651.58,0,10.67,0,0,5.47,0
2021,2,7,13,0,754.59,152.29,594.5,0,11.03,0,0,5.1,0
2021,2,7,14,0,768.14,111.33,465.75,0,10.84,0,0,4.72,0
2021,2,7,15,0,642.76,86.39,289.55,0,10.06,0,0,4.34,0
2021,2,7,16,0,382.83,41.12,102.53,0,7.06,0,0,4.66,0
2021,2,7,17,0,0.0,0.0,0.0,0,3.79,0,0,5.61,0
2021,2,7,18,0,0.0,0.0,0.0,0,2.99,0,0,6.1,0
2021,2,7,19,0,0.0,0.0,0.0,0,2.2,0,0,6.05,0
2021,2,7,20,0,0.0,0.0,0.0,0,1.37,0,0,5.64,0
2021,2,7,21,0,0.0,0.0,0.0,0,0.59,0,0,5.28,0
2021,2,7,22,0,0.0,0.0,0.0,0,-0.09,0,0,5.1,0
2021,2,7,23,0,0.0,0.0,0.0,0,-0.71,0,0,5.0,0
2021,2,8,0,0,0.0,0.0,0.0,0,-1.16,0,0,5.04,0
2021,2,8,1,0,0.0,0.0,0.0,0,-1.31,0,0,5.05,0
2021,2,8,2,0,0.0,0.0,0.0,0,-1.08,0,0,4.92,0
2021,2,8,3,0,0.0,0.0,0.0,0,-0.65,0,0,4.64,0
2021,2,8,4,0,0.0,0.0,0.0,0,0.39,0,0,4.02,0
2021,2,8,5,0,0.0,0.0,0.0,0,1.1,0,0,3.37,0
2021,2,8,6,0,23.52,11.43,9.18,0,1.24,0,0,3.33,0
2021,2,8,7,0,377.33,75.1,145.38,0,2.19,0,0,2.99,0
2021,2,8,8,0,530.7,135.39,335.48,0,4.32,0,0,3.43,0
2021,2,8,9,0,707.73,152.31,507.52,0,7.71,0,0,4.84,0
2021,2,8,10,0,717.85,188.75,622.25,0,10.44,0,0,5.33,0
2021,2,8,11,0,647.75,240.2,652.9,0,12.1,0,0,4.94,0
2021,2,8,12,0,529.95,266.57,597.75,0,13.25,0,0,4.72,0
2021,2,8,13,0,462.22,246.51,512.22,0,13.96,0,0,4.76,0
2021,2,8,14,0,341.57,225.36,388.92,0,13.97,0,0,4.93,0
2021,2,8,15,0,228.06,164.08,232.88,0,12.91,0,0,5.11,0
2021,2,8,16,0,89.95,65.0,81.0,0,9.72,0,0,5.98,0
2021,2,8,17,0,0.0,0.0,0.0,0,7.9,0,0,6.83,0
2021,2,8,18,0,0.0,0.0,0.0,0,7.62,0,0,6.64,0
2021,2,8,19,0,0.0,0.0,0.0,0,7.32,0,0,6.18,0
2021,2,8,20,0,0.0,0.0,0.0,0,7.06,0,0,5.56,0
2021,2,8,21,0,0.0,0.0,0.0,0,6.73,0,0,5.3,0
2021,2,8,22,0,0.0,0.0,0.0,0,6.46,0,0,5.09,0
2021,2,8,23,0,0.0,0.0,0.0,0,6.32,0,0,4.8,0
2021,2,9,0,0,0.0,0.0,0.0,0,6.65,0,0,4.46,0
2021,2,9,1,0,0.0,0.0,0.0,0,6.76,0,0,4.78,0
2021,2,9,2,0,0.0,0.0,0.0,0,6.19,0,0,5.35,0
2021,2,9,3,0,0.0,0.0,0.0,0,5.2,0,0,4.71,0
2021,2,9,4,0,0.0,0.0,0.0,0,6.02,0,0,2.71,0
2021,2,9,5,0,0.0,0.0,0.0,0,7.19,0,0,1.75,0
2021,2,9,6,0,2.08,6.13,5.03,0,7.05,0,0,2.56,0
2021,2,9,7,0,27.19,55.56,63.17,0,8.81,0,0,1.03,0
2021,2,9,8,0,24.5,126.18,146.55,0,10.37,0,0,0.62,0
2021,2,9,9,0,178.9,161.33,213.05,0,13.98,0,0,1.22,0
2021,2,9,10,0,129.3,226.82,329.35,0,16.63,0,0,1.82,0
2021,2,9,11,0,322.93,284.73,515.83,0,18.54,0,0,1.67,0
2021,2,9,12,0,456.19,238.27,558.53,0,19.56,0,0,1.66,0
2021,2,9,13,0,551.02,136.59,436.33,0,19.56,0,0,1.81,0
2021,2,9,14,0,498.98,127.05,335.12,0,19.06,0,0,1.88,0
2021,2,9,15,0,408.62,97.73,213.27,0,18.29,0,0,1.91,0
2021,2,9,16,0,191.47,41.76,71.62,0,16.36,0,0,2.23,0
2021,2,9,17,0,0.0,0.0,0.0,0,14.83,0,0,2.59,0
2021,2,9,18,0,0.0,0.0,0.0,0,14.03,0,0,2.76,0
2021,2,9,19,0,0.0,0.0,0.0,0,12.81,0,0,2.84,0
2021,2,9,20,0,0.0,0.0,0.0,0,11.67,0,0,3.03,0
2021,2,9,21,0,0.0,0.0,0.0,0,10.59,0,0,3.26,0
2021,2,9,22,0,0.0,0.0,0.0,0,9.53,0,0,3.54,0
2021,2,9,23,0,0.0,0.0,0.0,0,8.51,0,0,3.83,0
2021,2,10,0,0,0.0,0.0,0.0,0,7.52,0,0,4.11,0
2021,2,10,1,0,0.0,0.0,0.0,0,6.62,0,0,4.43,0
2021,2,10,2,0,0.0,0.0,0.0,0,5.83,0,0,4.77,0
2021,2,10,3,0,0.0,0.0,0.0,0,5.37,0,0,4.82,0
2021,2,10,4,0,0.0,0.0,0.0,0,5.08,0,0,4.73,0
2021,2,10,5,0,0.0,0.0,0.0,0,4.99,0,0,4.59,0
2021,2,10,6,0,45.09,10.48,10.45,0,5.66,0,0,4.34,0
2021,2,10,7,0,478.67,53.05,153.18,0,8.99,0,0,2.85,0
2021,2,10,8,0,679.72,89.0,345.42,0,11.54,0,0,1.62,0
2021,2,10,9,0,781.39,106.57,516.1,0,15.18,0,0,1.75,0
2021,2,10,10,0,726.0,156.89,612.17,0,18.2,0,0,2.26,0
2021,2,10,11,0,394.2,283.83,543.75,0,19.11,0,0,2.17,0
2021,2,10,12,0,228.56,353.57,554.75,0,19.25,0,0,2.04,0
2021,2,10,13,0,167.96,258.95,377.58,0,18.74,0,0,1.94,0
2021,2,10,14,0,222.83,201.77,301.45,0,18.29,0,0,1.87,0
2021,2,10,15,0,259.0,111.51,191.45,0,17.89,0,0,2.01,0
2021,2,10,16,0,176.92,55.07,82.5,0,16.35,0,0,2.31,0
2021,2,10,17,0,0.0,0.0,0.0,0,14.92,0,0,2.66,0
2021,2,10,18,0,0.0,0.0,0.0,0,13.85,0,0,2.99,0
2021,2,10,19,0,0.0,0.0,0.0,0,12.67,0,0,3.5,0
2021,2,10,20,0,0.0,0.0,0.0,0,11.54,0,0,4.08,0
2021,2,10,21,0,0.0,0.0,0.0,0,10.5,0,0,4.56,0
2021,2,10,22,0,0.0,0.0,0.0,0,9.6,0,0,5.45,0
2021,2,10,23,0,0.0,0.0,0.0,0,9.35,0,0,6.35,0
2021,2,11,0,0,0.0,0.0,0.0,0,9.09,0,0,5.62,0
2021,2,11,1,0,0.0,0.0,0.0,0,9.63,0,0,4.72,0
2021,2,11,2,0,0.0,0.0,0.0,0,10.0,0,0,4.49,0
2021,2,11,3,0,0.0,0.0,0.0,0,9.97,0,0,4.41,0
2021,2,11,4,0,0.0,0.0,0.0,0,10.61,0,0,4.81,0
2021,2,11,5,0,0.0,0.0,0.0,0,10.8,0,0,5.27,0
2021,2,11,6,0,4.61,8.04,6.32,0,11.53,0,0,5.89,0
2021,2,11,7,0,33.28,58.22,68.25,0,13.87,0,0,5.45,0
2021,2,11,8,0,31.71,122.39,144.85,0,15.91,0,0,4.3,0
2021,2,11,9,0,0.0,51.92,59.95,0,18.02,0,0,3.93,0
2021,2,11,10,0,0.0,79.26,92.2,0,19.78,0,0,4.55,0
2021,2,11,11,0,0.0,82.67,98.43,0,20.95,0,0,5.28,0
2021,2,11,12,0,36.03,119.54,151.48,0,21.45,0,0,5.69,0
2021,2,11,13,0,7.6,120.82,142.05,0,21.45,0,0,6.53,0
2021,2,11,14,0,7.33,83.53,102.0,0,20.61,0,0,6.02,0
2021,2,11,15,0,0.68,53.09,62.2,0,19.32,0,0,5.33,0
2021,2,11,16,0,0.0,22.78,26.0,0,17.86,0,0,4.85,0
2021,2,11,17,0,0.0,0.0,0.0,0,16.56,0,0,4.06,0
2021,2,11,18,0,0.0,0.0,0.0,0,15.31,0,0,4.68,0
2021,2,11,19,0,0.0,0.0,0.0,0,13.73,0,0,4.25,0
2021,2,11,20,0,0.0,0.0,0.0,0,12.8,0,0,3.27,0
2021,2,11,21,0,0.0,0.0,0.0,0,12.28,0,0,2.95,0
2021,2,11,22,0,0.0,0.0,0.0,0,11.84,0,0,3.88,0
2021,2,11,23,0,0.0,0.0,0.0,0,11.41,0,0,3.76,0
2021,2,12,0,0,0.0,0.0,0.0,0,11.35,0,0,2.52,0
2021,2,12,1,0,0.0,0.0,0.0,0,11.19,0,0,1.56,0
2021,2,12,2,0,0.0,0.0,0.0,0,10.83,0,0,2.41,0
2021,2,12,3,0,0.0,0.0,0.0,0,10.53,0,0,3.64,0
2021,2,12,4,0,0.0,0.0,0.0,0,10.53,0,0,4.21,0
2021,2,12,5,0,0.0,0.0,0.0,0,10.33,0,0,4.53,0
2021,2,12,6,0,0.0,2.76,2.58,0,10.26,0,0,4.65,0
2021,2,12,7,0,1.84,19.76,22.4,0,10.61,0,0,4.42,0
2021,2,12,8,0,2.49,32.05,36.92,0,11.03,0,0,3.58,0
2021,2,12,9,0,11.68,47.44,56.65,0,11.0,0,0,4.06,0
2021,2,12,10,0,37.33,101.02,137.0,0,10.27,0,0,4.84,0
2021,2,12,11,0,48.84,109.56,147.9,0,9.51,0,0,4.77,0
2021,2,12,12,0,31.01,157.37,191.43,0,8.96,0,0,3.97,0
2021,2,12,13,0,57.53,85.94,121.97,0,8.44,0,0,3.78,0
2021,2,12,14,0,3.57,71.49,86.78,0,8.01,0,0,3.79,0
2021,2,12,15,0,1.65,51.89,60.95,0,7.52,0,0,3.9,0
2021,2,12,16,0,0.0,28.43,32.22,0,6.88,0,0,3.99,0
2021,2,12,17,0,0.0,0.0,0.0,0,6.28,0,0,4.01,0
2021,2,12,18,0,0.0,0.0,0.0,0,5.88,0,0,4.12,0
2021,2,12,19,0,0.0,0.0,0.0,0,5.57,0,0,4.15,0
2021,2,12,20,0,0.0,0.0,0.0,0,5.34,0,0,4.19,0
2021,2,12,21,0,0.0,0.0,0.0,0,5.17,0,0,4.39,0
2021,2,12,22,0,0.0,0.0,0.0,0,5.04,0,0,4.34,0
2021,2,12,23,0,0.0,0.0,0.0,0,4.95,0,0,3.74,0
2021,2,13,0,0,0.0,0.0,0.0,0,4.84,0,0,3.29,0
2021,2,13,1,0,0.0,0.0,0.0,0,4.63,0,0,4.09,0
2021,2,13,2,0,0.0,0.0,0.0,0,4.46,0,0,4.45,0
2021,2,13,3,0,0.0,0.0,0.0,0,4.36,0,0,4.12,0
2021,2,13,4,0,0.0,0.0,0.0,0,4.23,0,0,3.68,0
2021,2,13,5,0,0.0,0.0,0.0,0,4.21,0,0,3.76,0
2021,2,13,6,0,0.0,4.25,3.97,0,4.17,0,0,3.9,0
2021,2,13,7,0,9.95,36.64,41.95,0,4.16,0,0,4.55,0
2021,2,13,8,0,18.66,65.38,76.93,0,4.39,0,0,4.79,0
2021,2,13,9,0,6.29,138.26,159.7,0,4.92,0,0,4.41,0
2021,2,13,10,0,24.36,94.67,118.7,0,5.5,0,0,3.94,0
2021,2,13,11,0,41.85,162.56,216.23,0,6.04,0,0,3.43,0
2021,2,13,12,0,74.39,166.77,234.8,0,6.75,0,0,3.09,0
2021,2,13,13,0,30.5,209.16,260.42,0,7.61,0,0,3.17,0
2021,2,13,14,0,57.73,90.01,123.62,0,8.23,0,0,3.05,0
2021,2,13,15,0,19.38,96.36,112.5,0,8.12,0,0,2.5,0
2021,2,13,16,0,12.51,35.66,40.83,0,7.57,0,0,1.73,0
2021,2,13,17,0,0.0,0.0,0.0,0,6.78,0,0,1.92,0
2021,2,13,18,0,0.0,0.0,0.0,0,6.39,0,0,2.57,0
2021,2,13,19,0,0.0,0.0,0.0,0,5.98,0,0,2.81,0
2021,2,13,20,0,0.0,0.0,0.0,0,5.56,0,0,2.72,0
2021,2,13,21,0,0.0,0.0,0.0,0,5.23,0,0,2.54,0
2021,2,13,22,0,0.0,0.0,0.0,0,5.14,0,0,2.35,0
2021,2,13,23,0,0.0,0.0,0.0,0,5.24,0,0,2.07,0
2021,2,14,0,0,0.0,0.0,0.0,0,5.23,0,0,2.3,0
2021,2,14,1,0,0.0,0.0,0.0,0,5.03,0,0,2.78,0
2021,2,14,2,0,0.0,0.0,0.0,0,4.69,0,0,3.11,0
2021,2,14,3,0,0.0,0.0,0.0,0,4.64,0,0,3.83,0
2021,2,14,4,0,0.0,0.0,0.0,0,4.55,0,0,3.97,0
2021,2,14,5,0,0.0,0.0,0.0,0,4.43,0,0,3.91,0
2021,2,14,6,0,2.89,6.56,6.28,0,4.38,0,0,4.03,0
2021,2,14,7,0,3.29,59.91,68.1,0,4.62,0,0,4.52,0
2021,2,14,8,0,4.98,129.51,149.32,0,5.16,0,0,4.99,0
2021,2,14,9,0,23.24,92.92,110.07,0,5.81,0,0,4.97,0
2021,2,14,10,0,0.0,86.06,101.93,0,6.47,0,0,4.71,0
2021,2,14,11,0,0.0,188.85,224.6,0,7.26,0,0,4.56,0
2021,2,14,12,0,23.11,73.34,95.22,0,7.78,0,0,4.25,0
2021,2,14,13,0,13.01,148.59,176.1,0,7.78,0,0,3.97,0
2021,2,14,14,0,38.25,89.29,118.55,0,7.68,0,0,4.08,0
2021,2,14,15,0,4.85,53.98,63.8,0,7.68,0,0,4.05,0
2021,2,14,16,0,13.42,20.67,24.1,0,7.12,0,0,3.79,0
2021,2,14,17,0,0.0,0.0,0.0,0,6.45,0,0,4.21,0
2021,2,14,18,0,0.0,0.0,0.0,0,6.28,0,0,4.41,0
2021,2,14,19,0,0.0,0.0,0.0,0,6.2,0,0,4.14,0
2021,2,14,20,0,0.0,0.0,0.0,0,6.07,0,0,4.0,0
2021,2,14,21,0,0.0,0.0,0.0,0,5.85,0,0,4.04,0
2021,2,14,22,0,0.0,0.0,0.0,0,5.62,0,0,3.54,0
2021,2,14,23,0,0.0,0.0,0.0,0,5.44,0,0,3.21,0
2021,2,15,0,0,0.0,0.0,0.0,0,5.2,0,0,3.64,0
2021,2,15,1,0,0.0,0.0,0.0,0,4.81,0,0,3.84,0
2021,2,15,2,0,0.0,0.0,0.0,0,4.72,0,0,3.57,0
2021,2,15,3,0,0.0,0.0,0.0,0,4.67,0,0,3.49,0
2021,2,15,4,0,0.0,0.0,0.0,0,4.51,0,0,3.99,0
2021,2,15,5,0,0.0,0.0,0.0,0,4.26,0,0,4.37,0
2021,2,15,6,0,0.0,5.17,4.93,0,4.13,0,0,4.69,0
2021,2,15,7,0,4.61,33.07,37.78,0,4.73,0,0,5.48,0
2021,2,15,8,0,13.08,58.5,69.05,0,5.8,0,0,5.94,0
2021,2,15,9,0,85.29,80.39,116.9,0,7.0,0,0,6.44,0
2021,2,15,10,0,53.22,128.48,173.35,0,7.54,0,0,7.29,0
2021,2,15,11,0,26.29,101.22,128.45,0,7.83,0,0,7.98,0
2021,2,15,12,0,46.37,135.16,182.9,0,8.24,0,0,8.16,0
2021,2,15,13,0,0.0,107.25,124.78,0,8.84,0,0,8.16,0
2021,2,15,14,0,16.76,35.19,42.8,0,9.6,0,0,7.73,0
2021,2,15,15,0,10.02,105.83,125.5,0,10.37,0,0,7.5,0
2021,2,15,16,0,15.03,40.44,44.47,0,11.51,0,0,7.41,0
2021,2,15,17,0,0.0,2.91,2.05,0,11.97,0,0,5.47,0
2021,2,15,18,0,0.0,0.0,0.0,0,12.14,0,0,6.47,0
2021,2,15,19,0,0.0,0.0,0.0,0,9.17,0,0,7.63,0
2021,2,15,20,0,0.0,0.0,0.0,0,5.74,0,0,5.81,0
2021,2,15,21,0,0.0,0.0,0.0,0,4.58,0,0,5.7,0
2021,2,15,22,0,0.0,0.0,0.0,0,3.78,0,0,6.36,0
2021,2,15,23,0,0.0,0.0,0.0,0,3.35,0,0,7.58,0
2021,2,16,0,0,0.0,0.0,0.0,0,2.21,0,0,8.25,0
2021,2,16,1,0,0.0,0.0,0.0,0,0.73,0,0,7.51,0
2021,2,16,2,0,0.0,0.0,0.0,0,-0.51,0,0,7.15,0
2021,2,16,3,0,0.0,0.0,0.0,0,-1.46,0,0,7.02,0
2021,2,16,4,0,0.0,0.0,0.0,0,-2.04,0,0,6.84,0
2021,2,16,5,0,0.0,0.0,0.0,0,-2.93,0,0,6.98,0
2021,2,16,6,0,2.55,6.8,6.5,0,-3.43,0,0,7.29,0
2021,2,16,7,0,8.81,45.78,53.62,0,-2.93,0,0,7.74,0
2021,2,16,8,0,10.55,81.03,94.68,0,-1.84,0,0,7.64,0
2021,2,16,9,0,56.27,106.16,139.6,0,-0.47,0,0,7.23,0
2021,2,16,10,0,72.7,137.33,189.27,0,0.72,0,0,7.21,0
2021,2,16,11,0,44.01,198.78,253.1,0,1.75,0,0,7.19,0
2021,2,16,12,0,36.44,292.88,362.2,0,2.69,0,0,7.05,0
2021,2,16,13,0,742.46,160.66,357.83,0,3.02,0,0,6.89,0
2021,2,16,14,0,837.77,104.39,517.1,0,2.68,0,0,6.68,0
2021,2,16,15,0,733.97,79.42,339.1,0,1.72,0,0,6.23,0
2021,2,16,16,0,553.75,42.33,137.8,0,-0.04,0,0,5.63,0
2021,2,16,17,0,65.3,5.08,5.38,0,-2.78,0,0,5.46,0
2021,2,16,18,0,0.0,0.0,0.0,0,-3.75,0,0,5.35,0
2021,2,16,19,0,0.0,0.0,0.0,0,-4.68,0,0,4.97,0
2021,2,16,20,0,0.0,0.0,0.0,0,-5.44,0,0,4.54,0
2021,2,16,21,0,0.0,0.0,0.0,0,-5.81,0,0,4.24,0
2021,2,16,22,0,0.0,0.0,0.0,0,-5.86,0,0,3.85,0
2021,2,16,23,0,0.0,0.0,0.0,0,-5.78,0,0,3.65,0
2021,2,17,0,0,0.0,0.0,0.0,0,-5.68,0,0,3.79,0
2021,2,17,1,0,0.0,0.0,0.0,0,-5.6,0,0,3.8,0
2021,2,17,2,0,0.0,0.0,0.0,0,-5.54,0,0,3.75,0
2021,2,17,3,0,0.0,0.0,0.0,0,-5.5,0,0,3.67,0
2021,2,17,4,0,0.0,0.0,0.0,0,-5.49,0,0,3.45,0
2021,2,17,5,0,0.0,0.0,0.0,0,-5.44,0,0,3.09,0
2021,2,17,6,0,66.49,14.5,17.2,0,-4.85,0,0,2.65,0
2021,2,17,7,0,520.52,59.55,179.73,0,-2.29,0,0,2.49,0
2021,2,17,8,0,709.01,90.7,378.9,0,1.45,0,0,3.46,0
2021,2,17,9,0,814.95,102.39,549.85,0,4.32,0,0,3.17,0
2021,2,17,10,0,845.23,118.24,669.75,0,6.76,0,0,2.82,0
2021,2,17,11,0,989.02,71.27,751.4,0,8.67,0,0,2.54,0
2021,2,17,12,0,971.85,74.14,739.08,0,10.03,0,0,2.51,0
2021,2,17,13,0,866.98,94.96,625.78,0,10.85,0,0,3.03,0
2021,2,17,14,0,713.83,121.82,477.92,0,11.05,0,0,4.11,0
2021,2,17,15,0,474.7,117.92,279.8,0,10.42,0,0,5.19,0
2021,2,17,16,0,201.15,64.14,96.4,0,7.98,0,0,6.72,0
2021,2,17,17,0,5.54,3.69,2.6,0,5.82,0,0,8.35,0
2021,2,17,18,0,0.0,0.0,0.0,0,6.42,0,0,8.91,0
2021,2,17,19,0,0.0,0.0,0.0,0,6.42,0,0,8.23,0
2021,2,17,20,0,0.0,0.0,0.0,0,5.86,0,0,6.2,0
2021,2,17,21,0,0.0,0.0,0.0,0,5.68,0,0,4.97,0
2021,2,17,22,0,0.0,0.0,0.0,0,5.61,0,0,5.14,0
2021,2,17,23,0,0.0,0.0,0.0,0,5.57,0,0,5.3,0
2021,2,18,0,0,0.0,0.0,0.0,0,5.55,0,0,4.91,0
2021,2,18,1,0,0.0,0.0,0.0,0,5.49,0,0,4.27,0
2021,2,18,2,0,0.0,0.0,0.0,0,5.43,0,0,3.34,0
2021,2,18,3,0,0.0,0.0,0.0,0,5.23,0,0,1.87,0
2021,2,18,4,0,0.0,0.0,0.0,0,5.62,0,0,2.5,0
2021,2,18,5,0,0.0,0.0,0.0,0,4.91,0,0,4.31,0
2021,2,18,6,0,4.48,6.82,5.95,0,4.81,0,0,4.63,0
2021,2,18,7,0,27.92,34.27,41.47,0,5.45,0,0,4.33,0
2021,2,18,8,0,36.56,68.15,84.28,0,6.09,0,0,5.26,0
2021,2,18,9,0,49.38,90.15,111.07,0,6.63,0,0,5.25,0
2021,2,18,10,0,118.21,117.89,160.73,0,7.47,0,0,4.3,0
2021,2,18,11,0,139.45,125.89,174.48,0,8.17,0,0,3.85,0
2021,2,18,12,0,0.28,121.25,145.12,0,8.44,0,0,3.73,0
2021,2,18,13,0,0.0,111.35,131.85,0,8.39,0,0,3.72,0
2021,2,18,14,0,0.0,39.56,45.67,0,8.06,0,0,3.72,0
2021,2,18,15,0,1.72,31.25,36.47,0,7.55,0,0,3.76,0
2021,2,18,16,0,2.62,16.65,19.1,0,6.88,0,0,4.04,0
2021,2,18,17,0,0.0,1.63,1.42,0,6.14,0,0,4.6,0
2021,2,18,18,0,0.0,0.0,0.0,0,5.99,0,0,4.54,0
2021,2,18,19,0,0.0,0.0,0.0,0,5.65,0,0,4.17,0
2021,2,18,20,0,0.0,0.0,0.0,0,5.38,0,0,3.8,0
2021,2,18,21,0,0.0,0.0,0.0,0,5.11,0,0,3.74,0
2021,2,18,22,0,0.0,0.0,0.0,0,4.9,0,0,4.14,0
2021,2,18,23,0,0.0,0.0,0.0,0,4.5,0,0,4.65,0
2021,2,19,0,0,0.0,0.0,0.0,0,4.01,0,0,4.45,0
2021,2,19,1,0,0.0,0.0,0.0,0,3.45,0,0,4.24,0
2021,2,19,2,0,0.0,0.0,0.0,0,2.83,0,0,4.81,0
2021,2,19,3,0,0.0,0.0,0.0,0,2.21,0,0,5.51,0
2021,2,19,4,0,0.0,0.0,0.0,0,1.6,0,0,5.54,0
2021,2,19,5,0,0.0,0.0,0.0,0,1.06,0,0,5.7,0
2021,2,19,6,0,28.22,11.8,10.45,0,0.8,0,0,5.49,0
2021,2,19,7,0,151.4,63.86,84.22,0,1.9,0,0,6.27,0
2021,2,19,8,0,212.18,110.77,162.18,0,3.72,0,0,6.36,0
2021,2,19,9,0,6.22,205.44,235.75,0,5.82,0,0,6.09,0
2021,2,19,10,0,148.24,314.43,454.5,0,7.63,0,0,6.09,0
2021,2,19,11,0,569.41,242.06,657.33,0,8.93,0,0,6.46,0
2021,2,19,12,0,724.42,196.53,695.67,0,9.59,0,0,7.18,0
2021,2,19,13,0,897.87,106.92,679.03,0,9.52,0,0,7.92,0
2021,2,19,14,0,876.76,91.02,545.17,0,8.8,0,0,8.47,0
2021,2,19,15,0,761.1,77.06,357.85,0,7.73,0,0,8.53,0
2021,2,19,16,0,563.31,43.12,149.43,0,6.02,0,0,7.91,0
2021,2,19,17,0,51.25,7.24,6.85,0,3.09,0,0,7.48,0
2021,2,19,18,0,0.0,0.0,0.0,0,1.83,0,0,6.79,0
2021,2,19,19,0,0.0,0.0,0.0,0,0.78,0,0,6.52,0
2021,2,19,20,0,0.0,0.0,0.0,0,0.13,0,0,6.65,0
2021,2,19,21,0,0.0,0.0,0.0,0,-0.6,0,0,6.62,0
2021,2,19,22,0,0.0,0.0,0.0,0,-1.37,0,0,6.43,0
2021,2,19,23,0,0.0,0.0,0.0,0,-1.01,0,0,5.74,0
2021,2,20,0,0,0.0,0.0,0.0,0,-1.55,0,0,5.6,0
2021,2,20,1,0,0.0,0.0,0.0,0,-2.73,0,0,5.74,0
2021,2,20,2,0,0.0,0.0,0.0,0,-3.43,0,0,5.79,0
2021,2,20,3,0,0.0,0.0,0.0,0,-3.92,0,0,5.64,0
2021,2,20,4,0,0.0,0.0,0.0,0,-4.41,0,0,5.34,0
2021,2,20,5,0,0.0,0.0,0.0,0,-4.8,0,0,5.15,0
2021,2,20,6,0,202.47,15.74,26.98,0,-4.09,0,0,4.54,0
2021,2,20,7,0,748.95,46.09,220.75,0,-1.32,0,0,3.15,0
2021,2,20,8,0,931.02,55.48,438.42,0,2.58,0,0,3.45,0
2021,2,20,9,0,1021.27,52.85,618.72,0,6.36,0,0,4.19,0
2021,2,20,10,0,1056.0,53.5,741.8,0,8.59,0,0,4.12,0
2021,2,20,11,0,1066.76,53.38,800.7,0,10.02,0,0,4.05,0
2021,2,20,12,0,1059.93,53.1,789.65,0,10.9,0,0,4.07,0
2021,2,20,13,0,1037.25,54.05,710.47,0,11.23,0,0,4.15,0
2021,2,20,14,0,991.97,52.23,569.28,0,11.02,0,0,4.2,0
2021,2,20,15,0,908.08,48.01,378.85,0,10.18,0,0,4.09,0
2021,2,20,16,0,695.21,36.46,160.57,0,7.42,0,0,4.19,0
2021,2,20,17,0,89.91,7.09,7.97,0,3.77,0,0,4.39,0
2021,2,20,18,0,0.0,0.0,0.0,0,2.69,0,0,4.48,0
2021,2,20,19,0,0.0,0.0,0.0,0,1.99,0,0,4.41,0
2021,2,20,20,0,0.0,0.0,0.0,0,1.74,0,0,4.03,0
2021,2,20,21,0,0.0,0.0,0.0,0,1.63,0,0,3.67,0
2021,2,20,22,0,0.0,0.0,0.0,0,1.35,0,0,3.51,0
2021,2,20,23,0,0.0,0.0,0.0,0,0.76,0,0,3.69,0
2021,2,21,0,0,0.0,0.0,0.0,0,-0.11,0,0,4.11,0
2021,2,21,1,0,0.0,0.0,0.0,0,-1.07,0,0,4.65,0
2021,2,21,2,0,0.0,0.0,0.0,0,-1.88,0,0,5.18,0
2021,2,21,3,0,0.0,0.0,0.0,0,-2.29,0,0,5.84,0
2021,2,21,4,0,0.0,0.0,0.0,0,-2.64,0,0,6.18,0
2021,2,21,5,0,0.0,0.0,0.0,0,-3.02,0,0,5.85,0
2021,2,21,6,0,137.45,21.61,25.1,0,-1.86,0,0,5.27,0
2021,2,21,7,0,543.24,71.76,204.73,0,1.14,0,0,3.61,0
2021,2,21,8,0,761.49,99.21,412.7,0,4.65,0,0,4.18,0
2021,2,21,9,0,882.51,95.71,593.25,0,8.21,0,0,5.55,0
2021,2,21,10,0,962.3,85.37,724.35,0,10.9,0,0,6.38,0
2021,2,21,11,0,453.8,180.25,530.15,0,12.26,0,0,6.34,0
2021,2,21,12,0,442.56,178.45,515.53,0,13.14,0,0,6.47,0
2021,2,21,13,0,1006.84,61.83,704.53,0,13.47,0,0,7.03,0
2021,2,21,14,0,868.28,90.29,544.65,0,13.25,0,0,7.44,0
2021,2,21,15,0,700.64,95.48,351.77,0,12.52,0,0,7.34,0
2021,2,21,16,0,456.7,57.38,139.38,0,10.22,0,0,7.18,0
2021,2,21,17,0,28.47,8.78,6.32,0,6.82,0,0,7.89,0
2021,2,21,18,0,0.0,0.0,0.0,0,6.83,0,0,7.69,0
2021,2,21,19,0,0.0,0.0,0.0,0,7.4,0,0,7.4,0
2021,2,21,20,0,0.0,0.0,0.0,0,8.35,0,0,7.23,0
2021,2,21,21,0,0.0,0.0,0.0,0,8.69,0,0,7.25,0
2021,2,21,22,0,0.0,0.0,0.0,0,8.81,0,0,7.6,0
2021,2,21,23,0,0.0,0.0,0.0,0,8.65,0,0,7.01,0
2021,2,22,0,0,0.0,0.0,0.0,0,8.19,0,0,5.31,0
2021,2,22,1,0,0.0,0.0,0.0,0,8.19,0,0,6.19,0
2021,2,22,2,0,0.0,0.0,0.0,0,8.32,0,0,5.82,0
2021,2,22,3,0,0.0,0.0,0.0,0,8.19,0,0,5.77,0
2021,2,22,4,0,0.0,0.0,0.0,0,8.05,0,0,6.1,0
2021,2,22,5,0,0.0,0.0,0.0,0,7.63,0,0,5.88,0
2021,2,22,6,0,2.25,7.33,7.22,0,7.67,0,0,5.97,0
2021,2,22,7,0,28.43,51.7,61.03,0,8.95,0,0,6.44,0
2021,2,22,8,0,55.73,93.83,119.62,0,11.06,0,0,7.31,0
2021,2,22,9,0,36.86,139.03,171.43,0,13.33,0,0,7.9,0
2021,2,22,10,0,64.35,147.71,207.52,0,14.81,0,0,8.14,0
2021,2,22,11,0,141.55,165.93,272.95,0,14.76,0,0,8.56,0
2021,2,22,12,0,292.26,265.96,460.65,0,14.47,0,0,7.71,0
2021,2,22,13,0,518.92,218.65,524.47,0,15.42,0,0,6.48,0
2021,2,22,14,0,711.03,121.78,489.17,0,15.97,0,0,6.49,0
2021,2,22,15,0,627.1,93.3,326.25,0,15.37,0,0,6.56,0
2021,2,22,16,0,517.94,50.36,142.55,0,12.78,0,0,6.81,0
2021,2,22,17,0,60.78,8.7,8.55,0,8.87,0,0,7.69,0
2021,2,22,18,0,0.0,0.0,0.0,0,7.96,0,0,7.75,0
2021,2,22,19,0,0.0,0.0,0.0,0,7.08,0,0,7.22,0
2021,2,22,20,0,0.0,0.0,0.0,0,6.06,0,0,7.05,0
2021,2,22,21,0,0.0,0.0,0.0,0,5.07,0,0,6.74,0
2021,2,22,22,0,0.0,0.0,0.0,0,3.91,0,0,6.06,0
2021,2,22,23,0,0.0,0.0,0.0,0,2.79,0,0,5.71,0
2021,2,23,0,0,0.0,0.0,0.0,0,1.94,0,0,5.75,0
2021,2,23,1,0,0.0,0.0,0.0,0,1.53,0,0,5.95,0
2021,2,23,2,0,0.0,0.0,0.0,0,1.35,0,0,6.02,0
2021,2,23,3,0,0.0,0.0,0.0,0,1.05,0,0,5.77,0
2021,2,23,4,0,0.0,0.0,0.0,0,0.48,0,0,5.7,0
2021,2,23,5,0,0.0,0.0,0.0,0,0.1,0,0,5.82,0
2021,2,23,6,0,96.52,14.43,19.02,0,1.45,0,0,5.52,0
2021,2,23,7,0,207.42,58.37,115.33,0,5.15,0,0,3.57,0
2021,2,23,8,0,342.53,114.36,263.0,0,8.96,0,0,3.57,0
2021,2,23,9,0,946.09,72.04,615.42,0,13.15,0,0,6.78,0
2021,2,23,10,0,1044.39,52.42,743.3,0,15.61,0,0,6.79,0
2021,2,23,11,0,1048.94,53.73,802.45,0,17.18,0,0,6.4,0
2021,2,23,12,0,1046.49,53.5,792.25,0,18.14,0,0,6.01,0
2021,2,23,13,0,1031.2,52.28,714.33,0,18.5,0,0,5.78,0
2021,2,23,14,0,983.46,52.6,574.38,0,18.38,0,0,5.44,0
2021,2,23,15,0,883.2,48.98,384.98,0,17.44,0,0,5.22,0
2021,2,23,16,0,710.05,35.59,168.35,0,14.24,0,0,5.85,0
2021,2,23,17,0,97.48,8.45,10.0,0,10.38,0,0,6.47,0
2021,2,23,18,0,0.0,0.0,0.0,0,9.34,0,0,6.48,0
2021,2,23,19,0,0.0,0.0,0.0,0,8.58,0,0,6.0,0
2021,2,23,20,0,0.0,0.0,0.0,0,7.81,0,0,5.57,0
2021,2,23,21,0,0.0,0.0,0.0,0,7.07,0,0,5.6,0
2021,2,23,22,0,0.0,0.0,0.0,0,6.38,0,0,5.48,0
2021,2,23,23,0,0.0,0.0,0.0,0,5.84,0,0,5.01,0
2021,2,24,0,0,0.0,0.0,0.0,0,5.78,0,0,4.34,0
2021,2,24,1,0,0.0,0.0,0.0,0,5.7,0,0,4.0,0
2021,2,24,2,0,0.0,0.0,0.0,0,5.6,0,0,3.76,0
2021,2,24,3,0,0.0,0.0,0.0,0,5.23,0,0,3.74,0
2021,2,24,4,0,0.0,0.0,0.0,0,4.69,0,0,3.87,0
2021,2,24,5,0,0.0,0.0,0.0,0,4.28,0,0,3.9,0
2021,2,24,6,0,234.72,18.11,33.83,0,5.04,0,0,3.92,0
2021,2,24,7,0,727.66,46.97,229.98,0,9.48,0,0,2.76,0
2021,2,24,8,0,857.53,68.23,440.15,0,12.36,0,0,1.28,0
2021,2,24,9,0,938.87,73.08,615.88,0,16.39,0,0,2.7,0
2021,2,24,10,0,1027.21,59.66,747.8,0,18.84,0,0,4.27,0
2021,2,24,11,0,1038.07,60.06,806.9,0,19.64,0,0,4.84,0
2021,2,24,12,0,1037.01,59.42,797.22,0,20.0,0,0,5.13,0
2021,2,24,13,0,1022.47,57.49,719.1,0,20.06,0,0,5.46,0
2021,2,24,14,0,973.45,57.06,578.88,0,19.59,0,0,5.57,0
2021,2,24,15,0,873.24,52.94,388.48,0,18.36,0,0,5.36,0
2021,2,24,16,0,687.63,39.38,170.25,0,15.2,0,0,5.9,0
2021,2,24,17,0,80.36,8.67,10.1,0,11.34,0,0,6.76,0
2021,2,24,18,0,0.0,0.0,0.0,0,10.4,0,0,7.31,0
2021,2,24,19,0,0.0,0.0,0.0,0,9.74,0,0,7.52,0
2021,2,24,20,0,0.0,0.0,0.0,0,8.97,0,0,7.21,0
2021,2,24,21,0,0.0,0.0,0.0,0,8.15,0,0,7.04,0
2021,2,24,22,0,0.0,0.0,0.0,0,7.53,0,0,7.01,0
2021,2,24,23,0,0.0,0.0,0.0,0,7.01,0,0,6.78,0
2021,2,25,0,0,0.0,0.0,0.0,0,6.73,0,0,6.66,0
2021,2,25,1,0,0.0,0.0,0.0,0,6.65,0,0,6.38,0
2021,2,25,2,0,0.0,0.0,0.0,0,6.56,0,0,6.45,0
2021,2,25,3,0,0.0,0.0,0.0,0,7.88,0,0,6.34,0
2021,2,25,4,0,0.0,0.0,0.0,0,8.37,0,0,5.75,0
2021,2,25,5,0,0.0,0.0,0.0,0,8.76,0,0,5.54,0
2021,2,25,6,0,158.47,20.33,31.1,0,9.26,0,0,5.23,0
2021,2,25,7,0,605.93,59.81,214.95,0,11.19,0,0,4.32,0
2021,2,25,8,0,793.17,74.79,420.55,0,14.26,0,0,3.8,0
2021,2,25,9,0,897.14,75.42,599.2,0,17.52,0,0,3.92,0
2021,2,25,10,0,953.14,74.9,721.78,0,19.59,0,0,4.03,0
2021,2,25,11,0,464.93,181.99,552.61,0,20.91,0,0,4.26,0
2021,2,25,12,0,464.12,181.76,546.37,0,21.6,0,0,4.22,0
2021,2,25,13,0,938.36,75.37,691.17,0,21.76,0,0,3.99,0
2021,2,25,14,0,874.29,77.82,552.97,0,21.42,0,0,3.78,0
2021,2,25,15,0,717.5,82.38,359.6,0,20.55,0,0,4.25,0
2021,2,25,16,0,474.49,56.82,151.6,0,17.7,0,0,5.03,0
2021,2,25,17,0,37.05,10.19,9.2,0,13.88,0,0,5.72,0
2021,2,25,18,0,0.0,0.0,0.0,0,12.9,0,0,6.08,0
2021,2,25,19,0,0.0,0.0,0.0,0,11.88,0,0,6.22,0
2021,2,25,20,0,0.0,0.0,0.0,0,11.04,0,0,5.95,0
2021,2,25,21,0,0.0,0.0,0.0,0,10.31,0,0,5.54,0
2021,2,25,22,0,0.0,0.0,0.0,0,9.71,0,0,5.51,0
2021,2,25,23,0,0.0,0.0,0.0,0,9.17,0,0,5.39,0
2021,2,26,0,0,0.0,0.0,0.0,0,9.5,0,0,4.68,0
2021,2,26,1,0,0.0,0.0,0.0,0,9.71,0,0,3.93,0
2021,2,26,2,0,0.0,0.0,0.0,0,9.85,0,0,3.36,0
2021,2,26,3,0,0.0,0.0,0.0,0,9.68,0,0,4.05,0
2021,2,26,4,0,0.0,0.0,0.0,0,9.23,0,0,5.27,0
2021,2,26,5,0,0.0,0.0,0.0,0,8.78,0,0,5.13,0
2021,2,26,6,0,0.0,3.72,3.72,0,8.91,0,0,5.59,0
2021,2,26,7,0,1.76,35.51,40.7,0,10.08,0,0,5.04,0
2021,2,26,8,0,1.85,71.15,82.47,0,12.02,0,0,4.97,0
2021,2,26,9,0,3.07,112.34,130.8,0,13.85,0,0,5.23,0
2021,2,26,10,0,23.16,87.63,112.45,0,15.55,0,0,5.06,0
2021,2,26,11,0,27.92,115.23,145.93,0,17.0,0,0,5.35,0
2021,2,26,12,0,75.23,159.53,225.0,0,18.19,0,0,5.37,0
2021,2,26,13,0,42.3,168.47,211.48,0,19.05,0,0,4.72,0
2021,2,26,14,0,130.45,133.39,200.35,0,19.38,0,0,4.11,0
2021,2,26,15,0,78.69,93.06,120.4,0,18.98,0,0,3.71,0
2021,2,26,16,0,36.31,32.32,43.15,0,17.68,0,0,4.1,0
2021,2,26,17,0,4.39,4.78,3.72,0,15.48,0,0,5.22,0
2021,2,26,18,0,0.0,0.0,0.0,0,15.19,0,0,5.71,0
2021,2,26,19,0,0.0,0.0,0.0,0,15.11,0,0,5.82,0
2021,2,26,20,0,0.0,0.0,0.0,0,15.07,0,0,6.06,0
2021,2,26,21,0,0.0,0.0,0.0,0,15.18,0,0,6.38,0
2021,2,26,22,0,0.0,0.0,0.0,0,15.21,0,0,6.56,0
2021,2,26,23,0,0.0,0.0,0.0,0,15.1,0,0,6.44,0
2021,2,27,0,0,0.0,0.0,0.0,0,15.02,0,0,6.3,0
2021,2,27,1,0,0.0,0.0,0.0,0,14.52,0,0,5.94,0
2021,2,27,2,0,0.0,0.0,0.0,0,13.94,0,0,5.72,0
2021,2,27,3,0,0.0,0.0,0.0,0,13.59,0,0,5.59,0
2021,2,27,4,0,0.0,0.0,0.0,0,12.59,0,0,5.05,0
2021,2,27,5,0,0.0,0.0,0.0,0,11.68,0,0,4.77,0
2021,2,27,6,0,36.29,13.72,13.48,0,12.3,0,0,4.23,0
2021,2,27,7,0,76.6,59.49,78.12,0,13.88,0,0,3.21,0
2021,2,27,8,0,126.64,112.82,160.12,0,15.68,0,0,3.88,0
2021,2,27,9,0,0.0,182.84,212.02,0,17.74,0,0,3.78,0
2021,2,27,10,0,31.16,260.1,324.88,0,19.83,0,0,4.12,0
2021,2,27,11,0,365.73,271.39,432.0,0,21.37,0,0,4.25,0
2021,2,27,12,0,536.95,310.03,484.55,0,22.33,0,0,4.26,0
2021,2,27,13,0,188.88,304.04,441.92,0,22.51,0,0,4.21,0
2021,2,27,14,0,141.12,271.23,373.33,0,21.72,0,0,3.87,0
2021,2,27,15,0,107.56,182.61,230.48,0,20.67,0,0,3.01,0
2021,2,27,16,0,43.26,78.05,92.45,0,19.05,0,0,2.56,0
2021,2,27,17,0,5.65,10.55,8.68,0,16.97,0,0,3.5,0
2021,2,27,18,0,0.0,0.0,0.0,0,16.15,0,0,4.71,0
2021,2,27,19,0,0.0,0.0,0.0,0,15.93,0,0,5.33,0
2021,2,27,20,0,0.0,0.0,0.0,0,16.04,0,0,5.53,0
2021,2,27,21,0,0.0,0.0,0.0,0,16.02,0,0,5.59,0
2021,2,27,22,0,0.0,0.0,0.0,0,15.94,0,0,5.47,0
2021,2,27,23,0,0.0,0.0,0.0,0,15.14,0,0,5.27,0
2021,2,28,0,0,0.0,0.0,0.0,0,14.22,0,0,5.04,0
2021,2,28,1,0,0.0,0.0,0.0,0,13.77,0,0,5.03,0
2021,2,28,2,0,0.0,0.0,0.0,0,13.91,0,0,4.91,0
2021,2,28,3,0,0.0,0.0,0.0,0,14.08,0,0,4.85,0
2021,2,28,4,0,0.0,0.0,0.0,0,14.52,0,0,5.08,0
2021,2,28,5,0,0.0,0.0,0.0,0,14.23,0,0,4.65,0
2021,2,28,6,0,7.42,19.58,19.3,0,14.95,0,0,4.56,0
2021,2,28,7,0,18.65,90.51,107.4,0,16.79,0,0,3.77,0
2021,2,28,8,0,18.71,168.51,201.12,0,18.76,0,0,5.21,0
2021,2,28,9,0,9.35,243.14,283.58,0,21.03,0,0,6.73,0
2021,2,28,10,0,501.82,341.51,499.05,0,22.71,0,0,7.45,0
2021,2,28,11,0,77.41,399.23,552.05,0,23.57,0,0,7.46,0
2021,2,28,12,0,13.21,415.72,508.8,0,24.01,0,0,7.29,0
2021,2,28,13,0,357.96,341.03,471.92,0,24.06,0,0,7.16,0
2021,2,28,14,0,249.78,277.57,358.27,0,23.48,0,0,6.71,0
2021,2,28,15,0,111.35,177.23,221.48,0,22.84,0,0,6.25,0
2021,2,28,16,0,69.55,73.93,87.47,0,21.25,0,0,6.41,0
2021,2,28,17,0,4.49,9.12,7.2,0,18.72,0,0,6.91,0
2021,2,28,18,0,0.0,0.0,0.0,0,18.23,0,0,6.61,0
2021,2,28,19,0,0.0,0.0,0.0,0,17.79,0,0,6.18,0
2021,2,28,20,0,0.0,0.0,0.0,0,17.45,0,0,6.44,0
2021,2,28,21,0,0.0,0.0,0.0,0,17.27,0,0,6.86,0
2021,2,28,22,0,0.0,0.0,0.0,0,17.08,0,0,6.72,0
2021,2,28,23,0,0.0,0.0,0.0,0,16.95,0,0,6.6,0
2021,3,1,0,0,0.0,0.0,0.0,0,16.81,0,0,6.5,0
2021,3,1,1,0,0.0,0.0,0.0,0,16.9,0,0,6.62,0
2021,3,1,2,0,0.0,0.0,0.0,0,17.03,0,0,6.75,0
2021,3,1,3,0,0.0,0.0,0.0,0,17.12,0,0,6.64,0
2021,3,1,4,0,0.0,0.0,0.0,0,17.01,0,0,6.47,0
2021,3,1,5,0,0.0,0.0,0.0,0,16.88,0,0,5.95,0
2021,3,1,6,0,0.0,12.69,12.8,0,17.2,0,0,5.69,0
2021,3,1,7,0,0.0,57.26,65.3,0,16.36,0,0,7.92,0
2021,3,1,8,0,0.0,109.9,128.9,0,15.02,0,0,8.3,0
2021,3,1,9,0,17.06,83.75,100.53,0,15.28,0,0,6.23,0
2021,3,1,10,0,43.37,113.09,156.77,0,16.05,0,0,4.95,0
2021,3,1,11,0,22.31,108.95,137.6,0,16.7,0,0,4.4,0
2021,3,1,12,0,3.06,166.77,202.68,0,16.91,0,0,4.5,0
2021,3,1,13,0,0.0,190.54,226.85,0,16.31,0,0,5.64,0
2021,3,1,14,0,0.0,136.28,156.9,0,15.57,0,0,5.97,0
2021,3,1,15,0,0.0,56.8,65.15,0,14.68,0,0,6.48,0
2021,3,1,16,0,0.0,34.79,39.45,0,13.55,0,0,7.34,0
2021,3,1,17,0,0.0,6.8,6.35,0,12.33,0,0,6.38,0
2021,3,1,18,0,0.0,0.0,0.0,0,11.45,0,0,4.75,0
2021,3,1,19,0,0.0,0.0,0.0,0,10.87,0,0,5.13,0
2021,3,1,20,0,0.0,0.0,0.0,0,10.26,0,0,5.39,0
2021,3,1,21,0,0.0,0.0,0.0,0,9.52,0,0,5.21,0
2021,3,1,22,0,0.0,0.0,0.0,0,8.8,0,0,4.99,0
2021,3,1,23,0,0.0,0.0,0.0,0,8.22,0,0,5.41,0
2021,3,2,0,0,0.0,0.0,0.0,0,7.56,0,0,5.84,0
2021,3,2,1,0,0.0,0.0,0.0,0,6.82,0,0,5.7,0
2021,3,2,2,0,0.0,0.0,0.0,0,6.28,0,0,5.23,0
2021,3,2,3,0,0.0,0.0,0.0,0,5.92,0,0,5.05,0
2021,3,2,4,0,0.0,0.0,0.0,0,5.67,0,0,4.5,0
2021,3,2,5,0,0.0,0.0,0.0,0,5.47,0,0,3.78,0
2021,3,2,6,0,0.0,12.52,12.62,0,5.76,0,0,3.25,0
2021,3,2,7,0,0.0,46.05,53.17,0,6.68,0,0,2.28,0
2021,3,2,8,0,0.0,68.31,80.6,0,7.83,0,0,3.37,0
2021,3,2,9,0,25.87,42.32,55.53,0,8.44,0,0,5.92,0
2021,3,2,10,0,29.79,56.12,76.93,0,9.24,0,0,5.93,0
2021,3,2,11,0,17.08,100.14,125.82,0,9.73,0,0,5.08,0
2021,3,2,12,0,3.68,179.75,218.52,0,9.48,0,0,5.08,0
2021,3,2,13,0,0.0,135.77,161.48,0,9.42,0,0,3.81,0
2021,3,2,14,0,0.0,150.46,173.23,0,8.76,0,0,5.34,0
2021,3,2,15,0,0.0,73.69,84.53,0,8.6,0,0,2.92,0
2021,3,2,16,0,0.0,45.78,51.9,0,6.23,0,0,3.16,0
2021,3,2,17,0,0.0,5.96,5.68,0,5.21,0,0,4.48,0
2021,3,2,18,0,0.0,0.0,0.0,0,5.52,0,0,4.14,0
2021,3,2,19,0,0.0,0.0,0.0,0,5.47,0,0,2.85,0
2021,3,2,20,0,0.0,0.0,0.0,0,4.08,0,0,3.49,0
2021,3,2,21,0,0.0,0.0,0.0,0,3.8,0,0,3.49,0
2021,3,2,22,0,0.0,0.0,0.0,0,3.38,0,0,4.72,0
2021,3,2,23,0,0.0,0.0,0.0,0,3.3,0,0,3.47,0
2021,3,3,0,0,0.0,0.0,0.0,0,3.34,0,0,3.37,0
2021,3,3,1,0,0.0,0.0,0.0,0,3.46,0,0,3.88,0
2021,3,3,2,0,0.0,0.0,0.0,0,3.28,0,0,4.42,0
2021,3,3,3,0,0.0,0.0,0.0,0,3.17,0,0,4.52,0
2021,3,3,4,0,0.0,0.0,0.0,0,2.53,0,0,4.3,0
2021,3,3,5,0,0.0,0.0,0.0,0,2.06,0,0,4.26,0
2021,3,3,6,0,76.47,33.39,39.33,0,3.06,0,0,4.78,0
2021,3,3,7,0,427.14,105.29,231.02,0,5.17,0,0,5.04,0
2021,3,3,8,0,624.69,138.82,430.52,0,8.21,0,0,6.07,0
2021,3,3,9,0,787.2,135.06,620.05,0,11.13,0,0,5.99,0
2021,3,3,10,0,968.81,79.43,766.33,0,13.39,0,0,5.3,0
2021,3,3,11,0,985.7,79.0,826.08,0,15.13,0,0,4.71,0
2021,3,3,12,0,988.2,79.37,816.4,0,16.32,0,0,4.48,0
2021,3,3,13,0,374.02,198.55,466.09,0,16.89,0,0,4.57,0
2021,3,3,14,0,927.97,71.79,598.47,0,16.82,0,0,4.85,0
2021,3,3,15,0,858.36,61.57,409.48,0,16.03,0,0,5.14,0
2021,3,3,16,0,222.87,63.65,105.11,0,13.53,0,0,5.8,0
2021,3,3,17,0,153.67,10.89,16.67,0,9.21,0,0,7.06,0
2021,3,3,18,0,0.0,0.0,0.0,0,7.94,0,0,7.71,0
2021,3,3,19,0,0.0,0.0,0.0,0,7.16,0,0,7.64,0
2021,3,3,20,0,0.0,0.0,0.0,0,6.33,0,0,7.19,0
2021,3,3,21,0,0.0,0.0,0.0,0,5.41,0,0,6.97,0
2021,3,3,22,0,0.0,0.0,0.0,0,4.92,0,0,6.71,0
2021,3,3,23,0,0.0,0.0,0.0,0,4.35,0,0,6.43,0
2021,3,4,0,0,0.0,0.0,0.0,0,3.8,0,0,6.23,0
2021,3,4,1,0,0.0,0.0,0.0,0,3.32,0,0,6.08,0
2021,3,4,2,0,0.0,0.0,0.0,0,2.86,0,0,5.92,0
2021,3,4,3,0,0.0,0.0,0.0,0,2.45,0,0,5.81,0
2021,3,4,4,0,0.0,0.0,0.0,0,2.13,0,0,5.74,0
2021,3,4,5,0,0.0,0.0,0.0,0,1.83,0,0,5.7,0
2021,3,4,6,0,97.94,21.29,29.9,0,3.68,0,0,5.1,0
2021,3,4,7,0,279.75,80.3,157.96,0,7.16,0,0,3.45,0
2021,3,4,8,0,386.31,130.82,294.31,0,11.2,0,0,3.8,0
2021,3,4,9,0,969.64,67.65,661.05,0,15.24,0,0,5.69,0
2021,3,4,10,0,1004.46,68.86,782.65,0,17.05,0,0,5.2,0
2021,3,4,11,0,1031.64,61.58,844.35,0,18.19,0,0,5.31,0
2021,3,4,12,0,1033.15,60.67,831.25,0,18.79,0,0,5.68,0
2021,3,4,13,0,1019.09,58.88,749.5,0,18.93,0,0,6.01,0
2021,3,4,14,0,957.3,61.25,606.6,0,18.57,0,0,6.19,0
2021,3,4,15,0,878.52,55.74,414.12,0,17.66,0,0,6.16,0
2021,3,4,16,0,665.89,45.21,191.9,0,15.19,0,0,6.68,0
2021,3,4,17,0,71.78,9.39,10.46,0,11.32,0,0,7.76,0
2021,3,4,18,0,0.0,0.0,0.0,0,10.31,0,0,7.84,0
2021,3,4,19,0,0.0,0.0,0.0,0,9.5,0,0,7.6,0
2021,3,4,20,0,0.0,0.0,0.0,0,8.66,0,0,7.33,0
2021,3,4,21,0,0.0,0.0,0.0,0,7.72,0,0,7.03,0
2021,3,4,22,0,0.0,0.0,0.0,0,6.99,0,0,6.68,0
2021,3,4,23,0,0.0,0.0,0.0,0,6.22,0,0,6.43,0
2021,3,5,0,0,0.0,0.0,0.0,0,5.58,0,0,6.37,0
2021,3,5,1,0,0.0,0.0,0.0,0,5.02,0,0,6.23,0
2021,3,5,2,0,0.0,0.0,0.0,0,4.37,0,0,5.88,0
2021,3,5,3,0,0.0,0.0,0.0,0,3.76,0,0,5.67,0
2021,3,5,4,0,0.0,0.0,0.0,0,3.12,0,0,5.52,0
2021,3,5,5,0,0.0,0.0,0.0,0,2.53,0,0,5.52,0
2021,3,5,6,0,339.76,24.28,59.92,0,4.46,0,0,4.85,0
2021,3,5,7,0,744.41,53.81,274.08,0,7.71,0,0,2.83,0
2021,3,5,8,0,862.1,73.73,486.33,0,11.42,0,0,3.41,0
2021,3,5,9,0,922.82,86.42,659.92,0,14.05,0,0,4.06,0
2021,3,5,10,0,681.79,228.63,720.8,0,15.2,0,0,3.48,0
2021,3,5,11,0,866.54,157.85,816.08,0,16.43,0,0,2.97,0
2021,3,5,12,0,856.15,168.27,808.92,0,17.12,0,0,3.09,0
2021,3,5,13,0,532.66,299.28,658.72,0,17.17,0,0,3.14,0
2021,3,5,14,0,520.8,230.43,520.72,0,15.85,0,0,3.36,0
2021,3,5,15,0,286.13,199.29,318.8,0,15.27,0,0,3.58,0
2021,3,5,16,0,165.3,104.58,138.7,0,13.11,0,0,4.78,0
2021,3,5,17,0,11.43,11.58,9.65,0,10.05,0,0,7.39,0
2021,3,5,18,0,0.0,0.0,0.0,0,9.21,0,0,7.23,0
2021,3,5,19,0,0.0,0.0,0.0,0,8.07,0,0,6.02,0
2021,3,5,20,0,0.0,0.0,0.0,0,7.44,0,0,4.98,0
2021,3,5,21,0,0.0,0.0,0.0,0,6.82,0,0,4.55,0
2021,3,5,22,0,0.0,0.0,0.0,0,6.25,0,0,4.5,0
2021,3,5,23,0,0.0,0.0,0.0,0,6.03,0,0,4.61,0
2021,3,6,0,0,0.0,0.0,0.0,0,6.11,0,0,4.6,0
2021,3,6,1,0,0.0,0.0,0.0,0,6.1,0,0,4.77,0
2021,3,6,2,0,0.0,0.0,0.0,0,6.1,0,0,5.7,0
2021,3,6,3,0,0.0,0.0,0.0,0,6.18,0,0,6.03,0
2021,3,6,4,0,0.0,0.0,0.0,0,6.12,0,0,6.18,0
2021,3,6,5,0,0.0,0.0,0.0,0,5.69,0,0,6.35,0
2021,3,6,6,0,6.93,16.18,17.55,0,6.07,0,0,7.54,0
2021,3,6,7,0,37.86,69.17,83.5,0,6.89,0,0,7.93,0
2021,3,6,8,0,85.51,123.74,160.3,0,7.73,0,0,7.39,0
2021,3,6,9,0,8.38,159.92,187.55,0,8.82,0,0,6.63,0
2021,3,6,10,0,17.5,151.05,190.52,0,9.31,0,0,5.74,0
2021,3,6,11,0,67.44,202.53,294.8,0,9.29,0,0,4.93,0
2021,3,6,12,0,285.61,293.26,505.85,0,9.52,0,0,4.19,0
2021,3,6,13,0,209.63,296.02,465.5,0,10.15,0,0,3.44,0
2021,3,6,14,0,398.66,225.82,468.65,0,10.8,0,0,2.71,0
2021,3,6,15,0,364.14,160.24,309.85,0,10.96,0,0,2.05,0
2021,3,6,16,0,294.21,78.59,146.32,0,10.2,0,0,1.48,0
2021,3,6,17,0,37.93,15.6,14.23,0,8.94,0,0,0.81,0
2021,3,6,18,0,0.0,0.0,0.0,0,8.17,0,0,0.97,0
2021,3,6,19,0,0.0,0.0,0.0,0,7.2,0,0,1.93,0
2021,3,6,20,0,0.0,0.0,0.0,0,5.49,0,0,3.47,0
2021,3,6,21,0,0.0,0.0,0.0,0,3.77,0,0,4.7,0
2021,3,6,22,0,0.0,0.0,0.0,0,2.25,0,0,6.05,0
2021,3,6,23,0,0.0,0.0,0.0,0,1.73,0,0,6.87,0
2021,3,7,0,0,0.0,0.0,0.0,0,1.41,0,0,6.47,0
2021,3,7,1,0,0.0,0.0,0.0,0,0.67,0,0,6.21,0
2021,3,7,2,0,0.0,0.0,0.0,0,0.08,0,0,6.1,0
2021,3,7,3,0,0.0,0.0,0.0,0,-0.53,0,0,5.83,0
2021,3,7,4,0,0.0,0.0,0.0,0,-1.06,0,0,5.68,0
2021,3,7,5,0,0.0,0.0,0.0,0,-1.54,0,0,5.53,0
2021,3,7,6,0,365.19,28.01,69.97,0,0.09,0,0,4.61,0
2021,3,7,7,0,799.25,53.75,296.38,0,3.22,0,0,3.3,0
2021,3,7,8,0,926.77,67.04,517.0,0,7.53,0,0,4.6,0
2021,3,7,9,0,1000.73,69.25,698.25,0,10.32,0,0,3.85,0
2021,3,7,10,0,1054.21,63.61,824.5,0,12.01,0,0,3.73,0
2021,3,7,11,0,1061.38,63.43,881.17,0,13.17,0,0,4.32,0
2021,3,7,12,0,1054.56,63.66,866.75,0,13.9,0,0,5.06,0
2021,3,7,13,0,1058.04,60.5,782.42,0,14.21,0,0,5.53,0
2021,3,7,14,0,1002.27,59.39,635.15,0,14.04,0,0,5.76,0
2021,3,7,15,0,935.14,53.89,438.1,0,13.39,0,0,5.78,0
2021,3,7,16,0,770.41,39.9,211.68,0,11.3,0,0,5.96,0
2021,3,7,17,0,168.96,12.42,21.52,0,6.95,0,0,6.73,0
2021,3,7,18,0,0.0,0.0,0.0,0,5.71,0,0,7.06,0
2021,3,7,19,0,0.0,0.0,0.0,0,5.02,0,0,6.96,0
2021,3,7,20,0,0.0,0.0,0.0,0,4.3,0,0,6.71,0
2021,3,7,21,0,0.0,0.0,0.0,0,3.6,0,0,6.46,0
2021,3,7,22,0,0.0,0.0,0.0,0,2.94,0,0,6.3,0
2021,3,7,23,0,0.0,0.0,0.0,0,2.32,0,0,6.14,0
2021,3,8,0,0,0.0,0.0,0.0,0,1.76,0,0,5.98,0
2021,3,8,1,0,0.0,0.0,0.0,0,1.23,0,0,5.87,0
2021,3,8,2,0,0.0,0.0,0.0,0,0.74,0,0,5.82,0
2021,3,8,3,0,0.0,0.0,0.0,0,0.26,0,0,5.78,0
2021,3,8,4,0,0.0,0.0,0.0,0,-0.24,0,0,5.64,0
2021,3,8,5,0,0.0,0.0,0.0,0,-0.73,0,0,5.46,0
2021,3,8,6,0,416.64,26.62,74.93,0,1.62,0,0,4.84,0
2021,3,8,7,0,799.17,52.97,299.15,0,5.6,0,0,2.42,0
2021,3,8,8,0,926.95,65.55,517.25,0,9.35,0,0,1.35,0
2021,3,8,9,0,986.41,72.31,697.47,0,13.39,0,0,1.2,0
2021,3,8,10,0,1038.45,67.41,822.53,0,15.66,0,0,0.93,0
2021,3,8,11,0,1056.53,65.78,880.67,0,16.92,0,0,1.06,0
2021,3,8,12,0,1050.73,66.81,864.97,0,17.76,0,0,1.03,0
2021,3,8,13,0,1028.22,66.98,780.95,0,18.2,0,0,0.87,0
2021,3,8,14,0,992.01,62.96,634.38,0,18.1,0,0,0.87,0
2021,3,8,15,0,899.3,57.24,437.85,0,18.2,0,0,1.06,0
2021,3,8,16,0,733.01,41.05,212.27,0,16.67,0,0,1.35,0
2021,3,8,17,0,190.45,13.02,22.4,0,13.49,0,0,2.29,0
2021,3,8,18,0,0.0,0.0,0.0,0,11.37,0,0,3.48,0
2021,3,8,19,0,0.0,0.0,0.0,0,9.05,0,0,4.67,0
2021,3,8,20,0,0.0,0.0,0.0,0,7.29,0,0,5.65,0
2021,3,8,21,0,0.0,0.0,0.0,0,6.35,0,0,6.15,0
2021,3,8,22,0,0.0,0.0,0.0,0,5.39,0,0,6.3,0
2021,3,8,23,0,0.0,0.0,0.0,0,4.56,0,0,6.3,0
2021,3,9,0,0,0.0,0.0,0.0,0,3.85,0,0,6.07,0
2021,3,9,1,0,0.0,0.0,0.0,0,3.13,0,0,5.68,0
2021,3,9,2,0,0.0,0.0,0.0,0,2.47,0,0,5.2,0
2021,3,9,3,0,0.0,0.0,0.0,0,2.1,0,0,4.59,0
2021,3,9,4,0,0.0,0.0,0.0,0,2.17,0,0,3.87,0
2021,3,9,5,0,0.0,0.0,0.0,0,2.58,0,0,3.12,0
2021,3,9,6,0,298.66,34.31,72.82,0,4.27,0,0,2.42,0
2021,3,9,7,0,697.79,73.48,291.75,0,7.66,0,0,1.3,0
2021,3,9,8,0,851.52,86.79,508.05,0,11.17,0,0,0.81,0
2021,3,9,9,0,919.21,96.72,686.42,0,15.94,0,0,1.86,0
2021,3,9,10,0,963.34,100.35,810.4,0,17.95,0,0,2.0,0
2021,3,9,11,0,586.65,335.7,791.8,0,18.89,0,0,2.41,0
2021,3,9,12,0,270.07,435.11,659.4,0,19.37,0,0,2.76,0
2021,3,9,13,0,116.97,387.62,509.8,0,19.44,0,0,3.06,0
2021,3,9,14,0,250.29,319.74,483.17,0,19.04,0,0,3.31,0
2021,3,9,15,0,177.71,238.77,320.73,0,16.98,0,0,3.82,0
2021,3,9,16,0,214.67,107.98,158.93,0,14.03,0,0,4.83,0
2021,3,9,17,0,69.33,17.6,17.7,0,11.8,0,0,5.75,0
2021,3,9,18,0,0.0,0.0,0.0,0,10.72,0,0,6.14,0
2021,3,9,19,0,0.0,0.0,0.0,0,9.88,0,0,6.22,0
2021,3,9,20,0,0.0,0.0,0.0,0,8.6,0,0,6.15,0
2021,3,9,21,0,0.0,0.0,0.0,0,7.42,0,0,6.22,0
2021,3,9,22,0,0.0,0.0,0.0,0,6.58,0,0,6.22,0
2021,3,9,23,0,0.0,0.0,0.0,0,5.8,0,0,6.04,0
2021,3,10,0,0,0.0,0.0,0.0,0,5.09,0,0,5.75,0
2021,3,10,1,0,0.0,0.0,0.0,0,4.47,0,0,5.49,0
2021,3,10,2,0,0.0,0.0,0.0,0,3.93,0,0,5.14,0
2021,3,10,3,0,0.0,0.0,0.0,0,3.5,0,0,4.66,0
2021,3,10,4,0,0.0,0.0,0.0,0,3.21,0,0,4.35,0
2021,3,10,5,0,0.0,0.0,0.0,0,2.95,0,0,4.23,0
2021,3,10,6,0,197.37,46.62,71.7,0,5.28,0,0,3.92,0
2021,3,10,7,0,612.71,96.52,280.1,0,8.82,0,0,2.4,0
2021,3,10,8,0,774.64,114.55,496.42,0,11.61,0,0,1.97,0
2021,3,10,9,0,762.72,167.67,656.0,0,15.3,0,0,3.81,0
2021,3,10,10,0,956.67,154.53,790.65,0,18.24,0,0,4.11,0
2021,3,10,11,0,968.56,95.49,855.58,0,19.61,0,0,4.0,0
2021,3,10,12,0,958.48,105.98,835.67,0,20.41,0,0,4.13,0
2021,3,10,13,0,797.37,175.43,737.95,0,20.69,0,0,4.24,0
2021,3,10,14,0,640.78,200.09,567.42,0,20.45,0,0,4.38,0
2021,3,10,15,0,593.24,130.68,387.98,0,19.16,0,0,4.8,0
2021,3,10,16,0,540.4,70.86,192.88,0,16.31,0,0,5.82,0
2021,3,10,17,0,124.74,16.15,21.92,0,13.3,0,0,7.35,0
2021,3,10,18,0,0.0,0.0,0.0,0,12.08,0,0,7.92,0
2021,3,10,19,0,0.0,0.0,0.0,0,11.32,0,0,7.68,0
2021,3,10,20,0,0.0,0.0,0.0,0,10.67,0,0,7.42,0
2021,3,10,21,0,0.0,0.0,0.0,0,10.7,0,0,7.18,0
2021,3,10,22,0,0.0,0.0,0.0,0,10.34,0,0,6.84,0
2021,3,10,23,0,0.0,0.0,0.0,0,9.85,0,0,6.51,0
2021,3,11,0,0,0.0,0.0,0.0,0,9.19,0,0,6.03,0
2021,3,11,1,0,0.0,0.0,0.0,0,8.77,0,0,5.58,0
2021,3,11,2,0,0.0,0.0,0.0,0,8.58,0,0,5.2,0
2021,3,11,3,0,0.0,0.0,0.0,0,8.31,0,0,5.01,0
2021,3,11,4,0,0.0,0.0,0.0,0,7.98,0,0,4.72,0
2021,3,11,5,0,0.0,0.0,0.0,0,7.55,0,0,4.23,0
2021,3,11,6,0,42.08,48.14,58.38,0,9.26,0,0,3.29,0
2021,3,11,7,0,182.74,165.08,221.32,0,11.71,0,0,1.96,0
2021,3,11,8,0,388.18,216.63,403.2,0,14.21,0,0,2.78,0
2021,3,11,9,0,333.28,344.16,548.75,0,17.07,0,0,3.93,0
2021,3,11,10,0,460.42,318.82,641.8,0,19.01,0,0,3.85,0
2021,3,11,11,0,483.77,272.12,625.47,0,19.96,0,0,3.4,0
2021,3,11,12,0,389.75,343.75,601.08,0,20.46,0,0,2.87,0
2021,3,11,13,0,495.0,280.83,610.03,0,20.58,0,0,2.65,0
2021,3,11,14,0,814.39,107.2,596.67,0,20.34,0,0,2.79,0
2021,3,11,15,0,698.67,95.51,403.73,0,19.62,0,0,3.43,0
2021,3,11,16,0,525.91,61.34,192.25,0,17.74,0,0,4.16,0
2021,3,11,17,0,83.9,16.34,20.77,0,14.16,0,0,5.32,0
2021,3,11,18,0,0.0,0.0,0.0,0,12.72,0,0,6.23,0
2021,3,11,19,0,0.0,0.0,0.0,0,12.02,0,0,6.34,0
2021,3,11,20,0,0.0,0.0,0.0,0,11.41,0,0,6.15,0
2021,3,11,21,0,0.0,0.0,0.0,0,10.81,0,0,6.06,0
2021,3,11,22,0,0.0,0.0,0.0,0,10.26,0,0,5.88,0
2021,3,11,23,0,0.0,0.0,0.0,0,9.78,0,0,5.49,0
2021,3,12,0,0,0.0,0.0,0.0,0,9.45,0,0,5.27,0
2021,3,12,1,0,0.0,0.0,0.0,0,9.16,0,0,5.3,0
2021,3,12,2,0,0.0,0.0,0.0,0,8.83,0,0,5.35,0
2021,3,12,3,0,0.0,0.0,0.0,0,8.47,0,0,5.34,0
2021,3,12,4,0,0.0,0.0,0.0,0,8.19,0,0,5.31,0
2021,3,12,5,0,0.0,0.0,0.0,0,8.24,0,0,5.24,0
2021,3,12,6,0,183.11,45.69,69.3,0,10.49,0,0,4.92,0
2021,3,12,7,0,496.41,103.92,263.77,0,13.97,0,0,3.28,0
2021,3,12,8,0,656.48,134.59,469.35,0,17.29,0,0,2.64,0
2021,3,12,9,0,377.34,271.74,539.83,0,20.85,0,0,3.31,0
2021,3,12,10,0,119.62,391.84,537.35,0,20.95,0,0,3.04,0
2021,3,12,11,0,420.77,278.13,548.67,0,21.71,0,0,2.85,0
2021,3,12,12,0,209.65,432.52,601.83,0,21.95,0,0,2.98,0
2021,3,12,13,0,420.38,393.48,633.95,0,22.77,0,0,3.22,0
2021,3,12,14,0,572.67,236.52,537.88,0,22.89,0,0,2.92,0
2021,3,12,15,0,449.85,181.92,361.0,0,22.49,0,0,2.76,0
2021,3,12,16,0,296.93,104.23,174.77,0,20.63,0,0,2.39,0
2021,3,12,17,0,40.7,21.43,20.35,0,19.0,0,0,2.6,0
2021,3,12,18,0,0.0,0.0,0.0,0,17.54,0,0,3.13,0
2021,3,12,19,0,0.0,0.0,0.0,0,16.19,0,0,3.62,0
2021,3,12,20,0,0.0,0.0,0.0,0,14.96,0,0,4.13,0
2021,3,12,21,0,0.0,0.0,0.0,0,13.74,0,0,4.62,0
2021,3,12,22,0,0.0,0.0,0.0,0,12.91,0,0,4.97,0
2021,3,12,23,0,0.0,0.0,0.0,0,12.33,0,0,5.13,0
2021,3,13,0,0,0.0,0.0,0.0,0,11.96,0,0,5.04,0
2021,3,13,1,0,0.0,0.0,0.0,0,11.68,0,0,4.76,0
2021,3,13,2,0,0.0,0.0,0.0,0,11.55,0,0,4.32,0
2021,3,13,3,0,0.0,0.0,0.0,0,11.83,0,0,3.57,0
2021,3,13,4,0,0.0,0.0,0.0,0,11.97,0,0,3.16,0
2021,3,13,5,0,0.0,0.0,0.0,0,11.63,0,0,3.46,0
2021,3,13,6,0,18.77,49.36,53.15,0,13.03,0,0,3.73,0
2021,3,13,7,0,155.11,180.26,221.52,0,15.84,0,0,2.56,0
2021,3,13,8,0,242.59,223.21,364.7,0,18.22,0,0,1.82,0
2021,3,13,9,0,727.99,292.74,557.47,0,21.35,0,0,2.7,0
2021,3,13,10,0,399.79,305.26,643.85,0,22.91,0,0,2.73,0
2021,3,13,11,0,410.67,315.37,657.83,0,23.84,0,0,2.96,0
2021,3,13,12,0,61.07,332.35,466.98,0,24.15,0,0,2.84,0
2021,3,13,13,0,453.23,177.09,361.35,0,23.79,0,0,2.74,0
2021,3,13,14,0,94.21,274.84,367.75,0,23.0,0,0,2.9,0
2021,3,13,15,0,144.94,147.97,208.0,0,22.03,0,0,3.49,0
2021,3,13,16,0,59.55,76.51,92.68,0,20.46,0,0,3.9,0
2021,3,13,17,0,3.91,12.68,12.35,0,18.09,0,0,4.31,0
2021,3,13,18,0,0.0,0.0,0.0,0,16.83,0,0,4.32,0
2021,3,13,19,0,0.0,0.0,0.0,0,16.29,0,0,4.63,0
2021,3,13,20,0,0.0,0.0,0.0,0,15.74,0,0,5.19,0
2021,3,13,21,0,0.0,0.0,0.0,0,14.8,0,0,5.4,0
2021,3,13,22,0,0.0,0.0,0.0,0,13.77,0,0,5.48,0
2021,3,13,23,0,0.0,0.0,0.0,0,12.89,0,0,5.58,0
2021,3,14,0,0,0.0,0.0,0.0,0,12.23,0,0,5.59,0
2021,3,14,1,0,0.0,0.0,0.0,0,11.74,0,0,5.27,0
2021,3,14,2,0,0.0,0.0,0.0,0,11.77,0,0,4.68,0
2021,3,14,3,0,0.0,0.0,0.0,0,11.23,0,0,4.4,0
2021,3,14,4,0,0.0,0.0,0.0,0,10.35,0,0,4.3,0
2021,3,14,5,0,0.0,0.0,0.0,0,9.71,0,0,4.25,0
2021,3,14,6,0,106.7,53.57,68.78,0,11.58,0,0,3.19,0
2021,3,14,7,0,298.01,150.47,243.75,0,13.99,0,0,1.5,0
2021,3,14,8,0,393.98,250.55,427.3,0,17.44,0,0,1.26,0
2021,3,14,9,0,411.73,338.85,563.85,0,20.94,0,0,0.48,0
2021,3,14,10,0,792.48,294.06,723.95,0,23.81,0,0,1.28,0
2021,3,14,11,0,524.93,307.72,738.6,0,24.95,0,0,1.43,0
2021,3,14,12,0,392.8,367.48,761.1,0,25.49,0,0,1.4,0
2021,3,14,13,0,470.57,348.05,642.25,0,25.57,0,0,1.54,0
2021,3,14,14,0,418.27,266.09,516.85,0,25.18,0,0,1.85,0
2021,3,14,15,0,273.57,216.87,334.73,0,24.82,0,0,2.08,0
2021,3,14,16,0,119.5,119.75,158.5,0,23.72,0,0,2.02,0
2021,3,14,17,0,10.72,21.01,18.95,0,22.06,0,0,1.73,0
2021,3,14,18,0,0.0,0.0,0.0,0,20.15,0,0,2.55,0
2021,3,14,19,0,0.0,0.0,0.0,0,18.02,0,0,4.2,0
2021,3,14,20,0,0.0,0.0,0.0,0,16.68,0,0,5.37,0
2021,3,14,21,0,0.0,0.0,0.0,0,15.87,0,0,5.57,0
2021,3,14,22,0,0.0,0.0,0.0,0,15.23,0,0,4.7,0
2021,3,14,23,0,0.0,0.0,0.0,0,14.34,0,0,4.1,0
2021,3,15,0,0,0.0,0.0,0.0,0,13.83,0,0,3.65,0
2021,3,15,1,0,0.0,0.0,0.0,0,13.36,0,0,3.31,0
2021,3,15,2,0,0.0,0.0,0.0,0,13.3,0,0,3.36,0
2021,3,15,3,0,0.0,0.0,0.0,0,13.53,0,0,3.62,0
2021,3,15,4,0,0.0,0.0,0.0,0,13.56,0,0,4.04,0
2021,3,15,5,0,0.0,0.0,0.0,0,13.5,0,0,4.97,0
2021,3,15,6,0,1.84,39.72,45.53,0,14.49,0,0,5.41,0
2021,3,15,7,0,1.85,118.92,139.45,0,15.3,0,0,5.25,0
2021,3,15,8,0,0.31,208.76,241.1,0,16.08,0,0,6.57,0
2021,3,15,9,0,0.93,251.57,296.8,0,17.15,0,0,7.04,0
2021,3,15,10,0,181.81,343.54,531.55,0,18.82,0,0,7.03,0
2021,3,15,11,0,172.83,293.62,418.62,0,20.26,0,0,6.98,0
2021,3,15,12,0,342.12,190.24,411.02,0,21.13,0,0,7.01,0
2021,3,15,13,0,109.85,205.73,318.62,0,21.3,0,0,7.17,0
2021,3,15,14,0,168.74,155.65,226.07,0,20.69,0,0,7.36,0
2021,3,15,15,0,106.07,106.93,153.05,0,19.82,0,0,7.61,0
2021,3,15,16,0,61.72,60.15,77.03,0,18.59,0,0,8.02,0
2021,3,15,17,0,8.76,11.88,10.65,0,17.16,0,0,8.42,0
2021,3,15,18,0,0.0,0.0,0.0,0,16.22,0,0,8.15,0
2021,3,15,19,0,0.0,0.0,0.0,0,15.71,0,0,7.58,0
2021,3,15,20,0,0.0,0.0,0.0,0,15.49,0,0,7.29,0
2021,3,15,21,0,0.0,0.0,0.0,0,15.41,0,0,7.1,0
2021,3,15,22,0,0.0,0.0,0.0,0,15.39,0,0,6.71,0
2021,3,15,23,0,0.0,0.0,0.0,0,15.31,0,0,6.47,0
2021,3,16,0,0,0.0,0.0,0.0,0,15.12,0,0,6.15,0
2021,3,16,1,0,0.0,0.0,0.0,0,14.97,0,0,5.67,0
2021,3,16,2,0,0.0,0.0,0.0,0,14.84,0,0,5.5,0
2021,3,16,3,0,0.0,0.0,0.0,0,14.6,0,0,5.38,0
2021,3,16,4,0,0.0,0.0,0.0,0,14.29,0,0,5.6,0
2021,3,16,5,0,0.0,0.0,0.0,0,13.98,0,0,5.88,0
2021,3,16,6,0,3.84,15.4,17.8,0,14.06,0,0,5.93,0
2021,3,16,7,0,10.36,41.24,49.55,0,15.03,0,0,4.76,0
2021,3,16,8,0,19.3,94.9,112.68,0,16.42,0,0,4.16,0
2021,3,16,9,0,13.04,62.6,76.93,0,17.56,0,0,4.25,0
2021,3,16,10,0,14.02,90.24,112.3,0,18.65,0,0,4.33,0
2021,3,16,11,0,0.0,161.66,196.65,0,19.27,0,0,4.02,0
2021,3,16,12,0,11.42,112.42,139.15,0,19.25,0,0,3.44,0
2021,3,16,13,0,0.0,114.23,139.07,0,18.81,0,0,2.76,0
2021,3,16,14,0,0.0,80.15,93.78,0,18.66,0,0,2.04,0
2021,3,16,15,0,0.0,60.87,71.4,0,18.51,0,0,1.52,0
2021,3,16,16,0,0.0,34.87,40.33,0,18.05,0,0,1.59,0
2021,3,16,17,0,0.0,7.55,7.43,0,16.86,0,0,2.24,0
2021,3,16,18,0,0.0,0.0,0.0,0,16.57,0,0,2.43,0
2021,3,16,19,0,0.0,0.0,0.0,0,16.48,0,0,1.9,0
2021,3,16,20,0,0.0,0.0,0.0,0,16.02,0,0,0.97,0
2021,3,16,21,0,0.0,0.0,0.0,0,15.16,0,0,1.61,0
2021,3,16,22,0,0.0,0.0,0.0,0,14.61,0,0,1.82,0
2021,3,16,23,0,0.0,0.0,0.0,0,14.13,0,0,2.41,0
2021,3,17,0,0,0.0,0.0,0.0,0,13.67,0,0,2.26,0
2021,3,17,1,0,0.0,0.0,0.0,0,13.22,0,0,2.45,0
2021,3,17,2,0,0.0,0.0,0.0,0,12.79,0,0,2.4,0
2021,3,17,3,0,0.0,0.0,0.0,0,12.21,0,0,2.98,0
2021,3,17,4,0,0.0,0.0,0.0,0,11.88,0,0,2.33,0
2021,3,17,5,0,0.0,0.0,0.0,0,12.07,0,0,1.42,0
2021,3,17,6,0,0.0,35.42,40.45,0,12.29,0,0,1.25,0
2021,3,17,7,0,21.3,105.08,120.5,0,12.42,0,0,1.91,0
2021,3,17,8,0,26.91,148.39,177.52,0,12.46,0,0,2.67,0
2021,3,17,9,0,28.05,121.95,155.68,0,12.83,0,0,3.75,0
2021,3,17,10,0,41.28,178.4,234.9,0,14.67,0,0,4.34,0
2021,3,17,11,0,0.12,142.05,172.85,0,16.82,0,0,4.37,0
2021,3,17,12,0,12.0,164.65,202.88,0,17.93,0,0,4.63,0
2021,3,17,13,0,9.23,142.09,174.88,0,18.32,0,0,4.89,0
2021,3,17,14,0,0.0,104.67,122.43,0,18.31,0,0,4.88,0
2021,3,17,15,0,0.0,73.41,86.1,0,17.87,0,0,4.83,0
2021,3,17,16,0,0.0,43.59,49.8,0,17.21,0,0,5.27,0
2021,3,17,17,0,0.0,8.44,8.3,0,16.59,0,0,5.97,0
2021,3,17,18,0,0.0,0.0,0.0,0,16.28,0,0,6.58,0
2021,3,17,19,0,0.0,0.0,0.0,0,16.21,0,0,7.38,0
2021,3,17,20,0,0.0,0.0,0.0,0,16.29,0,0,7.64,0
2021,3,17,21,0,0.0,0.0,0.0,0,16.45,0,0,8.15,0
2021,3,17,22,0,0.0,0.0,0.0,0,16.41,0,0,7.8,0
2021,3,17,23,0,0.0,0.0,0.0,0,16.17,0,0,7.42,0
2021,3,18,0,0,0.0,0.0,0.0,0,16.27,0,0,8.61,0
2021,3,18,1,0,0.0,0.0,0.0,0,16.51,0,0,8.85,0
2021,3,18,2,0,0.0,0.0,0.0,0,16.96,0,0,9.02,0
2021,3,18,3,0,0.0,0.0,0.0,0,17.5,0,0,9.59,0
2021,3,18,4,0,0.0,0.0,0.0,0,17.92,0,0,9.98,0
2021,3,18,5,0,0.0,0.0,0.0,0,18.1,0,0,10.65,0
2021,3,18,6,0,43.58,41.16,49.55,0,18.43,0,0,10.87,0
2021,3,18,7,0,109.93,128.0,164.5,0,19.24,0,0,9.85,0
2021,3,18,8,0,207.51,179.42,297.9,0,20.46,0,0,8.68,0
2021,3,18,9,0,362.43,272.19,530.45,0,21.81,0,0,9.84,0
2021,3,18,10,0,423.94,344.44,714.17,0,22.06,0,0,10.08,0
2021,3,18,11,0,679.46,234.74,779.05,0,21.4,0,0,9.67,0
2021,3,18,12,0,561.66,284.3,729.15,0,20.78,0,0,9.35,0
2021,3,18,13,0,405.37,335.07,651.78,0,20.24,0,0,9.2,0
2021,3,18,14,0,329.97,277.49,489.55,0,19.54,0,0,9.11,0
2021,3,18,15,0,208.47,219.4,312.8,0,18.01,0,0,9.18,0
2021,3,18,16,0,155.2,121.51,163.23,0,15.73,0,0,9.56,0
2021,3,18,17,0,29.09,16.68,15.93,0,13.5,0,0,9.5,0
2021,3,18,18,0,0.0,0.0,0.0,0,11.2,0,0,9.17,0
2021,3,18,19,0,0.0,0.0,0.0,0,9.62,0,0,8.6,0
2021,3,18,20,0,0.0,0.0,0.0,0,8.72,0,0,8.5,0
2021,3,18,21,0,0.0,0.0,0.0,0,8.03,0,0,8.56,0
2021,3,18,22,0,0.0,0.0,0.0,0,7.33,0,0,8.12,0
2021,3,18,23,0,0.0,0.0,0.0,0,6.7,0,0,7.38,0
2021,3,19,0,0,0.0,0.0,0.0,0,6.33,0,0,6.99,0
2021,3,19,1,0,0.0,0.0,0.0,0,6.38,0,0,7.12,0
2021,3,19,2,0,0.0,0.0,0.0,0,6.39,0,0,6.89,0
2021,3,19,3,0,0.0,0.0,0.0,0,6.28,0,0,6.8,0
2021,3,19,4,0,0.0,0.0,0.0,0,6.17,0,0,6.88,0
2021,3,19,5,0,0.0,0.0,0.0,0,6.08,0,0,6.85,0
2021,3,19,6,0,35.69,35.54,41.95,0,6.59,0,0,6.45,0
2021,3,19,7,0,50.61,116.79,142.77,0,7.94,0,0,6.85,0
2021,3,19,8,0,32.96,209.03,246.55,0,9.65,0,0,6.76,0
2021,3,19,9,0,66.7,270.04,341.83,0,11.42,0,0,6.29,0
2021,3,19,10,0,318.08,303.69,553.25,0,12.98,0,0,5.66,0
2021,3,19,11,0,215.43,362.86,582.7,0,14.11,0,0,5.03,0
2021,3,19,12,0,20.02,347.26,426.55,0,14.67,0,0,4.58,0
2021,3,19,13,0,25.72,247.13,304.5,0,14.57,0,0,4.26,0
2021,3,19,14,0,30.03,229.4,282.75,0,14.21,0,0,4.01,0
2021,3,19,15,0,20.87,144.36,169.62,0,13.9,0,0,3.79,0
2021,3,19,16,0,29.25,76.49,92.05,0,13.19,0,0,3.71,0
2021,3,19,17,0,0.0,6.2,6.2,0,12.14,0,0,4.29,0
2021,3,19,18,0,0.0,0.0,0.0,0,11.3,0,0,5.4,0
2021,3,19,19,0,0.0,0.0,0.0,0,10.7,0,0,6.56,0
2021,3,19,20,0,0.0,0.0,0.0,0,10.23,0,0,7.39,0
2021,3,19,21,0,0.0,0.0,0.0,0,9.58,0,0,7.56,0
2021,3,19,22,0,0.0,0.0,0.0,0,8.57,0,0,7.24,0
2021,3,19,23,0,0.0,0.0,0.0,0,7.48,0,0,6.61,0
2021,3,20,0,0,0.0,0.0,0.0,0,6.58,0,0,6.64,0
2021,3,20,1,0,0.0,0.0,0.0,0,5.79,0,0,6.76,0
2021,3,20,2,0,0.0,0.0,0.0,0,5.18,0,0,6.85,0
2021,3,20,3,0,0.0,0.0,0.0,0,4.58,0,0,6.76,0
2021,3,20,4,0,0.0,0.0,0.0,0,3.93,0,0,6.7,0
2021,3,20,5,0,0.0,0.0,0.0,0,3.38,0,0,6.65,0
2021,3,20,6,0,399.45,47.83,122.45,0,4.73,0,0,6.5,0
2021,3,20,7,0,711.09,78.7,338.85,0,6.21,0,0,7.95,0
2021,3,20,8,0,843.97,92.53,553.72,0,7.64,0,0,8.09,0
2021,3,20,9,0,923.98,92.37,729.97,0,9.17,0,0,7.48,0
2021,3,20,10,0,310.27,249.78,528.65,0,10.68,0,0,6.83,0
2021,3,20,11,0,198.4,285.84,494.52,0,11.95,0,0,6.43,0
2021,3,20,12,0,231.52,276.96,505.85,0,12.87,0,0,6.17,0
2021,3,20,13,0,876.7,126.64,790.08,0,13.34,0,0,5.97,0
2021,3,20,14,0,832.52,115.75,642.8,0,13.37,0,0,5.86,0
2021,3,20,15,0,754.53,95.37,448.17,0,12.97,0,0,5.89,0
2021,3,20,16,0,611.52,62.07,229.27,0,11.82,0,0,5.88,0
2021,3,20,17,0,158.28,21.14,33.95,0,8.39,0,0,6.6,0
2021,3,20,18,0,0.0,0.0,0.0,0,6.98,0,0,7.32,0
2021,3,20,19,0,0.0,0.0,0.0,0,6.62,0,0,6.84,0
2021,3,20,20,0,0.0,0.0,0.0,0,5.93,0,0,6.33,0
2021,3,20,21,0,0.0,0.0,0.0,0,5.27,0,0,5.63,0
2021,3,20,22,0,0.0,0.0,0.0,0,4.62,0,0,5.26,0
2021,3,20,23,0,0.0,0.0,0.0,0,4.04,0,0,5.13,0
2021,3,21,0,0,0.0,0.0,0.0,0,3.67,0,0,5.19,0
2021,3,21,1,0,0.0,0.0,0.0,0,3.97,0,0,5.15,0
2021,3,21,2,0,0.0,0.0,0.0,0,4.33,0,0,5.78,0
2021,3,21,3,0,0.0,0.0,0.0,0,4.84,0,0,6.26,0
2021,3,21,4,0,0.0,0.0,0.0,0,4.88,0,0,6.3,0
2021,3,21,5,0,0.0,0.0,0.0,0,5.0,0,0,6.05,0
2021,3,21,6,0,68.29,73.77,89.35,0,6.71,0,0,5.45,0
2021,3,21,7,0,169.3,187.34,244.8,0,8.59,0,0,6.88,0
2021,3,21,8,0,280.59,266.67,426.25,0,10.54,0,0,6.92,0
2021,3,21,9,0,396.77,291.41,594.35,0,12.47,0,0,6.7,0
2021,3,21,10,0,549.67,201.3,552.75,0,14.54,0,0,6.52,0
2021,3,21,11,0,403.88,308.3,676.75,0,16.35,0,0,6.41,0
2021,3,21,12,0,342.36,389.5,715.62,0,17.48,0,0,6.28,0
2021,3,21,13,0,205.46,353.18,561.12,0,17.9,0,0,6.12,0
2021,3,21,14,0,90.59,313.46,427.12,0,17.87,0,0,6.06,0
2021,3,21,15,0,276.7,133.21,243.8,0,17.39,0,0,5.96,0
2021,3,21,16,0,247.15,79.53,140.98,0,16.09,0,0,5.8,0
2021,3,21,17,0,69.09,22.82,24.5,0,13.14,0,0,6.37,0
2021,3,21,18,0,0.0,0.0,0.0,0,11.46,0,0,6.54,0
2021,3,21,19,0,0.0,0.0,0.0,0,10.48,0,0,5.93,0
2021,3,21,20,0,0.0,0.0,0.0,0,9.63,0,0,5.57,0
2021,3,21,21,0,0.0,0.0,0.0,0,8.74,0,0,5.59,0
2021,3,21,22,0,0.0,0.0,0.0,0,8.18,0,0,5.58,0
2021,3,21,23,0,0.0,0.0,0.0,0,7.76,0,0,5.49,0
2021,3,22,0,0,0.0,0.0,0.0,0,7.49,0,0,5.6,0
2021,3,22,1,0,0.0,0.0,0.0,0,7.43,0,0,5.76,0
2021,3,22,2,0,0.0,0.0,0.0,0,7.36,0,0,5.81,0
2021,3,22,3,0,0.0,0.0,0.0,0,7.2,0,0,5.99,0
2021,3,22,4,0,0.0,0.0,0.0,0,7.03,0,0,6.17,0
2021,3,22,5,0,0.0,0.0,0.0,0,6.95,0,0,6.3,0
2021,3,22,6,0,437.13,52.1,132.68,0,9.4,0,0,5.51,0
2021,3,22,7,0,672.79,86.53,343.0,0,12.02,0,0,6.82,0
2021,3,22,8,0,864.85,90.48,558.28,0,14.55,0,0,7.41,0
2021,3,22,9,0,917.62,94.12,729.42,0,16.69,0,0,6.84,0
2021,3,22,10,0,968.59,86.85,850.92,0,18.27,0,0,5.93,0
2021,3,22,11,0,790.69,272.77,857.5,0,19.4,0,0,5.18,0
2021,3,22,12,0,558.04,334.2,779.58,0,19.94,0,0,4.78,0
2021,3,22,13,0,592.93,240.57,704.28,0,20.09,0,0,4.73,0
2021,3,22,14,0,563.72,231.07,585.42,0,20.02,0,0,4.56,0
2021,3,22,15,0,534.6,163.31,410.6,0,19.53,0,0,4.41,0
2021,3,22,16,0,449.01,94.07,211.3,0,18.02,0,0,4.85,0
2021,3,22,17,0,136.08,26.23,34.9,0,14.35,0,0,5.78,0
2021,3,22,18,0,0.0,0.0,0.0,0,12.69,0,0,6.94,0
2021,3,22,19,0,0.0,0.0,0.0,0,12.43,0,0,7.3,0
2021,3,22,20,0,0.0,0.0,0.0,0,12.08,0,0,6.81,0
2021,3,22,21,0,0.0,0.0,0.0,0,11.72,0,0,6.46,0
2021,3,22,22,0,0.0,0.0,0.0,0,11.32,0,0,5.74,0
2021,3,22,23,0,0.0,0.0,0.0,0,11.09,0,0,5.68,0
2021,3,23,0,0,0.0,0.0,0.0,0,11.17,0,0,5.77,0
2021,3,23,1,0,0.0,0.0,0.0,0,11.1,0,0,5.59,0
2021,3,23,2,0,0.0,0.0,0.0,0,10.85,0,0,5.26,0
2021,3,23,3,0,0.0,0.0,0.0,0,10.72,0,0,5.37,0
2021,3,23,4,0,0.0,0.0,0.0,0,10.54,0,0,5.24,0
2021,3,23,5,0,0.0,2.94,2.12,0,9.79,0,0,5.45,0
2021,3,23,6,0,21.35,51.55,58.35,0,11.53,0,0,5.04,0
2021,3,23,7,0,26.02,146.93,171.73,0,11.88,0,0,5.84,0
2021,3,23,8,0,29.36,235.78,285.4,0,13.06,0,0,5.39,0
2021,3,23,9,0,25.09,344.06,414.33,0,16.4,0,0,5.08,0
2021,3,23,10,0,25.69,368.64,453.95,0,17.39,0,0,5.12,0
2021,3,23,11,0,25.27,434.91,534.83,0,17.14,0,0,5.5,0
2021,3,23,12,0,26.13,417.13,523.9,0,17.87,0,0,5.63,0
2021,3,23,13,0,0.13,246.27,301.2,0,18.25,0,0,4.48,0
2021,3,23,14,0,0.0,198.93,235.55,0,18.02,0,0,4.61,0
2021,3,23,15,0,0.0,138.97,164.23,0,17.74,0,0,4.34,0
2021,3,23,16,0,0.0,69.69,79.47,0,16.93,0,0,4.61,0
2021,3,23,17,0,0.0,13.3,13.3,0,15.28,0,0,5.29,0
2021,3,23,18,0,0.0,0.0,0.0,0,14.75,0,0,5.61,0
2021,3,23,19,0,0.0,0.0,0.0,0,14.39,0,0,5.76,0
2021,3,23,20,0,0.0,0.0,0.0,0,14.72,0,0,6.34,0
2021,3,23,21,0,0.0,0.0,0.0,0,14.49,0,0,6.22,0
2021,3,23,22,0,0.0,0.0,0.0,0,13.9,0,0,5.69,0
2021,3,23,23,0,0.0,0.0,0.0,0,13.52,0,0,5.19,0
2021,3,24,0,0,0.0,0.0,0.0,0,13.09,0,0,4.56,0
2021,3,24,1,0,0.0,0.0,0.0,0,12.73,0,0,4.48,0
2021,3,24,2,0,0.0,0.0,0.0,0,12.82,0,0,4.29,0
2021,3,24,3,0,0.0,0.0,0.0,0,12.88,0,0,4.11,0
2021,3,24,4,0,0.0,0.0,0.0,0,12.92,0,0,3.88,0
2021,3,24,5,0,0.0,2.86,2.5,0,12.92,0,0,3.73,0
2021,3,24,6,0,13.16,56.9,63.28,0,13.86,0,0,3.66,0
2021,3,24,7,0,8.47,144.05,165.52,0,14.85,0,0,3.15,0
2021,3,24,8,0,5.48,238.9,276.0,0,16.01,0,0,3.19,0
2021,3,24,9,0,74.96,328.81,405.02,0,17.6,0,0,3.93,0
2021,3,24,10,0,88.46,329.03,452.45,0,19.38,0,0,4.19,0
2021,3,24,11,0,121.52,370.69,478.12,0,21.25,0,0,4.06,0
2021,3,24,12,0,1.02,357.88,437.3,0,22.67,0,0,3.8,0
2021,3,24,13,0,79.2,299.67,427.23,0,23.34,0,0,3.67,0
2021,3,24,14,0,199.38,309.18,482.88,0,23.3,0,0,3.67,0
2021,3,24,15,0,164.57,236.12,325.75,0,22.75,0,0,3.65,0
2021,3,24,16,0,113.51,125.19,164.35,0,21.51,0,0,3.91,0
2021,3,24,17,0,31.97,27.13,28.1,0,18.33,0,0,4.75,0
2021,3,24,18,0,0.0,0.0,0.0,0,16.75,0,0,5.44,0
2021,3,24,19,0,0.0,0.0,0.0,0,16.45,0,0,5.48,0
2021,3,24,20,0,0.0,0.0,0.0,0,16.17,0,0,5.15,0
2021,3,24,21,0,0.0,0.0,0.0,0,15.94,0,0,5.27,0
2021,3,24,22,0,0.0,0.0,0.0,0,15.71,0,0,5.0,0
2021,3,24,23,0,0.0,0.0,0.0,0,15.22,0,0,4.64,0
2021,3,25,0,0,0.0,0.0,0.0,0,14.7,0,0,4.6,0
2021,3,25,1,0,0.0,0.0,0.0,0,14.44,0,0,5.03,0
2021,3,25,2,0,0.0,0.0,0.0,0,14.46,0,0,5.51,0
2021,3,25,3,0,0.0,0.0,0.0,0,13.95,0,0,4.64,0
2021,3,25,4,0,0.0,0.0,0.0,0,14.15,0,0,5.54,0
2021,3,25,5,0,0.0,2.76,2.0,0,14.48,0,0,6.37,0
2021,3,25,6,0,7.56,33.17,37.25,0,15.02,0,0,6.23,0
2021,3,25,7,0,17.78,96.24,113.0,0,16.24,0,0,6.72,0
2021,3,25,8,0,36.5,185.82,220.43,0,18.69,0,0,7.28,0
2021,3,25,9,0,26.18,325.34,395.3,0,20.84,0,0,7.91,0
2021,3,25,10,0,80.01,337.77,461.27,0,21.54,0,0,7.95,0
2021,3,25,11,0,0.0,218.16,265.48,0,20.85,0,0,7.54,0
2021,3,25,12,0,22.87,230.79,301.62,0,20.45,0,0,7.05,0
2021,3,25,13,0,0.0,129.48,157.45,0,20.57,0,0,6.49,0
2021,3,25,14,0,6.11,52.12,62.28,0,20.72,0,0,5.7,0
2021,3,25,15,0,0.0,50.3,59.42,0,20.73,0,0,5.81,0
2021,3,25,16,0,0.0,21.15,24.42,0,20.58,0,0,6.75,0
2021,3,25,17,0,0.0,5.55,5.6,0,20.45,0,0,7.54,0
2021,3,25,18,0,0.0,0.0,0.0,0,20.51,0,0,8.61,0
2021,3,25,19,0,0.0,0.0,0.0,0,20.72,0,0,9.27,0
2021,3,25,20,0,0.0,0.0,0.0,0,20.69,0,0,9.49,0
2021,3,25,21,0,0.0,0.0,0.0,0,20.45,0,0,9.5,0
2021,3,25,22,0,0.0,0.0,0.0,0,20.16,0,0,9.04,0
2021,3,25,23,0,0.0,0.0,0.0,0,20.08,0,0,8.7,0
2021,3,26,0,0,0.0,0.0,0.0,0,20.12,0,0,8.57,0
2021,3,26,1,0,0.0,0.0,0.0,0,20.11,0,0,8.39,0
2021,3,26,2,0,0.0,0.0,0.0,0,20.05,0,0,7.74,0
2021,3,26,3,0,0.0,0.0,0.0,0,19.75,0,0,6.56,0
2021,3,26,4,0,0.0,0.0,0.0,0,19.36,0,0,5.33,0
2021,3,26,5,0,0.0,2.46,2.15,0,18.86,0,0,5.32,0
2021,3,26,6,0,3.52,29.82,33.2,0,17.89,0,0,5.63,0
2021,3,26,7,0,2.56,77.41,89.22,0,17.33,0,0,4.93,0
2021,3,26,8,0,0.0,128.65,148.38,0,18.22,0,0,4.17,0
2021,3,26,9,0,59.1,245.61,337.65,0,20.16,0,0,3.08,0
2021,3,26,10,0,223.13,203.12,353.1,0,21.84,0,0,1.82,0
2021,3,26,11,0,145.41,231.66,377.7,0,22.46,0,0,1.26,0
2021,3,26,12,0,84.99,272.81,393.8,0,22.59,0,0,1.52,0
2021,3,26,13,0,160.12,244.25,393.75,0,22.35,0,0,1.77,0
2021,3,26,14,0,115.94,209.0,309.85,0,21.82,0,0,1.79,0
2021,3,26,15,0,288.29,117.39,213.18,0,21.22,0,0,1.71,0
2021,3,26,16,0,157.0,74.13,114.9,0,20.57,0,0,1.65,0
2021,3,26,17,0,50.17,21.47,22.1,0,19.12,0,0,1.31,0
2021,3,26,18,0,0.0,0.0,0.0,0,18.36,0,0,0.75,0
2021,3,26,19,0,0.0,0.0,0.0,0,18.31,0,0,0.68,0
2021,3,26,20,0,0.0,0.0,0.0,0,17.98,0,0,1.15,0
2021,3,26,21,0,0.0,0.0,0.0,0,17.17,0,0,2.1,0
2021,3,26,22,0,0.0,0.0,0.0,0,16.51,0,0,3.06,0
2021,3,26,23,0,0.0,0.0,0.0,0,16.2,0,0,3.75,0
2021,3,27,0,0,0.0,0.0,0.0,0,16.03,0,0,4.02,0
2021,3,27,1,0,0.0,0.0,0.0,0,15.96,0,0,4.37,0
2021,3,27,2,0,0.0,0.0,0.0,0,15.89,0,0,4.86,0
2021,3,27,3,0,0.0,0.0,0.0,0,15.83,0,0,4.96,0
2021,3,27,4,0,0.0,0.0,0.0,0,16.04,0,0,5.25,0
2021,3,27,5,0,2.31,5.26,3.85,0,16.58,0,0,5.22,0
2021,3,27,6,0,20.89,33.78,39.83,0,18.65,0,0,4.87,0
2021,3,27,7,0,4.45,113.98,131.48,0,20.28,0,0,4.41,0
2021,3,27,8,0,3.96,191.62,221.68,0,22.36,0,0,5.86,0
2021,3,27,9,0,591.48,375.51,556.58,0,24.53,0,0,6.75,0
2021,3,27,10,0,193.7,489.17,635.08,0,25.89,0,0,6.46,0
2021,3,27,11,0,43.63,481.34,606.15,0,26.69,0,0,6.3,0
2021,3,27,12,0,21.24,484.48,594.25,0,26.91,0,0,6.4,0
2021,3,27,13,0,65.65,407.68,507.92,0,26.93,0,0,6.55,0
2021,3,27,14,0,4.93,225.97,266.23,0,26.22,0,0,6.19,0
2021,3,27,15,0,2.9,151.93,177.55,0,25.37,0,0,5.7,0
2021,3,27,16,0,5.72,63.0,73.28,0,23.96,0,0,5.91,0
2021,3,27,17,0,4.43,14.39,14.15,0,21.93,0,0,6.48,0
2021,3,27,18,0,0.0,0.0,0.0,0,21.16,0,0,6.63,0
2021,3,27,19,0,0.0,0.0,0.0,0,20.69,0,0,6.43,0
2021,3,27,20,0,0.0,0.0,0.0,0,20.26,0,0,6.3,0
2021,3,27,21,0,0.0,0.0,0.0,0,19.79,0,0,5.95,0
2021,3,27,22,0,0.0,0.0,0.0,0,19.24,0,0,5.9,0
2021,3,27,23,0,0.0,0.0,0.0,0,18.81,0,0,5.82,0
2021,3,28,0,0,0.0,0.0,0.0,0,18.47,0,0,6.17,0
2021,3,28,1,0,0.0,0.0,0.0,0,18.15,0,0,6.15,0
2021,3,28,2,0,0.0,0.0,0.0,0,17.92,0,0,7.01,0
2021,3,28,3,0,0.0,0.0,0.0,0,17.59,0,0,6.76,0
2021,3,28,4,0,0.0,0.0,0.0,0,17.36,0,0,7.38,0
2021,3,28,5,0,0.0,5.75,4.05,0,17.71,0,0,8.58,0
2021,3,28,6,0,5.27,43.19,48.08,0,18.44,0,0,8.2,0
2021,3,28,7,0,7.13,123.11,142.4,0,19.54,0,0,8.25,0
2021,3,28,8,0,7.01,133.54,154.82,0,20.58,0,0,9.16,0
2021,3,28,9,0,17.76,94.58,115.22,0,21.52,0,0,9.99,0
2021,3,28,10,0,0.0,93.18,113.35,0,22.12,0,0,9.21,0
2021,3,28,11,0,0.0,175.07,215.57,0,21.21,0,0,8.43,0
2021,3,28,12,0,18.79,149.01,185.5,0,18.05,0,0,8.81,0
2021,3,28,13,0,0.0,181.07,219.52,0,16.32,0,0,6.23,0
2021,3,28,14,0,0.0,135.05,159.98,0,16.19,0,0,5.11,0
2021,3,28,15,0,6.68,101.44,119.45,0,16.35,0,0,8.09,0
2021,3,28,16,0,1.18,60.33,69.4,0,15.45,0,0,8.27,0
2021,3,28,17,0,7.22,15.0,15.38,0,14.39,0,0,8.23,0
2021,3,28,18,0,0.0,0.0,0.0,0,13.4,0,0,7.83,0
2021,3,28,19,0,0.0,0.0,0.0,0,12.7,0,0,7.62,0
2021,3,28,20,0,0.0,0.0,0.0,0,11.76,0,0,7.85,0
2021,3,28,21,0,0.0,0.0,0.0,0,10.92,0,0,7.39,0
2021,3,28,22,0,0.0,0.0,0.0,0,9.97,0,0,6.78,0
2021,3,28,23,0,0.0,0.0,0.0,0,9.15,0,0,6.7,0
2021,3,29,0,0,0.0,0.0,0.0,0,7.63,0,0,6.64,0
2021,3,29,1,0,0.0,0.0,0.0,0,6.18,0,0,5.67,0
2021,3,29,2,0,0.0,0.0,0.0,0,5.0,0,0,4.81,0
2021,3,29,3,0,0.0,0.0,0.0,0,3.95,0,0,4.41,0
2021,3,29,4,0,0.0,0.0,0.0,0,3.22,0,0,4.27,0
2021,3,29,5,0,29.63,10.2,9.15,0,2.91,0,0,4.24,0
2021,3,29,6,0,510.91,63.24,167.98,0,6.01,0,0,3.16,0
2021,3,29,7,0,806.75,81.66,409.83,0,8.86,0,0,3.64,0
2021,3,29,8,0,937.06,80.65,630.03,0,11.32,0,0,3.29,0
2021,3,29,9,0,989.23,86.02,804.15,0,13.62,0,0,2.56,0
2021,3,29,10,0,213.28,284.15,500.41,0,15.62,0,0,1.99,0
2021,3,29,11,0,1059.63,73.49,974.2,0,17.22,0,0,1.64,0
2021,3,29,12,0,1030.43,81.41,949.7,0,18.38,0,0,1.54,0
2021,3,29,13,0,991.36,87.85,855.8,0,19.07,0,0,1.56,0
2021,3,29,14,0,944.2,87.45,701.65,0,19.24,0,0,1.7,0
2021,3,29,15,0,837.95,86.53,498.12,0,18.88,0,0,1.98,0
2021,3,29,16,0,740.21,54.79,273.23,0,18.32,0,0,2.52,0
2021,3,29,17,0,327.09,22.86,54.67,0,14.48,0,0,3.34,0
2021,3,29,18,0,0.0,0.0,0.0,0,11.46,0,0,4.77,0
2021,3,29,19,0,0.0,0.0,0.0,0,10.35,0,0,5.92,0
2021,3,29,20,0,0.0,0.0,0.0,0,9.62,0,0,6.7,0
2021,3,29,21,0,0.0,0.0,0.0,0,9.06,0,0,7.15,0
2021,3,29,22,0,0.0,0.0,0.0,0,8.52,0,0,7.03,0
2021,3,29,23,0,0.0,0.0,0.0,0,8.01,0,0,6.87,0
2021,3,30,0,0,0.0,0.0,0.0,0,7.71,0,0,6.56,0
2021,3,30,1,0,0.0,0.0,0.0,0,7.55,0,0,6.18,0
2021,3,30,2,0,0.0,0.0,0.0,0,7.43,0,0,6.29,0
2021,3,30,3,0,0.0,0.0,0.0,0,7.23,0,0,5.73,0
2021,3,30,4,0,0.0,0.0,0.0,0,7.09,0,0,5.45,0
2021,3,30,5,0,18.02,9.53,7.68,0,7.47,0,0,5.09,0
2021,3,30,6,0,163.01,70.96,100.07,0,10.06,0,0,4.3,0
2021,3,30,7,0,139.92,148.48,209.9,0,12.97,0,0,4.82,0
2021,3,30,8,0,76.96,258.16,335.92,0,16.03,0,0,5.88,0
2021,3,30,9,0,300.42,265.08,494.98,0,18.55,0,0,5.96,0
2021,3,30,10,0,344.2,349.51,644.35,0,20.39,0,0,5.58,0
2021,3,30,11,0,611.9,270.67,787.6,0,21.75,0,0,5.19,0
2021,3,30,12,0,469.47,334.93,751.28,0,22.71,0,0,4.8,0
2021,3,30,13,0,325.09,402.5,695.85,0,23.12,0,0,4.4,0
2021,3,30,14,0,126.67,329.7,460.55,0,23.16,0,0,4.25,0
2021,3,30,15,0,226.22,181.3,287.0,0,22.77,0,0,4.33,0
2021,3,30,16,0,146.01,109.32,151.73,0,21.42,0,0,4.84,0
2021,3,30,17,0,24.79,28.47,28.8,0,19.19,0,0,6.23,0
2021,3,30,18,0,0.0,0.0,0.0,0,17.8,0,0,6.67,0
2021,3,30,19,0,0.0,0.0,0.0,0,17.22,0,0,6.3,0
2021,3,30,20,0,0.0,0.0,0.0,0,16.77,0,0,5.53,0
2021,3,30,21,0,0.0,0.0,0.0,0,16.72,0,0,4.85,0
2021,3,30,22,0,0.0,0.0,0.0,0,16.73,0,0,4.57,0
2021,3,30,23,0,0.0,0.0,0.0,0,16.91,0,0,5.69,0
2021,3,31,0,0,0.0,0.0,0.0,0,17.37,0,0,6.81,0
2021,3,31,1,0,0.0,0.0,0.0,0,17.41,0,0,6.2,0
2021,3,31,2,0,0.0,0.0,0.0,0,17.35,0,0,5.85,0
2021,3,31,3,0,0.0,0.0,0.0,0,17.04,0,0,5.94,0
2021,3,31,4,0,0.0,0.0,0.0,0,16.7,0,0,6.15,0
2021,3,31,5,0,0.0,4.27,3.35,0,16.95,0,0,6.07,0
2021,3,31,6,0,2.81,28.22,32.17,0,17.45,0,0,5.24,0
2021,3,31,7,0,21.95,74.61,90.9,0,18.11,0,0,4.35,0
2021,3,31,8,0,24.49,122.66,153.77,0,19.58,0,0,5.88,0
2021,3,31,9,0,23.92,207.27,258.12,0,21.42,0,0,7.36,0
2021,3,31,10,0,61.08,262.84,380.85,0,22.77,0,0,6.9,0
2021,3,31,11,0,1.15,157.07,196.88,0,23.21,0,0,6.04,0
2021,3,31,12,0,0.0,111.99,138.68,0,22.86,0,0,5.07,0
2021,3,31,13,0,30.33,38.59,56.67,0,22.06,0,0,3.43,0
2021,3,31,14,0,22.17,27.63,36.7,0,21.45,0,0,2.57,0
2021,3,31,15,0,14.64,18.81,24.98,0,20.57,0,0,3.94,0
2021,3,31,16,0,4.6,8.6,10.27,0,19.64,0,0,4.68,0
2021,3,31,17,0,0.0,1.73,1.77,0,17.82,0,0,6.88,0
2021,3,31,18,0,0.0,0.0,0.0,0,14.48,0,0,9.02,0
2021,3,31,19,0,0.0,0.0,0.0,0,11.46,0,0,9.54,0
2021,3,31,20,0,0.0,0.0,0.0,0,10.28,0,0,8.58,0
2021,3,31,21,0,0.0,0.0,0.0,0,9.5,0,0,8.9,0
2021,3,31,22,0,0.0,0.0,0.0,0,8.14,0,0,9.69,0
2021,3,31,23,0,0.0,0.0,0.0,0,7.04,0,0,9.69,0
2021,4,1,0,0,0.0,0.0,0.0,0,6.32,0,0,9.61,0
2021,4,1,1,0,0.0,0.0,0.0,0,5.6,0,0,9.4,0
2021,4,1,2,0,0.0,0.0,0.0,0,4.71,0,0,9.46,0
2021,4,1,3,0,0.0,0.0,0.0,0,3.9,0,0,9.49,0
2021,4,1,4,0,0.0,0.0,0.0,0,3.28,0,0,9.38,0
2021,4,1,5,0,104.85,10.54,15.18,0,2.8,0,0,9.08,0
2021,4,1,6,0,735.6,40.89,201.48,0,3.79,0,0,8.68,0
2021,4,1,7,0,928.65,53.62,441.67,0,5.44,0,0,9.71,0
2021,4,1,8,0,1012.06,57.16,659.72,0,6.9,0,0,10.26,0
2021,4,1,9,0,1059.98,57.5,833.67,0,8.2,0,0,10.06,0
2021,4,1,10,0,1087.08,57.42,949.95,0,9.3,0,0,9.92,0
2021,4,1,11,0,1080.76,63.96,995.35,0,10.14,0,0,9.92,0
2021,4,1,12,0,525.0,249.94,750.5,0,10.65,0,0,9.95,0
2021,4,1,13,0,1060.69,61.65,881.53,0,10.8,0,0,9.95,0
2021,4,1,14,0,1028.59,58.41,728.38,0,10.54,0,0,9.88,0
2021,4,1,15,0,958.26,55.74,526.45,0,9.91,0,0,9.72,0
2021,4,1,16,0,838.2,43.54,294.1,0,8.87,0,0,9.21,0
2021,4,1,17,0,431.2,20.72,65.12,0,6.83,0,0,8.52,0
2021,4,1,18,0,0.0,0.0,0.0,0,4.88,0,0,8.31,0
2021,4,1,19,0,0.0,0.0,0.0,0,4.15,0,0,8.01,0
2021,4,1,20,0,0.0,0.0,0.0,0,3.43,0,0,7.49,0
2021,4,1,21,0,0.0,0.0,0.0,0,2.69,0,0,6.88,0
2021,4,1,22,0,0.0,0.0,0.0,0,1.71,0,0,6.05,0
2021,4,1,23,0,0.0,0.0,0.0,0,0.67,0,0,5.5,0
2021,4,2,0,0,0.0,0.0,0.0,0,0.34,0,0,6.14,0
2021,4,2,1,0,0.0,0.0,0.0,0,-0.18,0,0,6.07,0
2021,4,2,2,0,0.0,0.0,0.0,0,-0.84,0,0,6.01,0
2021,4,2,3,0,0.0,0.0,0.0,0,-1.47,0,0,5.57,0
2021,4,2,4,0,0.0,0.0,0.0,0,-2.16,0,0,5.18,0
2021,4,2,5,0,91.68,10.66,12.53,0,-2.2,0,0,5.09,0
2021,4,2,6,0,224.02,71.81,123.81,0,0.87,0,0,4.91,0
2021,4,2,7,0,405.11,129.64,306.19,0,3.3,0,0,5.91,0
2021,4,2,8,0,464.22,193.53,473.67,0,5.52,0,0,5.31,0
2021,4,2,9,0,557.9,213.28,658.06,0,7.68,0,0,4.74,0
2021,4,2,10,0,1077.98,63.93,954.35,0,9.56,0,0,4.32,0
2021,4,2,11,0,1079.51,66.83,1001.17,0,11.03,0,0,4.03,0
2021,4,2,12,0,1078.85,64.7,977.78,0,12.1,0,0,3.8,0
2021,4,2,13,0,1053.62,66.01,884.28,0,12.73,0,0,3.66,0
2021,4,2,14,0,1013.19,64.91,728.95,0,12.9,0,0,3.28,0
2021,4,2,15,0,928.54,64.6,524.35,0,12.58,0,0,3.28,0
2021,4,2,16,0,783.36,52.24,289.77,0,11.57,0,0,3.51,0
2021,4,2,17,0,360.71,24.4,63.1,0,8.14,0,0,4.26,0
2021,4,2,18,0,0.0,0.0,0.0,0,5.19,0,0,5.42,0
2021,4,2,19,0,0.0,0.0,0.0,0,3.95,0,0,6.22,0
2021,4,2,20,0,0.0,0.0,0.0,0,2.96,0,0,6.58,0
2021,4,2,21,0,0.0,0.0,0.0,0,2.15,0,0,6.4,0
2021,4,2,22,0,0.0,0.0,0.0,0,1.38,0,0,5.89,0
2021,4,2,23,0,0.0,0.0,0.0,0,0.71,0,0,5.46,0
2021,4,3,0,0,0.0,0.0,0.0,0,0.19,0,0,5.09,0
2021,4,3,1,0,0.0,0.0,0.0,0,-0.25,0,0,4.64,0
2021,4,3,2,0,0.0,0.0,0.0,0,-0.69,0,0,4.21,0
2021,4,3,3,0,0.0,0.0,0.0,0,-1.07,0,0,4.15,0
2021,4,3,4,0,0.0,0.0,0.0,0,-1.49,0,0,4.18,0
2021,4,3,5,0,101.78,13.19,16.52,0,-1.43,0,0,4.42,0
2021,4,3,6,0,616.15,55.78,195.38,0,2.29,0,0,3.16,0
2021,4,3,7,0,788.8,84.17,426.0,0,5.8,0,0,1.64,0
2021,4,3,8,0,880.54,100.38,638.35,0,10.22,0,0,2.79,0
2021,4,3,9,0,882.32,141.53,801.05,0,12.55,0,0,2.43,0
2021,4,3,10,0,929.93,165.71,911.9,0,14.18,0,0,1.91,0
2021,4,3,11,0,631.68,323.0,879.62,0,15.4,0,0,1.7,0
2021,4,3,12,0,554.27,315.97,797.85,0,16.28,0,0,1.58,0
2021,4,3,13,0,584.5,273.52,727.85,0,16.61,0,0,1.52,0
2021,4,3,14,0,616.04,203.04,613.65,0,16.66,0,0,1.53,0
2021,4,3,15,0,668.15,127.8,460.6,0,16.35,0,0,1.74,0
2021,4,3,16,0,545.69,86.56,253.52,0,15.79,0,0,2.18,0
2021,4,3,17,0,178.01,32.82,53.15,0,12.61,0,0,2.76,0
2021,4,3,18,0,0.0,0.0,0.0,0,10.4,0,0,3.3,0
2021,4,3,19,0,0.0,0.0,0.0,0,9.53,0,0,3.45,0
2021,4,3,20,0,0.0,0.0,0.0,0,8.8,0,0,3.49,0
2021,4,3,21,0,0.0,0.0,0.0,0,7.83,0,0,3.65,0
2021,4,3,22,0,0.0,0.0,0.0,0,6.66,0,0,3.94,0
2021,4,3,23,0,0.0,0.0,0.0,0,5.55,0,0,4.26,0
2021,4,4,0,0,0.0,0.0,0.0,0,4.62,0,0,4.53,0
2021,4,4,1,0,0.0,0.0,0.0,0,3.86,0,0,4.74,0
2021,4,4,2,0,0.0,0.0,0.0,0,3.25,0,0,4.85,0
2021,4,4,3,0,0.0,0.0,0.0,0,2.77,0,0,4.83,0
2021,4,4,4,0,0.0,0.0,0.0,0,2.4,0,0,4.73,0
2021,4,4,5,0,91.68,12.47,14.65,0,2.52,0,0,4.57,0
2021,4,4,6,0,235.14,71.06,130.65,0,6.72,0,0,3.78,0
2021,4,4,7,0,407.79,133.22,314.39,0,9.83,0,0,1.9,0
2021,4,4,8,0,471.35,189.93,482.32,0,14.18,0,0,2.91,0
2021,4,4,9,0,563.84,216.95,670.0,0,17.06,0,0,3.2,0
2021,4,4,10,0,980.51,97.87,926.2,0,18.48,0,0,2.49,0
2021,4,4,11,0,1016.61,85.44,978.55,0,19.59,0,0,2.02,0
2021,4,4,12,0,1020.67,82.77,955.05,0,20.33,0,0,1.91,0
2021,4,4,13,0,991.95,82.72,863.88,0,20.67,0,0,2.04,0
2021,4,4,14,0,954.5,78.06,711.83,0,20.56,0,0,2.27,0
2021,4,4,15,0,871.59,74.12,511.2,0,20.28,0,0,2.51,0
2021,4,4,16,0,322.04,95.61,198.55,0,19.81,0,0,2.76,0
2021,4,4,17,0,129.07,28.67,42.71,0,16.6,0,0,2.71,0
2021,4,4,18,0,0.0,0.0,0.0,0,14.78,0,0,3.02,0
2021,4,4,19,0,0.0,0.0,0.0,0,13.52,0,0,3.45,0
2021,4,4,20,0,0.0,0.0,0.0,0,12.04,0,0,3.97,0
2021,4,4,21,0,0.0,0.0,0.0,0,10.26,0,0,4.73,0
2021,4,4,22,0,0.0,0.0,0.0,0,8.79,0,0,5.49,0
2021,4,4,23,0,0.0,0.0,0.0,0,8.02,0,0,5.98,0
2021,4,5,0,0,0.0,0.0,0.0,0,7.31,0,0,6.38,0
2021,4,5,1,0,0.0,0.0,0.0,0,6.74,0,0,6.58,0
2021,4,5,2,0,0.0,0.0,0.0,0,6.24,0,0,6.57,0
2021,4,5,3,0,0.0,0.0,0.0,0,5.77,0,0,6.38,0
2021,4,5,4,0,0.0,0.0,0.0,0,5.33,0,0,6.12,0
2021,4,5,5,0,91.68,13.41,15.76,0,5.47,0,0,5.86,0
2021,4,5,6,0,238.65,72.43,134.09,0,9.31,0,0,4.33,0
2021,4,5,7,0,413.86,131.37,318.46,0,12.22,0,0,2.23,0
2021,4,5,8,0,472.96,191.28,486.59,0,16.21,0,0,2.02,0
2021,4,5,9,0,900.55,114.63,799.35,0,20.42,0,0,2.49,0
2021,4,5,10,0,962.2,101.26,918.45,0,22.22,0,0,1.27,0
2021,4,5,11,0,979.22,99.43,966.6,0,23.31,0,0,0.64,0
2021,4,5,12,0,517.71,260.78,758.18,0,23.9,0,0,0.97,0
2021,4,5,13,0,957.88,94.11,853.95,0,24.05,0,0,1.29,0
2021,4,5,14,0,926.41,84.91,703.05,0,23.81,0,0,1.46,0
2021,4,5,15,0,434.78,154.65,377.74,0,24.29,0,0,1.65,0
2021,4,5,16,0,327.9,96.11,201.03,0,23.39,0,0,1.85,0
2021,4,5,17,0,134.2,29.12,44.08,0,19.58,0,0,2.56,0
2021,4,5,18,0,0.0,0.0,0.0,0,16.35,0,0,3.82,0
2021,4,5,19,0,0.0,0.0,0.0,0,13.99,0,0,5.07,0
2021,4,5,20,0,0.0,0.0,0.0,0,12.59,0,0,6.02,0
2021,4,5,21,0,0.0,0.0,0.0,0,11.62,0,0,6.59,0
2021,4,5,22,0,0.0,0.0,0.0,0,10.84,0,0,6.75,0
2021,4,5,23,0,0.0,0.0,0.0,0,10.12,0,0,6.59,0
2021,4,6,0,0,0.0,0.0,0.0,0,9.47,0,0,6.31,0
2021,4,6,1,0,0.0,0.0,0.0,0,8.93,0,0,6.09,0
2021,4,6,2,0,0.0,0.0,0.0,0,8.52,0,0,6.04,0
2021,4,6,3,0,0.0,0.0,0.0,0,8.18,0,0,5.99,0
2021,4,6,4,0,0.0,0.0,0.0,0,7.83,0,0,5.8,0
2021,4,6,5,0,45.17,14.98,17.55,0,8.0,0,0,5.5,0
2021,4,6,6,0,430.97,71.98,181.93,0,11.73,0,0,4.03,0
2021,4,6,7,0,671.11,106.68,407.85,0,14.46,0,0,1.92,0
2021,4,6,8,0,792.57,121.18,617.67,0,18.39,0,0,2.03,0
2021,4,6,9,0,795.69,158.57,775.12,0,22.15,0,0,2.8,0
2021,4,6,10,0,918.05,124.47,904.8,0,23.64,0,0,2.02,0
2021,4,6,11,0,913.24,137.94,953.53,0,24.53,0,0,1.74,0
2021,4,6,12,0,923.13,121.46,929.42,0,25.02,0,0,1.75,0
2021,4,6,13,0,900.0,117.69,840.22,0,25.12,0,0,1.83,0
2021,4,6,14,0,860.44,105.54,688.5,0,24.83,0,0,1.94,0
2021,4,6,15,0,766.13,98.34,490.5,0,24.86,0,0,2.24,0
2021,4,6,16,0,611.64,72.39,266.75,0,24.05,0,0,2.66,0
2021,4,6,17,0,239.58,30.84,59.95,0,19.49,0,0,3.57,0
2021,4,6,18,0,0.0,0.0,0.0,0,16.17,0,0,4.88,0
2021,4,6,19,0,0.0,0.0,0.0,0,14.75,0,0,5.78,0
2021,4,6,20,0,0.0,0.0,0.0,0,13.71,0,0,6.31,0
2021,4,6,21,0,0.0,0.0,0.0,0,12.87,0,0,6.5,0
2021,4,6,22,0,0.0,0.0,0.0,0,12.17,0,0,6.47,0
2021,4,6,23,0,0.0,0.0,0.0,0,11.59,0,0,6.3,0
2021,4,7,0,0,0.0,0.0,0.0,0,11.1,0,0,6.13,0
2021,4,7,1,0,0.0,0.0,0.0,0,10.72,0,0,6.08,0
2021,4,7,2,0,0.0,0.0,0.0,0,10.39,0,0,6.05,0
2021,4,7,3,0,0.0,0.0,0.0,0,10.11,0,0,5.92,0
2021,4,7,4,0,0.0,0.0,0.0,0,9.85,0,0,5.66,0
2021,4,7,5,0,43.37,18.58,18.17,0,10.25,0,0,5.24,0
2021,4,7,6,0,319.85,95.39,170.98,0,13.87,0,0,3.45,0
2021,4,7,7,0,406.37,182.21,366.85,0,16.66,0,0,1.49,0
2021,4,7,8,0,539.98,233.37,552.8,0,20.58,0,0,2.4,0
2021,4,7,9,0,890.65,252.05,732.25,0,23.27,0,0,2.11,0
2021,4,7,10,0,602.47,251.64,787.67,0,24.49,0,0,2.01,0
2021,4,7,11,0,320.67,489.32,812.1,0,25.26,0,0,2.42,0
2021,4,7,12,0,750.47,217.51,605.8,0,25.71,0,0,2.92,0
2021,4,7,13,0,389.24,335.2,606.88,0,25.78,0,0,3.38,0
2021,4,7,14,0,331.64,305.56,548.9,0,25.44,0,0,3.82,0
2021,4,7,15,0,350.18,186.62,330.75,0,24.78,0,0,4.15,0
2021,4,7,16,0,184.54,140.81,191.25,0,23.28,0,0,4.67,0
2021,4,7,17,0,26.01,40.0,44.25,0,19.96,0,0,5.8,0
2021,4,7,18,0,0.0,0.0,0.0,0,18.1,0,0,6.76,0
2021,4,7,19,0,0.0,0.0,0.0,0,17.32,0,0,6.25,0
2021,4,7,20,0,0.0,0.0,0.0,0,16.09,0,0,5.95,0
2021,4,7,21,0,0.0,0.0,0.0,0,15.26,0,0,5.69,0
2021,4,7,22,0,0.0,0.0,0.0,0,15.12,0,0,5.2,0
2021,4,7,23,0,0.0,0.0,0.0,0,15.19,0,0,5.29,0
2021,4,8,0,0,0.0,0.0,0.0,0,15.16,0,0,5.14,0
2021,4,8,1,0,0.0,0.0,0.0,0,14.9,0,0,5.0,0
2021,4,8,2,0,0.0,0.0,0.0,0,14.31,0,0,4.91,0
2021,4,8,3,0,0.0,0.0,0.0,0,13.52,0,0,5.46,0
2021,4,8,4,0,0.0,0.0,0.0,0,12.69,0,0,5.05,0
2021,4,8,5,0,0.0,9.29,9.02,0,13.14,0,0,4.73,0
2021,4,8,6,0,6.17,61.68,71.8,0,15.8,0,0,3.66,0
2021,4,8,7,0,0.27,159.13,186.7,0,18.02,0,0,4.66,0
2021,4,8,8,0,1.92,254.51,296.4,0,19.59,0,0,5.54,0
2021,4,8,9,0,28.42,369.07,454.65,0,20.58,0,0,6.41,0
2021,4,8,10,0,45.49,459.27,579.25,0,21.39,0,0,7.0,0
2021,4,8,11,0,49.17,344.4,455.38,0,22.74,0,0,7.37,0
2021,4,8,12,0,60.65,325.0,445.27,0,23.27,0,0,7.62,0
2021,4,8,13,0,103.19,352.18,486.85,0,23.57,0,0,7.46,0
2021,4,8,14,0,233.62,276.91,457.0,0,23.99,0,0,7.0,0
2021,4,8,15,0,492.59,152.83,405.45,0,24.16,0,0,6.64,0
2021,4,8,16,0,437.27,84.48,217.12,0,23.37,0,0,6.22,0
2021,4,8,17,0,162.1,33.41,54.15,0,21.14,0,0,6.52,0
2021,4,8,18,0,0.0,0.0,0.0,0,19.36,0,0,6.71,0
2021,4,8,19,0,0.0,0.0,0.0,0,18.49,0,0,6.47,0
2021,4,8,20,0,0.0,0.0,0.0,0,17.77,0,0,6.36,0
2021,4,8,21,0,0.0,0.0,0.0,0,17.06,0,0,6.13,0
2021,4,8,22,0,0.0,0.0,0.0,0,16.54,0,0,5.88,0
2021,4,8,23,0,0.0,0.0,0.0,0,16.35,0,0,5.53,0
2021,4,9,0,0,0.0,0.0,0.0,0,15.88,0,0,4.89,0
2021,4,9,1,0,0.0,0.0,0.0,0,15.92,0,0,5.14,0
2021,4,9,2,0,0.0,0.0,0.0,0,15.75,0,0,4.64,0
2021,4,9,3,0,0.0,0.0,0.0,0,15.22,0,0,4.55,0
2021,4,9,4,0,0.0,0.0,0.0,0,14.89,0,0,4.46,0
2021,4,9,5,0,11.85,18.17,17.3,0,15.09,0,0,4.14,0
2021,4,9,6,0,83.56,111.58,141.48,0,17.72,0,0,2.6,0
2021,4,9,7,0,187.16,214.82,298.92,0,19.44,0,0,2.35,0
2021,4,9,8,0,276.53,259.02,467.25,0,20.28,0,0,3.32,0
2021,4,9,9,0,347.74,311.74,612.05,0,21.13,0,0,3.51,0
2021,4,9,10,0,106.81,359.41,527.88,0,22.17,0,0,3.6,0
2021,4,9,11,0,76.28,408.89,561.95,0,22.9,0,0,4.21,0
2021,4,9,12,0,28.82,421.06,533.38,0,23.47,0,0,4.88,0
2021,4,9,13,0,1.64,282.64,344.5,0,23.2,0,0,5.41,0
2021,4,9,14,0,0.0,143.7,170.93,0,22.78,0,0,5.53,0
2021,4,9,15,0,0.0,126.2,145.48,0,21.92,0,0,5.18,0
2021,4,9,16,0,13.91,110.58,126.03,0,20.51,0,0,4.75,0
2021,4,9,17,0,18.13,30.41,33.62,0,18.72,0,0,4.56,0
2021,4,9,18,0,0.0,0.0,0.0,0,17.32,0,0,4.32,0
2021,4,9,19,0,0.0,0.0,0.0,0,17.3,0,0,4.58,0
2021,4,9,20,0,0.0,0.0,0.0,0,17.34,0,0,4.91,0
2021,4,9,21,0,0.0,0.0,0.0,0,17.2,0,0,5.09,0
2021,4,9,22,0,0.0,0.0,0.0,0,17.01,0,0,4.83,0
2021,4,9,23,0,0.0,0.0,0.0,0,16.94,0,0,5.0,0
2021,4,10,0,0,0.0,0.0,0.0,0,16.96,0,0,5.35,0
2021,4,10,1,0,0.0,0.0,0.0,0,16.76,0,0,5.16,0
2021,4,10,2,0,0.0,0.0,0.0,0,16.39,0,0,5.37,0
2021,4,10,3,0,0.0,0.0,0.0,0,16.57,0,0,6.22,0
2021,4,10,4,0,0.0,0.0,0.0,0,16.56,0,0,6.27,0
2021,4,10,5,0,0.0,2.44,2.4,0,16.4,0,0,7.2,0
2021,4,10,6,0,5.66,12.24,14.6,0,16.49,0,0,7.44,0
2021,4,10,7,0,10.86,22.57,28.2,0,16.72,0,0,7.07,0
2021,4,10,8,0,25.01,28.97,40.25,0,17.44,0,0,8.17,0
2021,4,10,9,0,33.93,70.89,97.65,0,18.5,0,0,9.06,0
2021,4,10,10,0,50.38,84.96,127.57,0,19.0,0,0,9.01,0
2021,4,10,11,0,44.91,102.53,150.07,0,19.76,0,0,8.99,0
2021,4,10,12,0,17.76,192.43,239.77,0,20.51,0,0,8.34,0
2021,4,10,13,0,71.08,334.17,421.05,0,21.1,0,0,7.0,0
2021,4,10,14,0,47.94,349.22,423.88,0,21.53,0,0,6.95,0
2021,4,10,15,0,65.52,269.84,321.0,0,21.23,0,0,5.96,0
2021,4,10,16,0,130.26,130.91,173.0,0,20.74,0,0,5.23,0
2021,4,10,17,0,75.21,43.43,52.67,0,18.89,0,0,5.4,0
2021,4,10,18,0,0.0,0.0,0.0,0,16.92,0,0,5.19,0
2021,4,10,19,0,0.0,0.0,0.0,0,16.48,0,0,5.14,0
2021,4,10,20,0,0.0,0.0,0.0,0,16.25,0,0,5.43,0
2021,4,10,21,0,0.0,0.0,0.0,0,16.32,0,0,5.78,0
2021,4,10,22,0,0.0,0.0,0.0,0,16.16,0,0,5.52,0
2021,4,10,23,0,0.0,0.0,0.0,0,16.13,0,0,5.35,0
2021,4,11,0,0,0.0,0.0,0.0,0,15.95,0,0,5.78,0
2021,4,11,1,0,0.0,0.0,0.0,0,15.58,0,0,5.52,0
2021,4,11,2,0,0.0,0.0,0.0,0,15.15,0,0,4.89,0
2021,4,11,3,0,0.0,0.0,0.0,0,14.73,0,0,4.6,0
2021,4,11,4,0,0.0,0.0,0.0,0,14.18,0,0,4.52,0
2021,4,11,5,0,56.88,20.82,21.27,0,13.41,0,0,4.85,0
2021,4,11,6,0,350.26,90.53,181.5,0,15.05,0,0,4.32,0
2021,4,11,7,0,573.21,121.02,384.02,0,16.31,0,0,4.89,0
2021,4,11,8,0,754.79,153.9,626.62,0,17.94,0,0,5.6,0
2021,4,11,9,0,880.49,135.27,818.6,0,19.38,0,0,5.68,0
2021,4,11,10,0,997.68,98.44,943.47,0,20.61,0,0,5.5,0
2021,4,11,11,0,994.9,98.43,989.03,0,21.52,0,0,5.31,0
2021,4,11,12,0,996.1,89.48,966.78,0,22.03,0,0,5.56,0
2021,4,11,13,0,986.44,85.03,877.3,0,22.4,0,0,4.33,0
2021,4,11,14,0,957.39,77.24,727.55,0,22.27,0,0,3.58,0
2021,4,11,15,0,881.93,72.59,529.7,0,21.74,0,0,3.82,0
2021,4,11,16,0,766.27,57.32,302.08,0,20.67,0,0,4.66,0
2021,4,11,17,0,383.19,30.04,79.43,0,17.21,0,0,5.61,0
2021,4,11,18,0,0.0,0.0,0.0,0,14.11,0,0,6.91,0
2021,4,11,19,0,0.0,0.0,0.0,0,13.47,0,0,7.78,0
2021,4,11,20,0,0.0,0.0,0.0,0,13.21,0,0,7.63,0
2021,4,11,21,0,0.0,0.0,0.0,0,12.59,0,0,7.38,0
2021,4,11,22,0,0.0,0.0,0.0,0,12.03,0,0,7.27,0
2021,4,11,23,0,0.0,0.0,0.0,0,11.51,0,0,7.09,0
2021,4,12,0,0,0.0,0.0,0.0,0,10.9,0,0,6.7,0
2021,4,12,1,0,0.0,0.0,0.0,0,10.33,0,0,6.39,0
2021,4,12,2,0,0.0,0.0,0.0,0,9.75,0,0,5.99,0
2021,4,12,3,0,0.0,0.0,0.0,0,9.34,0,0,5.92,0
2021,4,12,4,0,0.0,0.0,0.0,0,8.8,0,0,5.93,0
2021,4,12,5,0,108.76,18.52,24.39,0,9.14,0,0,5.79,0
2021,4,12,6,0,259.99,82.69,158.25,0,12.39,0,0,3.94,0
2021,4,12,7,0,431.5,132.09,346.05,0,15.41,0,0,2.78,0
2021,4,12,8,0,481.59,203.12,515.18,0,19.31,0,0,5.4,0
2021,4,12,9,0,974.84,81.6,837.2,0,21.8,0,0,6.43,0
2021,4,12,10,0,996.26,83.83,944.65,0,23.48,0,0,6.51,0
2021,4,12,11,0,999.08,86.4,984.15,0,24.75,0,0,6.5,0
2021,4,12,12,0,979.23,92.53,958.35,0,25.6,0,0,6.43,0
2021,4,12,13,0,965.69,86.85,865.45,0,26.03,0,0,6.3,0
2021,4,12,14,0,923.48,85.96,712.85,0,26.02,0,0,6.17,0
2021,4,12,15,0,820.16,84.74,513.67,0,25.37,0,0,5.87,0
2021,4,12,16,0,689.45,65.57,290.33,0,23.71,0,0,5.99,0
2021,4,12,17,0,323.29,31.36,76.43,0,20.2,0,0,6.97,0
2021,4,12,18,0,0.0,0.0,0.0,0,17.58,0,0,7.64,0
2021,4,12,19,0,0.0,0.0,0.0,0,16.84,0,0,7.53,0
2021,4,12,20,0,0.0,0.0,0.0,0,16.12,0,0,7.24,0
2021,4,12,21,0,0.0,0.0,0.0,0,15.41,0,0,6.9,0
2021,4,12,22,0,0.0,0.0,0.0,0,14.69,0,0,6.47,0
2021,4,12,23,0,0.0,0.0,0.0,0,14.14,0,0,6.18,0
2021,4,13,0,0,0.0,0.0,0.0,0,13.59,0,0,5.77,0
2021,4,13,1,0,0.0,0.0,0.0,0,13.7,0,0,5.6,0
2021,4,13,2,0,0.0,0.0,0.0,0,13.79,0,0,5.36,0
2021,4,13,3,0,0.0,0.0,0.0,0,13.28,0,0,4.8,0
2021,4,13,4,0,0.0,0.0,0.0,0,13.03,0,0,4.07,0
2021,4,13,5,0,94.33,26.01,30.08,0,13.47,0,0,3.56,0
2021,4,13,6,0,450.74,87.55,208.57,0,15.82,0,0,3.4,0
2021,4,13,7,0,656.05,121.52,424.23,0,18.41,0,0,2.26,0
2021,4,13,8,0,727.83,152.68,624.55,0,21.58,0,0,2.68,0
2021,4,13,9,0,704.54,215.56,771.5,0,24.13,0,0,2.96,0
2021,4,13,10,0,871.42,136.85,906.35,0,25.93,0,0,2.17,0
2021,4,13,11,0,868.66,153.23,948.1,0,27.18,0,0,1.8,0
2021,4,13,12,0,910.33,122.67,930.65,0,27.87,0,0,1.95,0
2021,4,13,13,0,748.64,222.78,808.17,0,27.71,0,0,2.25,0
2021,4,13,14,0,459.57,396.75,593.38,0,28.14,0,0,2.75,0
2021,4,13,15,0,389.88,246.75,380.42,0,28.4,0,0,2.52,0
2021,4,13,16,0,277.69,156.11,225.23,0,27.92,0,0,1.35,0
2021,4,13,17,0,44.92,49.49,56.3,0,24.81,0,0,1.91,0
2021,4,13,18,0,0.0,0.0,0.0,0,22.17,0,0,2.91,0
2021,4,13,19,0,0.0,0.0,0.0,0,20.01,0,0,3.92,0
2021,4,13,20,0,0.0,0.0,0.0,0,18.95,0,0,4.14,0
2021,4,13,21,0,0.0,0.0,0.0,0,18.16,0,0,4.14,0
2021,4,13,22,0,0.0,0.0,0.0,0,17.17,0,0,4.03,0
2021,4,13,23,0,0.0,0.0,0.0,0,15.79,0,0,4.31,0
2021,4,14,0,0,0.0,0.0,0.0,0,14.62,0,0,4.7,0
2021,4,14,1,0,0.0,0.0,0.0,0,13.62,0,0,5.15,0
2021,4,14,2,0,0.0,0.0,0.0,0,12.85,0,0,5.56,0
2021,4,14,3,0,0.0,0.0,0.0,0,12.22,0,0,5.49,0
2021,4,14,4,0,0.0,0.0,0.0,0,11.77,0,0,4.93,0
2021,4,14,5,0,87.13,25.27,31.2,0,12.4,0,0,4.02,0
2021,4,14,6,0,426.56,90.36,211.98,0,15.89,0,0,2.75,0
2021,4,14,7,0,620.72,134.04,425.95,0,18.02,0,0,1.25,0
2021,4,14,8,0,691.53,174.31,624.45,0,21.34,0,0,0.72,0
2021,4,14,9,0,807.11,156.69,791.83,0,24.1,0,0,2.93,0
2021,4,14,10,0,644.96,280.0,857.72,0,25.39,0,0,4.32,0
2021,4,14,11,0,35.8,511.02,649.92,0,25.95,0,0,5.48,0
2021,4,14,12,0,111.64,429.71,559.0,0,24.73,0,0,5.63,0
2021,4,14,13,0,14.74,355.73,435.8,0,23.2,0,0,5.99,0
2021,4,14,14,0,0.0,116.45,139.32,0,21.82,0,0,6.11,0
2021,4,14,15,0,0.0,97.3,112.35,0,20.73,0,0,6.03,0
2021,4,14,16,0,0.0,37.32,43.67,0,19.43,0,0,5.78,0
2021,4,14,17,0,0.0,13.9,15.4,0,18.01,0,0,5.43,0
2021,4,14,18,0,0.0,0.0,0.0,0,16.16,0,0,5.27,0
2021,4,14,19,0,0.0,0.0,0.0,0,15.47,0,0,5.17,0
2021,4,14,20,0,0.0,0.0,0.0,0,15.28,0,0,4.41,0
2021,4,14,21,0,0.0,0.0,0.0,0,15.3,0,0,3.83,0
2021,4,14,22,0,0.0,0.0,0.0,0,15.25,0,0,3.75,0
2021,4,14,23,0,0.0,0.0,0.0,0,15.05,0,0,3.72,0
2021,4,15,0,0,0.0,0.0,0.0,0,14.81,0,0,4.04,0
2021,4,15,1,0,0.0,0.0,0.0,0,14.7,0,0,4.77,0
2021,4,15,2,0,0.0,0.0,0.0,0,14.59,0,0,4.77,0
2021,4,15,3,0,0.0,0.0,0.0,0,14.67,0,0,5.11,0
2021,4,15,4,0,0.0,0.0,0.0,0,14.23,0,0,5.08,0
2021,4,15,5,0,0.0,17.68,17.83,0,13.78,0,0,4.46,0
2021,4,15,6,0,10.68,103.57,119.28,0,15.03,0,0,4.21,0
2021,4,15,7,0,6.25,202.86,237.5,0,16.16,0,0,4.85,0
2021,4,15,8,0,15.73,303.2,361.95,0,16.88,0,0,5.11,0
2021,4,15,9,0,1.51,352.13,430.42,0,16.79,0,0,4.72,0
2021,4,15,10,0,59.48,473.75,606.03,0,17.05,0,0,4.35,0
2021,4,15,11,0,248.34,525.7,758.8,0,18.31,0,0,4.19,0
2021,4,15,12,0,434.24,536.52,762.7,0,20.13,0,0,5.07,0
2021,4,15,13,0,633.29,319.76,783.92,0,20.79,0,0,6.1,0
2021,4,15,14,0,771.77,145.02,685.92,0,20.68,0,0,6.68,0
2021,4,15,15,0,734.69,110.21,502.17,0,19.93,0,0,6.86,0
2021,4,15,16,0,595.11,80.75,283.38,0,18.37,0,0,6.63,0
2021,4,15,17,0,295.83,37.08,78.93,0,16.09,0,0,6.8,0
2021,4,15,18,0,0.0,0.0,0.0,0,13.62,0,0,7.5,0
2021,4,15,19,0,0.0,0.0,0.0,0,12.98,0,0,7.31,0
2021,4,15,20,0,0.0,0.0,0.0,0,11.77,0,0,6.43,0
2021,4,15,21,0,0.0,0.0,0.0,0,11.01,0,0,5.73,0
2021,4,15,22,0,0.0,0.0,0.0,0,10.46,0,0,5.09,0
2021,4,15,23,0,0.0,0.0,0.0,0,10.02,0,0,4.76,0
2021,4,16,0,0,0.0,0.0,0.0,0,9.89,0,0,4.57,0
2021,4,16,1,0,0.0,0.0,0.0,0,9.61,0,0,4.28,0
2021,4,16,2,0,0.0,0.0,0.0,0,9.32,0,0,4.01,0
2021,4,16,3,0,0.0,0.0,0.0,0,9.0,0,0,3.81,0
2021,4,16,4,0,0.0,0.0,0.0,0,8.49,0,0,4.03,0
2021,4,16,5,0,7.77,18.47,18.45,0,8.76,0,0,3.82,0
2021,4,16,6,0,18.83,91.03,108.18,0,9.92,0,0,2.53,0
2021,4,16,7,0,11.61,207.04,243.43,0,10.87,0,0,2.21,0
2021,4,16,8,0,20.27,324.22,387.67,0,13.09,0,0,3.44,0
2021,4,16,9,0,2.54,371.65,454.5,0,14.74,0,0,2.98,0
2021,4,16,10,0,159.63,467.39,678.8,0,15.82,0,0,2.2,0
2021,4,16,11,0,44.84,535.11,682.53,0,17.46,0,0,1.88,0
2021,4,16,12,0,562.57,377.06,841.65,0,18.25,0,0,0.79,0
2021,4,16,13,0,185.49,492.61,649.47,0,17.68,0,0,0.32,0
2021,4,16,14,0,70.73,394.92,485.2,0,18.28,0,0,0.52,0
2021,4,16,15,0,8.76,241.13,278.2,0,18.21,0,0,0.97,0
2021,4,16,16,0,0.0,128.25,150.07,0,17.25,0,0,1.24,0
2021,4,16,17,0,0.0,31.63,35.05,0,16.39,0,0,0.85,0
2021,4,16,18,0,0.0,0.0,0.0,0,15.87,0,0,0.75,0
2021,4,16,19,0,0.0,0.0,0.0,0,15.25,0,0,0.91,0
2021,4,16,20,0,0.0,0.0,0.0,0,14.43,0,0,1.43,0
2021,4,16,21,0,0.0,0.0,0.0,0,13.66,0,0,1.87,0
2021,4,16,22,0,0.0,0.0,0.0,0,12.83,0,0,2.37,0
2021,4,16,23,0,0.0,0.0,0.0,0,12.5,0,0,2.07,0
2021,4,17,0,0,0.0,0.0,0.0,0,12.02,0,0,2.34,0
2021,4,17,1,0,0.0,0.0,0.0,0,11.35,0,0,2.8,0
2021,4,17,2,0,0.0,0.0,0.0,0,10.98,0,0,2.84,0
2021,4,17,3,0,0.0,0.0,0.0,0,10.59,0,0,3.1,0
2021,4,17,4,0,0.0,0.0,0.0,0,10.39,0,0,2.64,0
2021,4,17,5,0,0.0,17.68,17.83,0,10.96,0,0,1.45,0
2021,4,17,6,0,53.74,89.29,109.93,0,12.73,0,0,0.82,0
2021,4,17,7,0,122.8,165.67,221.75,0,14.52,0,0,1.17,0
2021,4,17,8,0,39.93,292.84,375.6,0,17.21,0,0,2.0,0
2021,4,17,9,0,250.34,356.05,599.8,0,18.43,0,0,2.43,0
2021,4,17,10,0,572.43,203.01,570.85,0,18.51,0,0,3.37,0
2021,4,17,11,0,196.25,432.33,621.88,0,18.04,0,0,3.49,0
2021,4,17,12,0,290.86,350.84,554.62,0,18.63,0,0,3.48,0
2021,4,17,13,0,245.18,377.88,595.35,0,19.93,0,0,3.36,0
2021,4,17,14,0,163.01,339.09,509.17,0,20.64,0,0,3.39,0
2021,4,17,15,0,200.91,216.35,333.67,0,20.5,0,0,3.74,0
2021,4,17,16,0,88.99,140.55,171.57,0,19.67,0,0,4.11,0
2021,4,17,17,0,19.0,44.37,50.7,0,17.24,0,0,5.53,0
2021,4,17,18,0,0.0,0.0,0.0,0,15.77,0,0,6.17,0
2021,4,17,19,0,0.0,0.0,0.0,0,15.3,0,0,6.17,0
2021,4,17,20,0,0.0,0.0,0.0,0,14.53,0,0,6.1,0
2021,4,17,21,0,0.0,0.0,0.0,0,13.89,0,0,5.96,0
2021,4,17,22,0,0.0,0.0,0.0,0,13.25,0,0,5.46,0
2021,4,17,23,0,0.0,0.0,0.0,0,12.69,0,0,5.09,0
2021,4,18,0,0,0.0,0.0,0.0,0,12.23,0,0,5.06,0
2021,4,18,1,0,0.0,0.0,0.0,0,11.78,0,0,5.02,0
2021,4,18,2,0,0.0,0.0,0.0,0,11.35,0,0,5.04,0
2021,4,18,3,0,0.0,0.0,0.0,0,10.95,0,0,4.91,0
2021,4,18,4,0,0.0,0.0,0.0,0,9.81,0,0,4.75,0
2021,4,18,5,0,25.31,31.45,30.98,0,9.82,0,0,4.57,0
2021,4,18,6,0,176.95,120.58,174.77,0,12.2,0,0,3.73,0
2021,4,18,7,0,385.48,158.94,337.08,0,14.83,0,0,3.32,0
2021,4,18,8,0,462.46,251.91,563.25,0,17.35,0,0,3.06,0
2021,4,18,9,0,797.79,161.38,806.75,0,18.81,0,0,3.55,0
2021,4,18,10,0,785.49,195.99,906.2,0,19.84,0,0,3.77,0
2021,4,18,11,0,914.75,124.56,973.22,0,20.76,0,0,3.55,0
2021,4,18,12,0,910.32,136.52,949.4,0,21.38,0,0,3.53,0
2021,4,18,13,0,847.97,150.22,851.35,0,21.64,0,0,3.56,0
2021,4,18,14,0,644.27,219.48,673.7,0,21.55,0,0,3.41,0
2021,4,18,15,0,723.62,111.44,502.9,0,21.03,0,0,3.51,0
2021,4,18,16,0,522.03,100.95,275.95,0,19.97,0,0,3.72,0
2021,4,18,17,0,188.54,50.12,75.78,0,17.2,0,0,4.36,0
2021,4,18,18,0,0.0,0.0,0.0,0,14.5,0,0,5.65,0
2021,4,18,19,0,0.0,0.0,0.0,0,13.76,0,0,6.6,0
2021,4,18,20,0,0.0,0.0,0.0,0,12.96,0,0,6.55,0
2021,4,18,21,0,0.0,0.0,0.0,0,11.93,0,0,6.29,0
2021,4,18,22,0,0.0,0.0,0.0,0,11.2,0,0,6.1,0
2021,4,18,23,0,0.0,0.0,0.0,0,10.51,0,0,5.91,0
2021,4,19,0,0,0.0,0.0,0.0,0,10.14,0,0,6.16,0
2021,4,19,1,0,0.0,0.0,0.0,0,9.78,0,0,6.34,0
2021,4,19,2,0,0.0,0.0,0.0,0,9.25,0,0,6.24,0
2021,4,19,3,0,0.0,0.0,0.0,0,8.73,0,0,5.85,0
2021,4,19,4,0,0.0,0.0,0.0,0,8.29,0,0,6.23,0
2021,4,19,5,0,136.2,29.43,44.3,0,9.09,0,0,6.37,0
2021,4,19,6,0,519.65,84.02,242.3,0,11.58,0,0,5.52,0
2021,4,19,7,0,778.66,93.96,479.88,0,13.95,0,0,6.11,0
2021,4,19,8,0,881.31,104.76,690.53,0,15.62,0,0,6.06,0
2021,4,19,9,0,870.84,142.04,847.0,0,17.05,0,0,5.52,0
2021,4,19,10,0,905.49,142.74,941.92,0,18.39,0,0,5.03,0
2021,4,19,11,0,973.15,105.83,1004.42,0,19.5,0,0,4.75,0
2021,4,19,12,0,946.86,126.05,973.92,0,20.28,0,0,4.78,0
2021,4,19,13,0,934.33,107.81,882.28,0,20.66,0,0,4.84,0
2021,4,19,14,0,884.19,103.74,729.78,0,20.62,0,0,4.78,0
2021,4,19,15,0,806.0,97.48,531.1,0,20.14,0,0,4.61,0
2021,4,19,16,0,664.57,77.71,306.75,0,19.15,0,0,4.44,0
2021,4,19,17,0,326.17,37.93,92.43,0,16.46,0,0,4.79,0
2021,4,19,18,0,0.0,0.0,0.0,0,13.05,0,0,5.27,0
2021,4,19,19,0,0.0,0.0,0.0,0,12.48,0,0,5.42,0
2021,4,19,20,0,0.0,0.0,0.0,0,12.07,0,0,5.33,0
2021,4,19,21,0,0.0,0.0,0.0,0,11.98,0,0,5.14,0
2021,4,19,22,0,0.0,0.0,0.0,0,11.78,0,0,4.84,0
2021,4,19,23,0,0.0,0.0,0.0,0,11.52,0,0,4.11,0
2021,4,20,0,0,0.0,0.0,0.0,0,11.43,0,0,3.52,0
2021,4,20,1,0,0.0,0.0,0.0,0,11.36,0,0,3.17,0
2021,4,20,2,0,0.0,0.0,0.0,0,11.34,0,0,2.84,0
2021,4,20,3,0,0.0,0.0,0.0,0,11.16,0,0,2.78,0
2021,4,20,4,0,0.0,0.0,0.0,0,10.6,0,0,3.04,0
2021,4,20,5,0,4.93,27.35,27.73,0,10.52,0,0,3.48,0
2021,4,20,6,0,33.66,117.24,139.15,0,12.56,0,0,3.09,0
2021,4,20,7,0,83.94,220.37,284.52,0,14.26,0,0,1.61,0
2021,4,20,8,0,167.61,289.11,426.25,0,17.38,0,0,1.28,0
2021,4,20,9,0,310.09,341.94,637.9,0,19.6,0,0,2.75,0
2021,4,20,10,0,641.33,272.75,837.28,0,20.43,0,0,3.34,0
2021,4,20,11,0,685.06,266.91,918.65,0,20.98,0,0,3.67,0
2021,4,20,12,0,760.1,177.64,845.3,0,21.44,0,0,3.78,0
2021,4,20,13,0,587.12,294.28,786.17,0,22.03,0,0,3.73,0
2021,4,20,14,0,545.43,238.8,637.6,0,22.08,0,0,3.7,0
2021,4,20,15,0,424.05,200.48,440.83,0,21.75,0,0,3.63,0
2021,4,20,16,0,405.04,114.43,252.4,0,21.13,0,0,3.88,0
2021,4,20,17,0,209.06,52.21,79.9,0,18.12,0,0,4.05,0
2021,4,20,18,0,0.0,0.0,0.0,0,15.06,0,0,4.64,0
2021,4,20,19,0,0.0,0.0,0.0,0,13.86,0,0,5.2,0
2021,4,20,20,0,0.0,0.0,0.0,0,12.86,0,0,5.74,0
2021,4,20,21,0,0.0,0.0,0.0,0,12.14,0,0,6.69,0
2021,4,20,22,0,0.0,0.0,0.0,0,12.01,0,0,7.32,0
2021,4,20,23,0,0.0,0.0,0.0,0,11.64,0,0,6.98,0
2021,4,21,0,0,0.0,0.0,0.0,0,11.0,0,0,6.63,0
2021,4,21,1,0,0.0,0.0,0.0,0,10.46,0,0,6.39,0
2021,4,21,2,0,0.0,0.0,0.0,0,10.17,0,0,6.51,0
2021,4,21,3,0,0.0,0.0,0.0,0,10.04,0,0,6.7,0
2021,4,21,4,0,0.0,0.0,0.0,0,10.03,0,0,7.04,0
2021,4,21,5,0,98.98,31.94,44.92,0,10.53,0,0,7.25,0
2021,4,21,6,0,423.82,98.53,232.07,0,11.08,0,0,8.64,0
2021,4,21,7,0,653.86,126.97,465.27,0,10.97,0,0,9.14,0
2021,4,21,8,0,813.99,129.75,677.58,0,11.76,0,0,8.7,0
2021,4,21,9,0,828.97,162.73,829.92,0,13.21,0,0,8.46,0
2021,4,21,10,0,868.62,175.85,955.4,0,14.49,0,0,8.55,0
2021,4,21,11,0,989.04,110.41,1019.42,0,15.31,0,0,8.76,0
2021,4,21,12,0,1016.12,86.84,999.83,0,15.53,0,0,8.94,0
2021,4,21,13,0,1004.21,80.69,908.8,0,15.21,0,0,8.99,0
2021,4,21,14,0,525.7,208.67,599.48,0,14.5,0,0,8.9,0
2021,4,21,15,0,441.65,174.13,409.51,0,13.54,0,0,8.83,0
2021,4,21,16,0,373.35,109.65,236.38,0,12.19,0,0,8.82,0
2021,4,21,17,0,147.76,44.47,69.51,0,10.29,0,0,8.5,0
2021,4,21,18,0,0.0,0.0,0.0,0,7.94,0,0,8.12,0
2021,4,21,19,0,0.0,0.0,0.0,0,6.76,0,0,7.73,0
2021,4,21,20,0,0.0,0.0,0.0,0,5.56,0,0,6.74,0
2021,4,21,21,0,0.0,0.0,0.0,0,4.61,0,0,5.93,0
2021,4,21,22,0,0.0,0.0,0.0,0,3.55,0,0,5.09,0
2021,4,21,23,0,0.0,0.0,0.0,0,2.79,0,0,5.17,0
2021,4,22,0,0,0.0,0.0,0.0,0,2.26,0,0,4.95,0
2021,4,22,1,0,0.0,0.0,0.0,0,1.67,0,0,4.61,0
2021,4,22,2,0,0.0,0.0,0.0,0,1.1,0,0,4.51,0
2021,4,22,3,0,0.0,0.0,0.0,0,0.72,0,0,4.42,0
2021,4,22,4,0,0.0,0.0,0.0,0,0.45,0,0,4.41,0
2021,4,22,5,0,157.8,31.79,50.97,0,1.75,0,0,4.02,0
2021,4,22,6,0,528.53,84.89,250.7,0,5.14,0,0,2.4,0
2021,4,22,7,0,712.79,114.62,476.95,0,8.62,0,0,3.83,0
2021,4,22,8,0,807.98,121.82,681.9,0,10.76,0,0,3.53,0
2021,4,22,9,0,834.42,153.69,842.97,0,12.52,0,0,2.75,0
2021,4,22,10,0,873.84,169.81,948.45,0,13.48,0,0,2.53,0
2021,4,22,11,0,954.87,124.09,1008.5,0,14.24,0,0,2.84,0
2021,4,22,12,0,977.63,96.27,980.45,0,15.28,0,0,3.3,0
2021,4,22,13,0,945.37,99.59,886.58,0,16.11,0,0,3.73,0
2021,4,22,14,0,898.21,95.81,734.97,0,16.35,0,0,3.98,0
2021,4,22,15,0,823.67,90.01,537.47,0,16.13,0,0,4.02,0
2021,4,22,16,0,698.54,71.1,314.48,0,15.45,0,0,3.76,0
2021,4,22,17,0,370.02,38.87,100.03,0,13.23,0,0,3.29,0
2021,4,22,18,0,0.0,0.0,0.0,0,11.4,0,0,2.67,0
2021,4,22,19,0,0.0,0.0,0.0,0,11.18,0,0,2.23,0
2021,4,22,20,0,0.0,0.0,0.0,0,10.89,0,0,1.65,0
2021,4,22,21,0,0.0,0.0,0.0,0,11.06,0,0,1.04,0
2021,4,22,22,0,0.0,0.0,0.0,0,10.71,0,0,0.89,0
2021,4,22,23,0,0.0,0.0,0.0,0,9.76,0,0,1.16,0
2021,4,23,0,0,0.0,0.0,0.0,0,8.64,0,0,1.62,0
2021,4,23,1,0,0.0,0.0,0.0,0,8.26,0,0,2.04,0
2021,4,23,2,0,0.0,0.0,0.0,0,7.63,0,0,2.4,0
2021,4,23,3,0,0.0,0.0,0.0,0,6.93,0,0,2.95,0
2021,4,23,4,0,0.0,0.0,0.0,0,6.05,0,0,3.72,0
2021,4,23,5,0,0.0,19.79,21.27,0,6.32,0,0,4.54,0
2021,4,23,6,0,21.13,92.98,109.35,0,8.44,0,0,3.41,0
2021,4,23,7,0,47.74,171.08,202.93,0,10.0,0,0,1.64,0
2021,4,23,8,0,90.14,393.72,485.48,0,13.59,0,0,2.34,0
2021,4,23,9,0,117.27,388.37,573.08,0,16.2,0,0,2.49,0
2021,4,23,10,0,566.11,330.83,843.78,0,17.6,0,0,2.08,0
2021,4,23,11,0,550.76,272.81,799.25,0,18.68,0,0,1.77,0
2021,4,23,12,0,461.45,370.19,781.0,0,19.04,0,0,1.75,0
2021,4,23,13,0,312.15,370.23,652.12,0,19.29,0,0,1.97,0
2021,4,23,14,0,522.38,238.4,614.75,0,19.5,0,0,2.29,0
2021,4,23,15,0,504.78,176.13,437.75,0,19.35,0,0,2.66,0
2021,4,23,16,0,285.7,142.78,243.52,0,18.78,0,0,3.15,0
2021,4,23,17,0,99.56,56.53,74.47,0,16.17,0,0,4.02,0
2021,4,23,18,0,0.0,0.0,0.0,0,13.91,0,0,5.34,0
2021,4,23,19,0,0.0,0.0,0.0,0,13.44,0,0,6.37,0
2021,4,23,20,0,0.0,0.0,0.0,0,13.23,0,0,6.41,0
2021,4,23,21,0,0.0,0.0,0.0,0,12.69,0,0,6.08,0
2021,4,23,22,0,0.0,0.0,0.0,0,12.16,0,0,5.6,0
2021,4,23,23,0,0.0,0.0,0.0,0,11.46,0,0,4.63,0
2021,4,24,0,0,0.0,0.0,0.0,0,11.26,0,0,5.26,0
2021,4,24,1,0,0.0,0.0,0.0,0,11.36,0,0,5.57,0
2021,4,24,2,0,0.0,0.0,0.0,0,11.53,0,0,6.58,0
2021,4,24,3,0,0.0,0.0,0.0,0,12.03,0,0,7.47,0
2021,4,24,4,0,0.0,0.0,0.0,0,12.32,0,0,7.3,0
2021,4,24,5,0,0.0,8.83,9.77,0,12.91,0,0,7.38,0
2021,4,24,6,0,0.0,31.35,35.95,0,14.14,0,0,9.02,0
2021,4,24,7,0,0.0,55.22,63.65,0,15.46,0,0,10.5,0
2021,4,24,8,0,0.0,147.02,174.85,0,16.48,0,0,10.85,0
2021,4,24,9,0,15.86,199.21,245.6,0,17.86,0,0,10.41,0
2021,4,24,10,0,13.11,193.43,243.38,0,19.88,0,0,10.12,0
2021,4,24,11,0,81.64,237.74,347.17,0,22.29,0,0,9.4,0
2021,4,24,12,0,143.88,292.31,465.05,0,23.94,0,0,8.58,0
2021,4,24,13,0,294.35,383.24,677.67,0,24.63,0,0,7.76,0
2021,4,24,14,0,81.72,286.99,392.65,0,24.9,0,0,6.78,0
2021,4,24,15,0,33.29,153.77,192.95,0,24.36,0,0,5.24,0
2021,4,24,16,0,39.81,99.85,122.4,0,23.08,0,0,4.07,0
2021,4,24,17,0,22.79,36.73,43.22,0,20.71,0,0,4.32,0
2021,4,24,18,0,0.0,0.0,0.0,0,18.54,0,0,5.47,0
2021,4,24,19,0,0.0,0.0,0.0,0,18.93,0,0,6.12,0
2021,4,24,20,0,0.0,0.0,0.0,0,19.04,0,0,6.44,0
2021,4,24,21,0,0.0,0.0,0.0,0,18.73,0,0,8.42,0
2021,4,24,22,0,0.0,0.0,0.0,0,16.56,0,0,8.52,0
2021,4,24,23,0,0.0,0.0,0.0,0,14.97,0,0,7.66,0
2021,4,25,0,0,0.0,0.0,0.0,0,13.95,0,0,8.05,0
2021,4,25,1,0,0.0,0.0,0.0,0,12.55,0,0,8.52,0
2021,4,25,2,0,0.0,0.0,0.0,0,11.41,0,0,8.34,0
2021,4,25,3,0,0.0,0.0,0.0,0,11.09,0,0,7.8,0
2021,4,25,4,0,0.0,0.0,0.0,0,11.07,0,0,7.91,0
2021,4,25,5,0,134.41,37.85,50.85,0,11.24,0,0,8.01,0
2021,4,25,6,0,464.85,102.65,247.1,0,12.27,0,0,7.96,0
2021,4,25,7,0,698.61,126.54,483.6,0,13.89,0,0,8.02,0
2021,4,25,8,0,835.47,120.96,696.62,0,15.83,0,0,7.63,0
2021,4,25,9,0,874.73,136.95,857.15,0,17.72,0,0,6.9,0
2021,4,25,10,0,883.59,147.17,961.05,0,19.33,0,0,6.33,0
2021,4,25,11,0,1013.52,88.68,1021.75,0,20.61,0,0,5.95,0
2021,4,25,12,0,1014.41,81.25,990.42,0,21.43,0,0,5.79,0
2021,4,25,13,0,962.9,100.66,895.62,0,21.77,0,0,5.79,0
2021,4,25,14,0,916.06,91.99,746.1,0,21.58,0,0,5.91,0
2021,4,25,15,0,786.69,105.87,542.7,0,20.88,0,0,6.06,0
2021,4,25,16,0,634.21,87.56,314.92,0,19.59,0,0,5.86,0
2021,4,25,17,0,425.92,41.94,110.43,0,17.14,0,0,5.8,0
2021,4,25,18,0,0.0,0.0,0.0,0,13.71,0,0,6.39,0
2021,4,25,19,0,0.0,0.0,0.0,0,12.69,0,0,6.43,0
2021,4,25,20,0,0.0,0.0,0.0,0,11.88,0,0,6.37,0
2021,4,25,21,0,0.0,0.0,0.0,0,11.25,0,0,6.29,0
2021,4,25,22,0,0.0,0.0,0.0,0,10.64,0,0,6.01,0
2021,4,25,23,0,0.0,0.0,0.0,0,9.89,0,0,5.76,0
2021,4,26,0,0,0.0,0.0,0.0,0,9.27,0,0,5.61,0
2021,4,26,1,0,0.0,0.0,0.0,0,8.83,0,0,5.6,0
2021,4,26,2,0,0.0,0.0,0.0,0,8.56,0,0,5.63,0
2021,4,26,3,0,0.0,0.0,0.0,0,8.37,0,0,5.61,0
2021,4,26,4,0,0.0,0.0,0.0,0,8.06,0,0,5.51,0
2021,4,26,5,0,187.94,35.71,61.75,0,9.23,0,0,5.03,0
2021,4,26,6,0,543.0,88.8,264.02,0,12.06,0,0,3.52,0
2021,4,26,7,0,728.47,112.72,489.0,0,15.22,0,0,4.49,0
2021,4,26,8,0,740.65,167.86,681.0,0,18.36,0,0,5.57,0
2021,4,26,9,0,819.37,163.33,836.4,0,20.85,0,0,5.33,0
2021,4,26,10,0,889.59,139.43,936.35,0,22.44,0,0,4.38,0
2021,4,26,11,0,916.05,127.21,990.28,0,23.62,0,0,3.75,0
2021,4,26,12,0,738.23,256.03,927.12,0,24.43,0,0,3.5,0
2021,4,26,13,0,868.75,180.55,850.97,0,24.86,0,0,3.47,0
2021,4,26,14,0,674.97,216.73,682.88,0,24.85,0,0,3.53,0
2021,4,26,15,0,617.26,166.04,480.77,0,24.38,0,0,3.73,0
2021,4,26,16,0,493.54,128.06,279.8,0,23.5,0,0,3.99,0
2021,4,26,17,0,207.26,62.16,94.75,0,21.01,0,0,4.61,0
2021,4,26,18,0,0.0,0.0,0.0,0,17.47,0,0,5.9,0
2021,4,26,19,0,0.0,0.0,0.0,0,16.67,0,0,6.8,0
2021,4,26,20,0,0.0,0.0,0.0,0,16.04,0,0,6.78,0
2021,4,26,21,0,0.0,0.0,0.0,0,15.49,0,0,6.45,0
2021,4,26,22,0,0.0,0.0,0.0,0,14.73,0,0,6.01,0
2021,4,26,23,0,0.0,0.0,0.0,0,13.88,0,0,5.78,0
2021,4,27,0,0,0.0,0.0,0.0,0,13.74,0,0,5.58,0
2021,4,27,1,0,0.0,0.0,0.0,0,13.35,0,0,5.15,0
2021,4,27,2,0,0.0,0.0,0.0,0,12.69,0,0,5.05,0
2021,4,27,3,0,0.0,0.0,0.0,0,12.44,0,0,5.12,0
2021,4,27,4,0,0.0,0.0,0.0,0,12.03,0,0,4.98,0
2021,4,27,5,0,75.06,45.94,54.17,0,13.15,0,0,4.48,0
2021,4,27,6,0,330.67,121.99,229.18,0,15.86,0,0,3.18,0
2021,4,27,7,0,537.13,151.2,443.83,0,18.64,0,0,4.12,0
2021,4,27,8,0,626.63,190.61,637.78,0,20.84,0,0,4.85,0
2021,4,27,9,0,673.94,230.77,789.75,0,22.06,0,0,4.85,0
2021,4,27,10,0,704.4,291.01,707.42,0,23.63,0,0,4.63,0
2021,4,27,11,0,169.57,595.62,778.8,0,25.24,0,0,4.43,0
2021,4,27,12,0,361.44,572.65,811.1,0,26.12,0,0,4.66,0
2021,4,27,13,0,426.81,376.89,644.28,0,26.5,0,0,4.9,0
2021,4,27,14,0,406.33,336.69,537.9,0,26.5,0,0,5.08,0
2021,4,27,15,0,434.26,268.53,405.9,0,26.03,0,0,5.22,0
2021,4,27,16,0,107.74,189.1,236.62,0,24.59,0,0,5.34,0
2021,4,27,17,0,52.7,67.59,81.82,0,22.28,0,0,5.76,0
2021,4,27,18,0,0.0,0.0,0.0,0,20.61,0,0,6.39,0
2021,4,27,19,0,0.0,0.0,0.0,0,20.08,0,0,6.27,0
2021,4,27,20,0,0.0,0.0,0.0,0,19.37,0,0,6.12,0
2021,4,27,21,0,0.0,0.0,0.0,0,18.8,0,0,6.07,0
2021,4,27,22,0,0.0,0.0,0.0,0,18.37,0,0,5.8,0
2021,4,27,23,0,0.0,0.0,0.0,0,18.13,0,0,5.47,0
2021,4,28,0,0,0.0,0.0,0.0,0,17.71,0,0,4.91,0
2021,4,28,1,0,0.0,0.0,0.0,0,17.26,0,0,4.55,0
2021,4,28,2,0,0.0,0.0,0.0,0,16.95,0,0,4.23,0
2021,4,28,3,0,0.0,0.0,0.0,0,16.66,0,0,3.88,0
2021,4,28,4,0,0.0,0.0,0.0,0,16.47,0,0,4.31,0
2021,4,28,5,0,17.26,40.45,44.58,0,16.93,0,0,4.41,0
2021,4,28,6,0,123.16,166.23,204.98,0,18.72,0,0,3.39,0
2021,4,28,7,0,248.25,209.61,357.08,0,20.91,0,0,2.97,0
2021,4,28,8,0,535.21,227.72,613.58,0,23.1,0,0,3.26,0
2021,4,28,9,0,552.09,189.25,577.45,0,24.84,0,0,3.86,0
2021,4,28,10,0,301.66,411.99,678.15,0,25.91,0,0,3.88,0
2021,4,28,11,0,473.64,338.64,815.1,0,26.83,0,0,3.79,0
2021,4,28,12,0,281.15,460.04,799.8,0,27.43,0,0,3.78,0
2021,4,28,13,0,478.24,392.95,756.33,0,27.63,0,0,3.88,0
2021,4,28,14,0,299.21,353.83,579.83,0,27.43,0,0,3.95,0
2021,4,28,15,0,473.89,155.76,407.48,0,26.84,0,0,3.95,0
2021,4,28,16,0,323.62,133.26,239.18,0,25.89,0,0,4.19,0
2021,4,28,17,0,116.81,65.64,85.32,0,23.32,0,0,4.76,0
2021,4,28,18,0,0.0,0.0,0.0,0,20.21,0,0,5.74,0
2021,4,28,19,0,0.0,0.0,0.0,0,19.46,0,0,6.49,0
2021,4,28,20,0,0.0,0.0,0.0,0,19.07,0,0,6.51,0
2021,4,28,21,0,0.0,0.0,0.0,0,18.43,0,0,6.19,0
2021,4,28,22,0,0.0,0.0,0.0,0,17.84,0,0,5.83,0
2021,4,28,23,0,0.0,0.0,0.0,0,17.39,0,0,5.63,0
2021,4,29,0,0,0.0,0.0,0.0,0,17.03,0,0,5.44,0
2021,4,29,1,0,0.0,0.0,0.0,0,16.74,0,0,5.2,0
2021,4,29,2,0,0.0,0.0,0.0,0,16.49,0,0,5.0,0
2021,4,29,3,0,0.0,0.0,0.0,0,16.21,0,0,4.96,0
2021,4,29,4,0,0.0,0.0,0.0,0,16.01,0,0,4.98,0
2021,4,29,5,0,1.71,40.87,45.38,0,17.06,0,0,4.88,0
2021,4,29,6,0,26.15,151.56,175.98,0,19.54,0,0,4.08,0
2021,4,29,7,0,92.27,282.52,343.48,0,21.65,0,0,4.9,0
2021,4,29,8,0,120.23,375.38,470.62,0,23.13,0,0,5.72,0
2021,4,29,9,0,25.41,329.35,414.6,0,24.17,0,0,6.51,0
2021,4,29,10,0,70.8,404.84,559.97,0,25.05,0,0,6.83,0
2021,4,29,11,0,55.86,446.86,606.03,0,25.92,0,0,7.25,0
2021,4,29,12,0,102.13,400.26,557.1,0,26.54,0,0,7.34,0
2021,4,29,13,0,116.3,366.09,531.62,0,26.8,0,0,6.85,0
2021,4,29,14,0,35.69,347.72,417.88,0,25.97,0,0,6.01,0
2021,4,29,15,0,21.72,274.48,317.17,0,25.15,0,0,5.22,0
2021,4,29,16,0,16.76,141.2,165.18,0,24.04,0,0,4.69,0
2021,4,29,17,0,7.81,52.09,58.78,0,22.3,0,0,4.76,0
2021,4,29,18,0,0.0,0.0,0.0,0,19.66,0,0,5.85,0
2021,4,29,19,0,0.0,0.0,0.0,0,19.33,0,0,6.36,0
2021,4,29,20,0,0.0,0.0,0.0,0,19.16,0,0,5.88,0
2021,4,29,21,0,0.0,0.0,0.0,0,19.11,0,0,5.57,0
2021,4,29,22,0,0.0,0.0,0.0,0,18.96,0,0,6.0,0
2021,4,29,23,0,0.0,0.0,0.0,0,19.3,0,0,7.55,0
2021,4,30,0,0,0.0,0.0,0.0,0,19.42,0,0,7.22,0
2021,4,30,1,0,0.0,0.0,0.0,0,19.23,0,0,7.87,0
2021,4,30,2,0,0.0,0.0,0.0,0,18.08,0,0,7.11,0
2021,4,30,3,0,0.0,0.0,0.0,0,16.75,0,0,6.32,0
2021,4,30,4,0,0.0,0.0,0.0,0,15.51,0,0,5.79,0
2021,4,30,5,0,56.23,50.99,59.15,0,15.32,0,0,5.44,0
2021,4,30,6,0,149.32,168.43,214.88,0,16.16,0,0,5.3,0
2021,4,30,7,0,217.33,298.26,402.75,0,17.39,0,0,5.36,0
2021,4,30,8,0,263.11,348.55,553.53,0,19.1,0,0,5.47,0
2021,4,30,9,0,176.68,497.68,654.33,0,20.69,0,0,5.78,0
2021,4,30,10,0,119.87,525.48,689.65,0,21.47,0,0,5.95,0
2021,4,30,11,0,210.01,477.22,748.25,0,22.03,0,0,6.03,0
2021,4,30,12,0,361.75,471.41,731.1,0,22.08,0,0,6.1,0
2021,4,30,13,0,79.41,478.96,614.9,0,22.22,0,0,6.11,0
2021,4,30,14,0,267.88,329.9,538.33,0,21.69,0,0,6.08,0
2021,4,30,15,0,52.29,317.33,374.08,0,20.73,0,0,5.97,0
2021,4,30,16,0,26.97,178.69,206.52,0,19.7,0,0,6.18,0
2021,4,30,17,0,22.11,62.53,72.78,0,18.25,0,0,6.66,0
2021,4,30,18,0,0.0,7.99,2.2,0,16.36,0,0,7.19,0
2021,4,30,19,0,0.0,0.0,0.0,0,15.63,0,0,6.91,0
2021,4,30,20,0,0.0,0.0,0.0,0,14.92,0,0,6.17,0
2021,4,30,21,0,0.0,0.0,0.0,0,14.15,0,0,5.84,0
2021,4,30,22,0,0.0,0.0,0.0,0,13.73,0,0,5.73,0
2021,4,30,23,0,0.0,0.0,0.0,0,13.42,0,0,5.49,0
2021,5,1,0,0,0.0,0.0,0.0,0,12.76,0,0,5.34,0
2021,5,1,1,0,0.0,0.0,0.0,0,12.23,0,0,5.35,0
2021,5,1,2,0,0.0,0.0,0.0,0,11.72,0,0,5.43,0
2021,5,1,3,0,0.0,0.0,0.0,0,11.05,0,0,5.55,0
2021,5,1,4,0,0.0,0.0,0.0,0,10.29,0,0,5.41,0
2021,5,1,5,0,218.61,51.63,79.88,0,11.27,0,0,4.8,0
2021,5,1,6,0,604.93,95.36,295.7,0,14.21,0,0,3.24,0
2021,5,1,7,0,844.86,90.69,523.88,0,17.12,0,0,3.8,0
2021,5,1,8,0,939.66,84.92,724.9,0,19.36,0,0,3.43,0
2021,5,1,9,0,971.64,85.89,886.6,0,21.19,0,0,2.52,0
2021,5,1,10,0,1041.3,74.27,998.38,0,22.72,0,0,1.76,0
2021,5,1,11,0,1032.66,102.84,1029.47,0,23.87,0,0,1.34,0
2021,5,1,12,0,910.77,112.86,997.97,0,24.61,0,0,1.38,0
2021,5,1,13,0,1028.29,100.21,904.8,0,24.99,0,0,1.28,0
2021,5,1,14,0,927.83,87.53,755.22,0,25.05,0,0,1.08,0
2021,5,1,15,0,877.07,73.06,562.03,0,24.73,0,0,1.07,0
2021,5,1,16,0,698.47,77.05,335.48,0,24.88,0,0,1.44,0
2021,5,1,17,0,399.72,53.79,122.28,0,22.49,0,0,1.8,0
2021,5,1,18,0,0.0,0.0,0.0,0,19.58,0,0,2.59,0
2021,5,1,19,0,0.0,0.0,0.0,0,18.13,0,0,3.61,0
2021,5,1,20,0,0.0,0.0,0.0,0,16.83,0,0,4.63,0
2021,5,1,21,0,0.0,0.0,0.0,0,16.09,0,0,5.28,0
2021,5,1,22,0,0.0,0.0,0.0,0,15.79,0,0,5.6,0
2021,5,1,23,0,0.0,0.0,0.0,0,14.97,0,0,5.61,0
2021,5,2,0,0,0.0,0.0,0.0,0,14.72,0,0,5.31,0
2021,5,2,1,0,0.0,0.0,0.0,0,14.83,0,0,5.15,0
2021,5,2,2,0,0.0,0.0,0.0,0,15.1,0,0,5.14,0
2021,5,2,3,0,0.0,0.0,0.0,0,15.01,0,0,5.05,0
2021,5,2,4,0,0.0,0.0,0.0,0,14.92,0,0,4.81,0
2021,5,2,5,0,18.02,42.95,50.58,0,15.5,0,0,4.36,0
2021,5,2,6,0,61.29,137.75,167.6,0,16.97,0,0,3.46,0
2021,5,2,7,0,144.29,216.67,310.75,0,18.89,0,0,4.45,0
2021,5,2,8,0,41.54,366.68,444.15,0,20.92,0,0,4.96,0
2021,5,2,9,0,185.55,401.3,566.45,0,22.69,0,0,5.34,0
2021,5,2,10,0,155.2,486.46,697.78,0,23.46,0,0,5.57,0
2021,5,2,11,0,581.21,523.84,785.58,0,23.74,0,0,5.63,0
2021,5,2,12,0,221.72,445.44,702.38,0,23.54,0,0,5.38,0
2021,5,2,13,0,12.15,347.93,433.62,0,22.94,0,0,4.85,0
2021,5,2,14,0,31.16,306.53,385.55,0,22.64,0,0,4.58,0
2021,5,2,15,0,0.15,206.48,237.75,0,22.63,0,0,4.62,0
2021,5,2,16,0,0.0,110.26,126.9,0,21.95,0,0,5.09,0
2021,5,2,17,0,0.0,42.66,48.75,0,20.84,0,0,5.95,0
2021,5,2,18,0,0.0,0.0,0.0,0,19.83,0,0,6.38,0
2021,5,2,19,0,0.0,0.0,0.0,0,19.35,0,0,6.15,0
2021,5,2,20,0,0.0,0.0,0.0,0,19.0,0,0,6.18,0
2021,5,2,21,0,0.0,0.0,0.0,0,18.58,0,0,6.03,0
2021,5,2,22,0,0.0,0.0,0.0,0,18.67,0,0,5.6,0
2021,5,2,23,0,0.0,0.0,0.0,0,18.54,0,0,6.13,0
2021,5,3,0,0,0.0,0.0,0.0,0,18.44,0,0,7.42,0
2021,5,3,1,0,0.0,0.0,0.0,0,18.51,0,0,8.17,0
2021,5,3,2,0,0.0,0.0,0.0,0,18.45,0,0,7.87,0
2021,5,3,3,0,0.0,0.0,0.0,0,17.92,0,0,6.4,0
2021,5,3,4,0,0.0,0.0,0.0,0,17.71,0,0,5.12,0
2021,5,3,5,0,7.62,23.98,27.45,0,18.28,0,0,5.44,0
2021,5,3,6,0,29.27,72.96,88.82,0,19.92,0,0,6.15,0
2021,5,3,7,0,0.0,127.64,146.6,0,21.38,0,0,5.76,0
2021,5,3,8,0,22.27,177.19,215.02,0,22.26,0,0,6.28,0
2021,5,3,9,0,8.98,210.45,259.02,0,22.77,0,0,6.54,0
2021,5,3,10,0,66.92,223.11,335.05,0,23.0,0,0,6.3,0
2021,5,3,11,0,143.72,283.22,470.67,0,22.99,0,0,6.21,0
2021,5,3,12,0,80.81,313.49,465.27,0,23.58,0,0,6.03,0
2021,5,3,13,0,8.99,234.08,291.92,0,24.33,0,0,5.76,0
2021,5,3,14,0,16.51,64.09,78.95,0,24.6,0,0,5.32,0
2021,5,3,15,0,0.0,71.87,82.75,0,24.54,0,0,4.92,0
2021,5,3,16,0,0.0,38.47,44.28,0,23.99,0,0,4.95,0
2021,5,3,17,0,0.0,16.41,18.75,0,23.0,0,0,5.49,0
2021,5,3,18,0,0.0,0.0,0.0,0,21.43,0,0,5.17,0
2021,5,3,19,0,0.0,0.0,0.0,0,20.84,0,0,4.99,0
2021,5,3,20,0,0.0,0.0,0.0,0,20.49,0,0,4.9,0
2021,5,3,21,0,0.0,0.0,0.0,0,20.23,0,0,4.82,0
2021,5,3,22,0,0.0,0.0,0.0,0,19.99,0,0,4.79,0
2021,5,3,23,0,0.0,0.0,0.0,0,19.79,0,0,4.72,0
2021,5,4,0,0,0.0,0.0,0.0,0,19.57,0,0,4.68,0
2021,5,4,1,0,0.0,0.0,0.0,0,19.37,0,0,4.66,0
2021,5,4,2,0,0.0,0.0,0.0,0,19.13,0,0,4.72,0
2021,5,4,3,0,0.0,0.0,0.0,0,18.85,0,0,4.84,0
2021,5,4,4,0,0.0,0.0,0.0,0,18.72,0,0,4.91,0
2021,5,4,5,0,7.92,24.0,27.48,0,19.35,0,0,4.58,0
2021,5,4,6,0,50.89,72.81,92.5,0,20.72,0,0,3.83,0
2021,5,4,7,0,66.05,132.41,180.38,0,21.87,0,0,4.18,0
2021,5,4,8,0,70.21,219.45,300.67,0,22.8,0,0,6.06,0
2021,5,4,9,0,23.93,267.03,348.27,0,23.14,0,0,6.28,0
2021,5,4,10,0,10.87,355.65,438.38,0,23.14,0,0,5.85,0
2021,5,4,11,0,37.44,327.23,449.5,0,22.9,0,0,5.56,0
2021,5,4,12,0,0.9,201.1,246.57,0,22.84,0,0,5.57,0
2021,5,4,13,0,6.06,98.67,123.57,0,23.77,0,0,5.6,0
2021,5,4,14,0,3.4,236.13,288.2,0,24.68,0,0,5.67,0
2021,5,4,15,0,1.04,28.99,33.55,0,24.3,0,0,4.98,0
2021,5,4,16,0,2.07,16.25,18.98,0,23.29,0,0,4.1,0
2021,5,4,17,0,4.06,6.06,7.07,0,22.02,0,0,3.17,0
2021,5,4,18,0,0.0,0.31,0.28,0,20.51,0,0,2.8,0
2021,5,4,19,0,0.0,0.0,0.0,0,20.17,0,0,4.53,0
2021,5,4,20,0,0.0,0.0,0.0,0,20.33,0,0,4.97,0
2021,5,4,21,0,0.0,0.0,0.0,0,20.25,0,0,5.03,0
2021,5,4,22,0,0.0,0.0,0.0,0,20.04,0,0,5.32,0
2021,5,4,23,0,0.0,0.0,0.0,0,20.09,0,0,6.32,0
2021,5,5,0,0,0.0,0.0,0.0,0,19.64,0,0,6.1,0
2021,5,5,1,0,0.0,0.0,0.0,0,19.28,0,0,6.39,0
2021,5,5,2,0,0.0,0.0,0.0,0,18.95,0,0,6.27,0
2021,5,5,3,0,0.0,0.0,0.0,0,18.85,0,0,6.62,0
2021,5,5,4,0,0.0,0.0,0.0,0,18.88,0,0,6.89,0
2021,5,5,5,0,5.39,32.08,36.3,0,19.26,0,0,6.61,0
2021,5,5,6,0,28.68,113.43,135.18,0,20.32,0,0,6.42,0
2021,5,5,7,0,67.38,199.1,257.1,0,21.4,0,0,7.4,0
2021,5,5,8,0,166.48,205.42,333.3,0,22.63,0,0,7.42,0
2021,5,5,9,0,67.92,253.58,363.65,0,23.88,0,0,6.97,0
2021,5,5,10,0,338.17,293.43,487.8,0,24.71,0,0,6.93,0
2021,5,5,11,0,12.58,430.51,545.33,0,25.37,0,0,7.01,0
2021,5,5,12,0,47.95,476.08,602.7,0,25.78,0,0,6.89,0
2021,5,5,13,0,131.7,432.86,595.78,0,25.85,0,0,6.8,0
2021,5,5,14,0,112.77,376.78,486.25,0,25.36,0,0,6.68,0
2021,5,5,15,0,160.22,256.7,362.25,0,24.62,0,0,6.5,0
2021,5,5,16,0,191.77,138.31,205.27,0,23.25,0,0,6.28,0
2021,5,5,17,0,169.01,61.76,87.45,0,21.43,0,0,6.33,0
2021,5,5,18,0,9.5,5.22,3.75,0,19.61,0,0,6.79,0
2021,5,5,19,0,0.0,0.0,0.0,0,18.26,0,0,6.83,0
2021,5,5,20,0,0.0,0.0,0.0,0,16.79,0,0,6.34,0
2021,5,5,21,0,0.0,0.0,0.0,0,15.55,0,0,5.79,0
2021,5,5,22,0,0.0,0.0,0.0,0,14.5,0,0,5.37,0
2021,5,5,23,0,0.0,0.0,0.0,0,13.46,0,0,5.01,0
2021,5,6,0,0,0.0,0.0,0.0,0,12.55,0,0,4.81,0
2021,5,6,1,0,0.0,0.0,0.0,0,11.78,0,0,4.68,0
2021,5,6,2,0,0.0,0.0,0.0,0,11.12,0,0,4.64,0
2021,5,6,3,0,0.0,0.0,0.0,0,10.52,0,0,4.55,0
2021,5,6,4,0,0.0,0.0,0.0,0,9.89,0,0,4.51,0
2021,5,6,5,0,143.64,57.96,82.95,0,10.99,0,0,4.29,0
2021,5,6,6,0,409.63,124.23,270.33,0,13.24,0,0,3.99,0
2021,5,6,7,0,635.89,149.67,499.0,0,15.79,0,0,3.79,0
2021,5,6,8,0,775.81,151.9,704.6,0,17.69,0,0,3.51,0
2021,5,6,9,0,920.66,112.1,882.03,0,19.21,0,0,4.11,0
2021,5,6,10,0,968.64,93.3,984.47,0,20.36,0,0,4.71,0
2021,5,6,11,0,1043.32,69.32,1025.57,0,21.16,0,0,4.94,0
2021,5,6,12,0,985.58,84.64,996.08,0,21.66,0,0,4.99,0
2021,5,6,13,0,939.34,103.43,901.3,0,21.84,0,0,5.23,0
2021,5,6,14,0,885.71,95.53,747.22,0,21.57,0,0,5.75,0
2021,5,6,15,0,831.64,87.74,557.78,0,20.94,0,0,6.12,0
2021,5,6,16,0,705.52,75.18,342.02,0,19.87,0,0,5.99,0
2021,5,6,17,0,469.94,42.68,128.07,0,17.71,0,0,6.0,0
2021,5,6,18,0,25.31,5.88,4.82,0,14.3,0,0,6.47,0
2021,5,6,19,0,0.0,0.0,0.0,0,13.28,0,0,7.09,0
2021,5,6,20,0,0.0,0.0,0.0,0,13.08,0,0,6.95,0
2021,5,6,21,0,0.0,0.0,0.0,0,12.26,0,0,6.24,0
2021,5,6,22,0,0.0,0.0,0.0,0,11.69,0,0,5.84,0
2021,5,6,23,0,0.0,0.0,0.0,0,11.14,0,0,5.64,0
2021,5,7,0,0,0.0,0.0,0.0,0,10.5,0,0,5.57,0
2021,5,7,1,0,0.0,0.0,0.0,0,9.93,0,0,5.67,0
2021,5,7,2,0,0.0,0.0,0.0,0,9.52,0,0,5.76,0
2021,5,7,3,0,0.0,0.0,0.0,0,9.18,0,0,5.72,0
2021,5,7,4,0,0.0,0.0,0.0,0,8.93,0,0,5.75,0
2021,5,7,5,0,202.44,54.83,88.7,0,10.29,0,0,5.64,0
2021,5,7,6,0,489.6,105.3,283.17,0,12.04,0,0,6.85,0
2021,5,7,7,0,712.92,132.97,522.03,0,13.53,0,0,7.6,0
2021,5,7,8,0,879.58,113.9,740.03,0,14.83,0,0,8.17,0
2021,5,7,9,0,983.78,81.26,905.67,0,16.04,0,0,8.25,0
2021,5,7,10,0,1007.61,82.3,1007.05,0,17.19,0,0,8.3,0
2021,5,7,11,0,1050.88,77.06,1044.82,0,18.08,0,0,8.34,0
2021,5,7,12,0,1012.4,82.88,1015.78,0,18.67,0,0,8.21,0
2021,5,7,13,0,991.0,81.77,924.62,0,18.93,0,0,7.94,0
2021,5,7,14,0,954.09,79.2,775.72,0,18.92,0,0,7.63,0
2021,5,7,15,0,881.93,78.14,582.28,0,18.53,0,0,7.2,0
2021,5,7,16,0,765.83,68.05,360.55,0,17.66,0,0,6.47,0
2021,5,7,17,0,523.51,43.85,136.95,0,15.56,0,0,6.1,0
2021,5,7,18,0,39.5,6.33,5.38,0,11.98,0,0,6.37,0
2021,5,7,19,0,0.0,0.0,0.0,0,10.79,0,0,6.28,0
2021,5,7,20,0,0.0,0.0,0.0,0,10.14,0,0,6.27,0
2021,5,7,21,0,0.0,0.0,0.0,0,9.63,0,0,6.48,0
2021,5,7,22,0,0.0,0.0,0.0,0,9.02,0,0,6.36,0
2021,5,7,23,0,0.0,0.0,0.0,0,8.37,0,0,6.15,0
2021,5,8,0,0,0.0,0.0,0.0,0,7.87,0,0,6.24,0
2021,5,8,1,0,0.0,0.0,0.0,0,7.46,0,0,6.21,0
2021,5,8,2,0,0.0,0.0,0.0,0,7.01,0,0,6.03,0
2021,5,8,3,0,0.0,0.0,0.0,0,6.7,0,0,5.6,0
2021,5,8,4,0,0.0,0.0,0.0,0,6.44,0,0,5.22,0
2021,5,8,5,0,148.79,38.75,63.05,0,8.58,0,0,5.02,0
2021,5,8,6,0,268.96,98.75,182.9,0,12.25,0,0,3.22,0
2021,5,8,7,0,360.26,143.71,302.98,0,14.98,0,0,1.87,0
2021,5,8,8,0,398.51,257.98,543.28,0,18.48,0,0,3.59,0
2021,5,8,9,0,610.1,266.23,789.95,0,20.53,0,0,3.57,0
2021,5,8,10,0,787.68,163.06,880.5,0,21.98,0,0,3.53,0
2021,5,8,11,0,743.53,223.51,937.38,0,22.87,0,0,3.61,0
2021,5,8,12,0,684.01,238.17,795.45,0,23.46,0,0,3.8,0
2021,5,8,13,0,741.39,196.63,841.72,0,23.77,0,0,4.19,0
2021,5,8,14,0,785.5,136.25,714.78,0,23.69,0,0,4.0,0
2021,5,8,15,0,551.36,154.05,454.48,0,23.32,0,0,3.31,0
2021,5,8,16,0,476.74,96.06,272.23,0,23.16,0,0,3.28,0
2021,5,8,17,0,301.27,46.36,99.9,0,20.83,0,0,3.09,0
2021,5,8,18,0,14.99,6.02,4.47,0,19.24,0,0,2.26,0
2021,5,8,19,0,0.0,0.0,0.0,0,18.65,0,0,2.0,0
2021,5,8,20,0,0.0,0.0,0.0,0,16.58,0,0,3.58,0
2021,5,8,21,0,0.0,0.0,0.0,0,14.46,0,0,5.76,0
2021,5,8,22,0,0.0,0.0,0.0,0,13.94,0,0,6.97,0
2021,5,8,23,0,0.0,0.0,0.0,0,13.18,0,0,6.32,0
2021,5,9,0,0,0.0,0.0,0.0,0,12.16,0,0,5.91,0
2021,5,9,1,0,0.0,0.0,0.0,0,11.43,0,0,5.79,0
2021,5,9,2,0,0.0,0.0,0.0,0,10.97,0,0,5.84,0
2021,5,9,3,0,0.0,0.0,0.0,0,10.58,0,0,5.7,0
2021,5,9,4,0,0.0,0.0,0.0,0,10.57,0,0,5.43,0
2021,5,9,5,0,334.41,44.49,102.62,0,12.03,0,0,4.67,0
2021,5,9,6,0,614.11,82.13,302.9,0,14.31,0,0,3.31,0
2021,5,9,7,0,774.87,94.12,523.85,0,17.29,0,0,4.24,0
2021,5,9,8,0,880.92,91.8,722.42,0,20.45,0,0,6.87,0
2021,5,9,9,0,695.49,263.32,841.28,0,22.6,0,0,7.66,0
2021,5,9,10,0,831.53,188.11,942.83,0,24.04,0,0,8.07,0
2021,5,9,11,0,878.46,151.78,980.72,0,25.01,0,0,8.3,0
2021,5,9,12,0,937.0,154.56,973.55,0,25.76,0,0,8.5,0
2021,5,9,13,0,827.4,172.2,872.88,0,26.2,0,0,8.4,0
2021,5,9,14,0,819.43,125.27,734.03,0,26.28,0,0,7.88,0
2021,5,9,15,0,692.23,124.59,527.12,0,25.51,0,0,7.33,0
2021,5,9,16,0,486.1,119.17,301.9,0,23.73,0,0,7.39,0
2021,5,9,17,0,243.2,62.57,106.3,0,21.95,0,0,7.75,0
2021,5,9,18,0,3.55,5.14,3.38,0,20.24,0,0,7.95,0
2021,5,9,19,0,0.0,0.0,0.0,0,19.34,0,0,7.83,0
2021,5,9,20,0,0.0,0.0,0.0,0,18.81,0,0,7.16,0
2021,5,9,21,0,0.0,0.0,0.0,0,18.34,0,0,6.13,0
2021,5,9,22,0,0.0,0.0,0.0,0,18.2,0,0,6.78,0
2021,5,9,23,0,0.0,0.0,0.0,0,18.13,0,0,6.95,0
2021,5,10,0,0,0.0,0.0,0.0,0,17.85,0,0,5.79,0
2021,5,10,1,0,0.0,0.0,0.0,0,17.69,0,0,5.74,0
2021,5,10,2,0,0.0,0.0,0.0,0,18.02,0,0,5.91,0
2021,5,10,3,0,0.0,0.0,0.0,0,18.08,0,0,5.85,0
2021,5,10,4,0,0.0,0.0,0.0,0,17.58,0,0,5.02,0
2021,5,10,5,0,0.0,26.44,30.17,0,17.88,0,0,4.66,0
2021,5,10,6,0,0.0,70.78,83.12,0,18.62,0,0,3.79,0
2021,5,10,7,0,0.15,141.86,162.1,0,19.68,0,0,4.24,0
2021,5,10,8,0,21.06,316.28,383.5,0,21.45,0,0,5.13,0
2021,5,10,9,0,35.13,432.98,534.7,0,23.46,0,0,5.78,0
2021,5,10,10,0,293.42,511.35,699.97,0,24.47,0,0,6.04,0
2021,5,10,11,0,20.78,451.42,569.92,0,24.99,0,0,6.01,0
2021,5,10,12,0,58.65,456.94,581.35,0,25.49,0,0,5.77,0
2021,5,10,13,0,17.52,411.23,510.38,0,25.78,0,0,5.31,0
2021,5,10,14,0,35.21,356.38,440.98,0,25.4,0,0,4.53,0
2021,5,10,15,0,74.66,264.57,357.08,0,24.87,0,0,3.9,0
2021,5,10,16,0,120.14,144.81,195.65,0,24.19,0,0,3.35,0
2021,5,10,17,0,84.9,68.09,80.68,0,22.79,0,0,3.27,0
2021,5,10,18,0,3.77,7.59,4.78,0,20.52,0,0,4.05,0
2021,5,10,19,0,0.0,0.0,0.0,0,19.42,0,0,4.61,0
2021,5,10,20,0,0.0,0.0,0.0,0,18.41,0,0,4.83,0
2021,5,10,21,0,0.0,0.0,0.0,0,17.58,0,0,5.0,0
2021,5,10,22,0,0.0,0.0,0.0,0,16.68,0,0,4.28,0
2021,5,10,23,0,0.0,0.0,0.0,0,15.67,0,0,4.25,0
2021,5,11,0,0,0.0,0.0,0.0,0,15.28,0,0,4.58,0
2021,5,11,1,0,0.0,0.0,0.0,0,15.21,0,0,4.51,0
2021,5,11,2,0,0.0,0.0,0.0,0,14.79,0,0,4.28,0
2021,5,11,3,0,0.0,0.0,0.0,0,13.95,0,0,4.34,0
2021,5,11,4,0,0.0,0.0,0.0,0,13.66,0,0,4.9,0
2021,5,11,5,0,11.66,53.66,61.9,0,14.76,0,0,3.74,0
2021,5,11,6,0,14.08,142.58,163.48,0,16.31,0,0,2.56,0
2021,5,11,7,0,5.67,246.78,282.88,0,17.45,0,0,2.48,0
2021,5,11,8,0,22.48,333.59,404.55,0,18.75,0,0,1.79,0
2021,5,11,9,0,248.29,338.96,601.62,0,20.3,0,0,1.23,0
2021,5,11,10,0,428.26,332.35,738.5,0,22.18,0,0,1.44,0
2021,5,11,11,0,329.83,378.19,709.35,0,23.98,0,0,1.68,0
2021,5,11,12,0,1.57,387.92,482.8,0,25.32,0,0,2.39,0
2021,5,11,13,0,6.56,339.95,420.12,0,24.44,0,0,3.09,0
2021,5,11,14,0,1.41,309.34,375.1,0,22.38,0,0,4.15,0
2021,5,11,15,0,0.0,178.51,205.88,0,21.11,0,0,4.13,0
2021,5,11,16,0,0.0,117.0,134.25,0,19.95,0,0,3.94,0
2021,5,11,17,0,0.0,46.99,52.35,0,19.09,0,0,3.79,0
2021,5,11,18,0,0.0,3.58,3.12,0,18.18,0,0,4.1,0
2021,5,11,19,0,0.0,0.0,0.0,0,17.71,0,0,4.16,0
2021,5,11,20,0,0.0,0.0,0.0,0,17.35,0,0,4.15,0
2021,5,11,21,0,0.0,0.0,0.0,0,16.96,0,0,3.6,0
2021,5,11,22,0,0.0,0.0,0.0,0,16.63,0,0,3.1,0
2021,5,11,23,0,0.0,0.0,0.0,0,16.46,0,0,3.32,0
2021,5,12,0,0,0.0,0.0,0.0,0,16.34,0,0,3.62,0
2021,5,12,1,0,0.0,0.0,0.0,0,16.53,0,0,3.81,0
2021,5,12,2,0,0.0,0.0,0.0,0,16.56,0,0,3.14,0
2021,5,12,3,0,0.0,0.0,0.0,0,16.43,0,0,0.95,0
2021,5,12,4,0,0.0,0.0,0.0,0,16.22,0,0,2.36,0
2021,5,12,5,0,0.0,17.62,19.98,0,16.27,0,0,3.86,0
2021,5,12,6,0,0.0,37.93,44.0,0,16.36,0,0,3.82,0
2021,5,12,7,0,3.82,57.0,65.72,0,16.56,0,0,3.68,0
2021,5,12,8,0,15.31,91.87,117.0,0,16.76,0,0,4.39,0
2021,5,12,9,0,21.59,88.35,115.43,0,16.55,0,0,5.7,0
2021,5,12,10,0,67.94,107.74,173.0,0,15.55,0,0,6.88,0
2021,5,12,11,0,51.33,200.19,262.35,0,14.63,0,0,7.68,0
2021,5,12,12,0,13.25,201.32,253.35,0,14.08,0,0,7.67,0
2021,5,12,13,0,64.57,194.12,263.67,0,14.44,0,0,7.0,0
2021,5,12,14,0,29.88,100.36,127.45,0,14.38,0,0,6.33,0
2021,5,12,15,0,20.83,62.24,75.15,0,13.81,0,0,6.13,0
2021,5,12,16,0,25.14,43.58,55.38,0,13.51,0,0,6.11,0
2021,5,12,17,0,30.19,21.98,28.42,0,12.77,0,0,6.05,0
2021,5,12,18,0,3.22,4.13,2.85,0,11.53,0,0,5.9,0
2021,5,12,19,0,0.0,0.0,0.0,0,10.48,0,0,5.89,0
2021,5,12,20,0,0.0,0.0,0.0,0,9.62,0,0,5.48,0
2021,5,12,21,0,0.0,0.0,0.0,0,9.17,0,0,4.74,0
2021,5,12,22,0,0.0,0.0,0.0,0,9.02,0,0,4.06,0
2021,5,12,23,0,0.0,0.0,0.0,0,8.64,0,0,4.36,0
2021,5,13,0,0,0.0,0.0,0.0,0,7.81,0,0,4.08,0
2021,5,13,1,0,0.0,0.0,0.0,0,7.07,0,0,3.79,0
2021,5,13,2,0,0.0,0.0,0.0,0,6.73,0,0,4.02,0
2021,5,13,3,0,0.0,0.0,0.0,0,7.02,0,0,4.08,0
2021,5,13,4,0,0.0,0.0,0.0,0,6.97,0,0,3.87,0
2021,5,13,5,0,275.68,53.64,106.12,0,8.24,0,0,3.77,0
2021,5,13,6,0,489.71,106.18,290.02,0,10.56,0,0,4.44,0
2021,5,13,7,0,634.15,144.48,505.77,0,12.91,0,0,4.9,0
2021,5,13,8,0,587.59,221.73,664.55,0,14.88,0,0,4.51,0
2021,5,13,9,0,560.55,291.11,782.38,0,16.66,0,0,4.11,0
2021,5,13,10,0,832.04,159.98,942.6,0,18.19,0,0,3.77,0
2021,5,13,11,0,1010.08,81.09,1025.0,0,19.33,0,0,3.52,0
2021,5,13,12,0,983.38,82.73,995.8,0,20.05,0,0,3.34,0
2021,5,13,13,0,926.91,105.38,903.8,0,20.38,0,0,3.26,0
2021,5,13,14,0,793.41,149.72,732.88,0,20.33,0,0,3.16,0
2021,5,13,15,0,728.52,131.0,539.53,0,19.93,0,0,2.93,0
2021,5,13,16,0,648.81,77.13,320.4,0,19.15,0,0,2.6,0
2021,5,13,17,0,439.67,51.9,130.4,0,17.75,0,0,2.52,0
2021,5,13,18,0,29.67,8.89,7.2,0,14.96,0,0,2.64,0
2021,5,13,19,0,0.0,0.0,0.0,0,13.7,0,0,2.87,0
2021,5,13,20,0,0.0,0.0,0.0,0,12.85,0,0,2.98,0
2021,5,13,21,0,0.0,0.0,0.0,0,12.42,0,0,2.78,0
2021,5,13,22,0,0.0,0.0,0.0,0,12.4,0,0,2.32,0
2021,5,13,23,0,0.0,0.0,0.0,0,12.3,0,0,1.78,0
2021,5,14,0,0,0.0,0.0,0.0,0,12.63,0,0,1.2,0
2021,5,14,1,0,0.0,0.0,0.0,0,12.76,0,0,0.65,0
2021,5,14,2,0,0.0,0.0,0.0,0,12.41,0,0,0.77,0
2021,5,14,3,0,0.0,0.0,0.0,0,11.4,0,0,1.55,0
2021,5,14,4,0,0.0,0.0,0.0,0,10.13,0,0,2.33,0
2021,5,14,5,0,397.29,49.44,117.93,0,10.77,0,0,2.81,0
2021,5,14,6,0,627.37,82.42,310.83,0,13.63,0,0,1.82,0
2021,5,14,7,0,753.19,99.78,519.7,0,16.61,0,0,1.34,0
2021,5,14,8,0,804.37,118.85,697.88,0,19.23,0,0,1.57,0
2021,5,14,9,0,863.73,129.15,835.95,0,20.42,0,0,1.49,0
2021,5,14,10,0,754.77,236.81,914.58,0,21.35,0,0,1.15,0
2021,5,14,11,0,570.07,325.38,878.6,0,22.03,0,0,0.78,0
2021,5,14,12,0,271.62,471.32,820.65,0,22.43,0,0,0.76,0
2021,5,14,13,0,533.56,206.58,574.47,0,22.36,0,0,0.77,0
2021,5,14,14,0,425.91,258.16,616.45,0,22.34,0,0,0.82,0
2021,5,14,15,0,395.01,208.45,459.3,0,21.95,0,0,0.86,0
2021,5,14,16,0,364.34,122.61,263.27,0,22.18,0,0,0.86,0
2021,5,14,17,0,200.25,67.02,105.2,0,20.85,0,0,0.73,0
2021,5,14,18,0,14.14,8.15,6.7,0,19.47,0,0,0.75,0
2021,5,14,19,0,0.0,0.0,0.0,0,17.74,0,0,1.84,0
2021,5,14,20,0,0.0,0.0,0.0,0,15.54,0,0,3.22,0
2021,5,14,21,0,0.0,0.0,0.0,0,13.7,0,0,4.23,0
2021,5,14,22,0,0.0,0.0,0.0,0,12.55,0,0,4.86,0
2021,5,14,23,0,0.0,0.0,0.0,0,11.74,0,0,5.48,0
2021,5,15,0,0,0.0,0.0,0.0,0,11.12,0,0,5.53,0
2021,5,15,1,0,0.0,0.0,0.0,0,10.46,0,0,5.16,0
2021,5,15,2,0,0.0,0.0,0.0,0,9.99,0,0,4.78,0
2021,5,15,3,0,0.0,0.0,0.0,0,9.92,0,0,4.26,0
2021,5,15,4,0,0.0,0.0,0.0,0,9.81,0,0,3.59,0
2021,5,15,5,0,174.2,65.89,98.5,0,11.69,0,0,2.93,0
2021,5,15,6,0,381.51,126.55,275.17,0,14.21,0,0,1.74,0
2021,5,15,7,0,612.47,152.82,505.83,0,17.34,0,0,1.46,0
2021,5,15,8,0,725.56,160.24,704.03,0,20.75,0,0,1.41,0
2021,5,15,9,0,838.63,146.4,870.2,0,22.18,0,0,0.85,0
2021,5,15,10,0,567.01,213.59,693.42,0,23.15,0,0,0.55,0
2021,5,15,11,0,561.46,318.83,892.75,0,23.84,0,0,0.43,0
2021,5,15,12,0,394.5,427.15,859.55,0,24.32,0,0,0.53,0
2021,5,15,13,0,411.77,335.61,743.97,0,24.54,0,0,0.62,0
2021,5,15,14,0,407.34,286.67,609.15,0,24.43,0,0,0.66,0
2021,5,15,15,0,485.12,189.56,460.6,0,23.89,0,0,1.15,0
2021,5,15,16,0,396.26,120.37,275.27,0,23.76,0,0,1.81,0
2021,5,15,17,0,246.88,63.77,112.47,0,22.1,0,0,2.24,0
2021,5,15,18,0,11.79,9.57,7.28,0,18.91,0,0,2.72,0
2021,5,15,19,0,0.0,0.0,0.0,0,17.1,0,0,3.45,0
2021,5,15,20,0,0.0,0.0,0.0,0,15.32,0,0,4.57,0
2021,5,15,21,0,0.0,0.0,0.0,0,14.22,0,0,5.44,0
2021,5,15,22,0,0.0,0.0,0.0,0,13.59,0,0,5.75,0
2021,5,15,23,0,0.0,0.0,0.0,0,13.03,0,0,5.74,0
2021,5,16,0,0,0.0,0.0,0.0,0,12.64,0,0,5.73,0
2021,5,16,1,0,0.0,0.0,0.0,0,12.34,0,0,5.69,0
2021,5,16,2,0,0.0,0.0,0.0,0,12.05,0,0,5.28,0
2021,5,16,3,0,0.0,0.0,0.0,0,12.0,0,0,4.83,0
2021,5,16,4,0,4.08,5.02,3.28,0,11.47,0,0,4.32,0
2021,5,16,5,0,151.74,66.8,93.62,0,12.96,0,0,3.65,0
2021,5,16,6,0,360.14,133.56,268.77,0,14.8,0,0,1.98,0
2021,5,16,7,0,551.6,169.04,489.67,0,16.87,0,0,1.14,0
2021,5,16,8,0,671.83,189.94,690.1,0,20.47,0,0,2.79,0
2021,5,16,9,0,822.41,144.11,860.78,0,22.82,0,0,2.37,0
2021,5,16,10,0,850.94,149.12,958.95,0,24.11,0,0,1.92,0
2021,5,16,11,0,875.79,162.0,1000.6,0,24.97,0,0,1.58,0
2021,5,16,12,0,722.14,234.15,937.15,0,25.53,0,0,1.38,0
2021,5,16,13,0,855.27,300.27,838.75,0,25.72,0,0,1.46,0
2021,5,16,14,0,487.61,318.02,632.42,0,25.54,0,0,1.84,0
2021,5,16,15,0,605.97,165.53,480.3,0,25.04,0,0,2.28,0
2021,5,16,16,0,412.97,136.0,299.05,0,24.51,0,0,2.66,0
2021,5,16,17,0,262.99,67.97,121.6,0,22.88,0,0,2.93,0
2021,5,16,18,0,19.62,9.65,8.02,0,18.76,0,0,3.97,0
2021,5,16,19,0,0.0,0.0,0.0,0,17.08,0,0,5.03,0
2021,5,16,20,0,0.0,0.0,0.0,0,16.08,0,0,5.69,0
2021,5,16,21,0,0.0,0.0,0.0,0,15.24,0,0,5.9,0
2021,5,16,22,0,0.0,0.0,0.0,0,14.61,0,0,6.14,0
2021,5,16,23,0,0.0,0.0,0.0,0,14.12,0,0,6.4,0
2021,5,17,0,0,0.0,0.0,0.0,0,13.65,0,0,6.2,0
2021,5,17,1,0,0.0,0.0,0.0,0,13.13,0,0,5.6,0
2021,5,17,2,0,0.0,0.0,0.0,0,12.76,0,0,5.09,0
2021,5,17,3,0,0.0,0.0,0.0,0,12.37,0,0,4.6,0
2021,5,17,4,0,10.72,5.2,3.67,0,11.93,0,0,4.26,0
2021,5,17,5,0,304.31,50.38,107.5,0,13.93,0,0,3.72,0
2021,5,17,6,0,566.8,94.49,305.8,0,16.43,0,0,2.02,0
2021,5,17,7,0,674.61,129.23,514.9,0,19.47,0,0,3.68,0
2021,5,17,8,0,648.6,203.12,655.53,0,21.53,0,0,4.25,0
2021,5,17,9,0,646.44,250.47,801.75,0,22.63,0,0,4.7,0
2021,5,17,10,0,517.61,348.52,846.35,0,23.36,0,0,4.86,0
2021,5,17,11,0,354.79,484.82,840.62,0,24.18,0,0,4.73,0
2021,5,17,12,0,715.2,495.29,858.15,0,25.28,0,0,4.53,0
2021,5,17,13,0,225.48,508.57,703.4,0,25.76,0,0,4.35,0
2021,5,17,14,0,92.46,381.92,528.65,0,25.51,0,0,4.23,0
2021,5,17,15,0,169.47,275.67,401.8,0,24.88,0,0,4.4,0
2021,5,17,16,0,140.29,180.81,244.82,0,23.81,0,0,4.84,0
2021,5,17,17,0,124.35,85.55,100.15,0,21.77,0,0,5.41,0
2021,5,17,18,0,8.28,9.78,7.68,0,19.38,0,0,5.95,0
2021,5,17,19,0,0.0,0.0,0.0,0,18.14,0,0,6.37,0
2021,5,17,20,0,0.0,0.0,0.0,0,17.27,0,0,6.37,0
2021,5,17,21,0,0.0,0.0,0.0,0,16.98,0,0,6.57,0
2021,5,17,22,0,0.0,0.0,0.0,0,17.01,0,0,6.93,0
2021,5,17,23,0,0.0,0.0,0.0,0,16.4,0,0,6.29,0
2021,5,18,0,0,0.0,0.0,0.0,0,15.88,0,0,5.8,0
2021,5,18,1,0,0.0,0.0,0.0,0,15.3,0,0,5.59,0
2021,5,18,2,0,0.0,0.0,0.0,0,14.97,0,0,5.6,0
2021,5,18,3,0,0.0,0.0,0.0,0,14.71,0,0,5.35,0
2021,5,18,4,0,2.13,4.02,2.9,0,14.45,0,0,5.0,0
2021,5,18,5,0,22.41,49.01,55.55,0,15.74,0,0,4.15,0
2021,5,18,6,0,21.82,130.75,151.05,0,17.82,0,0,3.97,0
2021,5,18,7,0,20.24,203.74,237.98,0,20.55,0,0,5.84,0
2021,5,18,8,0,18.85,329.75,393.48,0,22.38,0,0,6.05,0
2021,5,18,9,0,31.48,413.28,519.05,0,23.71,0,0,6.08,0
2021,5,18,10,0,23.62,456.9,573.53,0,24.7,0,0,6.22,0
2021,5,18,11,0,36.84,493.11,625.83,0,25.3,0,0,6.51,0
2021,5,18,12,0,170.51,488.17,645.8,0,25.69,0,0,6.69,0
2021,5,18,13,0,59.64,411.08,575.88,0,25.49,0,0,6.96,0
2021,5,18,14,0,170.49,288.44,452.58,0,24.85,0,0,7.24,0
2021,5,18,15,0,130.57,202.08,305.15,0,24.11,0,0,7.29,0
2021,5,18,16,0,73.78,146.94,183.75,0,23.46,0,0,7.09,0
2021,5,18,17,0,19.76,60.53,73.65,0,22.16,0,0,6.67,0
2021,5,18,18,0,0.0,6.93,5.45,0,20.13,0,0,6.33,0
2021,5,18,19,0,0.0,0.0,0.0,0,19.37,0,0,6.1,0
2021,5,18,20,0,0.0,0.0,0.0,0,18.94,0,0,5.85,0
2021,5,18,21,0,0.0,0.0,0.0,0,18.48,0,0,5.67,0
2021,5,18,22,0,0.0,0.0,0.0,0,18.11,0,0,6.49,0
2021,5,18,23,0,0.0,0.0,0.0,0,17.72,0,0,6.2,0
2021,5,19,0,0,0.0,0.0,0.0,0,17.19,0,0,5.79,0
2021,5,19,1,0,0.0,0.0,0.0,0,16.81,0,0,5.57,0
2021,5,19,2,0,0.0,0.0,0.0,0,16.5,0,0,5.49,0
2021,5,19,3,0,0.0,0.0,0.0,0,16.2,0,0,5.44,0
2021,5,19,4,0,1.42,5.02,3.42,0,15.8,0,0,5.42,0
2021,5,19,5,0,131.84,71.32,92.57,0,16.75,0,0,4.87,0
2021,5,19,6,0,396.16,132.4,280.08,0,18.64,0,0,5.31,0
2021,5,19,7,0,618.54,142.04,498.77,0,20.75,0,0,6.47,0
2021,5,19,8,0,727.23,156.44,689.05,0,22.38,0,0,7.05,0
2021,5,19,9,0,546.0,272.65,752.25,0,23.7,0,0,7.53,0
2021,5,19,10,0,624.89,228.12,647.65,0,24.79,0,0,7.62,0
2021,5,19,11,0,116.5,538.49,744.97,0,25.68,0,0,7.36,0
2021,5,19,12,0,128.45,575.97,745.15,0,26.35,0,0,7.2,0
2021,5,19,13,0,491.71,458.62,718.1,0,26.64,0,0,7.24,0
2021,5,19,14,0,360.41,304.2,538.75,0,26.13,0,0,7.0,0
2021,5,19,15,0,325.71,210.32,389.1,0,25.64,0,0,6.78,0
2021,5,19,16,0,250.36,128.33,219.57,0,24.87,0,0,6.73,0
2021,5,19,17,0,122.31,66.14,90.72,0,23.4,0,0,6.81,0
2021,5,19,18,0,6.25,10.0,7.47,0,20.85,0,0,7.07,0
2021,5,19,19,0,0.0,0.0,0.0,0,19.46,0,0,6.62,0
2021,5,19,20,0,0.0,0.0,0.0,0,18.84,0,0,6.36,0
2021,5,19,21,0,0.0,0.0,0.0,0,18.2,0,0,6.14,0
2021,5,19,22,0,0.0,0.0,0.0,0,17.66,0,0,6.01,0
2021,5,19,23,0,0.0,0.0,0.0,0,17.15,0,0,5.81,0
2021,5,20,0,0,0.0,0.0,0.0,0,16.57,0,0,5.45,0
2021,5,20,1,0,0.0,0.0,0.0,0,16.0,0,0,5.16,0
2021,5,20,2,0,0.0,0.0,0.0,0,15.49,0,0,5.05,0
2021,5,20,3,0,0.0,0.0,0.0,0,15.03,0,0,5.01,0
2021,5,20,4,0,1.85,5.54,4.1,0,14.6,0,0,5.07,0
2021,5,20,5,0,132.57,76.04,96.03,0,16.49,0,0,4.37,0
2021,5,20,6,0,289.87,169.42,274.2,0,18.97,0,0,4.97,0
2021,5,20,7,0,506.48,223.72,485.15,0,21.09,0,0,6.25,0
2021,5,20,8,0,466.8,320.74,661.1,0,22.51,0,0,6.5,0
2021,5,20,9,0,351.6,457.73,739.8,0,23.75,0,0,6.91,0
2021,5,20,10,0,502.11,476.43,860.4,0,24.77,0,0,6.96,0
2021,5,20,11,0,287.02,476.82,882.33,0,25.63,0,0,6.86,0
2021,5,20,12,0,855.65,291.05,925.12,0,26.27,0,0,6.78,0
2021,5,20,13,0,514.19,399.34,789.9,0,26.63,0,0,6.69,0
2021,5,20,14,0,663.32,226.52,696.25,0,26.64,0,0,6.65,0
2021,5,20,15,0,613.87,161.9,514.72,0,26.29,0,0,6.57,0
2021,5,20,16,0,539.33,103.31,314.1,0,25.33,0,0,6.35,0
2021,5,20,17,0,416.12,56.66,134.25,0,23.25,0,0,6.45,0
2021,5,20,18,0,38.66,11.03,10.02,0,19.92,0,0,7.31,0
2021,5,20,19,0,0.0,0.0,0.0,0,18.69,0,0,7.83,0
2021,5,20,20,0,0.0,0.0,0.0,0,18.06,0,0,7.68,0
2021,5,20,21,0,0.0,0.0,0.0,0,17.01,0,0,7.12,0
2021,5,20,22,0,0.0,0.0,0.0,0,16.03,0,0,6.77,0
2021,5,20,23,0,0.0,0.0,0.0,0,15.06,0,0,6.45,0
2021,5,21,0,0,0.0,0.0,0.0,0,14.32,0,0,6.26,0
2021,5,21,1,0,0.0,0.0,0.0,0,13.76,0,0,6.1,0
2021,5,21,2,0,0.0,0.0,0.0,0,13.3,0,0,5.8,0
2021,5,21,3,0,0.0,0.0,0.0,0,12.9,0,0,5.43,0
2021,5,21,4,0,15.83,6.51,4.9,0,12.56,0,0,5.11,0
2021,5,21,5,0,337.9,56.97,118.68,0,14.89,0,0,3.98,0
2021,5,21,6,0,568.85,104.13,315.95,0,17.53,0,0,2.11,0
2021,5,21,7,0,697.29,132.24,519.67,0,20.97,0,0,3.43,0
2021,5,21,8,0,745.35,183.35,709.65,0,23.5,0,0,4.13,0
2021,5,21,9,0,832.24,152.74,878.3,0,25.24,0,0,4.8,0
2021,5,21,10,0,911.12,137.22,974.62,0,26.56,0,0,5.33,0
2021,5,21,11,0,787.64,192.74,985.45,0,27.36,0,0,5.46,0
2021,5,21,12,0,721.7,223.48,914.62,0,27.91,0,0,5.39,0
2021,5,21,13,0,656.07,279.39,849.28,0,28.26,0,0,5.17,0
2021,5,21,14,0,675.28,187.73,699.28,0,28.31,0,0,4.96,0
2021,5,21,15,0,406.65,230.43,450.95,0,28.01,0,0,4.98,0
2021,5,21,16,0,305.39,162.17,273.92,0,27.04,0,0,5.12,0
2021,5,21,17,0,214.5,81.64,118.32,0,25.01,0,0,5.17,0
2021,5,21,18,0,6.3,12.18,9.18,0,21.51,0,0,5.74,0
2021,5,21,19,0,0.0,0.0,0.0,0,20.15,0,0,6.37,0
2021,5,21,20,0,0.0,0.0,0.0,0,19.14,0,0,6.42,0
2021,5,21,21,0,0.0,0.0,0.0,0,18.25,0,0,6.28,0
2021,5,21,22,0,0.0,0.0,0.0,0,17.58,0,0,6.16,0
2021,5,21,23,0,0.0,0.0,0.0,0,17.11,0,0,6.41,0
2021,5,22,0,0,0.0,0.0,0.0,0,16.76,0,0,6.32,0
2021,5,22,1,0,0.0,0.0,0.0,0,16.15,0,0,5.96,0
2021,5,22,2,0,0.0,0.0,0.0,0,16.14,0,0,5.2,0
2021,5,22,3,0,0.0,0.0,0.0,0,16.14,0,0,4.31,0
2021,5,22,4,0,4.89,6.78,4.88,0,15.59,0,0,3.45,0
2021,5,22,5,0,174.92,80.2,108.88,0,17.25,0,0,2.32,0
2021,5,22,6,0,357.87,186.89,293.75,0,19.87,0,0,1.64,0
2021,5,22,7,0,595.96,248.47,495.35,0,22.38,0,0,1.89,0
2021,5,22,8,0,684.12,349.2,660.72,0,24.2,0,0,2.35,0
2021,5,22,9,0,621.24,301.25,821.38,0,25.61,0,0,2.72,0
2021,5,22,10,0,1009.38,171.12,967.22,0,26.74,0,0,2.86,0
2021,5,22,11,0,703.29,270.35,963.67,0,27.63,0,0,2.86,0
2021,5,22,12,0,872.07,219.77,948.85,0,28.3,0,0,2.77,0
2021,5,22,13,0,684.67,242.18,851.5,0,28.64,0,0,2.62,0
2021,5,22,14,0,692.04,197.92,715.75,0,28.62,0,0,2.41,0
2021,5,22,15,0,602.74,181.76,515.28,0,28.31,0,0,2.12,0
2021,5,22,16,0,433.33,160.21,319.55,0,28.09,0,0,1.94,0
2021,5,22,17,0,243.57,85.32,130.45,0,26.67,0,0,1.69,0
2021,5,22,18,0,4.33,13.38,10.05,0,25.04,0,0,0.98,0
2021,5,22,19,0,0.0,0.0,0.0,0,24.38,0,0,0.44,0
2021,5,22,20,0,0.0,0.0,0.0,0,23.18,0,0,1.15,0
2021,5,22,21,0,0.0,0.0,0.0,0,21.09,0,0,2.24,0
2021,5,22,22,0,0.0,0.0,0.0,0,19.19,0,0,3.33,0
2021,5,22,23,0,0.0,0.0,0.0,0,17.72,0,0,4.3,0
2021,5,23,0,0,0.0,0.0,0.0,0,16.95,0,0,4.95,0
2021,5,23,1,0,0.0,0.0,0.0,0,16.1,0,0,5.25,0
2021,5,23,2,0,0.0,0.0,0.0,0,15.19,0,0,5.44,0
2021,5,23,3,0,0.0,0.0,0.0,0,14.65,0,0,5.53,0
2021,5,23,4,0,3.1,7.86,4.8,0,14.26,0,0,5.57,0
2021,5,23,5,0,200.54,64.98,103.2,0,16.68,0,0,4.93,0
2021,5,23,6,0,426.2,126.52,289.4,0,19.37,0,0,2.7,0
2021,5,23,7,0,608.13,141.68,497.6,0,22.6,0,0,2.24,0
2021,5,23,8,0,724.13,159.28,698.53,0,26.54,0,0,2.83,0
2021,5,23,9,0,751.06,189.97,843.7,0,28.35,0,0,2.31,0
2021,5,23,10,0,783.23,190.2,944.65,0,29.72,0,0,1.8,0
2021,5,23,11,0,786.87,209.13,983.85,0,30.66,0,0,1.51,0
2021,5,23,12,0,742.53,200.31,911.9,0,31.19,0,0,1.55,0
2021,5,23,13,0,664.82,204.43,759.95,0,31.36,0,0,1.79,0
2021,5,23,14,0,628.01,192.12,674.12,0,31.16,0,0,2.01,0
2021,5,23,15,0,587.82,145.59,503.05,0,30.68,0,0,2.36,0
2021,5,23,16,0,483.18,111.57,310.23,0,30.19,0,0,2.79,0
2021,5,23,17,0,298.4,67.12,132.2,0,28.11,0,0,3.12,0
2021,5,23,18,0,21.97,11.75,10.35,0,24.07,0,0,3.76,0
2021,5,23,19,0,0.0,0.0,0.0,0,22.35,0,0,4.46,0
2021,5,23,20,0,0.0,0.0,0.0,0,21.3,0,0,5.0,0
2021,5,23,21,0,0.0,0.0,0.0,0,20.33,0,0,5.27,0
2021,5,23,22,0,0.0,0.0,0.0,0,19.54,0,0,5.21,0
2021,5,23,23,0,0.0,0.0,0.0,0,18.77,0,0,5.19,0
2021,5,24,0,0,0.0,0.0,0.0,0,18.1,0,0,5.2,0
2021,5,24,1,0,0.0,0.0,0.0,0,17.74,0,0,5.22,0
2021,5,24,2,0,0.0,0.0,0.0,0,17.5,0,0,5.28,0
2021,5,24,3,0,0.0,0.0,0.0,0,17.33,0,0,5.2,0
2021,5,24,4,0,6.31,6.97,4.95,0,17.03,0,0,5.03,0
2021,5,24,5,0,258.37,58.64,108.95,0,19.15,0,0,4.08,0
2021,5,24,6,0,449.66,119.58,294.62,0,21.46,0,0,2.26,0
2021,5,24,7,0,611.66,146.34,506.58,0,24.52,0,0,1.52,0
2021,5,24,8,0,705.48,164.98,695.92,0,28.84,0,0,0.68,0
2021,5,24,9,0,765.7,178.18,846.22,0,30.76,0,0,0.67,0
2021,5,24,10,0,792.86,184.86,939.42,0,31.8,0,0,1.24,0
2021,5,24,11,0,596.33,282.23,904.85,0,32.48,0,0,1.41,0
2021,5,24,12,0,546.25,230.11,695.95,0,32.9,0,0,1.37,0
2021,5,24,13,0,309.12,420.62,731.83,0,33.02,0,0,1.27,0
2021,5,24,14,0,318.41,374.15,582.62,0,32.73,0,0,1.22,0
2021,5,24,15,0,275.33,291.51,440.02,0,32.27,0,0,1.41,0
2021,5,24,16,0,105.93,195.06,248.68,0,32.03,0,0,1.57,0
2021,5,24,17,0,27.76,85.6,99.85,0,29.92,0,0,1.87,0
2021,5,24,18,0,1.65,12.28,10.0,0,26.26,0,0,2.58,0
2021,5,24,19,0,0.0,0.0,0.0,0,24.75,0,0,2.69,0
2021,5,24,20,0,0.0,0.0,0.0,0,24.08,0,0,2.37,0
2021,5,24,21,0,0.0,0.0,0.0,0,23.58,0,0,1.95,0
2021,5,24,22,0,0.0,0.0,0.0,0,23.12,0,0,1.56,0
2021,5,24,23,0,0.0,0.0,0.0,0,22.68,0,0,1.22,0
2021,5,25,0,0,0.0,0.0,0.0,0,21.96,0,0,1.02,0
2021,5,25,1,0,0.0,0.0,0.0,0,21.69,0,0,0.94,0
2021,5,25,2,0,0.0,0.0,0.0,0,21.79,0,0,0.86,0
2021,5,25,3,0,0.0,0.0,0.0,0,21.45,0,0,0.82,0
2021,5,25,4,0,3.87,7.58,4.95,0,21.07,0,0,0.82,0
2021,5,25,5,0,181.5,67.06,101.7,0,21.87,0,0,0.9,0
2021,5,25,6,0,375.94,138.86,277.55,0,23.82,0,0,0.86,0
2021,5,25,7,0,503.38,193.93,477.33,0,26.2,0,0,0.79,0
2021,5,25,8,0,566.9,239.54,653.25,0,29.2,0,0,1.72,0
2021,5,25,9,0,696.41,223.22,817.15,0,30.95,0,0,2.17,0
2021,5,25,10,0,520.58,289.67,804.6,0,31.91,0,0,2.4,0
2021,5,25,11,0,339.96,346.2,734.78,0,32.47,0,0,2.57,0
2021,5,25,12,0,544.47,208.09,733.08,0,32.67,0,0,2.75,0
2021,5,25,13,0,513.7,269.7,731.75,0,32.67,0,0,2.94,0
2021,5,25,14,0,478.37,223.53,605.5,0,32.65,0,0,3.13,0
2021,5,25,15,0,439.6,167.2,444.7,0,32.65,0,0,3.45,0
2021,5,25,16,0,335.28,135.06,276.75,0,31.51,0,0,3.93,0
2021,5,25,17,0,199.72,74.87,120.15,0,29.0,0,0,4.21,0
2021,5,25,18,0,12.64,11.61,10.57,0,25.38,0,0,5.05,0
2021,5,25,19,0,0.0,0.0,0.0,0,23.84,0,0,6.02,0
2021,5,25,20,0,0.0,0.0,0.0,0,22.86,0,0,6.49,0
2021,5,25,21,0,0.0,0.0,0.0,0,21.7,0,0,6.43,0
2021,5,25,22,0,0.0,0.0,0.0,0,20.98,0,0,6.19,0
2021,5,25,23,0,0.0,0.0,0.0,0,20.5,0,0,5.91,0
2021,5,26,0,0,0.0,0.0,0.0,0,20.11,0,0,5.69,0
2021,5,26,1,0,0.0,0.0,0.0,0,19.64,0,0,5.75,0
2021,5,26,2,0,0.0,0.0,0.0,0,19.15,0,0,5.95,0
2021,5,26,3,0,0.0,0.0,0.0,0,18.57,0,0,5.9,0
2021,5,26,4,0,6.47,7.5,5.35,0,18.26,0,0,5.57,0
2021,5,26,5,0,286.92,55.32,112.45,0,20.24,0,0,4.39,0
2021,5,26,6,0,508.1,104.1,303.4,0,22.67,0,0,2.55,0
2021,5,26,7,0,649.19,129.5,510.75,0,26.13,0,0,2.24,0
2021,5,26,8,0,672.58,184.29,687.45,0,28.83,0,0,2.99,0
2021,5,26,9,0,691.33,223.28,823.22,0,30.07,0,0,3.71,0
2021,5,26,10,0,617.48,271.45,877.38,0,31.0,0,0,4.27,0
2021,5,26,11,0,639.43,270.08,900.72,0,31.75,0,0,4.59,0
2021,5,26,12,0,703.58,209.37,834.97,0,32.23,0,0,4.74,0
2021,5,26,13,0,698.46,222.18,824.25,0,32.39,0,0,4.72,0
2021,5,26,14,0,653.47,190.26,684.6,0,32.28,0,0,4.66,0
2021,5,26,15,0,603.5,148.25,509.8,0,31.75,0,0,4.68,0
2021,5,26,16,0,488.9,118.12,322.52,0,30.8,0,0,4.75,0
2021,5,26,17,0,341.01,64.24,140.52,0,28.27,0,0,4.34,0
2021,5,26,18,0,28.85,12.14,12.25,0,24.6,0,0,4.19,0
2021,5,26,19,0,0.0,0.0,0.0,0,23.1,0,0,4.11,0
2021,5,26,20,0,0.0,0.0,0.0,0,22.18,0,0,3.76,0
2021,5,26,21,0,0.0,0.0,0.0,0,21.36,0,0,3.44,0
2021,5,26,22,0,0.0,0.0,0.0,0,20.84,0,0,3.12,0
2021,5,26,23,0,0.0,0.0,0.0,0,20.32,0,0,2.89,0
2021,5,27,0,0,0.0,0.0,0.0,0,19.64,0,0,2.96,0
2021,5,27,1,0,0.0,0.0,0.0,0,18.95,0,0,3.19,0
2021,5,27,2,0,0.0,0.0,0.0,0,18.43,0,0,3.25,0
2021,5,27,3,0,0.0,0.0,0.0,0,18.2,0,0,2.89,0
2021,5,27,4,0,3.43,6.97,4.65,0,18.38,0,0,2.11,0
2021,5,27,5,0,137.64,66.1,87.72,0,20.24,0,0,0.92,0
2021,5,27,6,0,285.72,121.57,229.15,0,22.34,0,0,0.26,0
2021,5,27,7,0,437.39,171.04,404.15,0,26.01,0,0,1.81,0
2021,5,27,8,0,540.75,205.88,602.28,0,27.9,0,0,2.63,0
2021,5,27,9,0,504.59,272.14,710.2,0,29.3,0,0,2.97,0
2021,5,27,10,0,507.41,315.75,811.8,0,30.35,0,0,3.17,0
2021,5,27,11,0,658.66,205.32,667.58,0,31.12,0,0,3.3,0
2021,5,27,12,0,690.04,176.42,671.38,0,31.51,0,0,3.44,0
2021,5,27,13,0,418.39,267.08,656.0,0,31.34,0,0,3.6,0
2021,5,27,14,0,233.55,250.82,433.48,0,31.16,0,0,3.73,0
2021,5,27,15,0,172.06,181.75,270.25,0,30.48,0,0,3.98,0
2021,5,27,16,0,91.36,124.12,167.02,0,29.37,0,0,4.31,0
2021,5,27,17,0,59.24,58.26,75.32,0,27.55,0,0,4.38,0
2021,5,27,18,0,5.23,10.44,8.4,0,24.65,0,0,4.65,0
2021,5,27,19,0,0.0,0.0,0.0,0,23.33,0,0,5.08,0
2021,5,27,20,0,0.0,0.0,0.0,0,22.58,0,0,5.13,0
2021,5,27,21,0,0.0,0.0,0.0,0,21.86,0,0,5.13,0
2021,5,27,22,0,0.0,0.0,0.0,0,21.42,0,0,5.09,0
2021,5,27,23,0,0.0,0.0,0.0,0,21.04,0,0,4.95,0
2021,5,28,0,0,0.0,0.0,0.0,0,20.65,0,0,4.97,0
2021,5,28,1,0,0.0,0.0,0.0,0,20.44,0,0,5.04,0
2021,5,28,2,0,0.0,0.0,0.0,0,20.26,0,0,5.08,0
2021,5,28,3,0,0.0,0.0,0.0,0,20.19,0,0,5.24,0
2021,5,28,4,0,4.14,7.59,4.82,0,20.03,0,0,4.92,0
2021,5,28,5,0,114.35,57.6,75.97,0,21.0,0,0,3.98,0
2021,5,28,6,0,200.19,117.72,189.12,0,22.93,0,0,4.98,0
2021,5,28,7,0,229.92,190.54,329.05,0,25.33,0,0,5.08,0
2021,5,28,8,0,247.22,330.12,451.42,0,27.77,0,0,5.33,0
2021,5,28,9,0,70.83,418.97,532.1,0,29.24,0,0,5.47,0
2021,5,28,10,0,107.75,486.52,629.2,0,30.16,0,0,5.67,0
2021,5,28,11,0,195.05,442.49,727.72,0,30.84,0,0,5.93,0
2021,5,28,12,0,205.8,386.26,649.0,0,31.29,0,0,6.17,0
2021,5,28,13,0,6.03,293.07,360.3,0,31.46,0,0,6.34,0
2021,5,28,14,0,6.6,329.72,402.3,0,31.23,0,0,6.54,0
2021,5,28,15,0,184.55,287.53,367.15,0,30.74,0,0,6.79,0
2021,5,28,16,0,38.69,184.81,220.0,0,29.31,0,0,6.53,0
2021,5,28,17,0,10.78,81.01,96.57,0,27.34,0,0,5.97,0
2021,5,28,18,0,0.0,8.27,7.88,0,24.5,0,0,6.45,0
2021,5,28,19,0,0.0,0.0,0.0,0,22.97,0,0,6.47,0
2021,5,28,20,0,0.0,0.0,0.0,0,21.95,0,0,5.67,0
2021,5,28,21,0,0.0,0.0,0.0,0,21.31,0,0,4.98,0
2021,5,28,22,0,0.0,0.0,0.0,0,20.89,0,0,4.29,0
2021,5,28,23,0,0.0,0.0,0.0,0,20.56,0,0,4.02,0
2021,5,29,0,0,0.0,0.0,0.0,0,20.24,0,0,4.3,0
2021,5,29,1,0,0.0,0.0,0.0,0,19.76,0,0,5.12,0
2021,5,29,2,0,0.0,0.0,0.0,0,18.73,0,0,6.16,0
2021,5,29,3,0,0.0,0.0,0.0,0,17.69,0,0,6.38,0
2021,5,29,4,0,0.0,6.53,4.6,0,16.95,0,0,6.09,0
2021,5,29,5,0,25.75,62.11,72.35,0,16.94,0,0,5.54,0
2021,5,29,6,0,83.25,155.41,187.6,0,17.56,0,0,5.57,0
2021,5,29,7,0,134.15,248.93,322.55,0,19.23,0,0,5.18,0
2021,5,29,8,0,87.43,352.23,482.83,0,21.24,0,0,4.99,0
2021,5,29,9,0,94.17,440.15,605.28,0,22.3,0,0,5.52,0
2021,5,29,10,0,485.0,349.14,822.62,0,23.09,0,0,6.12,0
2021,5,29,11,0,473.49,373.07,882.47,0,23.91,0,0,6.63,0
2021,5,29,12,0,725.59,198.6,868.53,0,24.53,0,0,7.02,0
2021,5,29,13,0,676.61,225.86,819.47,0,24.76,0,0,7.16,0
2021,5,29,14,0,559.97,250.98,688.22,0,24.58,0,0,7.13,0
2021,5,29,15,0,553.33,166.54,484.15,0,24.01,0,0,7.1,0
2021,5,29,16,0,379.99,154.06,306.45,0,22.96,0,0,7.15,0
2021,5,29,17,0,193.8,97.0,136.57,0,21.29,0,0,7.11,0
2021,5,29,18,0,18.13,15.19,12.73,0,19.15,0,0,6.98,0
2021,5,29,19,0,0.0,0.0,0.0,0,17.73,0,0,6.82,0
2021,5,29,20,0,0.0,0.0,0.0,0,16.17,0,0,6.75,0
2021,5,29,21,0,0.0,0.0,0.0,0,15.13,0,0,6.73,0
2021,5,29,22,0,0.0,0.0,0.0,0,14.21,0,0,6.36,0
2021,5,29,23,0,0.0,0.0,0.0,0,13.4,0,0,5.96,0
2021,5,30,0,0,0.0,0.0,0.0,0,12.67,0,0,5.57,0
2021,5,30,1,0,0.0,0.0,0.0,0,12.02,0,0,5.43,0
2021,5,30,2,0,0.0,0.0,0.0,0,11.44,0,0,5.37,0
2021,5,30,3,0,0.0,0.0,0.0,0,10.84,0,0,5.1,0
2021,5,30,4,0,13.48,9.28,6.62,0,10.31,0,0,4.7,0
2021,5,30,5,0,332.57,61.78,125.03,0,11.66,0,0,4.14,0
2021,5,30,6,0,584.81,105.09,332.7,0,14.32,0,0,4.26,0
2021,5,30,7,0,833.74,88.43,567.35,0,17.42,0,0,3.63,0
2021,5,30,8,0,926.91,86.14,762.58,0,20.08,0,0,3.15,0
2021,5,30,9,0,762.14,151.79,770.58,0,22.14,0,0,2.94,0
2021,5,30,10,0,626.45,311.27,912.05,0,23.72,0,0,2.98,0
2021,5,30,11,0,280.89,468.64,856.6,0,24.95,0,0,3.07,0
2021,5,30,12,0,306.27,506.03,865.95,0,25.81,0,0,3.1,0
2021,5,30,13,0,402.86,399.63,778.45,0,26.27,0,0,3.16,0
2021,5,30,14,0,636.78,226.94,710.88,0,26.27,0,0,3.27,0
2021,5,30,15,0,704.5,143.63,565.88,0,25.82,0,0,3.31,0
2021,5,30,16,0,601.69,111.06,359.92,0,24.88,0,0,3.29,0
2021,5,30,17,0,416.22,62.32,159.05,0,23.08,0,0,3.66,0
2021,5,30,18,0,38.21,14.11,14.82,0,18.92,0,0,5.14,0
2021,5,30,19,0,0.0,0.0,0.0,0,17.17,0,0,6.45,0
2021,5,30,20,0,0.0,0.0,0.0,0,16.35,0,0,6.37,0
2021,5,30,21,0,0.0,0.0,0.0,0,15.34,0,0,6.02,0
2021,5,30,22,0,0.0,0.0,0.0,0,14.46,0,0,5.39,0
2021,5,30,23,0,0.0,0.0,0.0,0,13.66,0,0,4.74,0
2021,5,31,0,0,0.0,0.0,0.0,0,13.1,0,0,4.62,0
2021,5,31,1,0,0.0,0.0,0.0,0,12.88,0,0,4.99,0
2021,5,31,2,0,0.0,0.0,0.0,0,12.79,0,0,5.33,0
2021,5,31,3,0,0.0,0.0,0.0,0,12.76,0,0,5.85,0
2021,5,31,4,0,8.22,8.71,6.32,0,12.72,0,0,5.65,0
2021,5,31,5,0,278.33,59.67,119.32,0,14.68,0,0,4.3,0
2021,5,31,6,0,482.57,117.46,310.1,0,17.71,0,0,4.83,0
2021,5,31,7,0,731.24,114.24,536.4,0,20.31,0,0,4.87,0
2021,5,31,8,0,824.24,119.15,729.78,0,22.41,0,0,3.96,0
2021,5,31,9,0,883.2,115.69,880.33,0,24.2,0,0,3.35,0
2021,5,31,10,0,437.3,496.41,841.8,0,25.55,0,0,3.13,0
2021,5,31,11,0,211.22,449.16,773.42,0,26.8,0,0,2.81,0
2021,5,31,12,0,760.13,274.76,617.47,0,27.78,0,0,2.44,0
2021,5,31,13,0,202.98,454.41,703.55,0,28.38,0,0,1.91,0
2021,5,31,14,0,210.41,346.11,557.7,0,28.56,0,0,1.42,0
2021,5,31,15,0,396.73,218.76,463.05,0,28.24,0,0,1.35,0
2021,5,31,16,0,300.38,152.95,282.17,0,27.39,0,0,1.75,0
2021,5,31,17,0,160.64,88.09,122.85,0,25.77,0,0,2.47,0
2021,5,31,18,0,14.16,18.48,14.68,0,21.35,0,0,3.74,0
2021,5,31,19,0,0.0,0.0,0.0,0,19.08,0,0,5.19,0
2021,5,31,20,0,0.0,0.0,0.0,0,18.29,0,0,6.3,0
2021,5,31,21,0,0.0,0.0,0.0,0,17.63,0,0,6.37,0
2021,5,31,22,0,0.0,0.0,0.0,0,16.75,0,0,6.24,0
2021,5,31,23,0,0.0,0.0,0.0,0,15.91,0,0,5.66,0
2021,6,1,0,0,0.0,0.0,0.0,0,15.11,0,0,5.21,0
2021,6,1,1,0,0.0,0.0,0.0,0,14.55,0,0,5.14,0
2021,6,1,2,0,0.0,0.0,0.0,0,14.11,0,0,5.05,0
2021,6,1,3,0,0.0,0.0,0.0,0,13.69,0,0,4.64,0
2021,6,1,4,0,3.94,9.23,6.07,0,13.74,0,0,4.19,0
2021,6,1,5,0,166.28,77.2,105.57,0,15.46,0,0,2.81,0
2021,6,1,6,0,372.79,138.41,287.2,0,17.9,0,0,3.24,0
2021,6,1,7,0,578.43,164.18,494.3,0,20.5,0,0,3.98,0
2021,6,1,8,0,686.81,192.14,701.15,0,22.72,0,0,3.61,0
2021,6,1,9,0,811.41,198.02,821.3,0,25.12,0,0,2.84,0
2021,6,1,10,0,704.05,248.01,917.35,0,26.92,0,0,2.03,0
2021,6,1,11,0,527.44,337.54,859.92,0,27.97,0,0,1.66,0
2021,6,1,12,0,116.3,560.62,787.45,0,28.82,0,0,1.54,0
2021,6,1,13,0,707.75,278.96,567.67,0,29.19,0,0,1.31,0
2021,6,1,14,0,444.1,431.52,616.08,0,29.16,0,0,1.13,0
2021,6,1,15,0,617.5,303.61,463.2,0,28.77,0,0,1.43,0
2021,6,1,16,0,249.98,200.79,291.3,0,28.0,0,0,1.98,0
2021,6,1,17,0,86.85,95.28,125.3,0,26.35,0,0,2.91,0
2021,6,1,18,0,7.96,16.0,14.1,0,22.03,0,0,4.58,0
2021,6,1,19,0,0.0,0.0,0.0,0,20.21,0,0,5.81,0
2021,6,1,20,0,0.0,0.0,0.0,0,19.37,0,0,6.11,0
2021,6,1,21,0,0.0,0.0,0.0,0,18.51,0,0,6.26,0
2021,6,1,22,0,0.0,0.0,0.0,0,17.87,0,0,5.8,0
2021,6,1,23,0,0.0,0.0,0.0,0,16.94,0,0,5.31,0
2021,6,2,0,0,0.0,0.0,0.0,0,16.2,0,0,5.06,0
2021,6,2,1,0,0.0,0.0,0.0,0,15.7,0,0,4.95,0
2021,6,2,2,0,0.0,0.0,0.0,0,15.37,0,0,4.92,0
2021,6,2,3,0,0.0,0.0,0.0,0,15.66,0,0,4.83,0
2021,6,2,4,0,2.05,8.68,5.88,0,15.82,0,0,4.3,0
2021,6,2,5,0,34.31,71.24,83.95,0,17.32,0,0,2.95,0
2021,6,2,6,0,42.87,172.35,208.7,0,19.37,0,0,2.75,0
2021,6,2,7,0,60.04,284.19,347.02,0,22.31,0,0,3.36,0
2021,6,2,8,0,370.86,243.09,520.05,0,24.77,0,0,3.04,0
2021,6,2,9,0,8.73,463.01,572.15,0,26.62,0,0,2.83,0
2021,6,2,10,0,202.34,511.74,733.65,0,27.56,0,0,2.65,0
2021,6,2,11,0,7.06,391.08,499.27,0,28.16,0,0,2.39,0
2021,6,2,12,0,0.19,217.57,273.95,0,28.52,0,0,2.04,0
2021,6,2,13,0,1.82,282.35,346.23,0,28.53,0,0,1.74,0
2021,6,2,14,0,88.56,317.31,463.2,0,27.93,0,0,1.4,0
2021,6,2,15,0,368.18,219.67,449.3,0,27.6,0,0,1.13,0
2021,6,2,16,0,242.02,177.52,275.58,0,27.16,0,0,1.14,0
2021,6,2,17,0,90.07,93.29,121.07,0,26.0,0,0,1.93,0
2021,6,2,18,0,5.0,16.83,14.45,0,23.14,0,0,3.32,0
2021,6,2,19,0,0.0,0.0,0.0,0,21.65,0,0,4.85,0
2021,6,2,20,0,0.0,0.0,0.0,0,21.03,0,0,5.89,0
2021,6,2,21,0,0.0,0.0,0.0,0,20.48,0,0,5.93,0
2021,6,2,22,0,0.0,0.0,0.0,0,19.81,0,0,5.79,0
2021,6,2,23,0,0.0,0.0,0.0,0,19.37,0,0,5.63,0
2021,6,3,0,0,0.0,0.0,0.0,0,19.03,0,0,5.3,0
2021,6,3,1,0,0.0,0.0,0.0,0,18.45,0,0,5.1,0
2021,6,3,2,0,0.0,0.0,0.0,0,18.15,0,0,5.19,0
2021,6,3,3,0,0.0,0.0,0.0,0,17.95,0,0,4.91,0
2021,6,3,4,0,0.0,5.78,4.07,0,17.93,0,0,4.31,0
2021,6,3,5,0,11.33,48.94,56.3,0,18.7,0,0,3.28,0
2021,6,3,6,0,14.36,144.55,166.85,0,19.8,0,0,2.0,0
2021,6,3,7,0,14.01,262.1,304.65,0,21.04,0,0,2.15,0
2021,6,3,8,0,100.56,351.61,485.73,0,23.85,0,0,3.49,0
2021,6,3,9,0,300.4,400.21,697.3,0,27.14,0,0,4.49,0
2021,6,3,10,0,318.07,442.63,805.95,0,29.22,0,0,4.28,0
2021,6,3,11,0,50.26,471.98,627.17,0,30.45,0,0,4.01,0
2021,6,3,12,0,296.26,430.15,621.33,0,30.64,0,0,3.83,0
2021,6,3,13,0,128.99,411.08,591.28,0,30.07,0,0,3.75,0
2021,6,3,14,0,37.35,323.67,401.3,0,28.96,0,0,3.59,0
2021,6,3,15,0,0.14,170.22,199.12,0,28.54,0,0,3.33,0
2021,6,3,16,0,0.0,115.91,136.12,0,28.37,0,0,3.34,0
2021,6,3,17,0,0.0,65.33,74.5,0,26.66,0,0,3.24,0
2021,6,3,18,0,0.0,8.67,8.43,0,23.54,0,0,3.62,0
2021,6,3,19,0,0.0,0.0,0.0,0,21.93,0,0,4.24,0
2021,6,3,20,0,0.0,0.0,0.0,0,21.09,0,0,4.51,0
2021,6,3,21,0,0.0,0.0,0.0,0,20.36,0,0,4.22,0
2021,6,3,22,0,0.0,0.0,0.0,0,19.78,0,0,3.7,0
2021,6,3,23,0,0.0,0.0,0.0,0,19.31,0,0,3.38,0
2021,6,4,0,0,0.0,0.0,0.0,0,18.99,0,0,3.21,0
2021,6,4,1,0,0.0,0.0,0.0,0,18.64,0,0,3.12,0
2021,6,4,2,0,0.0,0.0,0.0,0,18.31,0,0,2.96,0
2021,6,4,3,0,0.0,0.0,0.0,0,18.2,0,0,2.7,0
2021,6,4,4,0,1.25,7.08,5.28,0,18.32,0,0,2.29,0
2021,6,4,5,0,26.1,77.16,83.8,0,19.81,0,0,1.56,0
2021,6,4,6,0,78.58,184.68,233.6,0,21.43,0,0,0.77,0
2021,6,4,7,0,234.59,293.49,417.1,0,23.96,0,0,0.88,0
2021,6,4,8,0,387.49,232.5,482.8,0,26.61,0,0,0.43,0
2021,6,4,9,0,320.51,317.44,553.42,0,28.01,0,0,0.22,0
2021,6,4,10,0,316.98,332.42,606.53,0,29.11,0,0,0.51,0
2021,6,4,11,0,383.53,303.97,569.67,0,29.91,0,0,0.8,0
2021,6,4,12,0,268.19,399.6,575.35,0,30.22,0,0,1.07,0
2021,6,4,13,0,119.97,415.55,595.97,0,29.96,0,0,1.44,0
2021,6,4,14,0,106.77,314.65,474.83,0,29.32,0,0,1.93,0
2021,6,4,15,0,79.95,285.18,377.6,0,28.53,0,0,2.37,0
2021,6,4,16,0,30.13,189.87,229.25,0,27.54,0,0,2.87,0
2021,6,4,17,0,18.67,88.47,104.35,0,25.8,0,0,3.48,0
2021,6,4,18,0,0.0,10.52,10.25,0,23.81,0,0,4.49,0
2021,6,4,19,0,0.0,0.0,0.0,0,23.01,0,0,4.43,0
2021,6,4,20,0,0.0,0.0,0.0,0,22.35,0,0,3.65,0
2021,6,4,21,0,0.0,0.0,0.0,0,21.95,0,0,2.9,0
2021,6,4,22,0,0.0,0.0,0.0,0,21.88,0,0,2.45,0
2021,6,4,23,0,0.0,0.0,0.0,0,21.59,0,0,2.73,0
2021,6,5,0,0,0.0,0.0,0.0,0,21.0,0,0,3.07,0
2021,6,5,1,0,0.0,0.0,0.0,0,20.38,0,0,3.35,0
2021,6,5,2,0,0.0,0.0,0.0,0,19.89,0,0,3.64,0
2021,6,5,3,0,0.0,0.0,0.0,0,19.54,0,0,3.9,0
2021,6,5,4,0,0.0,5.08,4.78,0,19.25,0,0,3.91,0
2021,6,5,5,0,4.03,55.12,61.2,0,21.48,0,0,3.24,0
2021,6,5,6,0,9.42,143.04,164.5,0,23.92,0,0,1.74,0
2021,6,5,7,0,34.79,252.75,297.4,0,27.69,0,0,1.68,0
2021,6,5,8,0,53.17,352.85,442.55,0,29.73,0,0,1.88,0
2021,6,5,9,0,101.84,411.17,548.38,0,31.02,0,0,1.94,0
2021,6,5,10,0,51.76,464.21,680.28,0,31.83,0,0,1.92,0
2021,6,5,11,0,159.94,408.27,641.38,0,32.25,0,0,2.05,0
2021,6,5,12,0,247.65,466.15,730.6,0,32.0,0,0,2.24,0
2021,6,5,13,0,148.09,344.61,535.95,0,30.99,0,0,2.23,0
2021,6,5,14,0,55.23,267.39,350.38,0,30.47,0,0,2.24,0
2021,6,5,15,0,1.98,111.16,130.38,0,30.22,0,0,2.41,0
2021,6,5,16,0,0.16,75.61,86.93,0,29.62,0,0,2.69,0
2021,6,5,17,0,0.0,23.37,26.65,0,27.69,0,0,2.59,0
2021,6,5,18,0,0.0,6.17,6.0,0,25.5,0,0,2.74,0
2021,6,5,19,0,0.0,0.0,0.0,0,24.1,0,0,3.53,0
2021,6,5,20,0,0.0,0.0,0.0,0,23.23,0,0,3.96,0
2021,6,5,21,0,0.0,0.0,0.0,0,22.64,0,0,4.38,0
2021,6,5,22,0,0.0,0.0,0.0,0,22.21,0,0,4.68,0
2021,6,5,23,0,0.0,0.0,0.0,0,21.82,0,0,4.54,0
2021,6,6,0,0,0.0,0.0,0.0,0,21.41,0,0,4.08,0
2021,6,6,1,0,0.0,0.0,0.0,0,21.08,0,0,3.54,0
2021,6,6,2,0,0.0,0.0,0.0,0,20.72,0,0,3.16,0
2021,6,6,3,0,0.0,0.0,0.0,0,20.38,0,0,2.85,0
2021,6,6,4,0,0.0,4.47,4.18,0,20.1,0,0,2.73,0
2021,6,6,5,0,0.0,48.45,53.62,0,21.21,0,0,2.38,0
2021,6,6,6,0,0.0,114.5,130.77,0,22.05,0,0,1.34,0
2021,6,6,7,0,0.0,187.83,216.65,0,23.5,0,0,1.4,0
2021,6,6,8,0,1.12,273.9,333.7,0,25.98,0,0,2.29,0
2021,6,6,9,0,1.74,334.16,411.85,0,27.95,0,0,2.14,0
2021,6,6,10,0,8.09,435.62,542.95,0,29.68,0,0,2.04,0
2021,6,6,11,0,20.28,401.29,515.33,0,30.68,0,0,2.38,0
2021,6,6,12,0,29.73,464.92,593.28,0,30.94,0,0,2.96,0
2021,6,6,13,0,161.39,393.06,519.1,0,30.96,0,0,3.52,0
2021,6,6,14,0,7.55,304.2,370.38,0,30.53,0,0,3.96,0
2021,6,6,15,0,0.28,220.96,258.48,0,29.97,0,0,4.17,0
2021,6,6,16,0,0.64,131.59,151.27,0,28.69,0,0,4.2,0
2021,6,6,17,0,0.33,61.58,70.28,0,26.62,0,0,4.1,0
2021,6,6,18,0,0.0,9.98,9.7,0,24.8,0,0,4.65,0
2021,6,6,19,0,0.0,0.0,0.0,0,23.84,0,0,5.31,0
2021,6,6,20,0,0.0,0.0,0.0,0,23.22,0,0,5.32,0
2021,6,6,21,0,0.0,0.0,0.0,0,22.7,0,0,5.03,0
2021,6,6,22,0,0.0,0.0,0.0,0,22.28,0,0,4.7,0
2021,6,6,23,0,0.0,0.0,0.0,0,22.04,0,0,4.47,0
2021,6,7,0,0,0.0,0.0,0.0,0,21.89,0,0,4.49,0
2021,6,7,1,0,0.0,0.0,0.0,0,21.66,0,0,4.53,0
2021,6,7,2,0,0.0,0.0,0.0,0,21.54,0,0,4.56,0
2021,6,7,3,0,0.0,0.0,0.0,0,21.35,0,0,4.58,0
2021,6,7,4,0,0.0,5.37,4.22,0,21.3,0,0,4.67,0
2021,6,7,5,0,16.09,62.23,69.05,0,22.14,0,0,4.06,0
2021,6,7,6,0,16.5,141.83,163.4,0,22.86,0,0,3.68,0
2021,6,7,7,0,18.67,223.5,266.4,0,23.19,0,0,4.02,0
2021,6,7,8,0,89.07,331.62,456.52,0,23.42,0,0,4.23,0
2021,6,7,9,0,66.59,388.23,493.33,0,24.29,0,0,4.19,0
2021,6,7,10,0,231.35,351.28,627.85,0,26.07,0,0,4.32,0
2021,6,7,11,0,344.08,329.79,726.08,0,27.37,0,0,4.38,0
2021,6,7,12,0,340.25,350.6,735.83,0,27.83,0,0,4.24,0
2021,6,7,13,0,18.36,280.84,348.2,0,27.94,0,0,4.11,0
2021,6,7,14,0,0.0,151.38,183.52,0,27.91,0,0,4.02,0
2021,6,7,15,0,0.0,159.36,186.4,0,27.51,0,0,4.0,0
2021,6,7,16,0,21.21,146.55,173.52,0,26.61,0,0,3.72,0
2021,6,7,17,0,17.12,70.58,83.82,0,25.23,0,0,3.66,0
2021,6,7,18,0,5.0,13.18,11.27,0,23.7,0,0,4.38,0
2021,6,7,19,0,0.0,0.0,0.0,0,23.0,0,0,4.69,0
2021,6,7,20,0,0.0,0.0,0.0,0,22.61,0,0,4.42,0
2021,6,7,21,0,0.0,0.0,0.0,0,22.28,0,0,4.34,0
2021,6,7,22,0,0.0,0.0,0.0,0,22.02,0,0,4.35,0
2021,6,7,23,0,0.0,0.0,0.0,0,21.81,0,0,4.38,0
2021,6,8,0,0,0.0,0.0,0.0,0,21.56,0,0,4.36,0
2021,6,8,1,0,0.0,0.0,0.0,0,21.28,0,0,4.3,0
2021,6,8,2,0,0.0,0.0,0.0,0,20.97,0,0,4.24,0
2021,6,8,3,0,0.0,0.0,0.0,0,20.68,0,0,4.21,0
2021,6,8,4,0,7.28,6.94,5.05,0,20.76,0,0,4.34,0
2021,6,8,5,0,102.7,45.51,66.35,0,22.01,0,0,3.73,0
2021,6,8,6,0,237.94,84.4,165.1,0,23.01,0,0,3.07,0
2021,6,8,7,0,264.45,110.8,235.2,0,24.04,0,0,3.59,0
2021,6,8,8,0,324.21,167.9,385.92,0,25.18,0,0,3.5,0
2021,6,8,9,0,51.75,353.74,476.77,0,26.69,0,0,3.48,0
2021,6,8,10,0,239.73,373.7,664.38,0,28.05,0,0,3.35,0
2021,6,8,11,0,385.85,344.79,754.83,0,29.08,0,0,3.29,0
2021,6,8,12,0,361.47,332.74,735.25,0,29.77,0,0,3.48,0
2021,6,8,13,0,393.16,225.55,554.22,0,29.92,0,0,3.84,0
2021,6,8,14,0,127.35,281.7,439.0,0,29.88,0,0,4.31,0
2021,6,8,15,0,49.55,258.31,324.33,0,29.36,0,0,4.73,0
2021,6,8,16,0,24.45,160.45,190.23,0,28.37,0,0,4.86,0
2021,6,8,17,0,9.51,79.45,91.88,0,26.99,0,0,4.17,0
2021,6,8,18,0,0.0,10.01,9.73,0,24.59,0,0,4.39,0
2021,6,8,19,0,0.0,0.0,0.0,0,23.19,0,0,4.82,0
2021,6,8,20,0,0.0,0.0,0.0,0,22.54,0,0,4.19,0
2021,6,8,21,0,0.0,0.0,0.0,0,21.84,0,0,3.67,0
2021,6,8,22,0,0.0,0.0,0.0,0,21.28,0,0,3.59,0
2021,6,8,23,0,0.0,0.0,0.0,0,20.87,0,0,3.53,0
2021,6,9,0,0,0.0,0.0,0.0,0,20.47,0,0,3.47,0
2021,6,9,1,0,0.0,0.0,0.0,0,20.09,0,0,3.48,0
2021,6,9,2,0,0.0,0.0,0.0,0,19.78,0,0,3.52,0
2021,6,9,3,0,0.0,0.0,0.0,0,19.66,0,0,3.5,0
2021,6,9,4,0,3.18,5.67,4.28,0,19.78,0,0,3.6,0
2021,6,9,5,0,70.01,39.51,53.53,0,21.27,0,0,3.1,0
2021,6,9,6,0,171.58,79.19,134.6,0,22.39,0,0,2.54,0
2021,6,9,7,0,95.85,166.87,239.6,0,24.0,0,0,3.24,0
2021,6,9,8,0,148.61,287.88,432.02,0,26.44,0,0,3.78,0
2021,6,9,9,0,105.88,392.85,575.7,0,29.14,0,0,4.35,0
2021,6,9,10,0,368.23,442.85,808.88,0,30.84,0,0,4.57,0
2021,6,9,11,0,269.69,361.64,735.83,0,31.98,0,0,4.55,0
2021,6,9,12,0,200.92,503.05,760.05,0,32.73,0,0,4.44,0
2021,6,9,13,0,371.5,293.66,644.3,0,33.02,0,0,4.42,0
2021,6,9,14,0,130.93,292.63,442.02,0,32.94,0,0,4.38,0
2021,6,9,15,0,59.09,248.46,315.98,0,32.45,0,0,4.3,0
2021,6,9,16,0,13.97,162.96,191.23,0,31.12,0,0,4.17,0
2021,6,9,17,0,8.46,78.37,87.55,0,29.44,0,0,3.57,0
2021,6,9,18,0,0.0,13.1,11.3,0,26.42,0,0,3.32,0
2021,6,9,19,0,0.0,0.0,0.0,0,24.81,0,0,3.46,0
2021,6,9,20,0,0.0,0.0,0.0,0,24.08,0,0,3.51,0
2021,6,9,21,0,0.0,0.0,0.0,0,23.45,0,0,3.37,0
2021,6,9,22,0,0.0,0.0,0.0,0,22.96,0,0,3.39,0
2021,6,9,23,0,0.0,0.0,0.0,0,22.51,0,0,3.48,0
2021,6,10,0,0,0.0,0.0,0.0,0,22.14,0,0,3.69,0
2021,6,10,1,0,0.0,0.0,0.0,0,21.81,0,0,3.75,0
2021,6,10,2,0,0.0,0.0,0.0,0,21.51,0,0,3.86,0
2021,6,10,3,0,0.0,0.0,0.0,0,21.23,0,0,3.99,0
2021,6,10,4,0,1.64,6.97,5.28,0,21.16,0,0,4.16,0
2021,6,10,5,0,86.34,55.13,70.53,0,22.2,0,0,3.53,0
2021,6,10,6,0,193.91,93.98,161.8,0,23.21,0,0,3.94,0
2021,6,10,7,0,154.47,176.73,278.48,0,24.59,0,0,4.55,0
2021,6,10,8,0,182.82,269.92,443.9,0,26.86,0,0,4.51,0
2021,6,10,9,0,164.75,401.55,578.2,0,28.72,0,0,4.66,0
2021,6,10,10,0,185.07,391.61,649.95,0,29.81,0,0,5.14,0
2021,6,10,11,0,104.85,451.59,679.2,0,30.65,0,0,5.73,0
2021,6,10,12,0,336.85,355.52,649.9,0,31.06,0,0,5.96,0
2021,6,10,13,0,42.32,449.65,587.5,0,30.69,0,0,5.76,0
2021,6,10,14,0,76.25,307.99,438.65,0,30.3,0,0,5.42,0
2021,6,10,15,0,51.25,253.2,316.0,0,29.64,0,0,5.17,0
2021,6,10,16,0,19.15,167.7,195.75,0,28.67,0,0,4.78,0
2021,6,10,17,0,8.78,78.58,90.38,0,27.32,0,0,4.14,0
2021,6,10,18,0,0.0,11.75,11.55,0,25.06,0,0,4.05,0
2021,6,10,19,0,0.0,0.0,0.0,0,23.56,0,0,4.41,0
2021,6,10,20,0,0.0,0.0,0.0,0,22.92,0,0,4.62,0
2021,6,10,21,0,0.0,0.0,0.0,0,22.41,0,0,4.62,0
2021,6,10,22,0,0.0,0.0,0.0,0,22.07,0,0,4.59,0
2021,6,10,23,0,0.0,0.0,0.0,0,21.77,0,0,4.38,0
2021,6,11,0,0,0.0,0.0,0.0,0,21.51,0,0,4.53,0
2021,6,11,1,0,0.0,0.0,0.0,0,21.37,0,0,4.7,0
2021,6,11,2,0,0.0,0.0,0.0,0,21.1,0,0,4.25,0
2021,6,11,3,0,0.0,0.0,0.0,0,20.96,0,0,4.48,0
2021,6,11,4,0,2.71,6.54,4.62,0,20.82,0,0,4.38,0
2021,6,11,5,0,53.82,42.07,54.92,0,22.05,0,0,3.61,0
2021,6,11,6,0,157.39,82.9,130.1,0,23.68,0,0,4.54,0
2021,6,11,7,0,65.5,148.48,208.05,0,25.59,0,0,4.67,0
2021,6,11,8,0,182.28,203.44,343.95,0,27.61,0,0,4.26,0
2021,6,11,9,0,237.45,329.39,562.78,0,29.26,0,0,3.59,0
2021,6,11,10,0,408.34,256.45,570.45,0,30.67,0,0,3.68,0
2021,6,11,11,0,195.17,344.21,675.92,0,31.55,0,0,4.93,0
2021,6,11,12,0,174.14,387.53,636.88,0,31.95,0,0,5.68,0
2021,6,11,13,0,40.8,191.69,257.67,0,31.79,0,0,5.85,0
2021,6,11,14,0,40.16,295.13,381.65,0,31.3,0,0,6.28,0
2021,6,11,15,0,41.98,270.24,334.48,0,30.33,0,0,6.66,0
2021,6,11,16,0,22.21,164.86,194.95,0,28.86,0,0,6.54,0
2021,6,11,17,0,9.31,75.32,86.93,0,26.76,0,0,6.1,0
2021,6,11,18,0,1.62,13.5,12.07,0,24.76,0,0,6.02,0
2021,6,11,19,0,0.0,0.0,0.0,0,23.51,0,0,5.69,0
2021,6,11,20,0,0.0,0.0,0.0,0,22.66,0,0,5.31,0
2021,6,11,21,0,0.0,0.0,0.0,0,22.13,0,0,5.4,0
2021,6,11,22,0,0.0,0.0,0.0,0,21.84,0,0,5.5,0
2021,6,11,23,0,0.0,0.0,0.0,0,21.6,0,0,5.16,0
2021,6,12,0,0,0.0,0.0,0.0,0,21.45,0,0,5.02,0
2021,6,12,1,0,0.0,0.0,0.0,0,21.36,0,0,5.08,0
2021,6,12,2,0,0.0,0.0,0.0,0,21.32,0,0,5.13,0
2021,6,12,3,0,0.0,0.0,0.0,0,21.18,0,0,5.07,0
2021,6,12,4,0,3.14,7.25,5.35,0,21.2,0,0,5.01,0
2021,6,12,5,0,100.34,61.63,79.28,0,22.01,0,0,4.47,0
2021,6,12,6,0,254.87,139.33,239.93,0,23.13,0,0,3.93,0
2021,6,12,7,0,335.13,184.2,385.2,0,24.84,0,0,5.01,0
2021,6,12,8,0,502.32,212.71,604.0,0,26.21,0,0,5.42,0
2021,6,12,9,0,553.61,266.28,752.85,0,27.32,0,0,5.37,0
2021,6,12,10,0,466.12,312.9,788.75,0,28.21,0,0,5.09,0
2021,6,12,11,0,291.87,380.06,780.92,0,28.78,0,0,4.78,0
2021,6,12,12,0,390.61,282.69,672.53,0,29.2,0,0,4.55,0
2021,6,12,13,0,345.07,297.35,619.67,0,29.53,0,0,4.33,0
2021,6,12,14,0,286.76,287.37,529.42,0,29.85,0,0,4.12,0
2021,6,12,15,0,213.64,232.32,367.95,0,29.88,0,0,3.93,0
2021,6,12,16,0,146.5,172.51,238.93,0,29.66,0,0,3.8,0
2021,6,12,17,0,90.76,86.28,109.05,0,28.59,0,0,3.28,0
2021,6,12,18,0,18.98,17.71,16.48,0,25.96,0,0,3.27,0
2021,6,12,19,0,0.0,0.0,0.0,0,24.19,0,0,4.09,0
2021,6,12,20,0,0.0,0.0,0.0,0,23.23,0,0,5.09,0
2021,6,12,21,0,0.0,0.0,0.0,0,22.54,0,0,5.16,0
2021,6,12,22,0,0.0,0.0,0.0,0,21.97,0,0,4.75,0
2021,6,12,23,0,0.0,0.0,0.0,0,21.52,0,0,4.62,0
2021,6,13,0,0,0.0,0.0,0.0,0,21.14,0,0,4.51,0
2021,6,13,1,0,0.0,0.0,0.0,0,20.87,0,0,4.26,0
2021,6,13,2,0,0.0,0.0,0.0,0,20.59,0,0,4.14,0
2021,6,13,3,0,0.0,0.0,0.0,0,20.47,0,0,4.29,0
2021,6,13,4,0,1.06,8.14,6.05,0,20.52,0,0,4.48,0
2021,6,13,5,0,61.11,70.86,82.47,0,21.8,0,0,3.8,0
2021,6,13,6,0,201.22,155.7,239.05,0,22.92,0,0,3.99,0
2021,6,13,7,0,334.13,177.71,375.23,0,24.79,0,0,4.18,0
2021,6,13,8,0,228.17,285.21,511.17,0,27.26,0,0,4.23,0
2021,6,13,9,0,445.14,310.5,717.55,0,29.27,0,0,4.2,0
2021,6,13,10,0,552.05,229.66,731.42,0,30.62,0,0,4.0,0
2021,6,13,11,0,600.36,225.39,834.35,0,31.6,0,0,3.6,0
2021,6,13,12,0,616.93,259.92,881.47,0,32.3,0,0,3.24,0
2021,6,13,13,0,559.39,239.88,760.67,0,32.65,0,0,3.03,0
2021,6,13,14,0,559.51,214.62,679.72,0,32.53,0,0,2.92,0
2021,6,13,15,0,568.93,153.56,518.12,0,32.02,0,0,2.69,0
2021,6,13,16,0,392.69,135.32,310.92,0,31.17,0,0,2.3,0
2021,6,13,17,0,193.37,88.1,140.12,0,30.08,0,0,1.81,0
2021,6,13,18,0,20.84,18.45,17.35,0,28.43,0,0,1.11,0
2021,6,13,19,0,0.0,0.0,0.0,0,26.83,0,0,1.85,0
2021,6,13,20,0,0.0,0.0,0.0,0,24.84,0,0,3.31,0
2021,6,13,21,0,0.0,0.0,0.0,0,23.54,0,0,4.16,0
2021,6,13,22,0,0.0,0.0,0.0,0,22.78,0,0,4.25,0
2021,6,13,23,0,0.0,0.0,0.0,0,21.99,0,0,4.01,0
2021,6,14,0,0,0.0,0.0,0.0,0,21.29,0,0,3.86,0
2021,6,14,1,0,0.0,0.0,0.0,0,20.65,0,0,3.83,0
2021,6,14,2,0,0.0,0.0,0.0,0,20.24,0,0,3.81,0
2021,6,14,3,0,0.0,0.0,0.0,0,19.94,0,0,3.84,0
2021,6,14,4,0,1.8,7.74,5.65,0,19.94,0,0,3.89,0
2021,6,14,5,0,63.0,81.15,91.88,0,21.7,0,0,2.89,0
2021,6,14,6,0,168.17,183.4,246.2,0,23.93,0,0,2.45,0
2021,6,14,7,0,388.27,222.04,452.05,0,26.94,0,0,2.68,0
2021,6,14,8,0,580.3,224.8,652.25,0,29.36,0,0,2.1,0
2021,6,14,9,0,667.48,219.17,813.05,0,31.01,0,0,2.01,0
2021,6,14,10,0,601.18,296.97,882.1,0,32.2,0,0,2.11,0
2021,6,14,11,0,638.33,233.28,866.65,0,32.97,0,0,2.32,0
2021,6,14,12,0,579.4,271.07,832.38,0,33.36,0,0,2.52,0
2021,6,14,13,0,299.0,351.1,639.6,0,33.41,0,0,2.57,0
2021,6,14,14,0,170.95,287.86,445.17,0,33.33,0,0,2.45,0
2021,6,14,15,0,86.94,238.43,322.9,0,32.75,0,0,2.33,0
2021,6,14,16,0,45.93,170.64,206.8,0,31.74,0,0,2.19,0
2021,6,14,17,0,28.57,79.47,94.03,0,30.41,0,0,1.98,0
2021,6,14,18,0,9.56,16.18,14.35,0,28.12,0,0,1.84,0
2021,6,14,19,0,0.0,0.0,0.0,0,26.43,0,0,2.45,0
2021,6,14,20,0,0.0,0.0,0.0,0,25.16,0,0,3.41,0
2021,6,14,21,0,0.0,0.0,0.0,0,24.24,0,0,4.09,0
2021,6,14,22,0,0.0,0.0,0.0,0,23.68,0,0,4.51,0
2021,6,14,23,0,0.0,0.0,0.0,0,23.07,0,0,4.77,0
2021,6,15,0,0,0.0,0.0,0.0,0,22.41,0,0,5.15,0
2021,6,15,1,0,0.0,0.0,0.0,0,21.66,0,0,5.17,0
2021,6,15,2,0,0.0,0.0,0.0,0,20.79,0,0,5.14,0
2021,6,15,3,0,0.0,0.0,0.0,0,20.07,0,0,5.2,0
2021,6,15,4,0,7.85,8.62,6.78,0,19.69,0,0,5.2,0
2021,6,15,5,0,204.98,66.9,109.62,0,21.17,0,0,4.1,0
2021,6,15,6,0,375.97,126.86,281.05,0,23.49,0,0,3.16,0
2021,6,15,7,0,545.21,164.04,487.05,0,27.65,0,0,4.67,0
2021,6,15,8,0,650.59,186.53,685.0,0,30.42,0,0,5.19,0
2021,6,15,9,0,840.9,156.07,852.45,0,32.1,0,0,5.58,0
2021,6,15,10,0,891.23,116.46,961.7,0,33.16,0,0,6.36,0
2021,6,15,11,0,947.89,97.13,997.65,0,33.69,0,0,7.03,0
2021,6,15,12,0,899.04,127.99,971.7,0,33.86,0,0,7.28,0
2021,6,15,13,0,831.61,122.25,865.78,0,33.67,0,0,7.41,0
2021,6,15,14,0,838.46,107.91,766.22,0,33.08,0,0,7.51,0
2021,6,15,15,0,788.36,97.45,592.65,0,32.13,0,0,7.29,0
2021,6,15,16,0,684.61,86.83,390.85,0,30.74,0,0,6.91,0
2021,6,15,17,0,520.39,57.15,187.38,0,28.58,0,0,6.44,0
2021,6,15,18,0,102.8,18.77,24.8,0,24.7,0,0,6.44,0
2021,6,15,19,0,0.0,0.0,0.0,0,22.38,0,0,6.95,0
2021,6,15,20,0,0.0,0.0,0.0,0,21.6,0,0,6.69,0
2021,6,15,21,0,0.0,0.0,0.0,0,20.77,0,0,6.34,0
2021,6,15,22,0,0.0,0.0,0.0,0,20.05,0,0,5.89,0
2021,6,15,23,0,0.0,0.0,0.0,0,19.4,0,0,5.51,0
2021,6,16,0,0,0.0,0.0,0.0,0,18.86,0,0,5.16,0
2021,6,16,1,0,0.0,0.0,0.0,0,18.42,0,0,4.99,0
2021,6,16,2,0,0.0,0.0,0.0,0,18.07,0,0,4.99,0
2021,6,16,3,0,0.0,0.0,0.0,0,17.62,0,0,4.85,0
2021,6,16,4,0,14.93,8.06,7.28,0,17.26,0,0,4.7,0
2021,6,16,5,0,305.29,59.3,122.28,0,18.88,0,0,3.64,0
2021,6,16,6,0,448.41,122.15,302.48,0,21.75,0,0,3.44,0
2021,6,16,7,0,630.03,144.93,517.35,0,25.41,0,0,3.52,0
2021,6,16,8,0,696.41,181.36,703.4,0,27.77,0,0,2.63,0
2021,6,16,9,0,765.01,187.64,857.35,0,29.41,0,0,2.28,0
2021,6,16,10,0,750.24,222.11,930.22,0,30.53,0,0,2.4,0
2021,6,16,11,0,660.43,254.99,911.12,0,31.3,0,0,2.76,0
2021,6,16,12,0,639.74,212.25,764.9,0,31.51,0,0,3.08,0
2021,6,16,13,0,504.48,308.27,782.5,0,31.8,0,0,3.37,0
2021,6,16,14,0,582.69,225.09,695.22,0,31.68,0,0,3.32,0
2021,6,16,15,0,548.34,184.11,535.83,0,31.19,0,0,3.12,0
2021,6,16,16,0,477.54,132.57,346.6,0,30.25,0,0,3.25,0
2021,6,16,17,0,342.34,76.25,166.0,0,28.63,0,0,3.73,0
2021,6,16,18,0,67.66,19.41,22.4,0,24.56,0,0,4.86,0
2021,6,16,19,0,0.0,0.0,0.0,0,22.27,0,0,6.17,0
2021,6,16,20,0,0.0,0.0,0.0,0,21.29,0,0,6.51,0
2021,6,16,21,0,0.0,0.0,0.0,0,20.34,0,0,6.49,0
2021,6,16,22,0,0.0,0.0,0.0,0,19.71,0,0,6.22,0
2021,6,16,23,0,0.0,0.0,0.0,0,18.97,0,0,5.84,0
2021,6,17,0,0,0.0,0.0,0.0,0,18.34,0,0,5.59,0
2021,6,17,1,0,0.0,0.0,0.0,0,17.86,0,0,5.35,0
2021,6,17,2,0,0.0,0.0,0.0,0,17.36,0,0,5.24,0
2021,6,17,3,0,0.0,0.0,0.0,0,16.9,0,0,5.02,0
2021,6,17,4,0,12.32,7.08,5.82,0,16.59,0,0,4.77,0
2021,6,17,5,0,101.47,61.21,78.57,0,19.2,0,0,3.42,0
2021,6,17,6,0,177.59,130.58,202.42,0,21.87,0,0,1.91,0
2021,6,17,7,0,234.71,196.76,341.5,0,26.25,0,0,3.04,0
2021,6,17,8,0,249.88,255.75,486.44,0,28.64,0,0,2.18,0
2021,6,17,9,0,897.53,103.26,876.8,0,30.22,0,0,1.6,0
2021,6,17,10,0,916.38,108.08,973.75,0,31.51,0,0,1.47,0
2021,6,17,11,0,994.53,82.91,1016.4,0,32.52,0,0,1.46,0
2021,6,17,12,0,937.81,105.66,991.33,0,33.24,0,0,1.37,0
2021,6,17,13,0,872.78,120.02,903.67,0,33.6,0,0,1.27,0
2021,6,17,14,0,840.34,110.14,771.35,0,33.55,0,0,1.16,0
2021,6,17,15,0,772.61,105.81,591.78,0,33.15,0,0,0.92,0
2021,6,17,16,0,653.15,93.94,387.08,0,32.25,0,0,0.61,0
2021,6,17,17,0,461.94,62.45,182.02,0,30.97,0,0,0.46,0
2021,6,17,18,0,86.16,18.48,24.25,0,28.07,0,0,0.79,0
2021,6,17,19,0,0.0,0.0,0.0,0,26.01,0,0,0.84,0
2021,6,17,20,0,0.0,0.0,0.0,0,24.44,0,0,0.81,0
2021,6,17,21,0,0.0,0.0,0.0,0,23.29,0,0,1.18,0
2021,6,17,22,0,0.0,0.0,0.0,0,22.37,0,0,1.63,0
2021,6,17,23,0,0.0,0.0,0.0,0,21.6,0,0,1.95,0
2021,6,18,0,0,0.0,0.0,0.0,0,21.18,0,0,1.96,0
2021,6,18,1,0,0.0,0.0,0.0,0,21.32,0,0,1.58,0
2021,6,18,2,0,0.0,0.0,0.0,0,20.84,0,0,1.36,0
2021,6,18,3,0,0.0,0.0,0.0,0,19.99,0,0,1.85,0
2021,6,18,4,0,23.88,7.53,7.22,0,19.21,0,0,2.52,0
2021,6,18,5,0,380.93,52.01,125.9,0,20.91,0,0,2.81,0
2021,6,18,6,0,571.1,98.08,320.25,0,23.69,0,0,2.05,0
2021,6,18,7,0,695.05,119.47,523.1,0,28.1,0,0,3.02,0
2021,6,18,8,0,710.04,168.18,688.17,0,30.7,0,0,3.04,0
2021,6,18,9,0,697.22,232.78,823.83,0,32.31,0,0,2.92,0
2021,6,18,10,0,621.14,313.78,892.35,0,33.43,0,0,2.64,0
2021,6,18,11,0,251.92,461.55,831.25,0,34.1,0,0,2.5,0
2021,6,18,12,0,248.18,516.64,796.3,0,34.54,0,0,2.51,0
2021,6,18,13,0,267.52,482.75,659.3,0,34.68,0,0,2.6,0
2021,6,18,14,0,213.29,426.34,560.22,0,34.46,0,0,2.55,0
2021,6,18,15,0,102.26,329.89,402.3,0,33.51,0,0,2.68,0
2021,6,18,16,0,26.92,197.35,239.05,0,32.21,0,0,3.2,0
2021,6,18,17,0,9.49,89.89,101.88,0,30.29,0,0,3.99,0
2021,6,18,18,0,0.0,14.5,14.27,0,27.71,0,0,5.23,0
2021,6,18,19,0,0.0,0.0,0.0,0,26.35,0,0,5.91,0
2021,6,18,20,0,0.0,0.0,0.0,0,25.16,0,0,5.76,0
2021,6,18,21,0,0.0,0.0,0.0,0,23.94,0,0,5.49,0
2021,6,18,22,0,0.0,0.0,0.0,0,23.22,0,0,5.24,0
2021,6,18,23,0,0.0,0.0,0.0,0,22.57,0,0,4.96,0
2021,6,19,0,0,0.0,0.0,0.0,0,22.02,0,0,4.72,0
2021,6,19,1,0,0.0,0.0,0.0,0,21.67,0,0,4.47,0
2021,6,19,2,0,0.0,0.0,0.0,0,21.39,0,0,3.79,0
2021,6,19,3,0,0.0,0.0,0.0,0,21.41,0,0,2.78,0
2021,6,19,4,0,0.0,8.34,5.95,0,21.76,0,0,1.83,0
2021,6,19,5,0,22.32,61.14,70.1,0,22.81,0,0,1.21,0
2021,6,19,6,0,36.65,129.64,153.65,0,24.18,0,0,2.19,0
2021,6,19,7,0,0.0,164.12,189.27,0,24.96,0,0,3.88,0
2021,6,19,8,0,10.37,82.91,103.05,0,24.6,0,0,4.7,0
2021,6,19,9,0,30.89,102.45,138.2,0,23.89,0,0,5.39,0
2021,6,19,10,0,38.74,125.41,191.25,0,23.83,0,0,5.28,0
2021,6,19,11,0,33.14,122.62,193.23,0,24.19,0,0,5.31,0
2021,6,19,12,0,70.27,104.3,173.15,0,24.16,0,0,5.53,0
2021,6,19,13,0,21.88,86.57,117.5,0,23.81,0,0,5.83,0
2021,6,19,14,0,6.13,98.44,120.6,0,23.48,0,0,6.12,0
2021,6,19,15,0,0.0,72.09,83.85,0,23.13,0,0,6.47,0
2021,6,19,16,0,0.0,107.6,124.22,0,22.65,0,0,6.88,0
2021,6,19,17,0,0.0,60.58,70.05,0,22.28,0,0,7.53,0
2021,6,19,18,0,0.0,11.9,11.7,0,21.95,0,0,8.19,0
2021,6,19,19,0,0.0,0.0,0.0,0,21.83,0,0,8.33,0
2021,6,19,20,0,0.0,0.0,0.0,0,22.02,0,0,8.55,0
2021,6,19,21,0,0.0,0.0,0.0,0,22.3,0,0,8.35,0
2021,6,19,22,0,0.0,0.0,0.0,0,22.62,0,0,8.82,0
2021,6,19,23,0,0.0,0.0,0.0,0,22.84,0,0,8.98,0
2021,6,20,0,0,0.0,0.0,0.0,0,22.84,0,0,8.09,0
2021,6,20,1,0,0.0,0.0,0.0,0,22.79,0,0,7.13,0
2021,6,20,2,0,0.0,0.0,0.0,0,22.86,0,0,7.48,0
2021,6,20,3,0,0.0,0.0,0.0,0,22.81,0,0,7.55,0
2021,6,20,4,0,1.08,4.7,3.42,0,22.75,0,0,7.6,0
2021,6,20,5,0,17.94,30.92,37.15,0,22.69,0,0,5.9,0
2021,6,20,6,0,61.54,62.75,87.38,0,22.77,0,0,2.84,0
2021,6,20,7,0,121.97,91.56,155.93,0,23.01,0,0,0.97,0
2021,6,20,8,0,43.23,215.75,273.23,0,23.41,0,0,3.45,0
2021,6,20,9,0,44.76,235.84,310.52,0,24.06,0,0,5.62,0
2021,6,20,10,0,24.82,261.14,330.12,0,24.98,0,0,6.88,0
2021,6,20,11,0,207.21,303.93,588.95,0,25.87,0,0,7.15,0
2021,6,20,12,0,243.46,329.01,593.12,0,26.79,0,0,7.06,0
2021,6,20,13,0,329.24,261.12,489.02,0,27.66,0,0,6.57,0
2021,6,20,14,0,304.76,223.64,466.2,0,28.46,0,0,6.1,0
2021,6,20,15,0,243.66,228.88,382.83,0,28.77,0,0,6.11,0
2021,6,20,16,0,237.2,146.37,249.52,0,28.33,0,0,6.48,0
2021,6,20,17,0,211.65,77.56,130.23,0,27.27,0,0,6.38,0
2021,6,20,18,0,37.92,21.73,21.65,0,25.14,0,0,6.36,0
2021,6,20,19,0,0.0,0.0,0.0,0,23.45,0,0,5.97,0
2021,6,20,20,0,0.0,0.0,0.0,0,22.49,0,0,6.01,0
2021,6,20,21,0,0.0,0.0,0.0,0,21.64,0,0,6.13,0
2021,6,20,22,0,0.0,0.0,0.0,0,20.94,0,0,6.1,0
2021,6,20,23,0,0.0,0.0,0.0,0,20.46,0,0,5.91,0
2021,6,21,0,0,0.0,0.0,0.0,0,20.33,0,0,5.63,0
2021,6,21,1,0,0.0,0.0,0.0,0,20.58,0,0,5.57,0
2021,6,21,2,0,0.0,0.0,0.0,0,20.75,0,0,5.53,0
2021,6,21,3,0,0.0,0.0,0.0,0,20.83,0,0,5.3,0
2021,6,21,4,0,2.49,9.02,5.6,0,20.88,0,0,4.85,0
2021,6,21,5,0,130.17,62.21,88.03,0,22.84,0,0,3.81,0
2021,6,21,6,0,309.53,113.68,235.3,0,24.75,0,0,4.54,0
2021,6,21,7,0,500.9,130.97,415.85,0,26.53,0,0,4.62,0
2021,6,21,8,0,378.33,180.42,441.4,0,28.14,0,0,4.41,0
2021,6,21,9,0,199.32,318.53,512.55,0,29.54,0,0,4.49,0
2021,6,21,10,0,369.57,282.37,656.42,0,30.03,0,0,4.76,0
2021,6,21,11,0,415.25,272.8,668.7,0,29.75,0,0,5.12,0
2021,6,21,12,0,394.79,291.69,705.67,0,29.14,0,0,5.34,0
2021,6,21,13,0,482.26,309.57,763.08,0,28.74,0,0,5.72,0
2021,6,21,14,0,110.74,294.16,440.35,0,28.87,0,0,6.31,0
2021,6,21,15,0,99.75,207.52,309.05,0,28.66,0,0,6.39,0
2021,6,21,16,0,48.68,147.74,185.73,0,27.71,0,0,6.67,0
2021,6,21,17,0,15.69,65.82,78.97,0,26.01,0,0,7.22,0
2021,6,21,18,0,1.95,12.69,12.5,0,24.34,0,0,7.34,0
2021,6,21,19,0,0.0,0.0,0.0,0,23.03,0,0,6.56,0
2021,6,21,20,0,0.0,0.0,0.0,0,22.24,0,0,5.9,0
2021,6,21,21,0,0.0,0.0,0.0,0,21.79,0,0,5.72,0
2021,6,21,22,0,0.0,0.0,0.0,0,21.48,0,0,5.59,0
2021,6,21,23,0,0.0,0.0,0.0,0,21.43,0,0,5.47,0
2021,6,22,0,0,0.0,0.0,0.0,0,21.54,0,0,5.53,0
2021,6,22,1,0,0.0,0.0,0.0,0,21.66,0,0,5.68,0
2021,6,22,2,0,0.0,0.0,0.0,0,21.6,0,0,5.73,0
2021,6,22,3,0,0.0,0.0,0.0,0,21.3,0,0,5.75,0
2021,6,22,4,0,0.0,2.66,2.33,0,20.78,0,0,5.56,0
2021,6,22,5,0,0.0,30.3,33.78,0,20.74,0,0,4.45,0
2021,6,22,6,0,3.11,78.73,90.3,0,21.02,0,0,3.63,0
2021,6,22,7,0,15.18,141.27,165.48,0,21.53,0,0,3.92,0
2021,6,22,8,0,37.06,171.21,215.85,0,22.41,0,0,3.95,0
2021,6,22,9,0,15.1,224.45,279.83,0,23.77,0,0,3.84,0
2021,6,22,10,0,36.98,272.68,370.67,0,25.42,0,0,4.22,0
2021,6,22,11,0,80.4,404.56,625.67,0,26.71,0,0,4.63,0
2021,6,22,12,0,251.57,406.28,685.2,0,27.16,0,0,5.35,0
2021,6,22,13,0,251.85,442.15,709.3,0,27.14,0,0,6.05,0
2021,6,22,14,0,243.68,389.67,611.45,0,26.94,0,0,6.27,0
2021,6,22,15,0,281.9,300.01,481.58,0,26.49,0,0,5.86,0
2021,6,22,16,0,265.49,199.96,313.3,0,25.81,0,0,5.24,0
2021,6,22,17,0,195.82,100.85,153.98,0,24.33,0,0,4.78,0
2021,6,22,18,0,66.66,23.12,23.85,0,21.36,0,0,4.82,0
2021,6,22,19,0,0.0,0.0,0.0,0,19.5,0,0,4.87,0
2021,6,22,20,0,0.0,0.0,0.0,0,18.75,0,0,4.69,0
2021,6,22,21,0,0.0,0.0,0.0,0,18.06,0,0,4.61,0
2021,6,22,22,0,0.0,0.0,0.0,0,17.46,0,0,4.52,0
2021,6,22,23,0,0.0,0.0,0.0,0,16.91,0,0,4.32,0
2021,6,23,0,0,0.0,0.0,0.0,0,16.4,0,0,4.15,0
2021,6,23,1,0,0.0,0.0,0.0,0,15.93,0,0,4.12,0
2021,6,23,2,0,0.0,0.0,0.0,0,15.48,0,0,4.09,0
2021,6,23,3,0,0.0,0.0,0.0,0,14.99,0,0,4.16,0
2021,6,23,4,0,11.05,8.91,6.55,0,14.64,0,0,4.31,0
2021,6,23,5,0,233.56,65.08,111.1,0,17.14,0,0,3.41,0
2021,6,23,6,0,443.9,122.41,295.62,0,19.32,0,0,1.65,0
2021,6,23,7,0,581.14,154.73,498.83,0,22.72,0,0,1.43,0
2021,6,23,8,0,652.07,190.11,682.35,0,25.2,0,0,1.23,0
2021,6,23,9,0,803.98,157.12,846.33,0,26.7,0,0,0.96,0
2021,6,23,10,0,912.14,108.94,969.9,0,28.02,0,0,0.52,0
2021,6,23,11,0,875.57,145.64,1005.8,0,29.15,0,0,0.28,0
2021,6,23,12,0,823.94,156.39,990.28,0,29.93,0,0,0.39,0
2021,6,23,13,0,799.28,183.37,891.22,0,30.33,0,0,0.62,0
2021,6,23,14,0,728.42,173.08,745.45,0,30.34,0,0,0.93,0
2021,6,23,15,0,688.8,146.6,569.88,0,29.92,0,0,1.33,0
2021,6,23,16,0,598.74,106.07,373.15,0,29.98,0,0,1.7,0
2021,6,23,17,0,449.5,68.12,182.85,0,28.52,0,0,2.25,0
2021,6,23,18,0,97.34,21.06,26.35,0,24.39,0,0,3.5,0
2021,6,23,19,0,0.0,0.0,0.0,0,22.01,0,0,5.28,0
2021,6,23,20,0,0.0,0.0,0.0,0,21.02,0,0,6.18,0
2021,6,23,21,0,0.0,0.0,0.0,0,20.39,0,0,6.36,0
2021,6,23,22,0,0.0,0.0,0.0,0,19.93,0,0,6.37,0
2021,6,23,23,0,0.0,0.0,0.0,0,19.56,0,0,6.14,0
2021,6,24,0,0,0.0,0.0,0.0,0,19.12,0,0,5.75,0
2021,6,24,1,0,0.0,0.0,0.0,0,18.83,0,0,5.47,0
2021,6,24,2,0,0.0,0.0,0.0,0,18.62,0,0,5.2,0
2021,6,24,3,0,0.0,0.0,0.0,0,18.52,0,0,5.12,0
2021,6,24,4,0,6.29,5.95,3.88,0,18.97,0,0,5.38,0
2021,6,24,5,0,60.6,29.02,40.97,0,20.96,0,0,4.99,0
2021,6,24,6,0,79.96,76.41,104.2,0,22.55,0,0,6.03,0
2021,6,24,7,0,62.73,123.1,165.2,0,24.18,0,0,5.62,0
2021,6,24,8,0,119.53,201.84,301.95,0,25.65,0,0,5.39,0
2021,6,24,9,0,158.15,280.83,457.48,0,26.89,0,0,5.5,0
2021,6,24,10,0,64.65,329.04,453.0,0,27.92,0,0,5.53,0
2021,6,24,11,0,84.26,394.94,591.6,0,28.83,0,0,5.38,0
2021,6,24,12,0,241.38,384.44,679.3,0,29.43,0,0,5.17,0
2021,6,24,13,0,338.46,292.72,604.88,0,29.77,0,0,5.04,0
2021,6,24,14,0,483.14,253.9,635.08,0,29.63,0,0,4.99,0
2021,6,24,15,0,219.26,304.34,473.73,0,29.26,0,0,4.95,0
2021,6,24,16,0,367.31,111.62,261.12,0,28.42,0,0,4.96,0
2021,6,24,17,0,350.44,65.3,141.8,0,26.86,0,0,4.63,0
2021,6,24,18,0,71.12,20.23,23.05,0,24.06,0,0,4.87,0
2021,6,24,19,0,0.0,0.0,0.0,0,22.35,0,0,5.93,0
2021,6,24,20,0,0.0,0.0,0.0,0,21.47,0,0,5.82,0
2021,6,24,21,0,0.0,0.0,0.0,0,20.42,0,0,5.3,0
2021,6,24,22,0,0.0,0.0,0.0,0,19.54,0,0,4.82,0
2021,6,24,23,0,0.0,0.0,0.0,0,18.78,0,0,4.52,0
2021,6,25,0,0,0.0,0.0,0.0,0,18.17,0,0,4.48,0
2021,6,25,1,0,0.0,0.0,0.0,0,17.61,0,0,4.22,0
2021,6,25,2,0,0.0,0.0,0.0,0,17.06,0,0,3.64,0
2021,6,25,3,0,0.0,0.0,0.0,0,16.62,0,0,3.46,0
2021,6,25,4,0,6.14,8.14,5.47,0,16.35,0,0,3.76,0
2021,6,25,5,0,126.32,63.93,83.68,0,18.37,0,0,3.19,0
2021,6,25,6,0,144.1,156.36,209.93,0,20.66,0,0,2.72,0
2021,6,25,7,0,137.59,311.99,382.52,0,23.69,0,0,4.12,0
2021,6,25,8,0,629.82,394.18,605.35,0,25.57,0,0,4.26,0
2021,6,25,9,0,1038.54,438.07,776.4,0,27.16,0,0,3.88,0
2021,6,25,10,0,556.38,268.74,913.85,0,28.46,0,0,3.14,0
2021,6,25,11,0,264.58,411.96,824.95,0,29.47,0,0,2.52,0
2021,6,25,12,0,616.2,489.27,825.33,0,30.12,0,0,2.48,0
2021,6,25,13,0,60.2,473.25,623.4,0,30.37,0,0,2.73,0
2021,6,25,14,0,368.97,287.45,554.58,0,30.25,0,0,3.05,0
2021,6,25,15,0,485.65,162.4,438.75,0,29.76,0,0,3.39,0
2021,6,25,16,0,400.42,112.53,288.27,0,28.86,0,0,3.8,0
2021,6,25,17,0,305.02,75.24,150.23,0,27.12,0,0,4.17,0
2021,6,25,18,0,54.41,20.74,23.58,0,23.2,0,0,4.78,0
2021,6,25,19,0,0.0,0.0,0.0,0,21.04,0,0,5.69,0
2021,6,25,20,0,0.0,0.0,0.0,0,20.09,0,0,5.99,0
2021,6,25,21,0,0.0,0.0,0.0,0,19.14,0,0,5.63,0
2021,6,25,22,0,0.0,0.0,0.0,0,18.42,0,0,5.14,0
2021,6,25,23,0,0.0,0.0,0.0,0,17.88,0,0,4.96,0
2021,6,26,0,0,0.0,0.0,0.0,0,17.48,0,0,5.15,0
2021,6,26,1,0,0.0,0.0,0.0,0,17.17,0,0,5.58,0
2021,6,26,2,0,0.0,0.0,0.0,0,16.98,0,0,5.9,0
2021,6,26,3,0,0.0,0.0,0.0,0,16.91,0,0,5.84,0
2021,6,26,4,0,0.76,8.07,5.2,0,16.7,0,0,5.46,0
2021,6,26,5,0,80.66,75.04,87.55,0,18.61,0,0,4.13,0
2021,6,26,6,0,253.96,154.61,238.18,0,21.19,0,0,2.92,0
2021,6,26,7,0,468.3,232.18,401.02,0,24.88,0,0,4.3,0
2021,6,26,8,0,465.2,247.74,596.75,0,26.93,0,0,4.29,0
2021,6,26,9,0,430.2,284.04,632.55,0,28.35,0,0,4.26,0
2021,6,26,10,0,507.71,246.73,724.55,0,29.55,0,0,4.22,0
2021,6,26,11,0,312.74,372.03,778.65,0,30.48,0,0,4.19,0
2021,6,26,12,0,462.22,281.36,737.05,0,31.11,0,0,4.15,0
2021,6,26,13,0,453.43,277.35,684.0,0,31.38,0,0,4.1,0
2021,6,26,14,0,406.43,228.44,550.45,0,31.31,0,0,4.02,0
2021,6,26,15,0,358.48,178.88,377.83,0,31.01,0,0,4.01,0
2021,6,26,16,0,289.88,117.53,239.9,0,30.25,0,0,4.19,0
2021,6,26,17,0,157.13,79.01,116.3,0,28.67,0,0,4.21,0
2021,6,26,18,0,14.5,18.31,17.8,0,25.46,0,0,4.49,0
2021,6,26,19,0,0.0,0.0,0.0,0,23.63,0,0,5.12,0
2021,6,26,20,0,0.0,0.0,0.0,0,22.91,0,0,5.35,0
2021,6,26,21,0,0.0,0.0,0.0,0,22.32,0,0,5.32,0
2021,6,26,22,0,0.0,0.0,0.0,0,21.89,0,0,5.23,0
2021,6,26,23,0,0.0,0.0,0.0,0,21.52,0,0,4.93,0
2021,6,27,0,0,0.0,0.0,0.0,0,21.15,0,0,4.64,0
2021,6,27,1,0,0.0,0.0,0.0,0,20.77,0,0,4.44,0
2021,6,27,2,0,0.0,0.0,0.0,0,20.45,0,0,4.38,0
2021,6,27,3,0,0.0,0.0,0.0,0,20.29,0,0,4.32,0
2021,6,27,4,0,1.68,7.32,4.72,0,20.53,0,0,4.26,0
2021,6,27,5,0,140.99,55.62,81.53,0,21.95,0,0,3.64,0
2021,6,27,6,0,309.6,98.29,212.07,0,23.56,0,0,3.17,0
2021,6,27,7,0,415.25,119.75,351.25,0,25.53,0,0,2.99,0
2021,6,27,8,0,356.65,202.98,456.88,0,27.71,0,0,2.78,0
2021,6,27,9,0,447.79,248.97,647.28,0,29.36,0,0,3.04,0
2021,6,27,10,0,585.3,153.16,643.0,0,30.63,0,0,3.44,0
2021,6,27,11,0,486.89,279.21,787.53,0,31.63,0,0,3.72,0
2021,6,27,12,0,366.41,369.85,808.38,0,32.32,0,0,3.93,0
2021,6,27,13,0,451.09,322.23,758.55,0,32.69,0,0,4.15,0
2021,6,27,14,0,570.88,209.24,667.6,0,32.62,0,0,4.34,0
2021,6,27,15,0,580.66,162.73,538.3,0,32.25,0,0,4.48,0
2021,6,27,16,0,450.2,131.2,332.75,0,31.08,0,0,4.71,0
2021,6,27,17,0,254.16,92.53,154.3,0,29.21,0,0,4.62,0
2021,6,27,18,0,16.21,21.59,21.48,0,26.33,0,0,4.87,0
2021,6,27,19,0,0.0,0.0,0.0,0,24.59,0,0,5.12,0
2021,6,27,20,0,0.0,0.0,0.0,0,23.89,0,0,4.64,0
2021,6,27,21,0,0.0,0.0,0.0,0,23.12,0,0,4.19,0
2021,6,27,22,0,0.0,0.0,0.0,0,22.29,0,0,4.27,0
2021,6,27,23,0,0.0,0.0,0.0,0,21.68,0,0,4.75,0
2021,6,28,0,0,0.0,0.0,0.0,0,21.19,0,0,5.19,0
2021,6,28,1,0,0.0,0.0,0.0,0,20.72,0,0,5.18,0
2021,6,28,2,0,0.0,0.0,0.0,0,20.17,0,0,4.89,0
2021,6,28,3,0,0.0,0.0,0.0,0,19.63,0,0,4.19,0
2021,6,28,4,0,7.48,7.54,5.03,0,19.48,0,0,3.58,0
2021,6,28,5,0,173.78,71.25,98.47,0,21.61,0,0,2.4,0
2021,6,28,6,0,267.02,159.47,257.0,0,24.09,0,0,2.08,0
2021,6,28,7,0,412.72,212.77,442.15,0,26.6,0,0,2.62,0
2021,6,28,8,0,506.62,239.24,605.67,0,28.44,0,0,3.3,0
2021,6,28,9,0,454.42,351.91,732.15,0,29.69,0,0,3.57,0
2021,6,28,10,0,554.76,303.94,836.62,0,30.71,0,0,3.78,0
2021,6,28,11,0,439.65,412.92,886.9,0,31.44,0,0,3.82,0
2021,6,28,12,0,543.43,366.67,854.12,0,31.88,0,0,3.67,0
2021,6,28,13,0,327.63,401.71,734.05,0,32.06,0,0,3.46,0
2021,6,28,14,0,247.51,365.91,592.72,0,32.12,0,0,3.32,0
2021,6,28,15,0,200.7,305.07,435.67,0,32.04,0,0,3.34,0
2021,6,28,16,0,134.51,204.83,271.88,0,31.2,0,0,3.38,0
2021,6,28,17,0,117.14,100.12,134.15,0,30.12,0,0,3.21,0
2021,6,28,18,0,20.76,23.95,22.58,0,27.61,0,0,2.61,0
2021,6,28,19,0,0.0,0.0,0.0,0,26.54,0,0,2.43,0
2021,6,28,20,0,0.0,0.0,0.0,0,25.63,0,0,2.54,0
2021,6,28,21,0,0.0,0.0,0.0,0,24.96,0,0,2.35,0
2021,6,28,22,0,0.0,0.0,0.0,0,24.55,0,0,1.98,0
2021,6,28,23,0,0.0,0.0,0.0,0,24.0,0,0,2.42,0
2021,6,29,0,0,0.0,0.0,0.0,0,23.09,0,0,3.55,0
2021,6,29,1,0,0.0,0.0,0.0,0,22.29,0,0,4.55,0
2021,6,29,2,0,0.0,0.0,0.0,0,22.06,0,0,5.01,0
2021,6,29,3,0,0.0,0.0,0.0,0,21.91,0,0,4.87,0
2021,6,29,4,0,0.0,4.09,3.0,0,21.77,0,0,4.39,0
2021,6,29,5,0,16.57,38.25,43.35,0,22.58,0,0,3.75,0
2021,6,29,6,0,30.45,97.11,116.6,0,23.67,0,0,3.99,0
2021,6,29,7,0,77.16,151.2,203.35,0,24.38,0,0,4.35,0
2021,6,29,8,0,57.64,293.24,375.77,0,25.38,0,0,5.21,0
2021,6,29,9,0,81.85,334.77,482.02,0,26.66,0,0,5.88,0
2021,6,29,10,0,261.5,335.52,573.4,0,27.95,0,0,5.99,0
2021,6,29,11,0,373.74,329.55,749.4,0,29.32,0,0,5.77,0
2021,6,29,12,0,313.33,359.15,730.35,0,30.28,0,0,5.43,0
2021,6,29,13,0,457.23,265.95,665.6,0,30.74,0,0,5.15,0
2021,6,29,14,0,464.73,228.13,600.65,0,30.75,0,0,4.89,0
2021,6,29,15,0,525.14,172.52,516.15,0,30.38,0,0,4.61,0
2021,6,29,16,0,402.61,143.73,320.95,0,29.74,0,0,4.46,0
2021,6,29,17,0,229.52,97.09,155.93,0,28.44,0,0,4.19,0
2021,6,29,18,0,14.32,22.43,22.17,0,25.56,0,0,4.15,0
2021,6,29,19,0,0.0,0.0,0.0,0,23.88,0,0,4.29,0
2021,6,29,20,0,0.0,0.0,0.0,0,23.16,0,0,4.22,0
2021,6,29,21,0,0.0,0.0,0.0,0,22.54,0,0,3.96,0
2021,6,29,22,0,0.0,0.0,0.0,0,22.09,0,0,3.51,0
2021,6,29,23,0,0.0,0.0,0.0,0,21.75,0,0,3.01,0
2021,6,30,0,0,0.0,0.0,0.0,0,21.43,0,0,2.73,0
2021,6,30,1,0,0.0,0.0,0.0,0,20.99,0,0,2.74,0
2021,6,30,2,0,0.0,0.0,0.0,0,20.64,0,0,2.95,0
2021,6,30,3,0,0.0,0.0,0.0,0,20.4,0,0,3.04,0
2021,6,30,4,0,3.9,7.99,4.95,0,20.22,0,0,2.97,0
2021,6,30,5,0,186.18,63.06,96.43,0,22.0,0,0,2.22,0
2021,6,30,6,0,380.08,118.88,258.1,0,24.29,0,0,1.4,0
2021,6,30,7,0,491.61,164.13,453.67,0,26.91,0,0,1.66,0
2021,6,30,8,0,498.82,206.71,591.6,0,28.67,0,0,2.23,0
2021,6,30,9,0,283.86,376.58,669.88,0,29.95,0,0,2.71,0
2021,6,30,10,0,493.27,278.48,736.47,0,31.0,0,0,2.92,0
2021,6,30,11,0,242.44,432.1,767.53,0,31.83,0,0,3.0,0
2021,6,30,12,0,530.44,306.08,840.58,0,32.31,0,0,3.07,0
2021,6,30,13,0,575.71,243.55,775.12,0,32.43,0,0,3.18,0
2021,6,30,14,0,519.4,221.72,639.42,0,32.05,0,0,3.33,0
2021,6,30,15,0,496.13,166.75,486.8,0,31.39,0,0,3.57,0
2021,6,30,16,0,390.14,132.43,310.1,0,30.35,0,0,3.93,0
2021,6,30,17,0,233.76,85.56,147.93,0,28.73,0,0,4.12,0
2021,6,30,18,0,7.36,14.82,13.75,0,26.12,0,0,5.03,0
2021,6,30,19,0,0.0,0.0,0.0,0,24.42,0,0,5.71,0
2021,6,30,20,0,0.0,0.0,0.0,0,23.49,0,0,5.12,0
2021,6,30,21,0,0.0,0.0,0.0,0,22.73,0,0,4.56,0
2021,6,30,22,0,0.0,0.0,0.0,0,22.07,0,0,4.04,0
2021,6,30,23,0,0.0,0.0,0.0,0,21.5,0,0,3.61,0
2021,7,1,0,0,0.0,0.0,0.0,0,21.07,0,0,3.33,0
2021,7,1,1,0,0.0,0.0,0.0,0,20.74,0,0,3.06,0
2021,7,1,2,0,0.0,0.0,0.0,0,20.5,0,0,2.81,0
2021,7,1,3,0,0.0,0.0,0.0,0,20.33,0,0,2.63,0
2021,7,1,4,0,3.22,7.2,4.45,0,20.27,0,0,2.67,0
2021,7,1,5,0,165.81,58.26,88.8,0,21.97,0,0,2.47,0
2021,7,1,6,0,301.15,121.02,238.57,0,24.06,0,0,2.85,0
2021,7,1,7,0,461.95,148.14,404.48,0,25.94,0,0,2.75,0
2021,7,1,8,0,541.29,193.42,589.9,0,27.9,0,0,2.79,0
2021,7,1,9,0,559.31,375.45,758.17,0,29.42,0,0,2.92,0
2021,7,1,10,0,340.33,416.31,808.4,0,30.49,0,0,2.98,0
2021,7,1,11,0,166.04,460.8,784.62,0,31.31,0,0,3.0,0
2021,7,1,12,0,121.67,487.95,710.3,0,31.72,0,0,3.06,0
2021,7,1,13,0,242.84,404.21,680.7,0,31.56,0,0,3.25,0
2021,7,1,14,0,306.03,321.77,568.42,0,30.82,0,0,3.4,0
2021,7,1,15,0,293.02,263.78,450.3,0,29.81,0,0,3.41,0
2021,7,1,16,0,113.13,218.47,277.45,0,28.57,0,0,3.35,0
2021,7,1,17,0,40.07,105.92,125.88,0,27.29,0,0,3.31,0
2021,7,1,18,0,1.65,20.13,18.4,0,25.68,0,0,3.44,0
2021,7,1,19,0,0.0,0.0,0.0,0,24.63,0,0,4.04,0
2021,7,1,20,0,0.0,0.0,0.0,0,24.03,0,0,4.7,0
2021,7,1,21,0,0.0,0.0,0.0,0,23.49,0,0,5.34,0
2021,7,1,22,0,0.0,0.0,0.0,0,22.88,0,0,4.89,0
2021,7,1,23,0,0.0,0.0,0.0,0,22.45,0,0,4.36,0
2021,7,2,0,0,0.0,0.0,0.0,0,22.18,0,0,4.01,0
2021,7,2,1,0,0.0,0.0,0.0,0,22.0,0,0,3.79,0
2021,7,2,2,0,0.0,0.0,0.0,0,21.83,0,0,3.7,0
2021,7,2,3,0,0.0,0.0,0.0,0,21.68,0,0,3.68,0
2021,7,2,4,0,0.0,2.35,2.05,0,21.59,0,0,3.65,0
2021,7,2,5,0,0.0,22.79,26.05,0,22.08,0,0,3.17,0
2021,7,2,6,0,0.0,57.17,65.8,0,22.64,0,0,2.58,0
2021,7,2,7,0,0.0,90.89,104.65,0,23.38,0,0,3.47,0
2021,7,2,8,0,0.0,133.01,157.25,0,23.94,0,0,3.3,0
2021,7,2,9,0,0.0,194.79,241.2,0,24.47,0,0,3.12,0
2021,7,2,10,0,0.0,174.3,216.5,0,25.06,0,0,3.13,0
2021,7,2,11,0,0.0,283.38,360.6,0,25.62,0,0,3.34,0
2021,7,2,12,0,9.64,351.92,442.83,0,26.04,0,0,3.41,0
2021,7,2,13,0,3.75,328.35,409.3,0,26.33,0,0,3.18,0
2021,7,2,14,0,36.37,279.21,362.67,0,26.45,0,0,2.87,0
2021,7,2,15,0,68.74,235.15,319.88,0,26.25,0,0,2.93,0
2021,7,2,16,0,47.73,162.55,204.8,0,25.8,0,0,2.79,0
2021,7,2,17,0,37.47,85.38,99.75,0,25.27,0,0,2.47,0
2021,7,2,18,0,6.09,18.27,16.4,0,24.04,0,0,2.64,0
2021,7,2,19,0,0.0,0.0,0.0,0,22.86,0,0,3.04,0
2021,7,2,20,0,0.0,0.0,0.0,0,22.22,0,0,3.41,0
2021,7,2,21,0,0.0,0.0,0.0,0,21.49,0,0,3.65,0
2021,7,2,22,0,0.0,0.0,0.0,0,20.74,0,0,4.24,0
2021,7,2,23,0,0.0,0.0,0.0,0,20.16,0,0,5.08,0
2021,7,3,0,0,0.0,0.0,0.0,0,19.67,0,0,5.28,0
2021,7,3,1,0,0.0,0.0,0.0,0,19.04,0,0,4.98,0
2021,7,3,2,0,0.0,0.0,0.0,0,18.48,0,0,4.88,0
2021,7,3,3,0,0.0,0.0,0.0,0,17.95,0,0,4.85,0
2021,7,3,4,0,1.23,5.68,3.88,0,17.55,0,0,4.82,0
2021,7,3,5,0,116.25,67.38,88.03,0,18.91,0,0,3.86,0
2021,7,3,6,0,334.4,135.15,256.48,0,21.0,0,0,4.15,0
2021,7,3,7,0,620.14,137.23,483.58,0,23.71,0,0,4.19,0
2021,7,3,8,0,776.87,131.14,695.28,0,26.06,0,0,2.37,0
2021,7,3,9,0,803.11,151.1,849.83,0,27.72,0,0,1.79,0
2021,7,3,10,0,722.74,231.59,924.58,0,28.84,0,0,1.82,0
2021,7,3,11,0,620.48,279.46,919.95,0,29.69,0,0,1.82,0
2021,7,3,12,0,538.91,324.83,889.38,0,30.16,0,0,1.83,0
2021,7,3,13,0,563.32,227.65,727.53,0,30.36,0,0,1.8,0
2021,7,3,14,0,503.12,252.62,667.58,0,30.2,0,0,1.71,0
2021,7,3,15,0,458.06,198.75,506.58,0,29.67,0,0,1.7,0
2021,7,3,16,0,345.93,153.99,317.52,0,29.01,0,0,1.7,0
2021,7,3,17,0,209.93,90.06,147.25,0,27.85,0,0,1.77,0
2021,7,3,18,0,21.92,19.82,20.7,0,24.18,0,0,2.5,0
2021,7,3,19,0,0.0,0.0,0.0,0,21.78,0,0,3.56,0
2021,7,3,20,0,0.0,0.0,0.0,0,20.43,0,0,4.35,0
2021,7,3,21,0,0.0,0.0,0.0,0,19.42,0,0,4.79,0
2021,7,3,22,0,0.0,0.0,0.0,0,18.68,0,0,4.92,0
2021,7,3,23,0,0.0,0.0,0.0,0,18.08,0,0,4.86,0
2021,7,4,0,0,0.0,0.0,0.0,0,17.55,0,0,4.72,0
2021,7,4,1,0,0.0,0.0,0.0,0,17.06,0,0,4.58,0
2021,7,4,2,0,0.0,0.0,0.0,0,16.59,0,0,4.48,0
2021,7,4,3,0,0.0,0.0,0.0,0,16.14,0,0,4.26,0
2021,7,4,4,0,2.78,5.7,3.9,0,15.88,0,0,4.13,0
2021,7,4,5,0,186.62,58.9,93.4,0,18.18,0,0,3.47,0
2021,7,4,6,0,380.69,117.15,267.08,0,20.62,0,0,1.85,0
2021,7,4,7,0,548.67,139.88,469.05,0,24.85,0,0,2.11,0
2021,7,4,8,0,650.87,170.2,661.5,0,27.1,0,0,1.8,0
2021,7,4,9,0,646.6,229.56,802.58,0,28.61,0,0,1.63,0
2021,7,4,10,0,522.36,299.64,816.85,0,29.86,0,0,1.45,0
2021,7,4,11,0,718.1,231.24,958.28,0,30.96,0,0,1.2,0
2021,7,4,12,0,609.34,313.25,901.1,0,31.72,0,0,0.93,0
2021,7,4,13,0,604.31,277.34,839.62,0,32.11,0,0,0.67,0
2021,7,4,14,0,544.72,237.2,692.05,0,32.07,0,0,0.28,0
2021,7,4,15,0,456.81,215.51,518.28,0,31.58,0,0,0.21,0
2021,7,4,16,0,403.51,138.95,321.8,0,30.92,0,0,0.48,0
2021,7,4,17,0,245.78,87.42,153.43,0,29.56,0,0,0.64,0
2021,7,4,18,0,25.32,20.01,20.98,0,27.35,0,0,0.86,0
2021,7,4,19,0,0.0,0.0,0.0,0,26.26,0,0,0.84,0
2021,7,4,20,0,0.0,0.0,0.0,0,25.5,0,0,0.71,0
2021,7,4,21,0,0.0,0.0,0.0,0,24.59,0,0,0.77,0
2021,7,4,22,0,0.0,0.0,0.0,0,23.18,0,0,1.17,0
2021,7,4,23,0,0.0,0.0,0.0,0,22.21,0,0,1.85,0
2021,7,5,0,0,0.0,0.0,0.0,0,20.96,0,0,2.58,0
2021,7,5,1,0,0.0,0.0,0.0,0,19.89,0,0,3.11,0
2021,7,5,2,0,0.0,0.0,0.0,0,18.97,0,0,3.51,0
2021,7,5,3,0,0.0,0.0,0.0,0,18.38,0,0,3.58,0
2021,7,5,4,0,4.23,5.68,3.9,0,18.18,0,0,3.38,0
2021,7,5,5,0,212.35,58.06,95.78,0,20.4,0,0,2.73,0
2021,7,5,6,0,377.35,117.78,266.25,0,23.1,0,0,1.38,0
2021,7,5,7,0,566.3,149.92,476.92,0,27.13,0,0,2.45,0
2021,7,5,8,0,644.83,173.31,660.53,0,29.14,0,0,2.81,0
2021,7,5,9,0,683.56,201.37,810.47,0,30.35,0,0,2.9,0
2021,7,5,10,0,475.79,340.16,828.05,0,31.44,0,0,2.96,0
2021,7,5,11,0,491.66,347.45,861.88,0,32.34,0,0,3.01,0
2021,7,5,12,0,492.33,320.4,864.12,0,32.94,0,0,3.05,0
2021,7,5,13,0,412.36,341.68,766.85,0,33.16,0,0,3.06,0
2021,7,5,14,0,181.49,376.42,578.97,0,32.97,0,0,3.12,0
2021,7,5,15,0,104.6,301.28,383.77,0,32.44,0,0,3.32,0
2021,7,5,16,0,38.96,195.15,233.98,0,31.27,0,0,3.64,0
2021,7,5,17,0,15.85,90.92,103.8,0,29.35,0,0,3.95,0
2021,7,5,18,0,1.76,20.27,19.08,0,25.65,0,0,4.65,0
2021,7,5,19,0,0.0,0.0,0.0,0,23.76,0,0,5.37,0
2021,7,5,20,0,0.0,0.0,0.0,0,22.77,0,0,5.37,0
2021,7,5,21,0,0.0,0.0,0.0,0,21.91,0,0,5.05,0
2021,7,5,22,0,0.0,0.0,0.0,0,21.37,0,0,4.45,0
2021,7,5,23,0,0.0,0.0,0.0,0,21.03,0,0,3.58,0
2021,7,6,0,0,0.0,0.0,0.0,0,20.83,0,0,2.67,0
2021,7,6,1,0,0.0,0.0,0.0,0,20.95,0,0,2.04,0
2021,7,6,2,0,0.0,0.0,0.0,0,20.99,0,0,1.86,0
2021,7,6,3,0,0.0,0.0,0.0,0,20.71,0,0,2.19,0
2021,7,6,4,0,0.0,4.33,3.05,0,20.37,0,0,2.79,0
2021,7,6,5,0,10.72,58.71,65.15,0,21.56,0,0,2.94,0
2021,7,6,6,0,39.83,162.27,188.05,0,23.15,0,0,2.44,0
2021,7,6,7,0,96.34,253.47,341.35,0,24.9,0,0,2.69,0
2021,7,6,8,0,76.32,370.64,475.65,0,26.72,0,0,3.1,0
2021,7,6,9,0,160.41,391.36,569.55,0,28.49,0,0,3.69,0
2021,7,6,10,0,313.21,378.2,588.47,0,29.34,0,0,3.88,0
2021,7,6,11,0,247.51,434.32,609.65,0,29.29,0,0,3.83,0
2021,7,6,12,0,228.12,459.22,672.6,0,28.96,0,0,3.85,0
2021,7,6,13,0,541.35,260.29,719.75,0,28.44,0,0,3.98,0
2021,7,6,14,0,441.94,286.01,661.83,0,27.66,0,0,4.09,0
2021,7,6,15,0,315.41,254.91,476.4,0,26.67,0,0,3.91,0
2021,7,6,16,0,186.3,195.32,283.95,0,25.89,0,0,3.51,0
2021,7,6,17,0,85.05,102.74,132.12,0,24.58,0,0,3.13,0
2021,7,6,18,0,3.8,19.05,16.92,0,22.64,0,0,2.95,0
2021,7,6,19,0,0.0,0.0,0.0,0,21.68,0,0,3.39,0
2021,7,6,20,0,0.0,0.0,0.0,0,21.36,0,0,3.91,0
2021,7,6,21,0,0.0,0.0,0.0,0,21.07,0,0,3.93,0
2021,7,6,22,0,0.0,0.0,0.0,0,20.86,0,0,3.29,0
2021,7,6,23,0,0.0,0.0,0.0,0,20.83,0,0,2.41,0
2021,7,7,0,0,0.0,0.0,0.0,0,20.83,0,0,1.61,0
2021,7,7,1,0,0.0,0.0,0.0,0,20.6,0,0,1.35,0
2021,7,7,2,0,0.0,0.0,0.0,0,20.2,0,0,1.69,0
2021,7,7,3,0,0.0,0.0,0.0,0,19.92,0,0,2.2,0
2021,7,7,4,0,0.0,2.63,2.3,0,19.83,0,0,2.71,0
2021,7,7,5,0,10.74,58.41,63.78,0,20.55,0,0,3.03,0
2021,7,7,6,0,8.35,137.61,160.75,0,21.3,0,0,2.64,0
2021,7,7,7,0,11.11,239.12,275.02,0,22.28,0,0,2.33,0
2021,7,7,8,0,33.38,337.17,423.83,0,24.46,0,0,3.31,0
2021,7,7,9,0,205.13,391.76,532.53,0,26.87,0,0,3.5,0
2021,7,7,10,0,162.42,454.96,701.22,0,28.28,0,0,3.29,0
2021,7,7,11,0,239.75,414.48,671.1,0,29.03,0,0,3.04,0
2021,7,7,12,0,40.12,460.15,585.28,0,29.24,0,0,2.88,0
2021,7,7,13,0,44.97,325.43,414.75,0,29.43,0,0,2.81,0
2021,7,7,14,0,28.2,283.75,366.3,0,29.28,0,0,2.79,0
2021,7,7,15,0,20.13,212.52,255.07,0,29.05,0,0,3.05,0
2021,7,7,16,0,4.47,132.0,155.65,0,28.08,0,0,3.3,0
2021,7,7,17,0,8.22,69.69,80.9,0,26.69,0,0,3.0,0
2021,7,7,18,0,0.0,11.98,11.77,0,24.45,0,0,2.92,0
2021,7,7,19,0,0.0,0.0,0.0,0,23.19,0,0,3.61,0
2021,7,7,20,0,0.0,0.0,0.0,0,22.49,0,0,4.3,0
2021,7,7,21,0,0.0,0.0,0.0,0,21.9,0,0,4.59,0
2021,7,7,22,0,0.0,0.0,0.0,0,21.4,0,0,4.5,0
2021,7,7,23,0,0.0,0.0,0.0,0,20.8,0,0,4.28,0
2021,7,8,0,0,0.0,0.0,0.0,0,20.33,0,0,4.0,0
2021,7,8,1,0,0.0,0.0,0.0,0,20.0,0,0,3.79,0
2021,7,8,2,0,0.0,0.0,0.0,0,19.73,0,0,3.81,0
2021,7,8,3,0,0.0,0.0,0.0,0,19.5,0,0,4.0,0
2021,7,8,4,0,0.0,2.76,2.0,0,19.4,0,0,4.13,0
2021,7,8,5,0,14.38,50.96,59.33,0,20.48,0,0,3.31,0
2021,7,8,6,0,47.34,150.85,177.43,0,22.29,0,0,2.81,0
2021,7,8,7,0,127.55,231.66,338.45,0,25.03,0,0,3.5,0
2021,7,8,8,0,230.5,312.79,511.75,0,27.71,0,0,3.48,0
2021,7,8,9,0,325.77,353.93,684.03,0,29.38,0,0,3.23,0
2021,7,8,10,0,311.53,390.16,752.62,0,30.52,0,0,3.19,0
2021,7,8,11,0,215.03,384.08,690.55,0,30.82,0,0,3.71,0
2021,7,8,12,0,253.42,379.76,690.85,0,29.84,0,0,4.51,0
2021,7,8,13,0,346.38,309.89,638.92,0,29.14,0,0,4.94,0
2021,7,8,14,0,360.32,278.0,585.67,0,29.39,0,0,4.84,0
2021,7,8,15,0,362.45,223.48,474.95,0,29.58,0,0,4.68,0
2021,7,8,16,0,280.07,159.63,293.35,0,29.28,0,0,4.56,0
2021,7,8,17,0,159.55,97.95,140.85,0,28.22,0,0,4.24,0
2021,7,8,18,0,12.55,23.55,20.6,0,25.78,0,0,4.6,0
2021,7,8,19,0,0.0,0.0,0.0,0,24.72,0,0,5.62,0
2021,7,8,20,0,0.0,0.0,0.0,0,24.21,0,0,5.63,0
2021,7,8,21,0,0.0,0.0,0.0,0,23.57,0,0,5.66,0
2021,7,8,22,0,0.0,0.0,0.0,0,23.09,0,0,5.47,0
2021,7,8,23,0,0.0,0.0,0.0,0,22.71,0,0,5.27,0
2021,7,9,0,0,0.0,0.0,0.0,0,22.35,0,0,5.09,0
2021,7,9,1,0,0.0,0.0,0.0,0,21.95,0,0,4.92,0
2021,7,9,2,0,0.0,0.0,0.0,0,21.55,0,0,4.6,0
2021,7,9,3,0,0.0,0.0,0.0,0,21.39,0,0,4.54,0
2021,7,9,4,0,1.06,3.8,2.4,0,21.35,0,0,4.52,0
2021,7,9,5,0,64.7,51.82,62.12,0,22.74,0,0,3.56,0
2021,7,9,6,0,198.27,128.33,201.32,0,24.49,0,0,4.05,0
2021,7,9,7,0,289.29,178.67,350.67,0,26.51,0,0,5.55,0
2021,7,9,8,0,355.32,241.06,532.42,0,28.46,0,0,5.78,0
2021,7,9,9,0,485.21,249.73,693.17,0,29.92,0,0,5.09,0
2021,7,9,10,0,476.95,252.25,698.03,0,30.92,0,0,4.72,0
2021,7,9,11,0,412.52,344.45,798.55,0,31.55,0,0,4.96,0
2021,7,9,12,0,299.3,326.75,683.42,0,31.82,0,0,5.26,0
2021,7,9,13,0,193.68,298.5,514.03,0,31.47,0,0,5.28,0
2021,7,9,14,0,136.71,263.13,415.4,0,31.1,0,0,5.15,0
2021,7,9,15,0,181.47,243.07,388.48,0,30.28,0,0,5.32,0
2021,7,9,16,0,107.89,174.81,235.7,0,28.94,0,0,4.92,0
2021,7,9,17,0,41.16,87.16,106.2,0,27.38,0,0,4.35,0
2021,7,9,18,0,4.69,18.25,17.23,0,25.21,0,0,4.32,0
2021,7,9,19,0,0.0,0.0,0.0,0,23.89,0,0,4.49,0
2021,7,9,20,0,0.0,0.0,0.0,0,23.22,0,0,4.42,0
2021,7,9,21,0,0.0,0.0,0.0,0,22.83,0,0,4.28,0
2021,7,9,22,0,0.0,0.0,0.0,0,22.57,0,0,4.09,0
2021,7,9,23,0,0.0,0.0,0.0,0,22.35,0,0,4.3,0
2021,7,10,0,0,0.0,0.0,0.0,0,22.12,0,0,4.58,0
2021,7,10,1,0,0.0,0.0,0.0,0,21.88,0,0,4.67,0
2021,7,10,2,0,0.0,0.0,0.0,0,21.68,0,0,4.52,0
2021,7,10,3,0,0.0,0.0,0.0,0,21.56,0,0,4.54,0
2021,7,10,4,0,0.91,4.23,2.83,0,21.5,0,0,4.66,0
2021,7,10,5,0,88.92,57.43,74.55,0,22.28,0,0,4.6,0
2021,7,10,6,0,289.99,119.46,227.15,0,23.13,0,0,4.8,0
2021,7,10,7,0,402.82,180.55,416.62,0,24.27,0,0,4.65,0
2021,7,10,8,0,471.76,217.02,589.75,0,26.15,0,0,4.66,0
2021,7,10,9,0,492.18,198.89,608.78,0,28.13,0,0,4.35,0
2021,7,10,10,0,507.33,311.98,780.4,0,29.33,0,0,3.79,0
2021,7,10,11,0,608.23,238.76,840.22,0,30.05,0,0,3.36,0
2021,7,10,12,0,563.59,244.49,775.83,0,30.72,0,0,3.13,0
2021,7,10,13,0,469.88,255.59,689.78,0,31.15,0,0,3.13,0
2021,7,10,14,0,425.14,240.31,587.42,0,31.13,0,0,3.2,0
2021,7,10,15,0,223.1,243.42,406.55,0,30.8,0,0,3.16,0
2021,7,10,16,0,131.29,191.53,248.93,0,30.08,0,0,3.37,0
2021,7,10,17,0,61.26,95.1,115.6,0,28.68,0,0,3.62,0
2021,7,10,18,0,5.99,19.33,17.02,0,25.72,0,0,4.14,0
2021,7,10,19,0,0.0,0.0,0.0,0,24.25,0,0,4.95,0
2021,7,10,20,0,0.0,0.0,0.0,0,23.69,0,0,5.02,0
2021,7,10,21,0,0.0,0.0,0.0,0,23.1,0,0,4.67,0
2021,7,10,22,0,0.0,0.0,0.0,0,22.56,0,0,4.4,0
2021,7,10,23,0,0.0,0.0,0.0,0,22.08,0,0,4.34,0
2021,7,11,0,0,0.0,0.0,0.0,0,21.64,0,0,4.36,0
2021,7,11,1,0,0.0,0.0,0.0,0,21.23,0,0,4.24,0
2021,7,11,2,0,0.0,0.0,0.0,0,20.85,0,0,4.07,0
2021,7,11,3,0,0.0,0.0,0.0,0,20.55,0,0,4.09,0
2021,7,11,4,0,0.0,0.0,0.0,0,20.56,0,0,4.34,0
2021,7,11,5,0,67.16,51.01,60.78,0,21.73,0,0,3.61,0
2021,7,11,6,0,167.25,75.83,131.6,0,23.33,0,0,3.94,0
2021,7,11,7,0,186.0,96.55,191.52,0,25.33,0,0,4.7,0
2021,7,11,8,0,349.08,107.73,316.67,0,27.35,0,0,5.48,0
2021,7,11,9,0,268.9,209.53,401.3,0,28.67,0,0,6.25,0
2021,7,11,10,0,364.1,285.82,627.72,0,28.95,0,0,6.59,0
2021,7,11,11,0,320.88,374.13,748.58,0,29.11,0,0,6.74,0
2021,7,11,12,0,192.5,387.13,665.58,0,29.46,0,0,6.88,0
2021,7,11,13,0,40.05,359.63,471.9,0,29.22,0,0,6.9,0
2021,7,11,14,0,3.79,184.61,224.55,0,28.44,0,0,6.66,0
2021,7,11,15,0,0.44,237.52,281.3,0,27.61,0,0,6.17,0
2021,7,11,16,0,10.41,160.86,187.57,0,26.74,0,0,5.5,0
2021,7,11,17,0,8.87,79.84,93.05,0,25.59,0,0,4.95,0
2021,7,11,18,0,2.92,16.61,14.88,0,24.05,0,0,4.91,0
2021,7,11,19,0,0.0,0.0,0.0,0,23.09,0,0,4.89,0
2021,7,11,20,0,0.0,0.0,0.0,0,22.59,0,0,4.76,0
2021,7,11,21,0,0.0,0.0,0.0,0,22.25,0,0,4.76,0
2021,7,11,22,0,0.0,0.0,0.0,0,21.98,0,0,4.78,0
2021,7,11,23,0,0.0,0.0,0.0,0,21.69,0,0,4.74,0
2021,7,12,0,0,0.0,0.0,0.0,0,21.41,0,0,4.74,0
2021,7,12,1,0,0.0,0.0,0.0,0,21.21,0,0,4.76,0
2021,7,12,2,0,0.0,0.0,0.0,0,21.23,0,0,5.12,0
2021,7,12,3,0,0.0,0.0,0.0,0,21.24,0,0,5.27,0
2021,7,12,4,0,0.0,0.0,0.0,0,21.15,0,0,5.19,0
2021,7,12,5,0,36.94,53.36,63.72,0,21.97,0,0,4.51,0
2021,7,12,6,0,107.15,124.45,165.38,0,23.29,0,0,4.35,0
2021,7,12,7,0,174.95,232.42,347.58,0,24.97,0,0,4.53,0
2021,7,12,8,0,277.53,282.3,512.33,0,26.8,0,0,4.7,0
2021,7,12,9,0,219.2,482.2,635.78,0,27.95,0,0,4.87,0
2021,7,12,10,0,155.95,424.8,642.75,0,28.47,0,0,4.82,0
2021,7,12,11,0,92.52,461.61,666.22,0,28.77,0,0,4.75,0
2021,7,12,12,0,32.18,205.04,264.05,0,28.66,0,0,4.67,0
2021,7,12,13,0,13.42,319.97,401.0,0,28.13,0,0,4.67,0
2021,7,12,14,0,51.21,287.51,377.0,0,27.39,0,0,4.76,0
2021,7,12,15,0,45.63,300.82,370.1,0,26.42,0,0,4.65,0
2021,7,12,16,0,27.32,194.42,229.85,0,25.46,0,0,4.05,0
2021,7,12,17,0,11.51,89.97,106.35,0,24.44,0,0,3.53,0
2021,7,12,18,0,0.0,14.37,14.12,0,23.35,0,0,3.8,0
2021,7,12,19,0,0.0,0.0,0.0,0,22.8,0,0,4.05,0
2021,7,12,20,0,0.0,0.0,0.0,0,22.46,0,0,3.97,0
2021,7,12,21,0,0.0,0.0,0.0,0,22.14,0,0,4.16,0
2021,7,12,22,0,0.0,0.0,0.0,0,21.75,0,0,4.09,0
2021,7,12,23,0,0.0,0.0,0.0,0,21.34,0,0,3.97,0
2021,7,13,0,0,0.0,0.0,0.0,0,20.94,0,0,3.84,0
2021,7,13,1,0,0.0,0.0,0.0,0,20.47,0,0,3.65,0
2021,7,13,2,0,0.0,0.0,0.0,0,19.95,0,0,3.57,0
2021,7,13,3,0,0.0,0.0,0.0,0,19.58,0,0,3.56,0
2021,7,13,4,0,0.0,0.0,0.0,0,19.37,0,0,3.58,0
2021,7,13,5,0,18.09,38.17,43.95,0,20.84,0,0,2.92,0
2021,7,13,6,0,42.2,99.53,121.57,0,22.91,0,0,2.94,0
2021,7,13,7,0,90.83,171.99,231.23,0,24.53,0,0,3.48,0
2021,7,13,8,0,210.67,224.02,369.98,0,26.29,0,0,3.25,0
2021,7,13,9,0,187.28,362.01,582.15,0,27.89,0,0,2.88,0
2021,7,13,10,0,306.26,311.9,587.05,0,28.95,0,0,2.6,0
2021,7,13,11,0,245.62,400.85,735.75,0,29.74,0,0,2.5,0
2021,7,13,12,0,212.25,462.18,708.53,0,30.05,0,0,2.58,0
2021,7,13,13,0,454.42,317.45,774.05,0,29.78,0,0,2.76,0
2021,7,13,14,0,504.2,226.71,633.45,0,29.44,0,0,3.07,0
2021,7,13,15,0,421.1,203.18,482.08,0,28.98,0,0,3.37,0
2021,7,13,16,0,281.34,163.47,297.55,0,28.21,0,0,3.62,0
2021,7,13,17,0,104.42,101.84,131.8,0,27.02,0,0,3.81,0
2021,7,13,18,0,4.9,19.89,17.8,0,24.68,0,0,4.25,0
2021,7,13,19,0,0.0,0.0,0.0,0,23.51,0,0,4.71,0
2021,7,13,20,0,0.0,0.0,0.0,0,23.03,0,0,4.67,0
2021,7,13,21,0,0.0,0.0,0.0,0,22.54,0,0,4.36,0
2021,7,13,22,0,0.0,0.0,0.0,0,22.09,0,0,3.97,0
2021,7,13,23,0,0.0,0.0,0.0,0,21.69,0,0,3.61,0
2021,7,14,0,0,0.0,0.0,0.0,0,21.39,0,0,3.2,0
2021,7,14,1,0,0.0,0.0,0.0,0,21.14,0,0,2.72,0
2021,7,14,2,0,0.0,0.0,0.0,0,21.01,0,0,2.2,0
2021,7,14,3,0,0.0,0.0,0.0,0,20.92,0,0,1.85,0
2021,7,14,4,0,0.0,0.0,0.0,0,20.77,0,0,1.69,0
2021,7,14,5,0,57.99,60.65,75.38,0,22.11,0,0,1.21,0
2021,7,14,6,0,194.49,150.61,224.27,0,24.19,0,0,0.6,0
2021,7,14,7,0,363.29,195.21,416.55,0,27.2,0,0,1.28,0
2021,7,14,8,0,530.05,216.06,617.38,0,28.78,0,0,1.17,0
2021,7,14,9,0,535.45,259.52,728.72,0,29.9,0,0,0.89,0
2021,7,14,10,0,436.69,313.04,746.2,0,30.84,0,0,0.64,0
2021,7,14,11,0,474.82,337.63,795.7,0,31.53,0,0,0.77,0
2021,7,14,12,0,316.24,313.54,664.5,0,32.12,0,0,1.25,0
2021,7,14,13,0,426.97,282.96,669.67,0,32.34,0,0,1.52,0
2021,7,14,14,0,230.55,305.4,525.6,0,32.13,0,0,1.59,0
2021,7,14,15,0,317.98,212.89,407.45,0,31.5,0,0,1.5,0
2021,7,14,16,0,203.49,162.66,250.68,0,31.17,0,0,1.62,0
2021,7,14,17,0,76.93,90.79,111.53,0,30.05,0,0,1.88,0
2021,7,14,18,0,6.8,17.42,14.7,0,26.89,0,0,2.65,0
2021,7,14,19,0,0.0,0.0,0.0,0,24.94,0,0,3.5,0
2021,7,14,20,0,0.0,0.0,0.0,0,24.06,0,0,3.7,0
2021,7,14,21,0,0.0,0.0,0.0,0,23.36,0,0,3.68,0
2021,7,14,22,0,0.0,0.0,0.0,0,22.77,0,0,3.62,0
2021,7,14,23,0,0.0,0.0,0.0,0,22.26,0,0,3.48,0
2021,7,15,0,0,0.0,0.0,0.0,0,21.77,0,0,3.38,0
2021,7,15,1,0,0.0,0.0,0.0,0,21.36,0,0,3.23,0
2021,7,15,2,0,0.0,0.0,0.0,0,21.03,0,0,2.98,0
2021,7,15,3,0,0.0,0.0,0.0,0,20.78,0,0,2.7,0
2021,7,15,4,0,0.0,0.0,0.0,0,20.65,0,0,2.45,0
2021,7,15,5,0,133.85,56.37,84.05,0,22.32,0,0,1.96,0
2021,7,15,6,0,280.67,128.07,238.12,0,24.32,0,0,1.22,0
2021,7,15,7,0,506.46,160.52,451.4,0,27.87,0,0,1.81,0
2021,7,15,8,0,601.67,184.48,639.15,0,29.86,0,0,1.86,0
2021,7,15,9,0,631.29,205.86,747.42,0,31.25,0,0,1.78,0
2021,7,15,10,0,471.06,298.95,796.65,0,32.39,0,0,1.54,0
2021,7,15,11,0,469.96,297.55,806.12,0,33.35,0,0,1.31,0
2021,7,15,12,0,483.1,294.36,769.0,0,34.01,0,0,1.13,0
2021,7,15,13,0,466.93,272.44,716.4,0,34.3,0,0,0.93,0
2021,7,15,14,0,380.59,277.35,601.33,0,34.19,0,0,0.84,0
2021,7,15,15,0,392.76,247.84,499.7,0,33.56,0,0,1.05,0
2021,7,15,16,0,242.42,198.94,312.05,0,32.68,0,0,1.75,0
2021,7,15,17,0,121.07,116.31,140.25,0,30.62,0,0,2.67,0
2021,7,15,18,0,6.61,20.16,18.0,0,27.53,0,0,3.84,0
2021,7,15,19,0,0.0,0.0,0.0,0,25.98,0,0,4.67,0
2021,7,15,20,0,0.0,0.0,0.0,0,25.01,0,0,4.84,0
2021,7,15,21,0,0.0,0.0,0.0,0,24.06,0,0,4.5,0
2021,7,15,22,0,0.0,0.0,0.0,0,23.45,0,0,4.31,0
2021,7,15,23,0,0.0,0.0,0.0,0,23.04,0,0,4.18,0
2021,7,16,0,0,0.0,0.0,0.0,0,22.72,0,0,4.05,0
2021,7,16,1,0,0.0,0.0,0.0,0,22.4,0,0,3.94,0
2021,7,16,2,0,0.0,0.0,0.0,0,22.11,0,0,3.82,0
2021,7,16,3,0,0.0,0.0,0.0,0,21.79,0,0,3.56,0
2021,7,16,4,0,0.0,0.0,0.0,0,21.51,0,0,3.1,0
2021,7,16,5,0,17.6,40.71,46.7,0,22.89,0,0,2.3,0
2021,7,16,6,0,44.45,98.93,121.25,0,24.35,0,0,1.23,0
2021,7,16,7,0,74.78,159.72,205.32,0,27.35,0,0,1.14,0
2021,7,16,8,0,19.43,269.76,327.38,0,29.32,0,0,0.4,0
2021,7,16,9,0,57.73,325.32,408.73,0,30.63,0,0,1.01,0
2021,7,16,10,0,408.27,247.04,581.1,0,31.52,0,0,1.68,0
2021,7,16,11,0,559.69,268.63,813.75,0,32.14,0,0,2.16,0
2021,7,16,12,0,659.65,260.35,887.65,0,32.54,0,0,2.5,0
2021,7,16,13,0,660.16,210.56,808.4,0,32.46,0,0,2.71,0
2021,7,16,14,0,505.77,226.35,645.17,0,32.02,0,0,2.86,0
2021,7,16,15,0,434.54,180.89,450.35,0,31.28,0,0,3.06,0
2021,7,16,16,0,289.63,141.94,275.73,0,30.25,0,0,3.33,0
2021,7,16,17,0,153.35,91.8,129.62,0,28.6,0,0,3.56,0
2021,7,16,18,0,8.14,15.13,13.48,0,26.22,0,0,4.09,0
2021,7,16,19,0,0.0,0.0,0.0,0,25.04,0,0,4.61,0
2021,7,16,20,0,0.0,0.0,0.0,0,24.35,0,0,4.56,0
2021,7,16,21,0,0.0,0.0,0.0,0,23.74,0,0,4.19,0
2021,7,16,22,0,0.0,0.0,0.0,0,23.24,0,0,3.81,0
2021,7,16,23,0,0.0,0.0,0.0,0,22.79,0,0,3.5,0
2021,7,17,0,0,0.0,0.0,0.0,0,22.35,0,0,3.24,0
2021,7,17,1,0,0.0,0.0,0.0,0,21.95,0,0,3.02,0
2021,7,17,2,0,0.0,0.0,0.0,0,21.6,0,0,2.81,0
2021,7,17,3,0,0.0,0.0,0.0,0,21.34,0,0,2.67,0
2021,7,17,4,0,0.0,0.0,0.0,0,21.09,0,0,2.54,0
2021,7,17,5,0,166.29,51.74,84.85,0,22.5,0,0,2.03,0
2021,7,17,6,0,347.48,120.73,246.62,0,24.22,0,0,2.19,0
2021,7,17,7,0,487.89,162.03,433.0,0,26.75,0,0,2.91,0
2021,7,17,8,0,561.3,210.96,615.15,0,28.97,0,0,3.26,0
2021,7,17,9,0,604.24,256.01,751.53,0,30.67,0,0,3.62,0
2021,7,17,10,0,502.8,335.06,824.88,0,31.98,0,0,3.91,0
2021,7,17,11,0,353.24,418.63,786.6,0,32.95,0,0,4.18,0
2021,7,17,12,0,337.08,378.61,788.75,0,33.49,0,0,4.37,0
2021,7,17,13,0,348.03,371.32,714.72,0,33.4,0,0,4.46,0
2021,7,17,14,0,261.36,309.99,535.22,0,32.8,0,0,4.51,0
2021,7,17,15,0,43.29,264.38,327.83,0,31.7,0,0,4.61,0
2021,7,17,16,0,16.75,165.26,197.38,0,30.11,0,0,4.59,0
2021,7,17,17,0,12.98,81.1,93.05,0,28.06,0,0,4.14,0
2021,7,17,18,0,0.0,11.11,10.93,0,25.62,0,0,3.73,0
2021,7,17,19,0,0.0,0.0,0.0,0,24.53,0,0,3.26,0
2021,7,17,20,0,0.0,0.0,0.0,0,24.08,0,0,2.48,0
2021,7,17,21,0,0.0,0.0,0.0,0,23.59,0,0,2.36,0
2021,7,17,22,0,0.0,0.0,0.0,0,22.99,0,0,2.91,0
2021,7,17,23,0,0.0,0.0,0.0,0,22.57,0,0,3.31,0
2021,7,18,0,0,0.0,0.0,0.0,0,22.16,0,0,3.45,0
2021,7,18,1,0,0.0,0.0,0.0,0,21.78,0,0,3.6,0
2021,7,18,2,0,0.0,0.0,0.0,0,21.51,0,0,3.6,0
2021,7,18,3,0,0.0,0.0,0.0,0,21.31,0,0,3.32,0
2021,7,18,4,0,0.0,0.0,0.0,0,21.16,0,0,2.97,0
2021,7,18,5,0,0.0,23.65,27.0,0,21.85,0,0,2.18,0
2021,7,18,6,0,0.0,60.92,71.53,0,23.99,0,0,0.6,0
2021,7,18,7,0,0.59,113.99,131.52,0,26.32,0,0,2.08,0
2021,7,18,8,0,14.35,234.39,283.95,0,27.33,0,0,2.62,0
2021,7,18,9,0,96.2,327.32,432.15,0,28.66,0,0,2.87,0
2021,7,18,10,0,181.44,443.75,687.28,0,30.06,0,0,3.21,0
2021,7,18,11,0,120.26,463.81,677.9,0,30.85,0,0,3.39,0
2021,7,18,12,0,229.54,465.03,729.28,0,31.13,0,0,3.47,0
2021,7,18,13,0,206.58,346.2,605.1,0,31.03,0,0,3.39,0
2021,7,18,14,0,114.87,317.23,469.23,0,30.32,0,0,3.11,0
2021,7,18,15,0,90.68,229.26,326.02,0,29.32,0,0,3.11,0
2021,7,18,16,0,41.82,164.54,205.07,0,27.97,0,0,3.12,0
2021,7,18,17,0,16.64,77.56,90.93,0,26.27,0,0,2.97,0
2021,7,18,18,0,1.14,13.75,12.02,0,24.71,0,0,2.93,0
2021,7,18,19,0,0.0,0.0,0.0,0,23.78,0,0,3.17,0
2021,7,18,20,0,0.0,0.0,0.0,0,23.12,0,0,3.69,0
2021,7,18,21,0,0.0,0.0,0.0,0,22.59,0,0,3.91,0
2021,7,18,22,0,0.0,0.0,0.0,0,22.26,0,0,3.79,0
2021,7,18,23,0,0.0,0.0,0.0,0,21.98,0,0,3.55,0
2021,7,19,0,0,0.0,0.0,0.0,0,21.72,0,0,3.45,0
2021,7,19,1,0,0.0,0.0,0.0,0,21.52,0,0,3.74,0
2021,7,19,2,0,0.0,0.0,0.0,0,21.45,0,0,4.27,0
2021,7,19,3,0,0.0,0.0,0.0,0,21.25,0,0,4.14,0
2021,7,19,4,0,0.0,0.0,0.0,0,20.96,0,0,3.57,0
2021,7,19,5,0,0.0,14.24,16.25,0,21.85,0,0,2.91,0
2021,7,19,6,0,0.2,37.29,43.65,0,22.94,0,0,2.62,0
2021,7,19,7,0,5.81,69.74,81.38,0,24.5,0,0,3.11,0
2021,7,19,8,0,0.0,127.25,151.6,0,26.37,0,0,3.08,0
2021,7,19,9,0,13.07,181.72,224.02,0,28.07,0,0,2.8,0
2021,7,19,10,0,0.34,247.03,307.33,0,29.57,0,0,2.59,0
2021,7,19,11,0,106.59,393.2,543.1,0,29.81,0,0,2.76,0
2021,7,19,12,0,41.47,440.72,602.55,0,29.31,0,0,3.0,0
2021,7,19,13,0,52.77,435.22,572.38,0,28.55,0,0,3.01,0
2021,7,19,14,0,8.55,273.78,333.73,0,27.36,0,0,2.91,0
2021,7,19,15,0,13.98,133.22,163.43,0,26.32,0,0,2.81,0
2021,7,19,16,0,5.3,89.89,106.53,0,25.36,0,0,2.82,0
2021,7,19,17,0,2.48,46.35,51.53,0,24.23,0,0,3.17,0
2021,7,19,18,0,0.0,6.64,6.45,0,23.2,0,0,3.83,0
2021,7,19,19,0,0.0,0.0,0.0,0,22.73,0,0,4.42,0
2021,7,19,20,0,0.0,0.0,0.0,0,22.56,0,0,4.35,0
2021,7,19,21,0,0.0,0.0,0.0,0,22.43,0,0,4.31,0
2021,7,19,22,0,0.0,0.0,0.0,0,22.26,0,0,4.23,0
2021,7,19,23,0,0.0,0.0,0.0,0,22.13,0,0,4.17,0
2021,7,20,0,0,0.0,0.0,0.0,0,21.93,0,0,4.18,0
2021,7,20,1,0,0.0,0.0,0.0,0,21.79,0,0,4.14,0
2021,7,20,2,0,0.0,0.0,0.0,0,21.69,0,0,4.07,0
2021,7,20,3,0,0.0,0.0,0.0,0,21.58,0,0,3.98,0
2021,7,20,4,0,0.0,0.0,0.0,0,21.45,0,0,3.91,0
2021,7,20,5,0,0.0,31.35,35.92,0,21.88,0,0,3.6,0
2021,7,20,6,0,0.0,93.34,109.28,0,22.51,0,0,2.81,0
2021,7,20,7,0,4.14,182.15,209.8,0,23.7,0,0,2.81,0
2021,7,20,8,0,53.48,229.79,309.67,0,24.85,0,0,3.26,0
2021,7,20,9,0,73.21,314.03,435.17,0,25.42,0,0,3.5,0
2021,7,20,10,0,336.16,230.08,507.58,0,26.4,0,0,3.71,0
2021,7,20,11,0,180.31,408.75,662.17,0,27.3,0,0,3.84,0
2021,7,20,12,0,100.52,434.7,619.1,0,27.95,0,0,3.78,0
2021,7,20,13,0,158.3,329.56,521.42,0,28.09,0,0,3.59,0
2021,7,20,14,0,51.54,302.78,427.62,0,27.83,0,0,3.24,0
2021,7,20,15,0,0.0,204.59,237.98,0,27.62,0,0,2.94,0
2021,7,20,16,0,0.0,141.25,163.1,0,26.9,0,0,2.92,0
2021,7,20,17,0,0.0,65.29,74.57,0,25.66,0,0,2.85,0
2021,7,20,18,0,0.0,9.95,9.68,0,23.94,0,0,2.95,0
2021,7,20,19,0,0.0,0.0,0.0,0,23.09,0,0,3.09,0
2021,7,20,20,0,0.0,0.0,0.0,0,22.58,0,0,3.15,0
2021,7,20,21,0,0.0,0.0,0.0,0,22.17,0,0,3.15,0
2021,7,20,22,0,0.0,0.0,0.0,0,21.85,0,0,2.74,0
2021,7,20,23,0,0.0,0.0,0.0,0,21.55,0,0,2.26,0
2021,7,21,0,0,0.0,0.0,0.0,0,21.24,0,0,1.76,0
2021,7,21,1,0,0.0,0.0,0.0,0,20.97,0,0,1.28,0
2021,7,21,2,0,0.0,0.0,0.0,0,20.79,0,0,0.91,0
2021,7,21,3,0,0.0,0.0,0.0,0,20.72,0,0,0.63,0
2021,7,21,4,0,0.0,0.0,0.0,0,20.72,0,0,0.6,0
2021,7,21,5,0,0.0,35.97,41.22,0,21.33,0,0,0.82,0
2021,7,21,6,0,0.0,110.06,128.85,0,23.1,0,0,1.2,0
2021,7,21,7,0,0.35,205.76,236.35,0,25.19,0,0,2.76,0
2021,7,21,8,0,88.3,303.09,413.05,0,26.33,0,0,2.81,0
2021,7,21,9,0,137.46,368.8,550.0,0,27.34,0,0,2.31,0
2021,7,21,10,0,151.1,419.32,640.33,0,28.58,0,0,2.0,0
2021,7,21,11,0,188.66,424.58,685.95,0,29.69,0,0,1.88,0
2021,7,21,12,0,314.03,358.22,685.45,0,30.25,0,0,1.89,0
2021,7,21,13,0,243.47,338.8,612.65,0,30.41,0,0,1.81,0
2021,7,21,14,0,156.73,289.38,469.45,0,30.17,0,0,1.62,0
2021,7,21,15,0,125.62,218.15,330.4,0,29.47,0,0,1.4,0
2021,7,21,16,0,63.04,159.96,202.6,0,29.46,0,0,1.45,0
2021,7,21,17,0,28.99,78.07,92.25,0,27.87,0,0,1.46,0
2021,7,21,18,0,2.15,12.73,10.95,0,26.0,0,0,1.96,0
2021,7,21,19,0,0.0,0.0,0.0,0,24.68,0,0,2.9,0
2021,7,21,20,0,0.0,0.0,0.0,0,23.77,0,0,3.48,0
2021,7,21,21,0,0.0,0.0,0.0,0,23.04,0,0,3.75,0
2021,7,21,22,0,0.0,0.0,0.0,0,22.52,0,0,3.72,0
2021,7,21,23,0,0.0,0.0,0.0,0,22.1,0,0,3.55,0
2021,7,22,0,0,0.0,0.0,0.0,0,21.68,0,0,3.41,0
2021,7,22,1,0,0.0,0.0,0.0,0,21.31,0,0,3.44,0
2021,7,22,2,0,0.0,0.0,0.0,0,20.93,0,0,3.62,0
2021,7,22,3,0,0.0,0.0,0.0,0,20.62,0,0,3.96,0
2021,7,22,4,0,0.0,0.0,0.0,0,20.41,0,0,4.26,0
2021,7,22,5,0,55.88,51.96,59.67,0,21.71,0,0,3.54,0
2021,7,22,6,0,221.2,127.04,202.43,0,23.43,0,0,2.38,0
2021,7,22,7,0,361.45,178.02,398.55,0,26.55,0,0,2.56,0
2021,7,22,8,0,487.04,228.58,594.33,0,28.74,0,0,2.33,0
2021,7,22,9,0,562.1,201.12,695.15,0,30.26,0,0,2.28,0
2021,7,22,10,0,506.07,211.46,681.33,0,31.41,0,0,2.34,0
2021,7,22,11,0,433.41,306.19,768.55,0,32.29,0,0,2.37,0
2021,7,22,12,0,427.4,315.51,751.22,0,32.86,0,0,2.39,0
2021,7,22,13,0,234.15,363.67,609.33,0,33.1,0,0,2.34,0
2021,7,22,14,0,156.56,347.2,520.08,0,32.98,0,0,2.28,0
2021,7,22,15,0,98.02,270.14,357.73,0,32.51,0,0,2.26,0
2021,7,22,16,0,69.87,188.55,229.4,0,32.23,0,0,2.28,0
2021,7,22,17,0,47.65,86.75,100.43,0,30.85,0,0,2.22,0
2021,7,22,18,0,4.66,15.91,13.73,0,27.75,0,0,2.49,0
2021,7,22,19,0,0.0,0.0,0.0,0,26.12,0,0,3.05,0
2021,7,22,20,0,0.0,0.0,0.0,0,24.91,0,0,3.5,0
2021,7,22,21,0,0.0,0.0,0.0,0,23.92,0,0,3.76,0
2021,7,22,22,0,0.0,0.0,0.0,0,23.07,0,0,3.82,0
2021,7,22,23,0,0.0,0.0,0.0,0,22.44,0,0,3.79,0
2021,7,23,0,0,0.0,0.0,0.0,0,21.92,0,0,3.77,0
2021,7,23,1,0,0.0,0.0,0.0,0,21.43,0,0,3.86,0
2021,7,23,2,0,0.0,0.0,0.0,0,20.97,0,0,4.03,0
2021,7,23,3,0,0.0,0.0,0.0,0,20.61,0,0,4.19,0
2021,7,23,4,0,0.0,0.0,0.0,0,20.44,0,0,4.31,0
2021,7,23,5,0,36.47,50.87,56.7,0,22.08,0,0,3.72,0
2021,7,23,6,0,181.91,135.09,202.75,0,23.93,0,0,1.98,0
2021,7,23,7,0,358.52,184.88,394.9,0,27.12,0,0,1.67,0
2021,7,23,8,0,439.77,237.25,574.1,0,29.72,0,0,1.55,0
2021,7,23,9,0,497.86,272.33,729.65,0,31.22,0,0,1.42,0
2021,7,23,10,0,531.5,280.31,805.2,0,32.39,0,0,1.27,0
2021,7,23,11,0,460.34,318.13,805.42,0,33.27,0,0,1.15,0
2021,7,23,12,0,435.54,317.97,778.53,0,33.77,0,0,1.11,0
2021,7,23,13,0,414.28,286.85,695.47,0,33.89,0,0,1.1,0
2021,7,23,14,0,364.57,239.93,552.55,0,33.73,0,0,1.12,0
2021,7,23,15,0,279.85,181.06,368.7,0,33.05,0,0,1.1,0
2021,7,23,16,0,178.98,153.26,236.75,0,32.64,0,0,1.17,0
2021,7,23,17,0,68.55,71.8,91.78,0,31.2,0,0,1.49,0
2021,7,23,18,0,3.08,13.33,11.05,0,27.96,0,0,2.19,0
2021,7,23,19,0,0.0,0.0,0.0,0,26.06,0,0,3.19,0
2021,7,23,20,0,0.0,0.0,0.0,0,24.86,0,0,3.82,0
2021,7,23,21,0,0.0,0.0,0.0,0,24.04,0,0,3.71,0
2021,7,23,22,0,0.0,0.0,0.0,0,23.4,0,0,3.5,0
2021,7,23,23,0,0.0,0.0,0.0,0,22.86,0,0,3.46,0
2021,7,24,0,0,0.0,0.0,0.0,0,22.42,0,0,3.34,0
2021,7,24,1,0,0.0,0.0,0.0,0,22.14,0,0,2.84,0
2021,7,24,2,0,0.0,0.0,0.0,0,22.14,0,0,2.07,0
2021,7,24,3,0,0.0,0.0,0.0,0,22.13,0,0,1.61,0
2021,7,24,4,0,0.0,0.0,0.0,0,22.0,0,0,1.46,0
2021,7,24,5,0,69.3,45.14,59.83,0,23.09,0,0,1.18,0
2021,7,24,6,0,267.09,119.78,221.93,0,24.6,0,0,1.08,0
2021,7,24,7,0,472.05,160.29,424.33,0,27.31,0,0,1.96,0
2021,7,24,8,0,570.04,192.35,614.45,0,29.26,0,0,1.97,0
2021,7,24,9,0,684.55,191.98,781.25,0,30.85,0,0,1.75,0
2021,7,24,10,0,547.21,273.02,807.88,0,32.14,0,0,1.4,0
2021,7,24,11,0,514.23,281.15,817.08,0,33.14,0,0,1.1,0
2021,7,24,12,0,470.62,300.59,786.2,0,33.92,0,0,0.9,0
2021,7,24,13,0,460.45,282.46,724.4,0,34.25,0,0,0.8,0
2021,7,24,14,0,386.65,248.15,584.05,0,34.18,0,0,0.91,0
2021,7,24,15,0,327.13,198.08,431.38,0,33.64,0,0,1.26,0
2021,7,24,16,0,264.29,159.09,279.35,0,32.87,0,0,1.83,0
2021,7,24,17,0,114.23,81.05,109.72,0,30.7,0,0,2.76,0
2021,7,24,18,0,4.02,13.87,11.8,0,27.55,0,0,4.36,0
2021,7,24,19,0,0.0,0.0,0.0,0,26.34,0,0,5.65,0
2021,7,24,20,0,0.0,0.0,0.0,0,25.53,0,0,5.99,0
2021,7,24,21,0,0.0,0.0,0.0,0,24.47,0,0,5.51,0
2021,7,24,22,0,0.0,0.0,0.0,0,23.7,0,0,4.76,0
2021,7,24,23,0,0.0,0.0,0.0,0,23.11,0,0,4.29,0
2021,7,25,0,0,0.0,0.0,0.0,0,22.63,0,0,3.99,0
2021,7,25,1,0,0.0,0.0,0.0,0,22.17,0,0,3.75,0
2021,7,25,2,0,0.0,0.0,0.0,0,21.76,0,0,3.48,0
2021,7,25,3,0,0.0,0.0,0.0,0,21.38,0,0,3.23,0
2021,7,25,4,0,0.0,0.0,0.0,0,21.12,0,0,3.07,0
2021,7,25,5,0,52.42,45.86,55.28,0,22.61,0,0,2.6,0
2021,7,25,6,0,224.14,123.8,205.73,0,24.55,0,0,2.28,0
2021,7,25,7,0,404.39,160.12,388.55,0,27.29,0,0,3.13,0
2021,7,25,8,0,461.43,220.44,569.25,0,29.24,0,0,2.29,0
2021,7,25,9,0,441.14,307.25,693.67,0,30.89,0,0,1.28,0
2021,7,25,10,0,433.4,372.16,798.2,0,32.2,0,0,0.83,0
2021,7,25,11,0,465.31,304.71,786.67,0,33.21,0,0,0.76,0
2021,7,25,12,0,386.72,370.37,799.28,0,33.85,0,0,0.58,0
2021,7,25,13,0,495.89,257.75,719.62,0,34.2,0,0,0.35,0
2021,7,25,14,0,426.97,238.57,584.42,0,34.24,0,0,0.29,0
2021,7,25,15,0,389.11,184.37,432.42,0,33.72,0,0,0.46,0
2021,7,25,16,0,236.84,142.76,253.27,0,33.55,0,0,0.67,0
2021,7,25,17,0,85.32,86.08,107.95,0,32.08,0,0,0.94,0
2021,7,25,18,0,2.56,12.27,10.52,0,28.9,0,0,1.99,0
2021,7,25,19,0,0.0,0.0,0.0,0,26.5,0,0,3.31,0
2021,7,25,20,0,0.0,0.0,0.0,0,25.21,0,0,4.5,0
2021,7,25,21,0,0.0,0.0,0.0,0,24.43,0,0,5.08,0
2021,7,25,22,0,0.0,0.0,0.0,0,23.77,0,0,4.99,0
2021,7,25,23,0,0.0,0.0,0.0,0,23.17,0,0,4.66,0
2021,7,26,0,0,0.0,0.0,0.0,0,22.66,0,0,4.27,0
2021,7,26,1,0,0.0,0.0,0.0,0,22.25,0,0,3.91,0
2021,7,26,2,0,0.0,0.0,0.0,0,21.94,0,0,3.56,0
2021,7,26,3,0,0.0,0.0,0.0,0,21.73,0,0,3.16,0
2021,7,26,4,0,0.0,0.0,0.0,0,21.59,0,0,2.78,0
2021,7,26,5,0,30.3,41.87,46.62,0,23.11,0,0,2.13,0
2021,7,26,6,0,153.85,126.06,182.7,0,25.02,0,0,1.5,0
2021,7,26,7,0,298.68,188.06,368.77,0,28.18,0,0,2.29,0
2021,7,26,8,0,437.35,233.09,569.85,0,30.26,0,0,2.18,0
2021,7,26,9,0,429.0,269.27,665.2,0,31.79,0,0,1.7,0
2021,7,26,10,0,484.45,265.9,746.9,0,33.01,0,0,1.22,0
2021,7,26,11,0,493.24,303.73,799.0,0,34.01,0,0,0.96,0
2021,7,26,12,0,508.33,266.53,762.88,0,34.64,0,0,0.89,0
2021,7,26,13,0,496.61,211.89,654.65,0,34.99,0,0,0.95,0
2021,7,26,14,0,435.22,243.61,597.4,0,34.85,0,0,1.06,0
2021,7,26,15,0,361.52,179.7,423.02,0,34.23,0,0,1.19,0
2021,7,26,16,0,221.29,149.04,246.4,0,33.89,0,0,1.32,0
2021,7,26,17,0,82.99,80.91,101.57,0,32.59,0,0,1.3,0
2021,7,26,18,0,2.39,11.3,9.12,0,30.55,0,0,1.13,0
2021,7,26,19,0,0.0,0.0,0.0,0,29.71,0,0,1.08,0
2021,7,26,20,0,0.0,0.0,0.0,0,28.6,0,0,1.22,0
2021,7,26,21,0,0.0,0.0,0.0,0,27.33,0,0,1.47,0
2021,7,26,22,0,0.0,0.0,0.0,0,26.1,0,0,1.67,0
2021,7,26,23,0,0.0,0.0,0.0,0,25.07,0,0,1.62,0
2021,7,27,0,0,0.0,0.0,0.0,0,24.27,0,0,1.37,0
2021,7,27,1,0,0.0,0.0,0.0,0,23.41,0,0,1.34,0
2021,7,27,2,0,0.0,0.0,0.0,0,22.5,0,0,1.91,0
2021,7,27,3,0,0.0,0.0,0.0,0,22.04,0,0,2.68,0
2021,7,27,4,0,0.0,0.0,0.0,0,21.93,0,0,3.3,0
2021,7,27,5,0,48.39,42.37,49.42,0,23.17,0,0,2.88,0
2021,7,27,6,0,200.88,126.78,194.43,0,24.91,0,0,1.68,0
2021,7,27,7,0,348.95,186.54,387.67,0,27.58,0,0,1.08,0
2021,7,27,8,0,429.86,226.33,567.47,0,30.09,0,0,1.67,0
2021,7,27,9,0,540.07,241.74,733.2,0,31.49,0,0,1.94,0
2021,7,27,10,0,415.14,344.94,782.05,0,32.35,0,0,1.77,0
2021,7,27,11,0,674.13,212.76,874.83,0,33.3,0,0,1.38,0
2021,7,27,12,0,509.99,319.82,832.28,0,33.9,0,0,0.93,0
2021,7,27,13,0,219.69,322.55,544.62,0,34.09,0,0,0.81,0
2021,7,27,14,0,28.33,267.04,330.55,0,33.91,0,0,0.86,0
2021,7,27,15,0,12.05,54.31,65.62,0,33.07,0,0,1.17,0
2021,7,27,16,0,0.0,61.33,70.47,0,32.67,0,0,1.43,0
2021,7,27,17,0,0.0,36.1,41.88,0,31.02,0,0,1.58,0
2021,7,27,18,0,0.0,6.4,6.1,0,28.63,0,0,1.72,0
2021,7,27,19,0,0.0,0.0,0.0,0,27.13,0,0,2.03,0
2021,7,27,20,0,0.0,0.0,0.0,0,25.89,0,0,2.51,0
2021,7,27,21,0,0.0,0.0,0.0,0,24.96,0,0,2.81,0
2021,7,27,22,0,0.0,0.0,0.0,0,24.35,0,0,2.93,0
2021,7,27,23,0,0.0,0.0,0.0,0,23.78,0,0,3.18,0
2021,7,28,0,0,0.0,0.0,0.0,0,23.32,0,0,3.38,0
2021,7,28,1,0,0.0,0.0,0.0,0,22.92,0,0,3.4,0
2021,7,28,2,0,0.0,0.0,0.0,0,22.47,0,0,3.43,0
2021,7,28,3,0,0.0,0.0,0.0,0,22.06,0,0,3.6,0
2021,7,28,4,0,0.0,0.0,0.0,0,21.82,0,0,3.88,0
2021,7,28,5,0,35.02,49.92,54.65,0,22.63,0,0,3.44,0
2021,7,28,6,0,180.86,143.93,201.48,0,24.23,0,0,2.82,0
2021,7,28,7,0,397.34,172.99,389.62,0,26.68,0,0,2.97,0
2021,7,28,8,0,630.59,157.85,611.53,0,29.0,0,0,2.68,0
2021,7,28,9,0,710.7,179.83,777.53,0,31.22,0,0,2.47,0
2021,7,28,10,0,786.74,162.02,899.38,0,32.9,0,0,2.47,0
2021,7,28,11,0,691.53,174.24,846.4,0,34.17,0,0,2.37,0
2021,7,28,12,0,649.08,241.41,872.85,0,35.0,0,0,2.17,0
2021,7,28,13,0,704.3,198.41,830.0,0,35.44,0,0,2.01,0
2021,7,28,14,0,640.54,184.43,683.1,0,35.43,0,0,1.96,0
2021,7,28,15,0,615.66,139.02,517.7,0,35.05,0,0,2.0,0
2021,7,28,16,0,523.97,106.91,322.88,0,34.32,0,0,2.21,0
2021,7,28,17,0,299.07,76.5,137.68,0,32.48,0,0,2.51,0
2021,7,28,18,0,20.42,14.27,12.62,0,29.49,0,0,2.46,0
2021,7,28,19,0,0.0,0.0,0.0,0,28.66,0,0,2.15,0
2021,7,28,20,0,0.0,0.0,0.0,0,28.09,0,0,1.7,0
2021,7,28,21,0,0.0,0.0,0.0,0,27.36,0,0,1.33,0
2021,7,28,22,0,0.0,0.0,0.0,0,26.5,0,0,1.31,0
2021,7,28,23,0,0.0,0.0,0.0,0,25.75,0,0,1.43,0
2021,7,29,0,0,0.0,0.0,0.0,0,25.12,0,0,1.46,0
2021,7,29,1,0,0.0,0.0,0.0,0,24.54,0,0,1.38,0
2021,7,29,2,0,0.0,0.0,0.0,0,23.93,0,0,1.42,0
2021,7,29,3,0,0.0,0.0,0.0,0,23.4,0,0,1.56,0
2021,7,29,4,0,0.0,0.0,0.0,0,22.97,0,0,1.65,0
2021,7,29,5,0,120.18,42.11,62.4,0,23.78,0,0,1.66,0
2021,7,29,6,0,328.89,107.27,222.57,0,25.76,0,0,0.99,0
2021,7,29,7,0,560.45,135.17,437.73,0,29.38,0,0,0.39,0
2021,7,29,8,0,681.79,144.08,630.92,0,32.62,0,0,0.36,0
2021,7,29,9,0,734.78,164.32,785.6,0,34.18,0,0,0.49,0
2021,7,29,10,0,707.39,211.05,872.4,0,35.33,0,0,0.89,0
2021,7,29,11,0,739.88,196.44,898.9,0,36.24,0,0,1.02,0
2021,7,29,12,0,582.27,288.42,871.1,0,36.76,0,0,1.11,0
2021,7,29,13,0,701.77,204.19,830.47,0,36.94,0,0,1.26,0
2021,7,29,14,0,660.02,176.02,692.65,0,36.72,0,0,1.42,0
2021,7,29,15,0,509.03,179.54,506.12,0,36.07,0,0,1.57,0
2021,7,29,16,0,381.79,144.89,306.85,0,35.43,0,0,1.69,0
2021,7,29,17,0,189.76,79.08,125.47,0,33.59,0,0,1.69,0
2021,7,29,18,0,5.57,13.93,11.32,0,31.05,0,0,1.51,0
2021,7,29,19,0,0.0,0.0,0.0,0,30.06,0,0,1.28,0
2021,7,29,20,0,0.0,0.0,0.0,0,28.55,0,0,1.53,0
2021,7,29,21,0,0.0,0.0,0.0,0,26.62,0,0,2.36,0
2021,7,29,22,0,0.0,0.0,0.0,0,24.92,0,0,3.27,0
2021,7,29,23,0,0.0,0.0,0.0,0,23.59,0,0,4.13,0
2021,7,30,0,0,0.0,0.0,0.0,0,22.72,0,0,4.94,0
2021,7,30,1,0,0.0,0.0,0.0,0,22.25,0,0,5.64,0
2021,7,30,2,0,0.0,0.0,0.0,0,22.04,0,0,5.89,0
2021,7,30,3,0,0.0,0.0,0.0,0,21.97,0,0,5.62,0
2021,7,30,4,0,0.0,0.0,0.0,0,21.77,0,0,5.22,0
2021,7,30,5,0,4.62,33.13,36.5,0,23.06,0,0,4.21,0
2021,7,30,6,0,7.28,105.92,119.85,0,24.96,0,0,2.46,0
2021,7,30,7,0,10.57,192.15,223.55,0,27.93,0,0,3.09,0
2021,7,30,8,0,26.52,302.67,366.88,0,30.54,0,0,3.56,0
2021,7,30,9,0,43.07,372.4,488.42,0,32.18,0,0,3.15,0
2021,7,30,10,0,337.66,329.4,701.03,0,33.47,0,0,3.14,0
2021,7,30,11,0,376.3,369.96,788.5,0,34.58,0,0,3.29,0
2021,7,30,12,0,486.81,318.16,792.62,0,35.44,0,0,3.47,0
2021,7,30,13,0,406.78,330.45,723.62,0,35.94,0,0,3.66,0
2021,7,30,14,0,407.88,258.81,605.05,0,36.06,0,0,3.89,0
2021,7,30,15,0,232.32,253.15,421.7,0,35.41,0,0,4.12,0
2021,7,30,16,0,125.35,195.24,253.57,0,34.06,0,0,4.53,0
2021,7,30,17,0,46.04,80.54,97.8,0,31.53,0,0,4.78,0
2021,7,30,18,0,0.0,9.48,7.78,0,28.58,0,0,5.53,0
2021,7,30,19,0,0.0,0.0,0.0,0,27.34,0,0,5.96,0
2021,7,30,20,0,0.0,0.0,0.0,0,26.53,0,0,5.59,0
2021,7,30,21,0,0.0,0.0,0.0,0,25.66,0,0,4.98,0
2021,7,30,22,0,0.0,0.0,0.0,0,25.05,0,0,4.52,0
2021,7,30,23,0,0.0,0.0,0.0,0,24.44,0,0,4.26,0
2021,7,31,0,0,0.0,0.0,0.0,0,23.96,0,0,4.18,0
2021,7,31,1,0,0.0,0.0,0.0,0,23.6,0,0,4.23,0
2021,7,31,2,0,0.0,0.0,0.0,0,23.29,0,0,4.28,0
2021,7,31,3,0,0.0,0.0,0.0,0,23.02,0,0,4.38,0
2021,7,31,4,0,0.0,0.0,0.0,0,22.76,0,0,4.43,0
2021,7,31,5,0,18.1,41.9,45.12,0,23.82,0,0,3.63,0
2021,7,31,6,0,163.8,130.09,186.93,0,25.38,0,0,2.2,0
2021,7,31,7,0,320.02,188.46,374.75,0,28.13,0,0,2.26,0
2021,7,31,8,0,406.0,218.22,531.67,0,30.45,0,0,2.31,0
2021,7,31,9,0,471.17,251.67,689.0,0,32.13,0,0,2.3,0
2021,7,31,10,0,516.41,246.28,752.45,0,33.17,0,0,2.49,0
2021,7,31,11,0,384.13,364.27,786.2,0,33.86,0,0,3.02,0
2021,7,31,12,0,357.5,353.8,729.2,0,34.37,0,0,3.49,0
2021,7,31,13,0,235.95,403.24,664.97,0,34.56,0,0,3.49,0
2021,7,31,14,0,211.8,347.96,554.78,0,34.26,0,0,3.34,0
2021,7,31,15,0,109.37,256.95,354.38,0,33.61,0,0,3.46,0
2021,7,31,16,0,70.99,182.59,227.7,0,32.3,0,0,3.71,0
2021,7,31,17,0,31.2,81.03,95.0,0,30.01,0,0,3.96,0
2021,7,31,18,0,0.0,6.22,5.93,0,27.48,0,0,4.86,0
2021,7,31,19,0,0.0,0.0,0.0,0,26.48,0,0,5.64,0
2021,7,31,20,0,0.0,0.0,0.0,0,25.9,0,0,5.79,0
2021,7,31,21,0,0.0,0.0,0.0,0,25.3,0,0,5.39,0
2021,7,31,22,0,0.0,0.0,0.0,0,24.66,0,0,4.96,0
2021,7,31,23,0,0.0,0.0,0.0,0,24.2,0,0,4.67,0
2021,8,1,0,0,0.0,0.0,0.0,0,23.9,0,0,4.53,0
2021,8,1,1,0,0.0,0.0,0.0,0,23.69,0,0,4.48,0
2021,8,1,2,0,0.0,0.0,0.0,0,23.3,0,0,4.65,0
2021,8,1,3,0,0.0,0.0,0.0,0,23.11,0,0,5.09,0
2021,8,1,4,0,0.0,0.0,0.0,0,22.97,0,0,5.23,0
2021,8,1,5,0,43.94,40.72,47.05,0,23.5,0,0,4.29,0
2021,8,1,6,0,234.39,114.76,198.48,0,24.49,0,0,3.43,0
2021,8,1,7,0,436.06,130.16,360.08,0,26.42,0,0,4.53,0
2021,8,1,8,0,549.4,182.89,591.38,0,29.53,0,0,6.07,0
2021,8,1,9,0,565.27,199.75,665.72,0,31.33,0,0,6.54,0
2021,8,1,10,0,487.6,250.14,683.42,0,32.59,0,0,6.61,0
2021,8,1,11,0,543.04,272.52,814.97,0,33.32,0,0,6.13,0
2021,8,1,12,0,425.19,264.58,646.88,0,33.6,0,0,5.67,0
2021,8,1,13,0,85.4,356.25,513.1,0,33.72,0,0,5.48,0
2021,8,1,14,0,145.37,332.85,513.67,0,33.19,0,0,5.14,0
2021,8,1,15,0,163.57,233.73,344.0,0,32.02,0,0,5.01,0
2021,8,1,16,0,73.67,169.22,210.2,0,30.1,0,0,4.95,0
2021,8,1,17,0,24.04,75.45,86.9,0,28.21,0,0,4.84,0
2021,8,1,18,0,1.21,9.57,7.88,0,26.54,0,0,4.99,0
2021,8,1,19,0,0.0,0.0,0.0,0,25.58,0,0,5.16,0
2021,8,1,20,0,0.0,0.0,0.0,0,24.81,0,0,5.18,0
2021,8,1,21,0,0.0,0.0,0.0,0,24.0,0,0,5.08,0
2021,8,1,22,0,0.0,0.0,0.0,0,23.17,0,0,4.83,0
2021,8,1,23,0,0.0,0.0,0.0,0,22.33,0,0,4.66,0
2021,8,2,0,0,0.0,0.0,0.0,0,21.55,0,0,4.59,0
2021,8,2,1,0,0.0,0.0,0.0,0,20.87,0,0,4.42,0
2021,8,2,2,0,0.0,0.0,0.0,0,20.3,0,0,4.34,0
2021,8,2,3,0,0.0,0.0,0.0,0,19.77,0,0,4.24,0
2021,8,2,4,0,0.0,0.0,0.0,0,19.32,0,0,4.12,0
2021,8,2,5,0,35.66,42.53,46.65,0,20.24,0,0,3.48,0
2021,8,2,6,0,207.58,128.45,199.12,0,22.18,0,0,2.22,0
2021,8,2,7,0,352.62,191.85,390.4,0,25.9,0,0,2.3,0
2021,8,2,8,0,498.94,199.59,574.03,0,28.61,0,0,1.25,0
2021,8,2,9,0,504.78,287.17,696.33,0,30.27,0,0,1.29,0
2021,8,2,10,0,422.3,337.72,750.72,0,30.88,0,0,2.26,0
2021,8,2,11,0,665.72,231.28,890.65,0,31.9,0,0,2.81,0
2021,8,2,12,0,605.02,239.34,839.03,0,31.94,0,0,2.58,0
2021,8,2,13,0,529.24,260.64,730.6,0,31.25,0,0,2.66,0
2021,8,2,14,0,367.16,269.17,559.05,0,30.52,0,0,2.81,0
2021,8,2,15,0,15.77,233.96,275.25,0,30.03,0,0,2.56,0
2021,8,2,16,0,0.47,143.46,166.32,0,28.92,0,0,2.22,0
2021,8,2,17,0,0.0,64.12,72.7,0,27.23,0,0,1.97,0
2021,8,2,18,0,0.0,5.49,5.12,0,25.41,0,0,2.34,0
2021,8,2,19,0,0.0,0.0,0.0,0,23.91,0,0,3.03,0
2021,8,2,20,0,0.0,0.0,0.0,0,22.65,0,0,4.17,0
2021,8,2,21,0,0.0,0.0,0.0,0,21.69,0,0,5.02,0
2021,8,2,22,0,0.0,0.0,0.0,0,21.14,0,0,5.19,0
2021,8,2,23,0,0.0,0.0,0.0,0,20.67,0,0,5.1,0
2021,8,3,0,0,0.0,0.0,0.0,0,20.28,0,0,4.79,0
2021,8,3,1,0,0.0,0.0,0.0,0,19.98,0,0,4.44,0
2021,8,3,2,0,0.0,0.0,0.0,0,19.76,0,0,4.08,0
2021,8,3,3,0,0.0,0.0,0.0,0,19.65,0,0,3.8,0
2021,8,3,4,0,0.0,0.0,0.0,0,19.42,0,0,3.9,0
2021,8,3,5,0,16.33,24.8,27.9,0,19.83,0,0,3.85,0
2021,8,3,6,0,95.0,90.2,121.18,0,20.9,0,0,3.16,0
2021,8,3,7,0,115.5,181.09,263.2,0,22.9,0,0,3.48,0
2021,8,3,8,0,123.21,245.41,370.73,0,24.91,0,0,2.81,0
2021,8,3,9,0,294.5,267.25,544.88,0,26.6,0,0,2.23,0
2021,8,3,10,0,84.9,392.05,580.12,0,27.64,0,0,1.78,0
2021,8,3,11,0,204.16,338.95,600.3,0,28.11,0,0,1.62,0
2021,8,3,12,0,207.56,376.75,635.83,0,28.32,0,0,1.57,0
2021,8,3,13,0,292.03,305.16,583.75,0,28.69,0,0,1.47,0
2021,8,3,14,0,296.38,228.09,455.75,0,28.6,0,0,1.28,0
2021,8,3,15,0,199.26,208.96,340.23,0,28.13,0,0,1.28,0
2021,8,3,16,0,186.6,112.6,184.43,0,27.54,0,0,1.31,0
2021,8,3,17,0,93.95,56.8,76.25,0,26.64,0,0,1.19,0
2021,8,3,18,0,3.14,8.41,6.47,0,24.86,0,0,1.17,0
2021,8,3,19,0,0.0,0.0,0.0,0,23.63,0,0,1.58,0
2021,8,3,20,0,0.0,0.0,0.0,0,22.28,0,0,2.39,0
2021,8,3,21,0,0.0,0.0,0.0,0,21.32,0,0,2.99,0
2021,8,3,22,0,0.0,0.0,0.0,0,20.73,0,0,3.21,0
2021,8,3,23,0,0.0,0.0,0.0,0,20.23,0,0,3.19,0
2021,8,4,0,0,0.0,0.0,0.0,0,19.78,0,0,3.29,0
2021,8,4,1,0,0.0,0.0,0.0,0,19.43,0,0,3.2,0
2021,8,4,2,0,0.0,0.0,0.0,0,19.32,0,0,3.0,0
2021,8,4,3,0,0.0,0.0,0.0,0,19.19,0,0,2.81,0
2021,8,4,4,0,0.0,0.0,0.0,0,19.03,0,0,2.83,0
2021,8,4,5,0,33.57,27.5,33.38,0,20.07,0,0,2.62,0
2021,8,4,6,0,150.17,101.02,146.57,0,22.55,0,0,1.36,0
2021,8,4,7,0,277.46,153.9,301.33,0,25.92,0,0,0.87,0
2021,8,4,8,0,449.91,198.1,517.5,0,27.01,0,0,1.31,0
2021,8,4,9,0,572.32,239.66,718.78,0,28.73,0,0,1.53,0
2021,8,4,10,0,597.02,253.87,806.1,0,30.0,0,0,1.67,0
2021,8,4,11,0,599.96,263.9,862.85,0,30.95,0,0,1.76,0
2021,8,4,12,0,566.4,275.74,834.25,0,31.44,0,0,1.73,0
2021,8,4,13,0,533.64,238.58,704.1,0,31.51,0,0,1.69,0
2021,8,4,14,0,576.98,188.68,637.3,0,31.14,0,0,1.8,0
2021,8,4,15,0,456.96,168.73,448.38,0,30.45,0,0,1.94,0
2021,8,4,16,0,411.87,99.22,260.7,0,29.88,0,0,2.18,0
2021,8,4,17,0,220.79,59.66,106.03,0,27.86,0,0,2.82,0
2021,8,4,18,0,9.29,10.08,7.62,0,24.32,0,0,4.19,0
2021,8,4,19,0,0.0,0.0,0.0,0,22.66,0,0,5.4,0
2021,8,4,20,0,0.0,0.0,0.0,0,21.74,0,0,5.97,0
2021,8,4,21,0,0.0,0.0,0.0,0,20.97,0,0,5.96,0
2021,8,4,22,0,0.0,0.0,0.0,0,20.41,0,0,5.63,0
2021,8,4,23,0,0.0,0.0,0.0,0,19.89,0,0,5.02,0
2021,8,5,0,0,0.0,0.0,0.0,0,19.38,0,0,4.43,0
2021,8,5,1,0,0.0,0.0,0.0,0,18.99,0,0,4.0,0
2021,8,5,2,0,0.0,0.0,0.0,0,18.7,0,0,4.01,0
2021,8,5,3,0,0.0,0.0,0.0,0,18.51,0,0,4.22,0
2021,8,5,4,0,0.0,0.0,0.0,0,18.34,0,0,4.28,0
2021,8,5,5,0,90.76,34.76,46.35,0,19.47,0,0,3.71,0
2021,8,5,6,0,263.83,95.53,178.15,0,21.59,0,0,3.1,0
2021,8,5,7,0,341.17,161.75,336.35,0,24.66,0,0,3.79,0
2021,8,5,8,0,386.92,239.67,504.92,0,26.99,0,0,3.68,0
2021,8,5,9,0,585.08,223.49,694.5,0,28.78,0,0,3.51,0
2021,8,5,10,0,478.75,314.14,768.83,0,30.22,0,0,3.39,0
2021,8,5,11,0,556.22,268.87,819.38,0,31.32,0,0,3.23,0
2021,8,5,12,0,477.11,334.23,807.28,0,31.99,0,0,3.12,0
2021,8,5,13,0,521.64,269.68,735.0,0,32.3,0,0,3.02,0
2021,8,5,14,0,539.73,208.99,621.97,0,32.14,0,0,2.85,0
2021,8,5,15,0,541.19,162.78,492.7,0,31.58,0,0,2.77,0
2021,8,5,16,0,482.83,103.4,295.12,0,30.46,0,0,2.78,0
2021,8,5,17,0,280.3,65.81,123.25,0,28.5,0,0,2.88,0
2021,8,5,18,0,11.27,11.24,8.27,0,24.81,0,0,3.32,0
2021,8,5,19,0,0.0,0.0,0.0,0,23.27,0,0,3.83,0
2021,8,5,20,0,0.0,0.0,0.0,0,22.11,0,0,4.27,0
2021,8,5,21,0,0.0,0.0,0.0,0,21.17,0,0,4.45,0
2021,8,5,22,0,0.0,0.0,0.0,0,20.49,0,0,4.53,0
2021,8,5,23,0,0.0,0.0,0.0,0,19.94,0,0,4.23,0
2021,8,6,0,0,0.0,0.0,0.0,0,19.72,0,0,3.35,0
2021,8,6,1,0,0.0,0.0,0.0,0,19.83,0,0,2.51,0
2021,8,6,2,0,0.0,0.0,0.0,0,19.77,0,0,2.04,0
2021,8,6,3,0,0.0,0.0,0.0,0,19.52,0,0,1.99,0
2021,8,6,4,0,0.0,0.0,0.0,0,18.89,0,0,2.6,0
2021,8,6,5,0,49.31,42.39,49.4,0,19.99,0,0,2.91,0
2021,8,6,6,0,222.49,143.22,207.2,0,22.43,0,0,2.16,0
2021,8,6,7,0,393.76,213.36,397.3,0,25.7,0,0,3.19,0
2021,8,6,8,0,283.15,333.95,533.42,0,27.7,0,0,3.42,0
2021,8,6,9,0,268.94,403.56,657.4,0,29.4,0,0,3.27,0
2021,8,6,10,0,420.17,350.66,779.8,0,30.75,0,0,3.02,0
2021,8,6,11,0,366.3,360.71,735.1,0,31.75,0,0,2.68,0
2021,8,6,12,0,580.6,211.15,701.12,0,32.43,0,0,2.33,0
2021,8,6,13,0,384.5,306.99,674.45,0,32.66,0,0,1.98,0
2021,8,6,14,0,358.54,281.06,556.35,0,32.27,0,0,1.66,0
2021,8,6,15,0,298.14,216.43,405.12,0,31.69,0,0,1.51,0
2021,8,6,16,0,153.61,170.02,231.15,0,30.84,0,0,1.69,0
2021,8,6,17,0,58.45,71.61,89.28,0,28.84,0,0,2.13,0
2021,8,6,18,0,1.06,8.81,6.25,0,25.21,0,0,3.32,0
2021,8,6,19,0,0.0,0.0,0.0,0,23.86,0,0,4.55,0
2021,8,6,20,0,0.0,0.0,0.0,0,23.2,0,0,5.24,0
2021,8,6,21,0,0.0,0.0,0.0,0,22.69,0,0,5.07,0
2021,8,6,22,0,0.0,0.0,0.0,0,22.24,0,0,4.62,0
2021,8,6,23,0,0.0,0.0,0.0,0,21.76,0,0,4.23,0
2021,8,7,0,0,0.0,0.0,0.0,0,21.37,0,0,3.83,0
2021,8,7,1,0,0.0,0.0,0.0,0,20.81,0,0,3.47,0
2021,8,7,2,0,0.0,0.0,0.0,0,20.32,0,0,3.22,0
2021,8,7,3,0,0.0,0.0,0.0,0,19.98,0,0,2.91,0
2021,8,7,4,0,0.0,0.0,0.0,0,19.65,0,0,2.51,0
2021,8,7,5,0,57.21,35.42,43.65,0,20.94,0,0,1.95,0
2021,8,7,6,0,291.66,108.32,207.7,0,23.83,0,0,1.16,0
2021,8,7,7,0,424.77,167.6,396.02,0,26.81,0,0,0.57,0
2021,8,7,8,0,522.01,202.15,577.8,0,28.99,0,0,1.46,0
2021,8,7,9,0,528.58,238.14,663.78,0,30.55,0,0,1.65,0
2021,8,7,10,0,436.06,314.77,758.47,0,31.85,0,0,1.57,0
2021,8,7,11,0,454.26,293.02,728.67,0,32.88,0,0,1.49,0
2021,8,7,12,0,450.56,293.24,730.38,0,33.57,0,0,1.38,0
2021,8,7,13,0,275.38,281.62,533.9,0,33.75,0,0,1.26,0
2021,8,7,14,0,129.19,234.37,373.3,0,33.32,0,0,1.05,0
2021,8,7,15,0,48.35,169.32,219.77,0,32.5,0,0,1.0,0
2021,8,7,16,0,96.14,91.58,130.38,0,31.75,0,0,1.09,0
2021,8,7,17,0,67.41,50.58,65.0,0,29.96,0,0,1.02,0
2021,8,7,18,0,2.58,7.9,5.68,0,27.57,0,0,1.16,0
2021,8,7,19,0,0.0,0.0,0.0,0,25.99,0,0,1.35,0
2021,8,7,20,0,0.0,0.0,0.0,0,24.79,0,0,1.54,0
2021,8,7,21,0,0.0,0.0,0.0,0,23.85,0,0,1.65,0
2021,8,7,22,0,0.0,0.0,0.0,0,23.04,0,0,1.86,0
2021,8,7,23,0,0.0,0.0,0.0,0,22.16,0,0,2.14,0
2021,8,8,0,0,0.0,0.0,0.0,0,21.28,0,0,2.49,0
2021,8,8,1,0,0.0,0.0,0.0,0,20.5,0,0,2.86,0
2021,8,8,2,0,0.0,0.0,0.0,0,19.87,0,0,3.18,0
2021,8,8,3,0,0.0,0.0,0.0,0,19.48,0,0,3.29,0
2021,8,8,4,0,0.0,0.0,0.0,0,19.17,0,0,3.29,0
2021,8,8,5,0,34.12,32.34,39.3,0,20.36,0,0,3.02,0
2021,8,8,6,0,328.25,103.96,212.3,0,22.27,0,0,1.62,0
2021,8,8,7,0,392.59,165.82,383.2,0,26.45,0,0,0.44,0
2021,8,8,8,0,568.49,178.51,591.15,0,29.59,0,0,0.68,0
2021,8,8,9,0,649.1,197.31,750.03,0,31.41,0,0,0.45,0
2021,8,8,10,0,348.2,354.45,723.1,0,32.78,0,0,0.37,0
2021,8,8,11,0,440.73,320.71,761.75,0,33.88,0,0,0.38,0
2021,8,8,12,0,468.8,297.13,791.9,0,34.6,0,0,0.34,0
2021,8,8,13,0,478.62,279.63,683.3,0,34.96,0,0,0.14,0
2021,8,8,14,0,391.07,230.91,528.15,0,34.92,0,0,0.42,0
2021,8,8,15,0,313.92,214.86,388.98,0,34.23,0,0,1.08,0
2021,8,8,16,0,184.4,146.57,215.68,0,33.21,0,0,1.86,0
2021,8,8,17,0,73.86,67.07,86.03,0,30.77,0,0,2.57,0
2021,8,8,18,0,2.01,7.49,5.62,0,26.89,0,0,3.44,0
2021,8,8,19,0,0.0,0.0,0.0,0,25.37,0,0,4.29,0
2021,8,8,20,0,0.0,0.0,0.0,0,24.48,0,0,4.86,0
2021,8,8,21,0,0.0,0.0,0.0,0,23.74,0,0,4.85,0
2021,8,8,22,0,0.0,0.0,0.0,0,23.09,0,0,4.48,0
2021,8,8,23,0,0.0,0.0,0.0,0,22.6,0,0,4.0,0
2021,8,9,0,0,0.0,0.0,0.0,0,22.19,0,0,3.48,0
2021,8,9,1,0,0.0,0.0,0.0,0,21.9,0,0,3.02,0
2021,8,9,2,0,0.0,0.0,0.0,0,21.77,0,0,2.61,0
2021,8,9,3,0,0.0,0.0,0.0,0,21.76,0,0,2.24,0
2021,8,9,4,0,0.0,0.0,0.0,0,21.69,0,0,1.98,0
2021,8,9,5,0,18.65,37.48,37.0,0,22.41,0,0,1.88,0
2021,8,9,6,0,160.62,128.78,180.8,0,24.37,0,0,1.2,0
2021,8,9,7,0,316.6,192.3,365.45,0,27.73,0,0,1.02,0
2021,8,9,8,0,358.53,268.72,535.95,0,30.79,0,0,0.54,0
2021,8,9,9,0,438.66,301.88,682.45,0,32.26,0,0,0.41,0
2021,8,9,10,0,400.5,356.62,778.17,0,33.27,0,0,0.36,0
2021,8,9,11,0,367.68,289.6,672.83,0,34.18,0,0,0.16,0
2021,8,9,12,0,277.19,284.33,568.58,0,34.99,0,0,0.07,0
2021,8,9,13,0,178.06,294.55,496.75,0,35.38,0,0,0.31,0
2021,8,9,14,0,153.26,259.52,415.2,0,35.08,0,0,0.7,0
2021,8,9,15,0,148.57,191.4,292.12,0,34.34,0,0,1.08,0
2021,8,9,16,0,53.94,141.31,175.43,0,33.34,0,0,1.39,0
2021,8,9,17,0,12.58,58.13,65.38,0,31.64,0,0,1.7,0
2021,8,9,18,0,0.0,5.84,4.2,0,28.56,0,0,2.09,0
2021,8,9,19,0,0.0,0.0,0.0,0,27.16,0,0,2.4,0
2021,8,9,20,0,0.0,0.0,0.0,0,26.01,0,0,2.7,0
2021,8,9,21,0,0.0,0.0,0.0,0,25.06,0,0,3.03,0
2021,8,9,22,0,0.0,0.0,0.0,0,24.31,0,0,3.38,0
2021,8,9,23,0,0.0,0.0,0.0,0,23.82,0,0,3.57,0
2021,8,10,0,0,0.0,0.0,0.0,0,23.41,0,0,3.53,0
2021,8,10,1,0,0.0,0.0,0.0,0,23.05,0,0,3.27,0
2021,8,10,2,0,0.0,0.0,0.0,0,22.73,0,0,2.93,0
2021,8,10,3,0,0.0,0.0,0.0,0,22.54,0,0,2.56,0
2021,8,10,4,0,0.0,0.0,0.0,0,22.54,0,0,2.15,0
2021,8,10,5,0,7.77,33.75,33.08,0,23.46,0,0,1.66,0
2021,8,10,6,0,154.53,115.13,171.52,0,24.93,0,0,0.75,0
2021,8,10,7,0,326.48,189.97,371.23,0,27.78,0,0,0.52,0
2021,8,10,8,0,380.42,229.12,526.8,0,30.92,0,0,0.59,0
2021,8,10,9,0,413.32,290.51,664.03,0,32.83,0,0,0.47,0
2021,8,10,10,0,406.42,262.93,656.15,0,34.17,0,0,0.74,0
2021,8,10,11,0,408.33,301.27,738.12,0,35.08,0,0,1.32,0
2021,8,10,12,0,375.33,309.41,736.4,0,35.54,0,0,1.61,0
2021,8,10,13,0,345.24,308.46,631.83,0,35.62,0,0,1.36,0
2021,8,10,14,0,147.22,276.96,434.6,0,35.32,0,0,1.22,0
2021,8,10,15,0,89.84,198.11,282.27,0,34.31,0,0,1.24,0
2021,8,10,16,0,37.39,135.71,161.15,0,33.47,0,0,1.23,0
2021,8,10,17,0,10.18,55.19,60.83,0,31.9,0,0,1.45,0
2021,8,10,18,0,0.0,5.18,3.67,0,28.64,0,0,2.42,0
2021,8,10,19,0,0.0,0.0,0.0,0,26.82,0,0,3.38,0
2021,8,10,20,0,0.0,0.0,0.0,0,25.73,0,0,3.94,0
2021,8,10,21,0,0.0,0.0,0.0,0,24.89,0,0,4.04,0
2021,8,10,22,0,0.0,0.0,0.0,0,24.26,0,0,3.86,0
2021,8,10,23,0,0.0,0.0,0.0,0,23.72,0,0,3.54,0
2021,8,11,0,0,0.0,0.0,0.0,0,23.26,0,0,3.15,0
2021,8,11,1,0,0.0,0.0,0.0,0,22.95,0,0,2.72,0
2021,8,11,2,0,0.0,0.0,0.0,0,22.75,0,0,2.31,0
2021,8,11,3,0,0.0,0.0,0.0,0,22.59,0,0,2.04,0
2021,8,11,4,0,0.0,0.0,0.0,0,22.37,0,0,1.91,0
2021,8,11,5,0,13.12,32.5,32.33,0,23.15,0,0,1.75,0
2021,8,11,6,0,149.2,116.41,167.8,0,25.09,0,0,1.24,0
2021,8,11,7,0,317.36,189.08,368.52,0,28.73,0,0,1.88,0
2021,8,11,8,0,433.7,210.63,536.35,0,31.18,0,0,1.53,0
2021,8,11,9,0,598.77,269.7,685.9,0,32.85,0,0,0.76,0
2021,8,11,10,0,335.2,342.18,686.47,0,34.18,0,0,0.11,0
2021,8,11,11,0,325.54,329.9,696.08,0,35.15,0,0,0.36,0
2021,8,11,12,0,237.34,334.82,629.2,0,35.69,0,0,0.63,0
2021,8,11,13,0,193.4,265.3,458.75,0,35.72,0,0,0.75,0
2021,8,11,14,0,30.84,90.58,121.18,0,35.26,0,0,0.83,0
2021,8,11,15,0,9.35,66.56,78.18,0,34.32,0,0,0.85,0
2021,8,11,16,0,0.0,65.12,74.72,0,33.24,0,0,0.97,0
2021,8,11,17,0,0.0,32.14,35.8,0,31.52,0,0,1.08,0
2021,8,11,18,0,0.0,3.09,2.7,0,28.48,0,0,1.58,0
2021,8,11,19,0,0.0,0.0,0.0,0,26.51,0,0,2.11,0
2021,8,11,20,0,0.0,0.0,0.0,0,25.21,0,0,2.29,0
2021,8,11,21,0,0.0,0.0,0.0,0,24.36,0,0,2.19,0
2021,8,11,22,0,0.0,0.0,0.0,0,23.89,0,0,1.85,0
2021,8,11,23,0,0.0,0.0,0.0,0,23.63,0,0,1.36,0
2021,8,12,0,0,0.0,0.0,0.0,0,23.32,0,0,0.95,0
2021,8,12,1,0,0.0,0.0,0.0,0,22.82,0,0,1.1,0
2021,8,12,2,0,0.0,0.0,0.0,0,22.18,0,0,1.66,0
2021,8,12,3,0,0.0,0.0,0.0,0,21.64,0,0,2.13,0
2021,8,12,4,0,0.0,0.0,0.0,0,21.31,0,0,2.3,0
2021,8,12,5,0,13.18,34.03,33.75,0,22.18,0,0,2.13,0
2021,8,12,6,0,123.67,125.19,167.9,0,23.75,0,0,1.18,0
2021,8,12,7,0,363.3,180.01,381.1,0,26.92,0,0,1.44,0
2021,8,12,8,0,426.42,214.32,531.53,0,29.87,0,0,1.88,0
2021,8,12,9,0,565.29,231.04,712.62,0,31.85,0,0,1.68,0
2021,8,12,10,0,616.49,250.81,816.08,0,33.23,0,0,1.21,0
2021,8,12,11,0,620.9,261.96,854.83,0,34.26,0,0,0.8,0
2021,8,12,12,0,563.58,264.87,777.15,0,34.98,0,0,0.56,0
2021,8,12,13,0,562.68,248.54,733.7,0,35.27,0,0,0.48,0
2021,8,12,14,0,487.69,234.2,610.85,0,35.16,0,0,0.53,0
2021,8,12,15,0,525.04,154.33,467.95,0,34.58,0,0,0.63,0
2021,8,12,16,0,344.59,133.95,268.3,0,33.77,0,0,0.9,0
2021,8,12,17,0,104.95,75.39,93.93,0,32.14,0,0,1.17,0
2021,8,12,18,0,1.14,5.97,4.1,0,29.27,0,0,1.58,0
2021,8,12,19,0,0.0,0.0,0.0,0,27.83,0,0,2.11,0
2021,8,12,20,0,0.0,0.0,0.0,0,26.38,0,0,2.73,0
2021,8,12,21,0,0.0,0.0,0.0,0,25.09,0,0,3.13,0
2021,8,12,22,0,0.0,0.0,0.0,0,24.24,0,0,3.08,0
2021,8,12,23,0,0.0,0.0,0.0,0,23.55,0,0,2.78,0
2021,8,13,0,0,0.0,0.0,0.0,0,23.03,0,0,2.39,0
2021,8,13,1,0,0.0,0.0,0.0,0,22.64,0,0,1.97,0
2021,8,13,2,0,0.0,0.0,0.0,0,22.31,0,0,1.58,0
2021,8,13,3,0,0.0,0.0,0.0,0,22.21,0,0,1.25,0
2021,8,13,4,0,0.0,0.0,0.0,0,22.26,0,0,1.03,0
2021,8,13,5,0,54.97,30.07,38.62,0,22.77,0,0,0.96,0
2021,8,13,6,0,304.44,99.75,200.0,0,24.55,0,0,0.61,0
2021,8,13,7,0,524.95,137.01,409.67,0,28.29,0,0,0.69,0
2021,8,13,8,0,639.59,157.71,604.08,0,31.61,0,0,0.86,0
2021,8,13,9,0,714.99,168.83,763.7,0,33.26,0,0,0.78,0
2021,8,13,10,0,731.92,194.38,864.17,0,34.55,0,0,0.52,0
2021,8,13,11,0,688.49,232.99,897.9,0,35.6,0,0,0.24,0
2021,8,13,12,0,659.68,216.36,832.22,0,36.3,0,0,0.09,0
2021,8,13,13,0,638.7,216.1,778.65,0,36.57,0,0,0.3,0
2021,8,13,14,0,609.6,186.28,658.6,0,36.33,0,0,0.64,0
2021,8,13,15,0,609.88,141.98,492.85,0,35.69,0,0,0.91,0
2021,8,13,16,0,461.19,112.97,289.8,0,34.61,0,0,1.18,0
2021,8,13,17,0,234.45,58.32,103.03,0,32.5,0,0,1.62,0
2021,8,13,18,0,4.42,6.16,4.2,0,29.34,0,0,2.54,0
2021,8,13,19,0,0.0,0.0,0.0,0,27.86,0,0,3.44,0
2021,8,13,20,0,0.0,0.0,0.0,0,26.49,0,0,3.86,0
2021,8,13,21,0,0.0,0.0,0.0,0,25.52,0,0,3.84,0
2021,8,13,22,0,0.0,0.0,0.0,0,24.75,0,0,3.49,0
2021,8,13,23,0,0.0,0.0,0.0,0,24.17,0,0,3.06,0
2021,8,14,0,0,0.0,0.0,0.0,0,23.76,0,0,2.66,0
2021,8,14,1,0,0.0,0.0,0.0,0,23.45,0,0,2.39,0
2021,8,14,2,0,0.0,0.0,0.0,0,23.06,0,0,2.43,0
2021,8,14,3,0,0.0,0.0,0.0,0,22.72,0,0,2.58,0
2021,8,14,4,0,0.0,0.0,0.0,0,22.5,0,0,2.69,0
2021,8,14,5,0,109.04,28.86,42.28,0,23.57,0,0,2.64,0
2021,8,14,6,0,428.9,82.69,216.6,0,25.97,0,0,1.62,0
2021,8,14,7,0,596.99,116.41,421.45,0,29.62,0,0,2.2,0
2021,8,14,8,0,679.52,141.33,610.7,0,31.9,0,0,2.22,0
2021,8,14,9,0,695.21,181.26,758.3,0,33.37,0,0,1.76,0
2021,8,14,10,0,664.22,219.42,838.95,0,34.41,0,0,1.35,0
2021,8,14,11,0,689.69,225.31,893.0,0,34.93,0,0,1.89,0
2021,8,14,12,0,570.35,269.99,807.28,0,34.89,0,0,3.13,0
2021,8,14,13,0,490.3,311.23,753.2,0,34.26,0,0,4.36,0
2021,8,14,14,0,394.94,244.42,539.9,0,33.27,0,0,5.23,0
2021,8,14,15,0,153.56,203.35,305.12,0,31.81,0,0,5.67,0
2021,8,14,16,0,73.78,136.7,170.1,0,30.15,0,0,5.52,0
2021,8,14,17,0,29.16,50.89,61.9,0,28.23,0,0,4.63,0
2021,8,14,18,0,0.0,3.72,2.7,0,25.93,0,0,3.94,0
2021,8,14,19,0,0.0,0.0,0.0,0,24.85,0,0,3.65,0
2021,8,14,20,0,0.0,0.0,0.0,0,24.08,0,0,3.19,0
2021,8,14,21,0,0.0,0.0,0.0,0,23.51,0,0,2.69,0
2021,8,14,22,0,0.0,0.0,0.0,0,23.29,0,0,2.66,0
2021,8,14,23,0,0.0,0.0,0.0,0,23.12,0,0,2.82,0
2021,8,15,0,0,0.0,0.0,0.0,0,22.99,0,0,3.1,0
2021,8,15,1,0,0.0,0.0,0.0,0,22.86,0,0,3.43,0
2021,8,15,2,0,0.0,0.0,0.0,0,22.75,0,0,3.71,0
2021,8,15,3,0,0.0,0.0,0.0,0,22.61,0,0,3.74,0
2021,8,15,4,0,0.0,0.0,0.0,0,22.45,0,0,3.8,0
2021,8,15,5,0,36.99,26.44,28.3,0,22.69,0,0,3.53,0
2021,8,15,6,0,146.03,81.52,120.5,0,23.37,0,0,2.92,0
2021,8,15,7,0,210.58,120.83,203.73,0,24.32,0,0,2.72,0
2021,8,15,8,0,49.04,231.58,294.4,0,25.6,0,0,2.98,0
2021,8,15,9,0,66.9,366.5,494.35,0,27.02,0,0,3.46,0
2021,8,15,10,0,319.09,357.28,696.8,0,27.9,0,0,3.94,0
2021,8,15,11,0,239.98,417.26,738.12,0,28.37,0,0,4.23,0
2021,8,15,12,0,297.9,337.71,680.35,0,28.64,0,0,4.34,0
2021,8,15,13,0,294.07,342.18,635.9,0,28.95,0,0,4.29,0
2021,8,15,14,0,528.6,222.86,616.38,0,29.12,0,0,4.16,0
2021,8,15,15,0,500.61,155.26,449.48,0,29.3,0,0,4.22,0
2021,8,15,16,0,301.64,144.53,251.8,0,28.97,0,0,4.28,0
2021,8,15,17,0,108.7,67.8,85.65,0,27.42,0,0,4.14,0
2021,8,15,18,0,0.0,4.18,2.83,0,24.86,0,0,4.6,0
2021,8,15,19,0,0.0,0.0,0.0,0,24.06,0,0,5.15,0
2021,8,15,20,0,0.0,0.0,0.0,0,23.48,0,0,5.43,0
2021,8,15,21,0,0.0,0.0,0.0,0,23.0,0,0,5.28,0
2021,8,15,22,0,0.0,0.0,0.0,0,22.52,0,0,4.82,0
2021,8,15,23,0,0.0,0.0,0.0,0,22.11,0,0,4.57,0
2021,8,16,0,0,0.0,0.0,0.0,0,21.74,0,0,4.61,0
2021,8,16,1,0,0.0,0.0,0.0,0,21.32,0,0,4.63,0
2021,8,16,2,0,0.0,0.0,0.0,0,20.92,0,0,4.49,0
2021,8,16,3,0,0.0,0.0,0.0,0,20.53,0,0,4.26,0
2021,8,16,4,0,0.0,0.0,0.0,0,20.22,0,0,4.09,0
2021,8,16,5,0,11.45,29.65,28.73,0,20.92,0,0,3.7,0
2021,8,16,6,0,77.72,116.4,145.77,0,22.47,0,0,2.49,0
2021,8,16,7,0,135.21,202.46,277.65,0,25.05,0,0,3.36,0
2021,8,16,8,0,51.82,295.42,358.1,0,27.81,0,0,3.95,0
2021,8,16,9,0,21.83,342.16,420.98,0,29.71,0,0,4.34,0
2021,8,16,10,0,32.58,340.57,430.85,0,30.82,0,0,4.87,0
2021,8,16,11,0,14.2,394.89,494.3,0,31.57,0,0,5.6,0
2021,8,16,12,0,10.28,398.74,502.65,0,31.78,0,0,6.3,0
2021,8,16,13,0,3.69,275.34,335.88,0,31.03,0,0,6.32,0
2021,8,16,14,0,3.24,131.57,156.18,0,29.14,0,0,5.63,0
2021,8,16,15,0,4.42,74.63,86.68,0,27.23,0,0,5.19,0
2021,8,16,16,0,0.0,94.49,108.75,0,25.55,0,0,4.8,0
2021,8,16,17,0,0.0,39.47,43.97,0,24.16,0,0,4.4,0
2021,8,16,18,0,0.0,0.0,0.0,0,23.29,0,0,4.76,0
2021,8,16,19,0,0.0,0.0,0.0,0,22.96,0,0,5.71,0
2021,8,16,20,0,0.0,0.0,0.0,0,22.8,0,0,6.49,0
2021,8,16,21,0,0.0,0.0,0.0,0,22.72,0,0,7.16,0
2021,8,16,22,0,0.0,0.0,0.0,0,22.51,0,0,7.81,0
2021,8,16,23,0,0.0,0.0,0.0,0,22.32,0,0,8.64,0
2021,8,17,0,0,0.0,0.0,0.0,0,22.31,0,0,8.95,0
2021,8,17,1,0,0.0,0.0,0.0,0,22.43,0,0,9.23,0
2021,8,17,2,0,0.0,0.0,0.0,0,22.62,0,0,10.24,0
2021,8,17,3,0,0.0,0.0,0.0,0,22.75,0,0,10.88,0
2021,8,17,4,0,0.0,0.0,0.0,0,22.89,0,0,10.64,0
2021,8,17,5,0,0.0,5.76,5.9,0,23.16,0,0,10.2,0
2021,8,17,6,0,24.4,25.09,32.25,0,23.55,0,0,9.35,0
2021,8,17,7,0,56.95,53.52,78.6,0,24.01,0,0,8.22,0
2021,8,17,8,0,80.4,63.5,106.72,0,24.87,0,0,7.59,0
2021,8,17,9,0,183.17,81.61,182.48,0,26.05,0,0,7.66,0
2021,8,17,10,0,100.56,181.46,282.35,0,27.44,0,0,7.49,0
2021,8,17,11,0,474.15,109.98,494.02,0,28.79,0,0,7.33,0
2021,8,17,12,0,134.98,244.82,401.15,0,29.27,0,0,6.83,0
2021,8,17,13,0,558.58,148.88,611.72,0,28.99,0,0,6.33,0
2021,8,17,14,0,467.77,109.42,405.92,0,28.4,0,0,6.66,0
2021,8,17,15,0,296.26,127.09,289.88,0,27.71,0,0,6.76,0
2021,8,17,16,0,277.36,96.76,192.6,0,26.75,0,0,6.66,0
2021,8,17,17,0,184.79,59.68,87.95,0,25.25,0,0,6.5,0
2021,8,17,18,0,0.0,0.0,0.0,0,23.55,0,0,5.85,0
2021,8,17,19,0,0.0,0.0,0.0,0,22.52,0,0,4.75,0
2021,8,17,20,0,0.0,0.0,0.0,0,21.97,0,0,3.95,0
2021,8,17,21,0,0.0,0.0,0.0,0,21.64,0,0,3.48,0
2021,8,17,22,0,0.0,0.0,0.0,0,21.42,0,0,3.58,0
2021,8,17,23,0,0.0,0.0,0.0,0,21.21,0,0,3.79,0
2021,8,18,0,0,0.0,0.0,0.0,0,21.04,0,0,3.84,0
2021,8,18,1,0,0.0,0.0,0.0,0,20.87,0,0,3.64,0
2021,8,18,2,0,0.0,0.0,0.0,0,20.8,0,0,3.17,0
2021,8,18,3,0,0.0,0.0,0.0,0,20.91,0,0,2.49,0
2021,8,18,4,0,0.0,0.0,0.0,0,21.2,0,0,1.71,0
2021,8,18,5,0,81.09,27.33,36.22,0,22.03,0,0,0.84,0
2021,8,18,6,0,395.25,85.54,200.57,0,23.72,0,0,0.17,0
2021,8,18,7,0,577.38,118.29,397.38,0,26.78,0,0,0.91,0
2021,8,18,8,0,662.18,148.08,588.5,0,29.06,0,0,1.02,0
2021,8,18,9,0,685.97,180.82,734.42,0,30.34,0,0,0.84,0
2021,8,18,10,0,653.67,213.76,800.5,0,31.46,0,0,0.74,0
2021,8,18,11,0,684.23,200.99,839.28,0,32.42,0,0,0.83,0
2021,8,18,12,0,663.21,227.57,822.5,0,33.1,0,0,0.81,0
2021,8,18,13,0,521.58,259.92,707.5,0,33.37,0,0,0.62,0
2021,8,18,14,0,607.34,177.39,607.47,0,33.32,0,0,0.31,0
2021,8,18,15,0,513.69,126.23,415.02,0,32.62,0,0,0.32,0
2021,8,18,16,0,418.12,84.92,221.07,0,32.61,0,0,0.95,0
2021,8,18,17,0,184.8,48.54,71.62,0,30.44,0,0,1.59,0
2021,8,18,18,0,0.0,0.0,0.0,0,27.66,0,0,2.71,0
2021,8,18,19,0,0.0,0.0,0.0,0,26.1,0,0,3.97,0
2021,8,18,20,0,0.0,0.0,0.0,0,25.17,0,0,4.59,0
2021,8,18,21,0,0.0,0.0,0.0,0,24.49,0,0,4.58,0
2021,8,18,22,0,0.0,0.0,0.0,0,24.02,0,0,4.42,0
2021,8,18,23,0,0.0,0.0,0.0,0,23.67,0,0,4.28,0
2021,8,19,0,0,0.0,0.0,0.0,0,23.36,0,0,4.1,0
2021,8,19,1,0,0.0,0.0,0.0,0,23.06,0,0,3.85,0
2021,8,19,2,0,0.0,0.0,0.0,0,22.84,0,0,3.62,0
2021,8,19,3,0,0.0,0.0,0.0,0,22.67,0,0,3.3,0
2021,8,19,4,0,0.0,0.0,0.0,0,22.57,0,0,2.96,0
2021,8,19,5,0,13.25,31.74,30.45,0,23.46,0,0,2.51,0
2021,8,19,6,0,221.95,116.67,178.6,0,25.05,0,0,1.4,0
2021,8,19,7,0,384.63,173.02,370.8,0,27.11,0,0,1.73,0
2021,8,19,8,0,609.72,171.47,590.17,0,28.89,0,0,1.68,0
2021,8,19,9,0,566.26,211.14,673.03,0,29.99,0,0,1.55,0
2021,8,19,10,0,576.17,209.46,671.8,0,30.82,0,0,1.68,0
2021,8,19,11,0,479.78,324.27,789.7,0,31.23,0,0,2.02,0
2021,8,19,12,0,411.03,330.94,729.25,0,31.02,0,0,2.49,0
2021,8,19,13,0,41.3,178.7,226.6,0,30.54,0,0,3.05,0
2021,8,19,14,0,12.08,76.25,92.45,0,30.14,0,0,3.48,0
2021,8,19,15,0,0.0,109.65,125.28,0,29.19,0,0,3.43,0
2021,8,19,16,0,2.66,88.48,103.0,0,28.14,0,0,3.13,0
2021,8,19,17,0,3.16,36.5,41.47,0,26.68,0,0,2.68,0
2021,8,19,18,0,0.0,0.0,0.0,0,25.23,0,0,2.37,0
2021,8,19,19,0,0.0,0.0,0.0,0,24.66,0,0,1.99,0
2021,8,19,20,0,0.0,0.0,0.0,0,24.03,0,0,1.82,0
2021,8,19,21,0,0.0,0.0,0.0,0,23.27,0,0,2.12,0
2021,8,19,22,0,0.0,0.0,0.0,0,22.64,0,0,2.81,0
2021,8,19,23,0,0.0,0.0,0.0,0,22.25,0,0,3.49,0
2021,8,20,0,0,0.0,0.0,0.0,0,21.9,0,0,3.89,0
2021,8,20,1,0,0.0,0.0,0.0,0,21.57,0,0,3.98,0
2021,8,20,2,0,0.0,0.0,0.0,0,21.26,0,0,3.97,0
2021,8,20,3,0,0.0,0.0,0.0,0,21.05,0,0,3.91,0
2021,8,20,4,0,0.0,0.0,0.0,0,20.82,0,0,3.84,0
2021,8,20,5,0,13.98,23.41,21.65,0,21.28,0,0,3.55,0
2021,8,20,6,0,76.63,83.92,111.55,0,22.72,0,0,2.6,0
2021,8,20,7,0,126.24,155.77,214.38,0,24.97,0,0,3.64,0
2021,8,20,8,0,123.38,238.95,330.6,0,26.82,0,0,3.63,0
2021,8,20,9,0,191.28,329.45,516.75,0,28.42,0,0,3.21,0
2021,8,20,10,0,189.1,355.88,588.1,0,29.67,0,0,2.87,0
2021,8,20,11,0,337.15,346.41,689.35,0,30.52,0,0,2.71,0
2021,8,20,12,0,495.06,304.34,760.1,0,30.97,0,0,2.7,0
2021,8,20,13,0,565.66,218.61,664.1,0,30.9,0,0,2.72,0
2021,8,20,14,0,270.19,284.6,515.17,0,30.48,0,0,2.95,0
2021,8,20,15,0,408.65,161.51,382.75,0,29.8,0,0,3.11,0
2021,8,20,16,0,256.67,122.91,204.23,0,28.92,0,0,3.18,0
2021,8,20,17,0,84.02,53.66,65.9,0,27.43,0,0,3.61,0
2021,8,20,18,0,0.0,0.0,0.0,0,25.71,0,0,4.61,0
2021,8,20,19,0,0.0,0.0,0.0,0,24.9,0,0,4.87,0
2021,8,20,20,0,0.0,0.0,0.0,0,24.28,0,0,4.93,0
2021,8,20,21,0,0.0,0.0,0.0,0,23.71,0,0,4.84,0
2021,8,20,22,0,0.0,0.0,0.0,0,23.28,0,0,4.65,0
2021,8,20,23,0,0.0,0.0,0.0,0,22.9,0,0,4.6,0
2021,8,21,0,0,0.0,0.0,0.0,0,22.6,0,0,4.7,0
2021,8,21,1,0,0.0,0.0,0.0,0,22.37,0,0,4.71,0
2021,8,21,2,0,0.0,0.0,0.0,0,22.14,0,0,4.64,0
2021,8,21,3,0,0.0,0.0,0.0,0,22.05,0,0,4.5,0
2021,8,21,4,0,0.0,0.0,0.0,0,21.93,0,0,4.51,0
2021,8,21,5,0,22.0,27.75,26.55,0,22.28,0,0,4.15,0
2021,8,21,6,0,123.21,97.43,134.8,0,23.38,0,0,2.78,0
2021,8,21,7,0,143.12,173.14,242.55,0,25.06,0,0,1.97,0
2021,8,21,8,0,78.06,263.86,364.98,0,26.86,0,0,1.12,0
2021,8,21,9,0,36.05,374.83,485.65,0,28.29,0,0,1.52,0
2021,8,21,10,0,48.07,455.73,569.35,0,28.54,0,0,2.14,0
2021,8,21,11,0,26.21,415.55,515.6,0,27.99,0,0,2.58,0
2021,8,21,12,0,0.21,327.87,407.25,0,27.4,0,0,2.42,0
2021,8,21,13,0,0.11,289.18,353.2,0,27.28,0,0,2.91,0
2021,8,21,14,0,0.27,231.16,277.48,0,27.31,0,0,3.46,0
2021,8,21,15,0,20.01,191.0,236.9,0,26.93,0,0,3.84,0
2021,8,21,16,0,19.81,123.62,145.52,0,26.15,0,0,3.79,0
2021,8,21,17,0,5.81,43.05,49.92,0,25.11,0,0,3.6,0
2021,8,21,18,0,0.0,0.0,0.0,0,24.19,0,0,4.05,0
2021,8,21,19,0,0.0,0.0,0.0,0,24.01,0,0,4.6,0
2021,8,21,20,0,0.0,0.0,0.0,0,23.92,0,0,4.98,0
2021,8,21,21,0,0.0,0.0,0.0,0,23.78,0,0,5.2,0
2021,8,21,22,0,0.0,0.0,0.0,0,23.61,0,0,4.88,0
2021,8,21,23,0,0.0,0.0,0.0,0,23.52,0,0,4.86,0
2021,8,22,0,0,0.0,0.0,0.0,0,23.53,0,0,5.48,0
2021,8,22,1,0,0.0,0.0,0.0,0,23.44,0,0,5.39,0
2021,8,22,2,0,0.0,0.0,0.0,0,23.3,0,0,5.28,0
2021,8,22,3,0,0.0,0.0,0.0,0,23.13,0,0,4.79,0
2021,8,22,4,0,0.0,0.0,0.0,0,22.97,0,0,4.72,0
2021,8,22,5,0,0.0,14.82,14.95,0,23.16,0,0,4.58,0
2021,8,22,6,0,4.99,80.87,93.8,0,23.91,0,0,4.02,0
2021,8,22,7,0,9.38,174.38,203.93,0,24.92,0,0,4.51,0
2021,8,22,8,0,5.72,270.3,321.2,0,26.5,0,0,4.44,0
2021,8,22,9,0,31.88,370.34,459.27,0,28.19,0,0,4.36,0
2021,8,22,10,0,289.26,358.98,630.83,0,29.47,0,0,4.39,0
2021,8,22,11,0,320.61,358.75,658.58,0,30.37,0,0,4.48,0
2021,8,22,12,0,320.89,373.42,656.22,0,30.97,0,0,4.64,0
2021,8,22,13,0,172.09,337.76,542.03,0,31.1,0,0,4.82,0
2021,8,22,14,0,199.16,265.28,441.05,0,30.83,0,0,4.79,0
2021,8,22,15,0,127.49,227.66,312.65,0,29.77,0,0,4.37,0
2021,8,22,16,0,67.24,139.2,169.3,0,28.61,0,0,4.15,0
2021,8,22,17,0,25.18,54.41,61.0,0,27.02,0,0,4.35,0
2021,8,22,18,0,0.0,0.0,0.0,0,25.17,0,0,4.69,0
2021,8,22,19,0,0.0,0.0,0.0,0,24.53,0,0,4.89,0
2021,8,22,20,0,0.0,0.0,0.0,0,24.03,0,0,4.76,0
2021,8,22,21,0,0.0,0.0,0.0,0,23.53,0,0,4.48,0
2021,8,22,22,0,0.0,0.0,0.0,0,23.09,0,0,4.28,0
2021,8,22,23,0,0.0,0.0,0.0,0,22.72,0,0,4.24,0
2021,8,23,0,0,0.0,0.0,0.0,0,22.42,0,0,4.24,0
2021,8,23,1,0,0.0,0.0,0.0,0,22.14,0,0,4.26,0
2021,8,23,2,0,0.0,0.0,0.0,0,21.88,0,0,4.31,0
2021,8,23,3,0,0.0,0.0,0.0,0,21.6,0,0,4.26,0
2021,8,23,4,0,0.0,0.0,0.0,0,21.32,0,0,4.25,0
2021,8,23,5,0,72.35,24.18,31.05,0,21.84,0,0,3.99,0
2021,8,23,6,0,378.02,85.65,198.48,0,23.23,0,0,2.36,0
2021,8,23,7,0,547.11,129.88,400.92,0,25.59,0,0,1.87,0
2021,8,23,8,0,633.74,156.37,590.17,0,28.57,0,0,2.2,0
2021,8,23,9,0,747.22,153.54,758.45,0,30.45,0,0,1.88,0
2021,8,23,10,0,689.21,216.89,832.72,0,31.83,0,0,1.6,0
2021,8,23,11,0,692.81,220.63,864.4,0,32.82,0,0,1.49,0
2021,8,23,12,0,644.82,245.86,839.0,0,33.42,0,0,1.49,0
2021,8,23,13,0,638.9,190.63,715.67,0,33.63,0,0,1.46,0
2021,8,23,14,0,571.7,186.57,605.15,0,33.42,0,0,1.35,0
2021,8,23,15,0,542.71,149.44,445.98,0,32.77,0,0,1.41,0
2021,8,23,16,0,429.79,94.31,242.88,0,32.52,0,0,1.63,0
2021,8,23,17,0,146.76,46.65,72.03,0,30.5,0,0,1.47,0
2021,8,23,18,0,0.0,0.0,0.0,0,29.11,0,0,1.18,0
2021,8,23,19,0,0.0,0.0,0.0,0,28.41,0,0,1.06,0
2021,8,23,20,0,0.0,0.0,0.0,0,27.47,0,0,0.94,0
2021,8,23,21,0,0.0,0.0,0.0,0,26.75,0,0,0.84,0
2021,8,23,22,0,0.0,0.0,0.0,0,26.07,0,0,0.8,0
2021,8,23,23,0,0.0,0.0,0.0,0,25.32,0,0,0.91,0
2021,8,24,0,0,0.0,0.0,0.0,0,24.48,0,0,1.14,0
2021,8,24,1,0,0.0,0.0,0.0,0,23.89,0,0,1.32,0
2021,8,24,2,0,0.0,0.0,0.0,0,23.52,0,0,1.4,0
2021,8,24,3,0,0.0,0.0,0.0,0,23.2,0,0,1.45,0
2021,8,24,4,0,0.0,0.0,0.0,0,22.82,0,0,1.73,0
2021,8,24,5,0,52.56,22.11,28.35,0,22.73,0,0,2.2,0
2021,8,24,6,0,334.65,89.83,189.62,0,25.1,0,0,1.76,0
2021,8,24,7,0,471.13,143.34,381.7,0,27.52,0,0,0.86,0
2021,8,24,8,0,583.99,173.92,574.58,0,30.55,0,0,1.2,0
2021,8,24,9,0,684.52,179.62,741.05,0,31.89,0,0,1.71,0
2021,8,24,10,0,662.81,219.14,820.05,0,32.89,0,0,1.83,0
2021,8,24,11,0,654.28,236.69,850.12,0,33.7,0,0,1.76,0
2021,8,24,12,0,629.2,248.85,837.6,0,34.15,0,0,1.65,0
2021,8,24,13,0,608.24,237.23,743.35,0,34.21,0,0,1.59,0
2021,8,24,14,0,545.45,202.28,596.22,0,33.84,0,0,1.48,0
2021,8,24,15,0,501.12,156.87,437.77,0,33.37,0,0,1.53,0
2021,8,24,16,0,366.92,112.36,240.85,0,33.27,0,0,1.72,0
2021,8,24,17,0,127.09,45.2,67.97,0,30.94,0,0,1.68,0
2021,8,24,18,0,0.0,0.0,0.0,0,28.67,0,0,1.9,0
2021,8,24,19,0,0.0,0.0,0.0,0,27.44,0,0,2.47,0
2021,8,24,20,0,0.0,0.0,0.0,0,26.14,0,0,2.86,0
2021,8,24,21,0,0.0,0.0,0.0,0,25.23,0,0,2.83,0
2021,8,24,22,0,0.0,0.0,0.0,0,24.73,0,0,2.47,0
2021,8,24,23,0,0.0,0.0,0.0,0,24.54,0,0,1.95,0
2021,8,25,0,0,0.0,0.0,0.0,0,24.41,0,0,1.32,0
2021,8,25,1,0,0.0,0.0,0.0,0,24.7,0,0,0.53,0
2021,8,25,2,0,0.0,0.0,0.0,0,24.4,0,0,0.46,0
2021,8,25,3,0,0.0,0.0,0.0,0,23.33,0,0,1.48,0
2021,8,25,4,0,0.0,0.0,0.0,0,22.21,0,0,2.51,0
2021,8,25,5,0,49.89,24.0,27.75,0,22.01,0,0,3.43,0
2021,8,25,6,0,343.32,83.99,187.18,0,24.58,0,0,2.92,0
2021,8,25,7,0,509.76,131.69,386.9,0,26.92,0,0,1.98,0
2021,8,25,8,0,632.0,154.31,584.3,0,30.08,0,0,3.22,0
2021,8,25,9,0,690.84,179.28,735.6,0,31.48,0,0,3.6,0
2021,8,25,10,0,473.44,312.03,745.5,0,32.6,0,0,3.58,0
2021,8,25,11,0,516.8,298.94,784.88,0,33.49,0,0,3.39,0
2021,8,25,12,0,504.81,292.42,773.67,0,34.07,0,0,3.17,0
2021,8,25,13,0,505.5,286.38,715.88,0,34.24,0,0,2.97,0
2021,8,25,14,0,460.07,205.71,554.45,0,33.92,0,0,2.85,0
2021,8,25,15,0,394.66,150.47,372.2,0,33.21,0,0,2.82,0
2021,8,25,16,0,203.86,118.92,185.52,0,32.33,0,0,2.95,0
2021,8,25,17,0,37.72,40.65,47.78,0,29.48,0,0,2.94,0
2021,8,25,18,0,0.0,0.0,0.0,0,26.68,0,0,3.53,0
2021,8,25,19,0,0.0,0.0,0.0,0,25.42,0,0,4.15,0
2021,8,25,20,0,0.0,0.0,0.0,0,24.36,0,0,4.27,0
2021,8,25,21,0,0.0,0.0,0.0,0,23.5,0,0,4.01,0
2021,8,25,22,0,0.0,0.0,0.0,0,22.86,0,0,3.73,0
2021,8,25,23,0,0.0,0.0,0.0,0,22.36,0,0,3.43,0
2021,8,26,0,0,0.0,0.0,0.0,0,21.97,0,0,2.92,0
2021,8,26,1,0,0.0,0.0,0.0,0,21.76,0,0,2.15,0
2021,8,26,2,0,0.0,0.0,0.0,0,21.93,0,0,1.19,0
2021,8,26,3,0,0.0,0.0,0.0,0,22.07,0,0,0.61,0
2021,8,26,4,0,0.0,0.0,0.0,0,21.6,0,0,1.15,0
2021,8,26,5,0,11.01,24.81,22.05,0,21.64,0,0,1.87,0
2021,8,26,6,0,116.22,107.33,137.62,0,23.68,0,0,1.6,0
2021,8,26,7,0,154.21,188.89,262.98,0,26.98,0,0,1.85,0
2021,8,26,8,0,168.66,277.49,415.02,0,28.12,0,0,1.89,0
2021,8,26,9,0,435.1,296.57,653.88,0,29.82,0,0,1.98,0
2021,8,26,10,0,608.1,255.02,747.85,0,31.13,0,0,2.03,0
2021,8,26,11,0,603.0,289.83,848.75,0,32.19,0,0,1.99,0
2021,8,26,12,0,623.57,203.32,743.62,0,32.94,0,0,1.92,0
2021,8,26,13,0,659.74,202.26,763.97,0,33.24,0,0,1.87,0
2021,8,26,14,0,639.05,170.54,628.12,0,33.08,0,0,1.78,0
2021,8,26,15,0,586.4,135.54,461.65,0,32.56,0,0,1.8,0
2021,8,26,16,0,434.68,98.36,246.35,0,32.09,0,0,2.06,0
2021,8,26,17,0,113.78,46.02,64.35,0,29.4,0,0,2.14,0
2021,8,26,18,0,0.0,0.0,0.0,0,27.14,0,0,2.26,0
2021,8,26,19,0,0.0,0.0,0.0,0,25.98,0,0,2.7,0
2021,8,26,20,0,0.0,0.0,0.0,0,24.63,0,0,3.31,0
2021,8,26,21,0,0.0,0.0,0.0,0,23.58,0,0,3.83,0
2021,8,26,22,0,0.0,0.0,0.0,0,23.05,0,0,4.25,0
2021,8,26,23,0,0.0,0.0,0.0,0,22.71,0,0,4.56,0
2021,8,27,0,0,0.0,0.0,0.0,0,22.39,0,0,4.7,0
2021,8,27,1,0,0.0,0.0,0.0,0,22.0,0,0,4.73,0
2021,8,27,2,0,0.0,0.0,0.0,0,21.59,0,0,4.67,0
2021,8,27,3,0,0.0,0.0,0.0,0,21.21,0,0,4.38,0
2021,8,27,4,0,0.0,0.0,0.0,0,20.76,0,0,4.12,0
2021,8,27,5,0,10.43,25.11,23.67,0,21.26,0,0,3.92,0
2021,8,27,6,0,197.12,104.89,164.38,0,23.43,0,0,2.6,0
2021,8,27,7,0,396.66,152.86,349.42,0,26.12,0,0,4.14,0
2021,8,27,8,0,544.8,193.0,563.5,0,28.05,0,0,4.88,0
2021,8,27,9,0,322.79,277.71,506.3,0,29.32,0,0,4.89,0
2021,8,27,10,0,445.41,278.98,654.8,0,30.41,0,0,4.7,0
2021,8,27,11,0,413.86,311.23,713.45,0,31.02,0,0,4.5,0
2021,8,27,12,0,499.52,285.46,757.78,0,31.17,0,0,4.36,0
2021,8,27,13,0,490.5,256.2,677.83,0,30.95,0,0,4.35,0
2021,8,27,14,0,504.26,201.22,566.22,0,30.48,0,0,4.41,0
2021,8,27,15,0,418.14,157.06,389.0,0,29.71,0,0,4.47,0
2021,8,27,16,0,196.23,126.38,196.85,0,28.58,0,0,4.46,0
2021,8,27,17,0,23.13,43.92,47.6,0,26.88,0,0,4.59,0
2021,8,27,18,0,0.0,0.0,0.0,0,25.24,0,0,5.06,0
2021,8,27,19,0,0.0,0.0,0.0,0,24.69,0,0,5.03,0
2021,8,27,20,0,0.0,0.0,0.0,0,24.27,0,0,4.6,0
2021,8,27,21,0,0.0,0.0,0.0,0,23.96,0,0,4.19,0
2021,8,27,22,0,0.0,0.0,0.0,0,23.73,0,0,4.07,0
2021,8,27,23,0,0.0,0.0,0.0,0,23.54,0,0,4.09,0
2021,8,28,0,0,0.0,0.0,0.0,0,23.35,0,0,4.09,0
2021,8,28,1,0,0.0,0.0,0.0,0,23.12,0,0,3.99,0
2021,8,28,2,0,0.0,0.0,0.0,0,22.8,0,0,3.98,0
2021,8,28,3,0,0.0,0.0,0.0,0,22.45,0,0,4.05,0
2021,8,28,4,0,0.0,0.0,0.0,0,22.11,0,0,4.22,0
2021,8,28,5,0,7.75,21.32,19.5,0,22.42,0,0,4.21,0
2021,8,28,6,0,126.88,102.16,140.43,0,23.97,0,0,3.26,0
2021,8,28,7,0,269.28,171.99,302.17,0,25.97,0,0,4.16,0
2021,8,28,8,0,453.56,184.19,480.65,0,27.89,0,0,4.21,0
2021,8,28,9,0,406.5,271.52,619.9,0,29.43,0,0,4.15,0
2021,8,28,10,0,501.92,213.34,600.78,0,30.48,0,0,4.12,0
2021,8,28,11,0,253.52,390.78,660.25,0,31.26,0,0,4.06,0
2021,8,28,12,0,174.85,381.6,557.22,0,31.69,0,0,3.99,0
2021,8,28,13,0,223.88,361.41,626.15,0,31.64,0,0,3.93,0
2021,8,28,14,0,538.15,189.28,581.47,0,31.43,0,0,3.95,0
2021,8,28,15,0,486.95,151.6,411.15,0,30.94,0,0,4.2,0
2021,8,28,16,0,248.34,126.7,213.6,0,29.84,0,0,4.39,0
2021,8,28,17,0,31.92,47.88,52.35,0,27.87,0,0,4.57,0
2021,8,28,18,0,0.0,0.0,0.0,0,25.57,0,0,5.34,0
2021,8,28,19,0,0.0,0.0,0.0,0,24.95,0,0,5.7,0
2021,8,28,20,0,0.0,0.0,0.0,0,24.33,0,0,5.36,0
2021,8,28,21,0,0.0,0.0,0.0,0,23.77,0,0,4.98,0
2021,8,28,22,0,0.0,0.0,0.0,0,23.4,0,0,4.84,0
2021,8,28,23,0,0.0,0.0,0.0,0,23.05,0,0,4.67,0
2021,8,29,0,0,0.0,0.0,0.0,0,22.68,0,0,4.5,0
2021,8,29,1,0,0.0,0.0,0.0,0,22.34,0,0,4.29,0
2021,8,29,2,0,0.0,0.0,0.0,0,22.11,0,0,4.22,0
2021,8,29,3,0,0.0,0.0,0.0,0,21.97,0,0,4.2,0
2021,8,29,4,0,0.0,0.0,0.0,0,21.9,0,0,4.19,0
2021,8,29,5,0,2.34,15.15,14.3,0,22.37,0,0,4.13,0
2021,8,29,6,0,50.82,93.17,115.28,0,23.9,0,0,3.7,0
2021,8,29,7,0,133.48,177.77,240.62,0,25.86,0,0,3.93,0
2021,8,29,8,0,249.93,235.56,399.8,0,27.99,0,0,3.86,0
2021,8,29,9,0,165.52,350.08,543.53,0,29.55,0,0,3.86,0
2021,8,29,10,0,512.98,233.62,676.65,0,30.65,0,0,3.82,0
2021,8,29,11,0,362.19,392.04,772.95,0,31.31,0,0,3.75,0
2021,8,29,12,0,606.19,234.54,745.67,0,31.65,0,0,3.75,0
2021,8,29,13,0,472.08,264.59,676.38,0,31.76,0,0,3.76,0
2021,8,29,14,0,403.7,241.9,537.88,0,31.61,0,0,3.81,0
2021,8,29,15,0,139.13,230.82,322.17,0,30.95,0,0,3.86,0
2021,8,29,16,0,49.14,138.35,166.9,0,29.71,0,0,3.91,0
2021,8,29,17,0,7.45,38.29,40.95,0,27.5,0,0,4.04,0
2021,8,29,18,0,0.0,0.0,0.0,0,25.83,0,0,4.19,0
2021,8,29,19,0,0.0,0.0,0.0,0,25.22,0,0,4.06,0
2021,8,29,20,0,0.0,0.0,0.0,0,24.71,0,0,3.72,0
2021,8,29,21,0,0.0,0.0,0.0,0,24.23,0,0,3.48,0
2021,8,29,22,0,0.0,0.0,0.0,0,23.87,0,0,3.53,0
2021,8,29,23,0,0.0,0.0,0.0,0,23.57,0,0,3.7,0
2021,8,30,0,0,0.0,0.0,0.0,0,23.32,0,0,3.79,0
2021,8,30,1,0,0.0,0.0,0.0,0,23.09,0,0,3.85,0
2021,8,30,2,0,0.0,0.0,0.0,0,22.9,0,0,3.92,0
2021,8,30,3,0,0.0,0.0,0.0,0,22.68,0,0,3.93,0
2021,8,30,4,0,0.0,0.0,0.0,0,22.45,0,0,3.95,0
2021,8,30,5,0,0.96,22.51,21.1,0,22.62,0,0,3.87,0
2021,8,30,6,0,26.42,119.53,140.77,0,23.68,0,0,3.07,0
2021,8,30,7,0,78.0,240.36,298.12,0,24.96,0,0,3.02,0
2021,8,30,8,0,244.37,354.54,459.38,0,26.61,0,0,3.94,0
2021,8,30,9,0,323.86,439.37,598.53,0,27.81,0,0,4.08,0
2021,8,30,10,0,527.14,457.87,685.2,0,28.49,0,0,4.15,0
2021,8,30,11,0,27.46,444.18,558.28,0,28.76,0,0,4.24,0
2021,8,30,12,0,157.67,467.04,608.72,0,28.64,0,0,4.33,0
2021,8,30,13,0,0.0,236.55,288.05,0,28.36,0,0,4.31,0
2021,8,30,14,0,12.13,137.54,165.77,0,27.91,0,0,4.07,0
2021,8,30,15,0,12.84,74.85,88.45,0,27.14,0,0,3.67,0
2021,8,30,16,0,0.0,61.52,70.35,0,26.08,0,0,3.42,0
2021,8,30,17,0,0.0,18.31,20.15,0,24.92,0,0,3.62,0
2021,8,30,18,0,0.0,0.0,0.0,0,24.03,0,0,4.08,0
2021,8,30,19,0,0.0,0.0,0.0,0,23.68,0,0,4.45,0
2021,8,30,20,0,0.0,0.0,0.0,0,23.32,0,0,4.47,0
2021,8,30,21,0,0.0,0.0,0.0,0,22.95,0,0,4.43,0
2021,8,30,22,0,0.0,0.0,0.0,0,22.74,0,0,4.48,0
2021,8,30,23,0,0.0,0.0,0.0,0,22.61,0,0,4.59,0
2021,8,31,0,0,0.0,0.0,0.0,0,22.59,0,0,4.98,0
2021,8,31,1,0,0.0,0.0,0.0,0,22.58,0,0,5.44,0
2021,8,31,2,0,0.0,0.0,0.0,0,22.56,0,0,6.06,0
2021,8,31,3,0,0.0,0.0,0.0,0,22.54,0,0,6.93,0
2021,8,31,4,0,0.0,0.0,0.0,0,22.55,0,0,7.35,0
2021,8,31,5,0,0.0,7.15,7.03,0,22.65,0,0,7.7,0
2021,8,31,6,0,3.79,37.28,42.92,0,23.16,0,0,7.95,0
2021,8,31,7,0,3.65,57.84,68.93,0,23.78,0,0,9.88,0
2021,8,31,8,0,28.54,66.06,89.45,0,24.27,0,0,11.46,0
2021,8,31,9,0,19.13,171.92,212.45,0,25.02,0,0,11.65,0
2021,8,31,10,0,151.09,223.2,374.15,0,25.51,0,0,11.29,0
2021,8,31,11,0,80.16,263.15,390.48,0,25.69,0,0,10.51,0
2021,8,31,12,0,38.6,246.81,327.33,0,26.12,0,0,9.72,0
2021,8,31,13,0,35.63,194.05,252.75,0,26.34,0,0,8.85,0
2021,8,31,14,0,151.96,180.04,241.23,0,26.29,0,0,7.86,0
2021,8,31,15,0,43.92,123.9,157.05,0,26.13,0,0,7.2,0
2021,8,31,16,0,20.27,69.29,80.82,0,25.64,0,0,6.66,0
2021,8,31,17,0,4.81,13.12,14.65,0,24.84,0,0,6.74,0
2021,8,31,18,0,0.0,0.0,0.0,0,24.02,0,0,7.33,0
2021,8,31,19,0,0.0,0.0,0.0,0,23.37,0,0,7.37,0
2021,8,31,20,0,0.0,0.0,0.0,0,22.78,0,0,7.28,0
2021,8,31,21,0,0.0,0.0,0.0,0,22.46,0,0,7.16,0
2021,8,31,22,0,0.0,0.0,0.0,0,22.35,0,0,7.26,0
2021,8,31,23,0,0.0,0.0,0.0,0,22.25,0,0,6.87,0
2021,9,1,0,0,0.0,0.0,0.0,0,22.08,0,0,6.01,0
2021,9,1,1,0,0.0,0.0,0.0,0,21.89,0,0,6.87,0
2021,9,1,2,0,0.0,0.0,0.0,0,21.6,0,0,7.07,0
2021,9,1,3,0,0.0,0.0,0.0,0,21.27,0,0,7.07,0
2021,9,1,4,0,0.0,0.0,0.0,0,20.99,0,0,7.11,0
2021,9,1,5,0,22.96,23.53,21.27,0,20.85,0,0,7.01,0
2021,9,1,6,0,246.21,104.28,167.48,0,21.64,0,0,6.63,0
2021,9,1,7,0,434.86,154.27,358.33,0,23.14,0,0,7.27,0
2021,9,1,8,0,565.93,178.05,550.05,0,25.2,0,0,7.4,0
2021,9,1,9,0,572.39,215.27,681.38,0,27.07,0,0,7.4,0
2021,9,1,10,0,510.47,290.38,744.72,0,28.49,0,0,7.36,0
2021,9,1,11,0,533.05,276.01,768.9,0,29.57,0,0,7.17,0
2021,9,1,12,0,573.51,220.71,705.25,0,30.23,0,0,6.82,0
2021,9,1,13,0,479.85,284.41,681.62,0,30.46,0,0,6.5,0
2021,9,1,14,0,565.42,189.2,571.55,0,30.26,0,0,6.15,0
2021,9,1,15,0,549.26,133.46,416.88,0,29.61,0,0,5.71,0
2021,9,1,16,0,369.09,99.66,212.65,0,28.34,0,0,5.2,0
2021,9,1,17,0,70.91,40.58,46.7,0,26.07,0,0,5.08,0
2021,9,1,18,0,0.0,0.0,0.0,0,23.87,0,0,5.44,0
2021,9,1,19,0,0.0,0.0,0.0,0,23.2,0,0,5.57,0
2021,9,1,20,0,0.0,0.0,0.0,0,22.58,0,0,5.6,0
2021,9,1,21,0,0.0,0.0,0.0,0,22.03,0,0,5.62,0
2021,9,1,22,0,0.0,0.0,0.0,0,21.52,0,0,5.39,0
2021,9,1,23,0,0.0,0.0,0.0,0,21.07,0,0,5.23,0
2021,9,2,0,0,0.0,0.0,0.0,0,20.6,0,0,5.16,0
2021,9,2,1,0,0.0,0.0,0.0,0,20.13,0,0,5.05,0
2021,9,2,2,0,0.0,0.0,0.0,0,19.6,0,0,4.86,0
2021,9,2,3,0,0.0,0.0,0.0,0,19.06,0,0,4.65,0
2021,9,2,4,0,0.0,0.0,0.0,0,18.58,0,0,4.59,0
2021,9,2,5,0,38.78,18.15,21.23,0,18.87,0,0,4.39,0
2021,9,2,6,0,341.5,82.76,177.32,0,21.21,0,0,3.29,0
2021,9,2,7,0,532.22,126.52,383.75,0,23.79,0,0,4.64,0
2021,9,2,8,0,666.19,146.77,585.1,0,25.79,0,0,4.13,0
2021,9,2,9,0,659.78,208.51,727.5,0,27.42,0,0,3.04,0
2021,9,2,10,0,526.87,294.67,762.8,0,28.73,0,0,2.31,0
2021,9,2,11,0,550.62,301.84,783.97,0,29.65,0,0,2.04,0
2021,9,2,12,0,607.37,285.07,810.03,0,30.18,0,0,2.1,0
2021,9,2,13,0,726.99,187.11,756.35,0,30.33,0,0,2.2,0
2021,9,2,14,0,656.48,172.71,606.25,0,30.04,0,0,2.53,0
2021,9,2,15,0,664.37,113.19,437.48,0,29.32,0,0,2.97,0
2021,9,2,16,0,524.02,77.21,238.7,0,28.29,0,0,3.07,0
2021,9,2,17,0,208.91,30.63,53.92,0,25.79,0,0,2.86,0
2021,9,2,18,0,0.0,0.0,0.0,0,23.46,0,0,3.21,0
2021,9,2,19,0,0.0,0.0,0.0,0,22.27,0,0,3.72,0
2021,9,2,20,0,0.0,0.0,0.0,0,21.34,0,0,4.17,0
2021,9,2,21,0,0.0,0.0,0.0,0,20.41,0,0,4.66,0
2021,9,2,22,0,0.0,0.0,0.0,0,19.69,0,0,5.18,0
2021,9,2,23,0,0.0,0.0,0.0,0,19.07,0,0,5.58,0
2021,9,3,0,0,0.0,0.0,0.0,0,18.52,0,0,5.75,0
2021,9,3,1,0,0.0,0.0,0.0,0,17.98,0,0,5.64,0
2021,9,3,2,0,0.0,0.0,0.0,0,17.41,0,0,5.3,0
2021,9,3,3,0,0.0,0.0,0.0,0,16.88,0,0,5.0,0
2021,9,3,4,0,0.0,0.0,0.0,0,16.46,0,0,4.73,0
2021,9,3,5,0,67.86,20.02,23.58,0,16.55,0,0,4.47,0
2021,9,3,6,0,440.6,77.47,191.95,0,18.67,0,0,3.04,0
2021,9,3,7,0,632.72,115.11,400.6,0,21.67,0,0,3.5,0
2021,9,3,8,0,743.54,140.53,604.45,0,24.58,0,0,4.31,0
2021,9,3,9,0,789.43,167.14,762.97,0,26.18,0,0,3.65,0
2021,9,3,10,0,570.58,338.52,809.03,0,27.3,0,0,2.88,0
2021,9,3,11,0,581.99,344.17,811.78,0,28.17,0,0,2.38,0
2021,9,3,12,0,431.34,377.68,763.85,0,28.74,0,0,2.14,0
2021,9,3,13,0,433.01,378.45,689.78,0,28.92,0,0,2.16,0
2021,9,3,14,0,326.67,261.41,506.85,0,28.63,0,0,2.32,0
2021,9,3,15,0,519.73,142.15,397.95,0,27.94,0,0,2.56,0
2021,9,3,16,0,395.12,92.0,212.65,0,27.3,0,0,2.83,0
2021,9,3,17,0,120.97,34.74,47.2,0,23.67,0,0,3.28,0
2021,9,3,18,0,0.0,0.0,0.0,0,20.66,0,0,3.85,0
2021,9,3,19,0,0.0,0.0,0.0,0,19.44,0,0,4.04,0
2021,9,3,20,0,0.0,0.0,0.0,0,18.66,0,0,3.93,0
2021,9,3,21,0,0.0,0.0,0.0,0,17.79,0,0,3.9,0
2021,9,3,22,0,0.0,0.0,0.0,0,17.1,0,0,3.85,0
2021,9,3,23,0,0.0,0.0,0.0,0,16.5,0,0,3.73,0
2021,9,4,0,0,0.0,0.0,0.0,0,16.05,0,0,3.5,0
2021,9,4,1,0,0.0,0.0,0.0,0,16.0,0,0,3.09,0
2021,9,4,2,0,0.0,0.0,0.0,0,16.18,0,0,2.53,0
2021,9,4,3,0,0.0,0.0,0.0,0,16.26,0,0,1.89,0
2021,9,4,4,0,0.0,0.0,0.0,0,16.71,0,0,1.37,0
2021,9,4,5,0,26.39,20.25,19.27,0,16.75,0,0,1.17,0
2021,9,4,6,0,348.15,84.58,178.4,0,18.63,0,0,0.97,0
2021,9,4,7,0,540.79,135.26,384.4,0,20.98,0,0,0.42,0
2021,9,4,8,0,724.51,131.05,599.15,0,24.74,0,0,1.42,0
2021,9,4,9,0,854.86,117.22,780.45,0,26.25,0,0,1.29,0
2021,9,4,10,0,882.12,119.73,881.65,0,27.34,0,0,1.52,0
2021,9,4,11,0,914.71,115.53,931.5,0,28.21,0,0,1.71,0
2021,9,4,12,0,943.17,93.13,906.85,0,28.87,0,0,1.7,0
2021,9,4,13,0,846.91,139.4,809.35,0,29.15,0,0,1.64,0
2021,9,4,14,0,688.32,196.74,633.22,0,29.04,0,0,1.25,0
2021,9,4,15,0,569.76,185.7,437.27,0,28.64,0,0,0.52,0
2021,9,4,16,0,377.63,131.84,228.5,0,28.33,0,0,0.45,0
2021,9,4,17,0,77.51,39.94,45.95,0,25.29,0,0,0.98,0
2021,9,4,18,0,0.0,0.0,0.0,0,23.15,0,0,1.78,0
2021,9,4,19,0,0.0,0.0,0.0,0,21.38,0,0,2.72,0
2021,9,4,20,0,0.0,0.0,0.0,0,19.68,0,0,3.51,0
2021,9,4,21,0,0.0,0.0,0.0,0,18.48,0,0,3.92,0
2021,9,4,22,0,0.0,0.0,0.0,0,17.76,0,0,3.95,0
2021,9,4,23,0,0.0,0.0,0.0,0,17.21,0,0,3.83,0
2021,9,5,0,0,0.0,0.0,0.0,0,16.77,0,0,3.62,0
2021,9,5,1,0,0.0,0.0,0.0,0,16.41,0,0,3.32,0
2021,9,5,2,0,0.0,0.0,0.0,0,16.18,0,0,2.99,0
2021,9,5,3,0,0.0,0.0,0.0,0,15.98,0,0,2.7,0
2021,9,5,4,0,0.0,0.0,0.0,0,15.79,0,0,2.46,0
2021,9,5,5,0,48.35,17.87,20.65,0,15.89,0,0,2.23,0
2021,9,5,6,0,380.53,77.08,181.8,0,18.35,0,0,1.67,0
2021,9,5,7,0,575.0,118.14,388.95,0,20.88,0,0,0.89,0
2021,9,5,8,0,662.82,154.17,583.92,0,24.88,0,0,2.69,0
2021,9,5,9,0,838.71,120.5,759.83,0,27.32,0,0,2.51,0
2021,9,5,10,0,797.39,159.63,852.42,0,28.83,0,0,1.92,0
2021,9,5,11,0,679.95,239.01,842.33,0,30.05,0,0,1.57,0
2021,9,5,12,0,535.61,285.55,759.9,0,30.87,0,0,1.55,0
2021,9,5,13,0,634.36,144.24,617.9,0,31.23,0,0,1.77,0
2021,9,5,14,0,528.31,189.87,549.67,0,31.11,0,0,2.09,0
2021,9,5,15,0,530.22,114.29,372.7,0,30.59,0,0,2.25,0
2021,9,5,16,0,399.7,85.53,204.0,0,29.64,0,0,2.37,0
2021,9,5,17,0,100.73,28.76,39.33,0,26.28,0,0,2.84,0
2021,9,5,18,0,0.0,0.0,0.0,0,23.73,0,0,4.08,0
2021,9,5,19,0,0.0,0.0,0.0,0,22.69,0,0,5.15,0
2021,9,5,20,0,0.0,0.0,0.0,0,22.09,0,0,5.73,0
2021,9,5,21,0,0.0,0.0,0.0,0,21.61,0,0,5.85,0
2021,9,5,22,0,0.0,0.0,0.0,0,21.12,0,0,5.4,0
2021,9,5,23,0,0.0,0.0,0.0,0,20.66,0,0,5.3,0
2021,9,6,0,0,0.0,0.0,0.0,0,20.34,0,0,5.27,0
2021,9,6,1,0,0.0,0.0,0.0,0,20.61,0,0,5.67,0
2021,9,6,2,0,0.0,0.0,0.0,0,20.7,0,0,5.54,0
2021,9,6,3,0,0.0,0.0,0.0,0,20.43,0,0,4.68,0
2021,9,6,4,0,0.0,0.0,0.0,0,19.89,0,0,4.13,0
2021,9,6,5,0,4.33,13.72,11.8,0,20.16,0,0,4.12,0
2021,9,6,6,0,64.39,78.37,94.78,0,22.15,0,0,3.0,0
2021,9,6,7,0,186.37,138.08,218.82,0,23.62,0,0,3.07,0
2021,9,6,8,0,143.52,218.64,344.15,0,25.35,0,0,3.12,0
2021,9,6,9,0,201.93,257.66,444.27,0,27.08,0,0,3.4,0
2021,9,6,10,0,206.73,231.1,414.85,0,28.49,0,0,3.84,0
2021,9,6,11,0,312.4,320.54,608.83,0,29.32,0,0,4.36,0
2021,9,6,12,0,237.33,326.71,532.35,0,29.66,0,0,4.45,0
2021,9,6,13,0,54.43,275.41,369.08,0,30.07,0,0,3.68,0
2021,9,6,14,0,59.91,212.36,284.65,0,30.06,0,0,2.84,0
2021,9,6,15,0,35.36,158.03,192.65,0,29.61,0,0,2.51,0
2021,9,6,16,0,15.97,73.52,85.12,0,28.52,0,0,2.7,0
2021,9,6,17,0,8.3,16.36,16.77,0,26.28,0,0,2.8,0
2021,9,6,18,0,0.0,0.0,0.0,0,24.58,0,0,2.96,0
2021,9,6,19,0,0.0,0.0,0.0,0,23.97,0,0,2.89,0
2021,9,6,20,0,0.0,0.0,0.0,0,23.4,0,0,2.59,0
2021,9,6,21,0,0.0,0.0,0.0,0,22.92,0,0,2.37,0
2021,9,6,22,0,0.0,0.0,0.0,0,22.55,0,0,2.2,0
2021,9,6,23,0,0.0,0.0,0.0,0,22.25,0,0,2.06,0
2021,9,7,0,0,0.0,0.0,0.0,0,22.01,0,0,1.88,0
2021,9,7,1,0,0.0,0.0,0.0,0,21.82,0,0,1.88,0
2021,9,7,2,0,0.0,0.0,0.0,0,21.58,0,0,2.21,0
2021,9,7,3,0,0.0,0.0,0.0,0,21.52,0,0,2.23,0
2021,9,7,4,0,0.0,0.0,0.0,0,21.3,0,0,2.2,0
2021,9,7,5,0,4.58,16.35,14.15,0,21.24,0,0,2.33,0
2021,9,7,6,0,34.48,101.88,115.78,0,22.58,0,0,2.14,0
2021,9,7,7,0,95.93,196.43,247.7,0,23.99,0,0,1.58,0
2021,9,7,8,0,176.3,255.3,399.6,0,27.43,0,0,1.95,0
2021,9,7,9,0,277.64,319.78,563.25,0,28.25,0,0,2.39,0
2021,9,7,10,0,285.56,336.87,618.45,0,29.28,0,0,2.53,0
2021,9,7,11,0,130.77,434.21,622.58,0,29.51,0,0,2.66,0
2021,9,7,12,0,226.03,281.05,500.15,0,29.26,0,0,2.82,0
2021,9,7,13,0,134.97,305.8,465.73,0,29.09,0,0,2.88,0
2021,9,7,14,0,299.55,212.82,423.38,0,28.73,0,0,2.84,0
2021,9,7,15,0,192.24,181.01,271.52,0,28.4,0,0,2.81,0
2021,9,7,16,0,83.05,101.66,129.07,0,27.41,0,0,2.59,0
2021,9,7,17,0,7.98,22.29,20.95,0,26.03,0,0,2.22,0
2021,9,7,18,0,0.0,0.0,0.0,0,25.12,0,0,2.37,0
2021,9,7,19,0,0.0,0.0,0.0,0,24.23,0,0,2.96,0
2021,9,7,20,0,0.0,0.0,0.0,0,23.51,0,0,3.63,0
2021,9,7,21,0,0.0,0.0,0.0,0,23.08,0,0,3.95,0
2021,9,7,22,0,0.0,0.0,0.0,0,22.72,0,0,3.85,0
2021,9,7,23,0,0.0,0.0,0.0,0,22.42,0,0,3.53,0
2021,9,8,0,0,0.0,0.0,0.0,0,22.13,0,0,3.27,0
2021,9,8,1,0,0.0,0.0,0.0,0,21.9,0,0,3.18,0
2021,9,8,2,0,0.0,0.0,0.0,0,21.72,0,0,3.33,0
2021,9,8,3,0,0.0,0.0,0.0,0,21.61,0,0,3.43,0
2021,9,8,4,0,0.0,0.0,0.0,0,21.44,0,0,3.61,0
2021,9,8,5,0,3.26,17.31,15.25,0,21.38,0,0,3.67,0
2021,9,8,6,0,20.39,88.9,104.72,0,22.41,0,0,3.11,0
2021,9,8,7,0,34.48,191.14,227.15,0,23.36,0,0,2.37,0
2021,9,8,8,0,62.83,279.75,360.8,0,25.14,0,0,2.25,0
2021,9,8,9,0,30.58,361.02,447.55,0,26.61,0,0,2.37,0
2021,9,8,10,0,47.49,445.71,552.95,0,27.29,0,0,2.75,0
2021,9,8,11,0,44.99,406.98,523.88,0,28.17,0,0,2.89,0
2021,9,8,12,0,31.81,327.93,431.55,0,28.74,0,0,3.05,0
2021,9,8,13,0,25.97,259.65,333.5,0,28.9,0,0,3.22,0
2021,9,8,14,0,5.09,231.57,275.2,0,28.67,0,0,3.4,0
2021,9,8,15,0,0.53,161.12,187.8,0,28.03,0,0,3.71,0
2021,9,8,16,0,0.0,79.61,91.93,0,26.74,0,0,4.04,0
2021,9,8,17,0,1.18,16.87,16.52,0,24.64,0,0,4.58,0
2021,9,8,18,0,0.0,0.0,0.0,0,23.16,0,0,4.91,0
2021,9,8,19,0,0.0,0.0,0.0,0,22.57,0,0,4.63,0
2021,9,8,20,0,0.0,0.0,0.0,0,22.13,0,0,4.42,0
2021,9,8,21,0,0.0,0.0,0.0,0,21.82,0,0,4.22,0
2021,9,8,22,0,0.0,0.0,0.0,0,21.64,0,0,4.25,0
2021,9,8,23,0,0.0,0.0,0.0,0,21.52,0,0,4.17,0
2021,9,9,0,0,0.0,0.0,0.0,0,21.35,0,0,4.07,0
2021,9,9,1,0,0.0,0.0,0.0,0,21.16,0,0,4.08,0
2021,9,9,2,0,0.0,0.0,0.0,0,21.1,0,0,4.4,0
2021,9,9,3,0,0.0,0.0,0.0,0,20.82,0,0,4.49,0
2021,9,9,4,0,0.0,0.0,0.0,0,20.52,0,0,4.65,0
2021,9,9,5,0,7.9,17.2,14.68,0,20.37,0,0,4.65,0
2021,9,9,6,0,196.65,96.47,148.73,0,21.41,0,0,4.03,0
2021,9,9,7,0,401.26,158.89,343.3,0,22.37,0,0,4.85,0
2021,9,9,8,0,717.47,124.4,576.85,0,24.25,0,0,5.73,0
2021,9,9,9,0,753.63,155.53,733.33,0,26.25,0,0,6.02,0
2021,9,9,10,0,812.48,188.22,791.05,0,27.51,0,0,5.98,0
2021,9,9,11,0,829.18,164.33,880.62,0,28.34,0,0,6.07,0
2021,9,9,12,0,843.74,227.6,849.5,0,28.82,0,0,6.07,0
2021,9,9,13,0,752.14,210.81,765.5,0,28.8,0,0,6.12,0
2021,9,9,14,0,648.26,199.98,608.75,0,28.28,0,0,6.23,0
2021,9,9,15,0,518.76,184.8,420.88,0,27.34,0,0,6.44,0
2021,9,9,16,0,399.22,113.29,217.02,0,25.72,0,0,6.49,0
2021,9,9,17,0,89.9,28.8,32.7,0,22.67,0,0,6.75,0
2021,9,9,18,0,0.0,0.0,0.0,0,20.24,0,0,7.11,0
2021,9,9,19,0,0.0,0.0,0.0,0,19.24,0,0,6.63,0
2021,9,9,20,0,0.0,0.0,0.0,0,18.24,0,0,6.2,0
2021,9,9,21,0,0.0,0.0,0.0,0,17.36,0,0,5.88,0
2021,9,9,22,0,0.0,0.0,0.0,0,16.68,0,0,5.73,0
2021,9,9,23,0,0.0,0.0,0.0,0,16.17,0,0,5.82,0
2021,9,10,0,0,0.0,0.0,0.0,0,15.77,0,0,5.91,0
2021,9,10,1,0,0.0,0.0,0.0,0,15.3,0,0,5.91,0
2021,9,10,2,0,0.0,0.0,0.0,0,14.77,0,0,5.75,0
2021,9,10,3,0,0.0,0.0,0.0,0,14.24,0,0,5.41,0
2021,9,10,4,0,0.0,0.0,0.0,0,13.84,0,0,5.13,0
2021,9,10,5,0,61.7,15.79,18.3,0,13.89,0,0,4.86,0
2021,9,10,6,0,527.92,60.4,190.4,0,16.65,0,0,3.52,0
2021,9,10,7,0,733.68,84.6,409.88,0,20.09,0,0,3.18,0
2021,9,10,8,0,823.54,96.7,607.65,0,23.62,0,0,3.81,0
2021,9,10,9,0,894.4,94.57,768.6,0,25.78,0,0,3.08,0
2021,9,10,10,0,909.6,103.44,869.1,0,27.27,0,0,2.22,0
2021,9,10,11,0,861.15,132.55,892.3,0,28.27,0,0,1.56,0
2021,9,10,12,0,712.72,218.88,829.67,0,28.81,0,0,1.17,0
2021,9,10,13,0,679.88,155.62,583.22,0,28.99,0,0,1.02,0
2021,9,10,14,0,507.73,211.27,542.7,0,28.7,0,0,0.98,0
2021,9,10,15,0,451.27,150.23,365.88,0,28.05,0,0,1.1,0
2021,9,10,16,0,339.88,94.13,185.07,0,27.51,0,0,1.35,0
2021,9,10,17,0,62.66,25.05,28.02,0,23.84,0,0,2.47,0
2021,9,10,18,0,0.0,0.0,0.0,0,20.75,0,0,3.94,0
2021,9,10,19,0,0.0,0.0,0.0,0,19.24,0,0,4.84,0
2021,9,10,20,0,0.0,0.0,0.0,0,18.43,0,0,5.19,0
2021,9,10,21,0,0.0,0.0,0.0,0,17.8,0,0,5.17,0
2021,9,10,22,0,0.0,0.0,0.0,0,17.19,0,0,5.07,0
2021,9,10,23,0,0.0,0.0,0.0,0,16.63,0,0,5.08,0
2021,9,11,0,0,0.0,0.0,0.0,0,16.12,0,0,5.1,0
2021,9,11,1,0,0.0,0.0,0.0,0,15.62,0,0,5.08,0
2021,9,11,2,0,0.0,0.0,0.0,0,15.13,0,0,5.06,0
2021,9,11,3,0,0.0,0.0,0.0,0,14.84,0,0,4.78,0
2021,9,11,4,0,0.0,0.0,0.0,0,14.69,0,0,4.01,0
2021,9,11,5,0,27.38,14.75,15.32,0,14.93,0,0,3.36,0
2021,9,11,6,0,378.06,71.62,166.93,0,17.84,0,0,2.34,0
2021,9,11,7,0,546.88,120.95,367.7,0,20.53,0,0,1.23,0
2021,9,11,8,0,678.21,136.92,566.08,0,24.96,0,0,2.73,0
2021,9,11,9,0,789.01,131.47,733.05,0,26.91,0,0,2.16,0
2021,9,11,10,0,651.77,202.22,767.1,0,28.2,0,0,1.62,0
2021,9,11,11,0,539.89,276.08,760.22,0,29.18,0,0,1.36,0
2021,9,11,12,0,511.71,301.86,744.2,0,29.86,0,0,1.28,0
2021,9,11,13,0,600.73,221.29,680.97,0,30.11,0,0,1.32,0
2021,9,11,14,0,578.51,170.64,543.72,0,29.91,0,0,1.39,0
2021,9,11,15,0,495.72,135.09,367.92,0,29.39,0,0,1.55,0
2021,9,11,16,0,379.43,83.57,184.18,0,28.65,0,0,1.78,0
2021,9,11,17,0,69.21,22.19,26.05,0,25.51,0,0,1.97,0
2021,9,11,18,0,0.0,0.0,0.0,0,23.52,0,0,2.48,0
2021,9,11,19,0,0.0,0.0,0.0,0,22.03,0,0,3.09,0
2021,9,11,20,0,0.0,0.0,0.0,0,20.58,0,0,3.66,0
2021,9,11,21,0,0.0,0.0,0.0,0,19.28,0,0,4.22,0
2021,9,11,22,0,0.0,0.0,0.0,0,18.31,0,0,4.66,0
2021,9,11,23,0,0.0,0.0,0.0,0,17.65,0,0,4.86,0
2021,9,12,0,0,0.0,0.0,0.0,0,17.15,0,0,4.74,0
2021,9,12,1,0,0.0,0.0,0.0,0,16.83,0,0,4.44,0
2021,9,12,2,0,0.0,0.0,0.0,0,16.58,0,0,4.07,0
2021,9,12,3,0,0.0,0.0,0.0,0,16.42,0,0,3.56,0
2021,9,12,4,0,0.0,0.0,0.0,0,16.44,0,0,2.95,0
2021,9,12,5,0,25.79,13.67,14.62,0,16.72,0,0,2.46,0
2021,9,12,6,0,312.71,76.96,155.18,0,19.3,0,0,1.7,0
2021,9,12,7,0,457.46,137.54,344.12,0,22.1,0,0,1.63,0
2021,9,12,8,0,676.75,140.82,563.17,0,25.93,0,0,2.32,0
2021,9,12,9,0,392.64,336.2,701.3,0,27.79,0,0,1.71,0
2021,9,12,10,0,643.36,236.14,781.75,0,29.04,0,0,1.48,0
2021,9,12,11,0,339.53,367.82,689.88,0,29.99,0,0,1.51,0
2021,9,12,12,0,420.72,275.75,672.88,0,30.53,0,0,1.53,0
2021,9,12,13,0,200.43,378.69,600.42,0,30.74,0,0,1.54,0
2021,9,12,14,0,429.81,212.17,501.5,0,30.53,0,0,1.52,0
2021,9,12,15,0,359.87,154.43,331.38,0,30.12,0,0,1.51,0
2021,9,12,16,0,230.49,94.05,159.5,0,29.09,0,0,1.43,0
2021,9,12,17,0,21.38,20.49,20.88,0,26.27,0,0,1.69,0
2021,9,12,18,0,0.0,0.0,0.0,0,24.17,0,0,2.45,0
2021,9,12,19,0,0.0,0.0,0.0,0,22.37,0,0,3.23,0
2021,9,12,20,0,0.0,0.0,0.0,0,20.85,0,0,3.84,0
2021,9,12,21,0,0.0,0.0,0.0,0,19.87,0,0,4.09,0
2021,9,12,22,0,0.0,0.0,0.0,0,19.29,0,0,4.0,0
2021,9,12,23,0,0.0,0.0,0.0,0,18.97,0,0,3.67,0
2021,9,13,0,0,0.0,0.0,0.0,0,18.9,0,0,3.21,0
2021,9,13,1,0,0.0,0.0,0.0,0,18.93,0,0,2.79,0
2021,9,13,2,0,0.0,0.0,0.0,0,18.9,0,0,2.52,0
2021,9,13,3,0,0.0,0.0,0.0,0,18.86,0,0,2.28,0
2021,9,13,4,0,0.0,0.0,0.0,0,18.6,0,0,2.32,0
2021,9,13,5,0,6.22,15.58,13.02,0,18.33,0,0,2.58,0
2021,9,13,6,0,241.51,88.65,143.27,0,20.46,0,0,2.29,0
2021,9,13,7,0,445.57,144.14,342.25,0,22.88,0,0,1.46,0
2021,9,13,8,0,565.8,174.06,535.9,0,26.98,0,0,2.74,0
2021,9,13,9,0,595.7,228.95,672.05,0,28.95,0,0,2.53,0
2021,9,13,10,0,606.33,229.54,704.33,0,30.19,0,0,2.29,0
2021,9,13,11,0,423.47,349.53,722.42,0,31.11,0,0,2.01,0
2021,9,13,12,0,328.72,415.84,724.72,0,31.84,0,0,1.86,0
2021,9,13,13,0,414.67,318.19,651.53,0,32.06,0,0,1.75,0
2021,9,13,14,0,403.73,237.35,503.98,0,31.42,0,0,1.7,0
2021,9,13,15,0,277.26,194.19,324.65,0,30.96,0,0,1.73,0
2021,9,13,16,0,142.27,112.72,152.82,0,29.77,0,0,1.69,0
2021,9,13,17,0,15.5,22.12,19.42,0,27.5,0,0,1.59,0
2021,9,13,18,0,0.0,0.0,0.0,0,26.59,0,0,1.54,0
2021,9,13,19,0,0.0,0.0,0.0,0,25.99,0,0,1.35,0
2021,9,13,20,0,0.0,0.0,0.0,0,25.51,0,0,1.04,0
2021,9,13,21,0,0.0,0.0,0.0,0,25.23,0,0,0.74,0
2021,9,13,22,0,0.0,0.0,0.0,0,24.66,0,0,0.66,0
2021,9,13,23,0,0.0,0.0,0.0,0,23.71,0,0,0.8,0
2021,9,14,0,0,0.0,0.0,0.0,0,22.94,0,0,0.87,0
2021,9,14,1,0,0.0,0.0,0.0,0,22.48,0,0,0.85,0
2021,9,14,2,0,0.0,0.0,0.0,0,21.99,0,0,1.16,0
2021,9,14,3,0,0.0,0.0,0.0,0,21.22,0,0,1.77,0
2021,9,14,4,0,0.0,0.0,0.0,0,20.33,0,0,2.44,0
2021,9,14,5,0,4.04,16.83,13.57,0,19.68,0,0,2.99,0
2021,9,14,6,0,202.18,105.08,146.05,0,21.35,0,0,2.95,0
2021,9,14,7,0,391.8,162.15,335.8,0,23.58,0,0,1.59,0
2021,9,14,8,0,581.55,173.84,532.3,0,27.83,0,0,1.32,0
2021,9,14,9,0,514.32,243.89,635.75,0,29.8,0,0,1.16,0
2021,9,14,10,0,478.26,282.17,664.92,0,31.03,0,0,1.05,0
2021,9,14,11,0,424.33,352.18,702.8,0,31.92,0,0,0.85,0
2021,9,14,12,0,555.85,272.18,674.9,0,32.44,0,0,0.73,0
2021,9,14,13,0,394.94,306.39,608.3,0,32.22,0,0,0.95,0
2021,9,14,14,0,208.51,288.73,443.73,0,31.63,0,0,1.38,0
2021,9,14,15,0,96.44,230.6,285.25,0,30.77,0,0,1.95,0
2021,9,14,16,0,46.73,108.43,130.07,0,28.59,0,0,2.78,0
2021,9,14,17,0,4.82,17.49,15.73,0,25.64,0,0,4.02,0
2021,9,14,18,0,0.0,0.0,0.0,0,23.95,0,0,4.91,0
2021,9,14,19,0,0.0,0.0,0.0,0,23.01,0,0,4.85,0
2021,9,14,20,0,0.0,0.0,0.0,0,22.16,0,0,4.77,0
2021,9,14,21,0,0.0,0.0,0.0,0,21.63,0,0,4.75,0
2021,9,14,22,0,0.0,0.0,0.0,0,21.23,0,0,4.52,0
2021,9,14,23,0,0.0,0.0,0.0,0,21.0,0,0,3.87,0
2021,9,15,0,0,0.0,0.0,0.0,0,20.99,0,0,3.09,0
2021,9,15,1,0,0.0,0.0,0.0,0,21.05,0,0,2.45,0
2021,9,15,2,0,0.0,0.0,0.0,0,21.28,0,0,1.77,0
2021,9,15,3,0,0.0,0.0,0.0,0,21.42,0,0,1.35,0
2021,9,15,4,0,0.0,0.0,0.0,0,21.23,0,0,1.47,0
2021,9,15,5,0,0.0,7.4,7.05,0,21.06,0,0,1.56,0
2021,9,15,6,0,0.0,54.94,62.65,0,21.6,0,0,1.47,0
2021,9,15,7,0,0.16,120.12,138.05,0,22.69,0,0,0.91,0
2021,9,15,8,0,2.57,185.36,216.35,0,24.03,0,0,1.31,0
2021,9,15,9,0,0.51,260.83,316.15,0,25.43,0,0,1.94,0
2021,9,15,10,0,0.0,210.98,262.33,0,25.66,0,0,1.93,0
2021,9,15,11,0,0.0,230.2,285.05,0,25.54,0,0,2.01,0
2021,9,15,12,0,34.18,174.09,232.38,0,25.03,0,0,2.45,0
2021,9,15,13,0,44.26,170.73,232.07,0,24.26,0,0,2.84,0
2021,9,15,14,0,17.78,88.96,106.68,0,23.31,0,0,3.07,0
2021,9,15,15,0,0.0,109.66,128.65,0,22.35,0,0,3.32,0
2021,9,15,16,0,0.0,55.71,64.43,0,21.39,0,0,3.63,0
2021,9,15,17,0,0.0,9.11,8.85,0,20.47,0,0,4.13,0
2021,9,15,18,0,0.0,0.0,0.0,0,19.81,0,0,4.65,0
2021,9,15,19,0,0.0,0.0,0.0,0,19.36,0,0,4.87,0
2021,9,15,20,0,0.0,0.0,0.0,0,18.97,0,0,4.77,0
2021,9,15,21,0,0.0,0.0,0.0,0,18.7,0,0,4.68,0
2021,9,15,22,0,0.0,0.0,0.0,0,18.53,0,0,4.52,0
2021,9,15,23,0,0.0,0.0,0.0,0,18.39,0,0,4.32,0
2021,9,16,0,0,0.0,0.0,0.0,0,18.31,0,0,4.15,0
2021,9,16,1,0,0.0,0.0,0.0,0,18.34,0,0,4.01,0
2021,9,16,2,0,0.0,0.0,0.0,0,18.37,0,0,3.9,0
2021,9,16,3,0,0.0,0.0,0.0,0,18.41,0,0,3.84,0
2021,9,16,4,0,0.0,0.0,0.0,0,18.43,0,0,4.08,0
2021,9,16,5,0,0.0,5.12,4.88,0,18.45,0,0,4.23,0
2021,9,16,6,0,0.0,36.55,42.42,0,18.88,0,0,4.02,0
2021,9,16,7,0,3.52,85.66,98.95,0,19.72,0,0,3.6,0
2021,9,16,8,0,20.82,125.82,150.18,0,21.05,0,0,4.26,0
2021,9,16,9,0,43.57,172.43,234.52,0,22.67,0,0,4.97,0
2021,9,16,10,0,32.97,200.3,261.4,0,24.24,0,0,4.98,0
2021,9,16,11,0,26.93,261.43,329.95,0,25.27,0,0,4.86,0
2021,9,16,12,0,72.55,295.23,391.25,0,25.72,0,0,4.99,0
2021,9,16,13,0,27.43,280.74,345.58,0,25.77,0,0,5.29,0
2021,9,16,14,0,104.59,194.81,281.1,0,25.6,0,0,5.49,0
2021,9,16,15,0,220.3,97.35,184.65,0,25.16,0,0,5.55,0
2021,9,16,16,0,180.1,59.31,92.57,0,24.36,0,0,5.36,0
2021,9,16,17,0,22.82,13.77,12.12,0,22.96,0,0,5.48,0
2021,9,16,18,0,0.0,0.0,0.0,0,21.98,0,0,5.88,0
2021,9,16,19,0,0.0,0.0,0.0,0,21.51,0,0,5.9,0
2021,9,16,20,0,0.0,0.0,0.0,0,21.15,0,0,5.73,0
2021,9,16,21,0,0.0,0.0,0.0,0,20.89,0,0,5.39,0
2021,9,16,22,0,0.0,0.0,0.0,0,20.6,0,0,4.98,0
2021,9,16,23,0,0.0,0.0,0.0,0,20.24,0,0,4.57,0
2021,9,17,0,0,0.0,0.0,0.0,0,19.91,0,0,4.33,0
2021,9,17,1,0,0.0,0.0,0.0,0,19.74,0,0,4.16,0
2021,9,17,2,0,0.0,0.0,0.0,0,19.69,0,0,4.11,0
2021,9,17,3,0,0.0,0.0,0.0,0,19.67,0,0,4.04,0
2021,9,17,4,0,0.0,0.0,0.0,0,19.58,0,0,4.03,0
2021,9,17,5,0,8.2,11.03,8.7,0,19.61,0,0,4.19,0
2021,9,17,6,0,116.78,56.58,80.6,0,20.93,0,0,3.46,0
2021,9,17,7,0,252.19,101.75,178.98,0,22.78,0,0,3.75,0
2021,9,17,8,0,227.57,106.65,216.75,0,24.97,0,0,3.49,0
2021,9,17,9,0,39.97,179.63,228.45,0,26.92,0,0,2.91,0
2021,9,17,10,0,23.25,210.06,260.38,0,28.14,0,0,2.38,0
2021,9,17,11,0,23.25,212.53,263.8,0,29.21,0,0,1.99,0
2021,9,17,12,0,28.36,247.93,320.5,0,29.86,0,0,1.82,0
2021,9,17,13,0,9.45,245.98,299.88,0,30.11,0,0,1.8,0
2021,9,17,14,0,400.8,114.25,271.15,0,29.89,0,0,1.86,0
2021,9,17,15,0,206.92,102.22,174.9,0,29.08,0,0,2.05,0
2021,9,17,16,0,117.32,49.04,70.3,0,28.01,0,0,2.29,0
2021,9,17,17,0,23.93,10.6,9.43,0,25.72,0,0,2.51,0
2021,9,17,18,0,0.0,0.0,0.0,0,24.05,0,0,2.85,0
2021,9,17,19,0,0.0,0.0,0.0,0,23.2,0,0,3.02,0
2021,9,17,20,0,0.0,0.0,0.0,0,22.51,0,0,3.06,0
2021,9,17,21,0,0.0,0.0,0.0,0,22.05,0,0,2.86,0
2021,9,17,22,0,0.0,0.0,0.0,0,21.89,0,0,2.47,0
2021,9,17,23,0,0.0,0.0,0.0,0,21.91,0,0,1.89,0
2021,9,18,0,0,0.0,0.0,0.0,0,22.01,0,0,1.23,0
2021,9,18,1,0,0.0,0.0,0.0,0,21.69,0,0,1.22,0
2021,9,18,2,0,0.0,0.0,0.0,0,21.01,0,0,2.13,0
2021,9,18,3,0,0.0,0.0,0.0,0,20.44,0,0,3.07,0
2021,9,18,4,0,0.0,0.0,0.0,0,20.14,0,0,3.72,0
2021,9,18,5,0,3.63,8.58,7.2,0,20.04,0,0,3.92,0
2021,9,18,6,0,42.75,75.31,94.15,0,21.27,0,0,2.95,0
2021,9,18,7,0,57.36,183.52,227.02,0,22.43,0,0,1.48,0
2021,9,18,8,0,105.77,274.41,376.62,0,24.77,0,0,1.62,0
2021,9,18,9,0,38.09,356.36,441.45,0,26.93,0,0,1.5,0
2021,9,18,10,0,23.58,313.12,385.77,0,28.3,0,0,1.07,0
2021,9,18,11,0,19.22,334.56,419.15,0,29.2,0,0,0.78,0
2021,9,18,12,0,1.57,312.14,380.02,0,29.39,0,0,0.58,0
2021,9,18,13,0,0.0,166.61,202.85,0,29.1,0,0,0.59,0
2021,9,18,14,0,0.0,136.21,158.65,0,29.19,0,0,1.03,0
2021,9,18,15,0,0.0,90.27,103.72,0,28.62,0,0,1.54,0
2021,9,18,16,0,0.0,43.08,49.12,0,26.87,0,0,2.04,0
2021,9,18,17,0,0.0,6.09,5.8,0,24.82,0,0,2.63,0
2021,9,18,18,0,0.0,0.0,0.0,0,23.65,0,0,3.37,0
2021,9,18,19,0,0.0,0.0,0.0,0,23.05,0,0,3.88,0
2021,9,18,20,0,0.0,0.0,0.0,0,22.62,0,0,3.94,0
2021,9,18,21,0,0.0,0.0,0.0,0,22.26,0,0,3.64,0
2021,9,18,22,0,0.0,0.0,0.0,0,21.98,0,0,3.3,0
2021,9,18,23,0,0.0,0.0,0.0,0,21.76,0,0,3.12,0
2021,9,19,0,0,0.0,0.0,0.0,0,21.55,0,0,3.18,0
2021,9,19,1,0,0.0,0.0,0.0,0,21.37,0,0,3.58,0
2021,9,19,2,0,0.0,0.0,0.0,0,21.3,0,0,4.08,0
2021,9,19,3,0,0.0,0.0,0.0,0,21.16,0,0,4.08,0
2021,9,19,4,0,0.0,0.0,0.0,0,20.93,0,0,3.93,0
2021,9,19,5,0,0.0,4.46,4.25,0,20.77,0,0,3.92,0
2021,9,19,6,0,0.84,46.17,53.58,0,21.22,0,0,3.57,0
2021,9,19,7,0,3.88,117.27,138.4,0,21.95,0,0,2.85,0
2021,9,19,8,0,14.56,193.83,235.8,0,23.27,0,0,2.98,0
2021,9,19,9,0,24.73,229.2,288.65,0,24.42,0,0,3.99,0
2021,9,19,10,0,29.99,308.01,380.85,0,25.1,0,0,4.59,0
2021,9,19,11,0,31.68,250.95,319.25,0,25.56,0,0,4.95,0
2021,9,19,12,0,27.04,234.57,303.48,0,25.78,0,0,4.9,0
2021,9,19,13,0,0.0,187.76,228.62,0,25.69,0,0,4.5,0
2021,9,19,14,0,0.0,99.94,116.4,0,25.44,0,0,3.92,0
2021,9,19,15,0,0.0,80.91,92.97,0,24.94,0,0,3.67,0
2021,9,19,16,0,0.0,29.29,33.4,0,24.17,0,0,3.82,0
2021,9,19,17,0,0.0,4.96,4.72,0,22.98,0,0,4.41,0
2021,9,19,18,0,0.0,0.0,0.0,0,22.5,0,0,5.31,0
2021,9,19,19,0,0.0,0.0,0.0,0,22.33,0,0,5.31,0
2021,9,19,20,0,0.0,0.0,0.0,0,22.1,0,0,5.15,0
2021,9,19,21,0,0.0,0.0,0.0,0,21.83,0,0,5.01,0
2021,9,19,22,0,0.0,0.0,0.0,0,21.54,0,0,4.83,0
2021,9,19,23,0,0.0,0.0,0.0,0,21.32,0,0,4.75,0
2021,9,20,0,0,0.0,0.0,0.0,0,21.23,0,0,4.76,0
2021,9,20,1,0,0.0,0.0,0.0,0,21.2,0,0,4.85,0
2021,9,20,2,0,0.0,0.0,0.0,0,21.19,0,0,5.01,0
2021,9,20,3,0,0.0,0.0,0.0,0,21.22,0,0,5.27,0
2021,9,20,4,0,0.0,0.0,0.0,0,21.3,0,0,5.53,0
2021,9,20,5,0,0.0,4.31,4.03,0,21.17,0,0,4.76,0
2021,9,20,6,0,1.37,37.0,42.03,0,21.38,0,0,4.16,0
2021,9,20,7,0,8.6,84.51,98.78,0,22.08,0,0,3.38,0
2021,9,20,8,0,18.34,134.62,159.25,0,22.7,0,0,3.64,0
2021,9,20,9,0,22.5,153.59,194.88,0,23.39,0,0,4.69,0
2021,9,20,10,0,42.96,223.11,301.62,0,23.99,0,0,5.43,0
2021,9,20,11,0,45.03,203.68,275.0,0,24.52,0,0,5.61,0
2021,9,20,12,0,82.76,226.05,308.27,0,24.92,0,0,4.8,0
2021,9,20,13,0,134.85,144.18,245.57,0,25.14,0,0,3.78,0
2021,9,20,14,0,215.45,111.48,228.88,0,24.99,0,0,2.75,0
2021,9,20,15,0,159.76,94.77,152.6,0,24.82,0,0,2.99,0
2021,9,20,16,0,98.18,49.35,68.88,0,24.1,0,0,3.71,0
2021,9,20,17,0,6.32,9.89,8.18,0,22.98,0,0,4.05,0
2021,9,20,18,0,0.0,0.0,0.0,0,22.26,0,0,4.22,0
2021,9,20,19,0,0.0,0.0,0.0,0,21.85,0,0,4.05,0
2021,9,20,20,0,0.0,0.0,0.0,0,21.44,0,0,3.57,0
2021,9,20,21,0,0.0,0.0,0.0,0,21.08,0,0,3.26,0
2021,9,20,22,0,0.0,0.0,0.0,0,20.8,0,0,3.39,0
2021,9,20,23,0,0.0,0.0,0.0,0,20.61,0,0,3.64,0
2021,9,21,0,0,0.0,0.0,0.0,0,20.47,0,0,3.85,0
2021,9,21,1,0,0.0,0.0,0.0,0,20.37,0,0,3.81,0
2021,9,21,2,0,0.0,0.0,0.0,0,20.29,0,0,3.59,0
2021,9,21,3,0,0.0,0.0,0.0,0,20.21,0,0,3.25,0
2021,9,21,4,0,0.0,0.0,0.0,0,20.16,0,0,2.84,0
2021,9,21,5,0,6.77,10.26,7.55,0,20.32,0,0,2.38,0
2021,9,21,6,0,133.33,57.53,86.95,0,22.63,0,0,1.14,0
2021,9,21,7,0,256.58,102.66,196.6,0,25.0,0,0,0.65,0
2021,9,21,8,0,351.88,125.93,302.9,0,26.61,0,0,0.82,0
2021,9,21,9,0,108.0,312.22,389.73,0,27.65,0,0,0.76,0
2021,9,21,10,0,301.89,257.38,503.52,0,28.53,0,0,0.62,0
2021,9,21,11,0,373.14,268.47,577.78,0,29.39,0,0,0.47,0
2021,9,21,12,0,279.93,303.32,556.0,0,29.95,0,0,0.27,0
2021,9,21,13,0,471.02,169.05,470.48,0,29.93,0,0,0.24,0
2021,9,21,14,0,433.04,154.1,411.52,0,29.71,0,0,0.61,0
2021,9,21,15,0,364.43,112.88,246.98,0,29.18,0,0,1.32,0
2021,9,21,16,0,175.45,69.65,101.62,0,28.4,0,0,2.26,0
2021,9,21,17,0,9.09,10.28,8.2,0,25.35,0,0,3.02,0
2021,9,21,18,0,0.0,0.0,0.0,0,23.72,0,0,3.53,0
2021,9,21,19,0,0.0,0.0,0.0,0,22.82,0,0,4.06,0
2021,9,21,20,0,0.0,0.0,0.0,0,21.99,0,0,4.13,0
2021,9,21,21,0,0.0,0.0,0.0,0,21.45,0,0,3.84,0
2021,9,21,22,0,0.0,0.0,0.0,0,21.07,0,0,3.48,0
2021,9,21,23,0,0.0,0.0,0.0,0,20.76,0,0,3.25,0
2021,9,22,0,0,0.0,0.0,0.0,0,20.57,0,0,3.1,0
2021,9,22,1,0,0.0,0.0,0.0,0,20.37,0,0,3.01,0
2021,9,22,2,0,0.0,0.0,0.0,0,20.1,0,0,3.03,0
2021,9,22,3,0,0.0,0.0,0.0,0,19.81,0,0,3.28,0
2021,9,22,4,0,0.0,0.0,0.0,0,19.66,0,0,3.73,0
2021,9,22,5,0,3.86,10.04,7.1,0,19.82,0,0,4.42,0
2021,9,22,6,0,108.83,59.26,82.43,0,21.19,0,0,4.37,0
2021,9,22,7,0,244.79,93.14,174.8,0,22.5,0,0,3.94,0
2021,9,22,8,0,146.14,148.4,232.5,0,24.02,0,0,4.53,0
2021,9,22,9,0,81.09,205.68,292.7,0,24.93,0,0,5.45,0
2021,9,22,10,0,384.36,176.58,416.08,0,25.25,0,0,6.17,0
2021,9,22,11,0,432.43,249.6,593.03,0,25.34,0,0,6.57,0
2021,9,22,12,0,499.1,229.24,539.8,0,25.38,0,0,6.86,0
2021,9,22,13,0,358.23,307.59,584.4,0,25.03,0,0,7.14,0
2021,9,22,14,0,417.58,215.56,448.0,0,24.28,0,0,7.5,0
2021,9,22,15,0,396.03,132.81,293.58,0,23.14,0,0,7.67,0
2021,9,22,16,0,352.63,65.41,134.82,0,21.48,0,0,7.58,0
2021,9,22,17,0,51.06,11.19,11.48,0,18.96,0,0,7.72,0
2021,9,22,18,0,0.0,0.0,0.0,0,17.38,0,0,7.61,0
2021,9,22,19,0,0.0,0.0,0.0,0,16.6,0,0,7.42,0
2021,9,22,20,0,0.0,0.0,0.0,0,15.92,0,0,7.14,0
2021,9,22,21,0,0.0,0.0,0.0,0,15.09,0,0,6.41,0
2021,9,22,22,0,0.0,0.0,0.0,0,14.19,0,0,6.18,0
2021,9,22,23,0,0.0,0.0,0.0,0,13.65,0,0,6.49,0
2021,9,23,0,0,0.0,0.0,0.0,0,12.93,0,0,6.25,0
2021,9,23,1,0,0.0,0.0,0.0,0,12.18,0,0,6.12,0
2021,9,23,2,0,0.0,0.0,0.0,0,11.52,0,0,6.05,0
2021,9,23,3,0,0.0,0.0,0.0,0,10.98,0,0,6.07,0
2021,9,23,4,0,0.0,0.0,0.0,0,10.47,0,0,5.87,0
2021,9,23,5,0,51.83,11.5,11.52,0,10.1,0,0,5.8,0
2021,9,23,6,0,518.65,60.22,170.35,0,11.47,0,0,5.8,0
2021,9,23,7,0,803.73,72.21,399.95,0,13.78,0,0,6.47,0
2021,9,23,8,0,932.77,66.47,606.97,0,16.29,0,0,6.61,0
2021,9,23,9,0,996.71,62.18,767.75,0,18.51,0,0,6.46,0
2021,9,23,10,0,1016.62,63.76,866.67,0,20.29,0,0,6.23,0
2021,9,23,11,0,1037.36,55.62,902.03,0,21.56,0,0,6.04,0
2021,9,23,12,0,1027.7,56.03,865.95,0,22.3,0,0,5.87,0
2021,9,23,13,0,1004.76,54.87,764.62,0,22.55,0,0,5.68,0
2021,9,23,14,0,961.33,51.63,605.4,0,22.33,0,0,5.5,0
2021,9,23,15,0,870.12,50.16,402.7,0,21.58,0,0,5.29,0
2021,9,23,16,0,669.09,38.19,178.85,0,20.02,0,0,5.15,0
2021,9,23,17,0,104.07,9.19,12.4,0,16.26,0,0,5.71,0
2021,9,23,18,0,0.0,0.0,0.0,0,14.42,0,0,6.46,0
2021,9,23,19,0,0.0,0.0,0.0,0,13.84,0,0,6.65,0
2021,9,23,20,0,0.0,0.0,0.0,0,13.18,0,0,6.38,0
2021,9,23,21,0,0.0,0.0,0.0,0,12.47,0,0,6.2,0
2021,9,23,22,0,0.0,0.0,0.0,0,11.86,0,0,6.03,0
2021,9,23,23,0,0.0,0.0,0.0,0,11.26,0,0,5.81,0
2021,9,24,0,0,0.0,0.0,0.0,0,10.66,0,0,5.54,0
2021,9,24,1,0,0.0,0.0,0.0,0,10.1,0,0,5.32,0
2021,9,24,2,0,0.0,0.0,0.0,0,9.61,0,0,5.21,0
2021,9,24,3,0,0.0,0.0,0.0,0,9.16,0,0,5.05,0
2021,9,24,4,0,0.0,0.0,0.0,0,8.74,0,0,4.96,0
2021,9,24,5,0,26.16,9.12,8.13,0,8.45,0,0,4.85,0
2021,9,24,6,0,281.67,62.79,119.84,0,11.02,0,0,3.52,0
2021,9,24,7,0,396.7,121.22,282.3,0,14.07,0,0,2.45,0
2021,9,24,8,0,496.39,142.33,447.86,0,18.02,0,0,3.83,0
2021,9,24,9,0,471.31,194.02,548.94,0,20.98,0,0,3.86,0
2021,9,24,10,0,995.67,66.62,850.53,0,22.68,0,0,2.86,0
2021,9,24,11,0,1017.2,58.87,886.0,0,23.85,0,0,2.07,0
2021,9,24,12,0,1004.32,59.79,848.33,0,24.62,0,0,1.52,0
2021,9,24,13,0,967.27,64.13,745.55,0,24.97,0,0,1.09,0
2021,9,24,14,0,892.75,70.69,586.0,0,24.88,0,0,0.82,0
2021,9,24,15,0,788.87,65.79,384.25,0,24.34,0,0,0.81,0
2021,9,24,16,0,577.29,46.47,164.9,0,23.9,0,0,0.97,0
2021,9,24,17,0,65.2,9.25,10.15,0,20.76,0,0,1.68,0
2021,9,24,18,0,0.0,0.0,0.0,0,18.96,0,0,2.2,0
2021,9,24,19,0,0.0,0.0,0.0,0,17.9,0,0,2.35,0
2021,9,24,20,0,0.0,0.0,0.0,0,17.09,0,0,2.32,0
2021,9,24,21,0,0.0,0.0,0.0,0,16.18,0,0,2.45,0
2021,9,24,22,0,0.0,0.0,0.0,0,15.27,0,0,2.59,0
2021,9,24,23,0,0.0,0.0,0.0,0,14.64,0,0,2.59,0
2021,9,25,0,0,0.0,0.0,0.0,0,14.2,0,0,2.36,0
2021,9,25,1,0,0.0,0.0,0.0,0,14.2,0,0,1.78,0
2021,9,25,2,0,0.0,0.0,0.0,0,14.56,0,0,1.13,0
2021,9,25,3,0,0.0,0.0,0.0,0,14.29,0,0,0.98,0
2021,9,25,4,0,0.0,0.0,0.0,0,13.72,0,0,1.25,0
2021,9,25,5,0,28.83,10.73,9.35,0,13.14,0,0,1.35,0
2021,9,25,6,0,393.18,72.84,147.45,0,14.5,0,0,1.17,0
2021,9,25,7,0,456.82,154.86,338.3,0,16.79,0,0,0.63,0
2021,9,25,8,0,530.54,214.78,518.47,0,20.63,0,0,1.98,0
2021,9,25,9,0,852.58,112.19,718.03,0,23.07,0,0,2.65,0
2021,9,25,10,0,786.4,148.8,754.12,0,24.37,0,0,2.64,0
2021,9,25,11,0,830.38,162.22,830.65,0,25.38,0,0,2.63,0
2021,9,25,12,0,856.56,122.73,771.8,0,25.95,0,0,2.77,0
2021,9,25,13,0,864.51,110.59,716.28,0,26.06,0,0,2.97,0
2021,9,25,14,0,822.21,92.94,561.6,0,25.69,0,0,3.01,0
2021,9,25,15,0,727.42,74.72,364.65,0,25.18,0,0,3.05,0
2021,9,25,16,0,496.15,51.3,150.98,0,23.77,0,0,3.3,0
2021,9,25,17,0,40.18,7.97,8.3,0,19.44,0,0,4.08,0
2021,9,25,18,0,0.0,0.0,0.0,0,17.31,0,0,4.63,0
2021,9,25,19,0,0.0,0.0,0.0,0,16.34,0,0,4.51,0
2021,9,25,20,0,0.0,0.0,0.0,0,15.8,0,0,4.09,0
2021,9,25,21,0,0.0,0.0,0.0,0,15.31,0,0,3.92,0
2021,9,25,22,0,0.0,0.0,0.0,0,14.9,0,0,3.84,0
2021,9,25,23,0,0.0,0.0,0.0,0,14.57,0,0,3.73,0
2021,9,26,0,0,0.0,0.0,0.0,0,14.1,0,0,3.77,0
2021,9,26,1,0,0.0,0.0,0.0,0,13.54,0,0,3.97,0
2021,9,26,2,0,0.0,0.0,0.0,0,12.99,0,0,4.14,0
2021,9,26,3,0,0.0,0.0,0.0,0,12.67,0,0,4.14,0
2021,9,26,4,0,0.0,0.0,0.0,0,12.39,0,0,4.14,0
2021,9,26,5,0,39.31,9.22,8.85,0,12.2,0,0,4.24,0
2021,9,26,6,0,501.75,52.59,154.75,0,15.09,0,0,3.74,0
2021,9,26,7,0,714.57,79.75,367.15,0,18.09,0,0,1.91,0
2021,9,26,8,0,841.28,82.49,566.4,0,22.04,0,0,1.97,0
2021,9,26,9,0,903.46,82.29,720.28,0,24.57,0,0,1.88,0
2021,9,26,10,0,932.25,85.26,816.83,0,26.01,0,0,1.69,0
2021,9,26,11,0,851.13,139.57,835.15,0,26.99,0,0,1.86,0
2021,9,26,12,0,755.93,183.63,773.25,0,27.51,0,0,2.25,0
2021,9,26,13,0,794.51,116.38,651.35,0,27.59,0,0,2.61,0
2021,9,26,14,0,696.51,127.7,526.8,0,27.2,0,0,2.9,0
2021,9,26,15,0,635.88,93.32,337.9,0,26.61,0,0,3.0,0
2021,9,26,16,0,439.45,51.15,139.77,0,25.25,0,0,2.95,0
2021,9,26,17,0,27.25,8.48,7.12,0,21.81,0,0,2.9,0
2021,9,26,18,0,0.0,0.0,0.0,0,20.6,0,0,2.78,0
2021,9,26,19,0,0.0,0.0,0.0,0,20.19,0,0,2.37,0
2021,9,26,20,0,0.0,0.0,0.0,0,19.9,0,0,1.72,0
2021,9,26,21,0,0.0,0.0,0.0,0,20.09,0,0,1.15,0
2021,9,26,22,0,0.0,0.0,0.0,0,19.81,0,0,0.69,0
2021,9,26,23,0,0.0,0.0,0.0,0,19.34,0,0,0.35,0
2021,9,27,0,0,0.0,0.0,0.0,0,18.81,0,0,0.24,0
2021,9,27,1,0,0.0,0.0,0.0,0,18.29,0,0,0.29,0
2021,9,27,2,0,0.0,0.0,0.0,0,17.82,0,0,0.42,0
2021,9,27,3,0,0.0,0.0,0.0,0,17.35,0,0,0.46,0
2021,9,27,4,0,0.0,0.0,0.0,0,16.95,0,0,0.34,0
2021,9,27,5,0,39.45,7.88,8.25,0,16.48,0,0,0.51,0
2021,9,27,6,0,483.54,49.28,149.43,0,17.26,0,0,0.99,0
2021,9,27,7,0,705.28,76.36,359.12,0,19.34,0,0,0.95,0
2021,9,27,8,0,808.15,89.86,552.78,0,23.49,0,0,0.86,0
2021,9,27,9,0,852.93,102.77,704.62,0,25.89,0,0,1.11,0
2021,9,27,10,0,853.5,124.29,797.62,0,27.15,0,0,1.01,0
2021,9,27,11,0,786.21,171.75,815.58,0,28.12,0,0,0.98,0
2021,9,27,12,0,821.21,148.87,790.83,0,28.78,0,0,1.03,0
2021,9,27,13,0,841.7,116.96,697.85,0,29.02,0,0,1.09,0
2021,9,27,14,0,814.42,89.94,547.28,0,28.77,0,0,1.24,0
2021,9,27,15,0,683.82,81.54,349.3,0,28.34,0,0,1.54,0
2021,9,27,16,0,449.26,48.84,138.5,0,26.97,0,0,1.85,0
2021,9,27,17,0,24.8,7.76,6.28,0,23.28,0,0,2.5,0
2021,9,27,18,0,0.0,0.0,0.0,0,21.02,0,0,3.44,0
2021,9,27,19,0,0.0,0.0,0.0,0,19.36,0,0,4.28,0
2021,9,27,20,0,0.0,0.0,0.0,0,18.22,0,0,4.77,0
2021,9,27,21,0,0.0,0.0,0.0,0,17.4,0,0,4.91,0
2021,9,27,22,0,0.0,0.0,0.0,0,16.86,0,0,4.83,0
2021,9,27,23,0,0.0,0.0,0.0,0,16.44,0,0,4.69,0
2021,9,28,0,0,0.0,0.0,0.0,0,16.09,0,0,4.46,0
2021,9,28,1,0,0.0,0.0,0.0,0,15.8,0,0,4.28,0
2021,9,28,2,0,0.0,0.0,0.0,0,15.7,0,0,4.09,0
2021,9,28,3,0,0.0,0.0,0.0,0,15.67,0,0,3.68,0
2021,9,28,4,0,0.0,0.0,0.0,0,15.65,0,0,3.23,0
2021,9,28,5,0,23.79,9.42,7.68,0,15.82,0,0,2.8,0
2021,9,28,6,0,428.89,56.79,142.85,0,17.74,0,0,2.45,0
2021,9,28,7,0,673.49,87.44,350.95,0,20.29,0,0,1.56,0
2021,9,28,8,0,746.75,114.7,543.1,0,24.16,0,0,2.74,0
2021,9,28,9,0,840.93,103.21,693.58,0,26.55,0,0,3.43,0
2021,9,28,10,0,912.96,97.45,799.2,0,27.67,0,0,3.31,0
2021,9,28,11,0,749.0,191.35,798.4,0,28.51,0,0,3.02,0
2021,9,28,12,0,839.3,130.76,773.15,0,29.11,0,0,2.66,0
2021,9,28,13,0,780.98,123.45,667.47,0,29.34,0,0,2.26,0
2021,9,28,14,0,844.31,71.83,541.6,0,29.13,0,0,1.98,0
2021,9,28,15,0,726.99,65.36,346.42,0,28.69,0,0,2.01,0
2021,9,28,16,0,505.09,44.76,136.3,0,27.23,0,0,2.14,0
2021,9,28,17,0,36.27,6.63,5.6,0,24.03,0,0,2.4,0
2021,9,28,18,0,0.0,0.0,0.0,0,22.73,0,0,2.53,0
2021,9,28,19,0,0.0,0.0,0.0,0,22.0,0,0,2.41,0
2021,9,28,20,0,0.0,0.0,0.0,0,21.31,0,0,2.29,0
2021,9,28,21,0,0.0,0.0,0.0,0,20.33,0,0,2.53,0
2021,9,28,22,0,0.0,0.0,0.0,0,19.14,0,0,2.99,0
2021,9,28,23,0,0.0,0.0,0.0,0,18.14,0,0,3.34,0
2021,9,29,0,0,0.0,0.0,0.0,0,17.36,0,0,3.64,0
2021,9,29,1,0,0.0,0.0,0.0,0,16.76,0,0,3.84,0
2021,9,29,2,0,0.0,0.0,0.0,0,16.24,0,0,4.13,0
2021,9,29,3,0,0.0,0.0,0.0,0,15.84,0,0,4.45,0
2021,9,29,4,0,0.0,0.0,0.0,0,15.48,0,0,4.77,0
2021,9,29,5,0,33.02,8.66,7.5,0,15.32,0,0,5.1,0
2021,9,29,6,0,527.21,45.06,147.65,0,18.07,0,0,4.75,0
2021,9,29,7,0,741.77,67.35,358.77,0,21.1,0,0,2.58,0
2021,9,29,8,0,867.81,68.63,551.55,0,24.87,0,0,3.39,0
2021,9,29,9,0,909.43,75.59,704.38,0,27.28,0,0,3.75,0
2021,9,29,10,0,838.81,131.28,759.33,0,28.55,0,0,3.26,0
2021,9,29,11,0,800.74,157.26,784.5,0,29.55,0,0,2.92,0
2021,9,29,12,0,773.38,166.93,756.42,0,30.19,0,0,2.74,0
2021,9,29,13,0,797.32,125.79,671.47,0,30.38,0,0,2.71,0
2021,9,29,14,0,785.89,89.59,523.92,0,30.16,0,0,2.79,0
2021,9,29,15,0,589.31,89.3,314.8,0,29.44,0,0,2.85,0
2021,9,29,16,0,401.38,53.65,116.28,0,27.76,0,0,2.6,0
2021,9,29,17,0,15.38,6.0,4.05,0,24.52,0,0,2.42,0
2021,9,29,18,0,0.0,0.0,0.0,0,23.38,0,0,2.43,0
2021,9,29,19,0,0.0,0.0,0.0,0,22.44,0,0,2.57,0
2021,9,29,20,0,0.0,0.0,0.0,0,21.63,0,0,2.6,0
2021,9,29,21,0,0.0,0.0,0.0,0,20.75,0,0,2.75,0
2021,9,29,22,0,0.0,0.0,0.0,0,19.51,0,0,3.24,0
2021,9,29,23,0,0.0,0.0,0.0,0,18.09,0,0,3.97,0
2021,9,30,0,0,0.0,0.0,0.0,0,17.01,0,0,4.71,0
2021,9,30,1,0,0.0,0.0,0.0,0,16.52,0,0,5.13,0
2021,9,30,2,0,0.0,0.0,0.0,0,16.17,0,0,5.25,0
2021,9,30,3,0,0.0,0.0,0.0,0,16.24,0,0,5.11,0
2021,9,30,4,0,0.0,0.0,0.0,0,16.18,0,0,4.85,0
2021,9,30,5,0,8.75,8.75,6.12,0,15.99,0,0,4.52,0
2021,9,30,6,0,62.97,69.98,84.03,0,17.73,0,0,3.96,0
2021,9,30,7,0,75.6,165.49,203.45,0,20.15,0,0,2.1,0
2021,9,30,8,0,48.39,250.29,314.17,0,22.11,0,0,0.84,0
2021,9,30,9,0,30.93,361.67,438.23,0,24.99,0,0,1.12,0
2021,9,30,10,0,313.24,354.42,615.35,0,26.73,0,0,1.59,0
2021,9,30,11,0,430.8,444.57,672.35,0,27.45,0,0,1.71,0
2021,9,30,12,0,259.93,323.43,546.95,0,27.88,0,0,1.77,0
2021,9,30,13,0,113.05,305.26,420.85,0,27.84,0,0,1.75,0
2021,9,30,14,0,33.39,273.71,318.15,0,27.98,0,0,1.71,0
2021,9,30,15,0,22.23,157.88,181.68,0,27.26,0,0,1.72,0
2021,9,30,16,0,18.48,56.18,63.45,0,25.48,0,0,1.67,0
2021,9,30,17,0,0.0,3.58,2.6,0,24.36,0,0,1.58,0
2021,9,30,18,0,0.0,0.0,0.0,0,23.86,0,0,1.44,0
2021,9,30,19,0,0.0,0.0,0.0,0,23.48,0,0,1.34,0
2021,9,30,20,0,0.0,0.0,0.0,0,23.03,0,0,1.28,0
2021,9,30,21,0,0.0,0.0,0.0,0,22.53,0,0,1.22,0
2021,9,30,22,0,0.0,0.0,0.0,0,21.89,0,0,1.31,0
2021,9,30,23,0,0.0,0.0,0.0,0,21.11,0,0,1.84,0
2021,10,1,0,0,0.0,0.0,0.0,0,20.1,0,0,2.46,0
2021,10,1,1,0,0.0,0.0,0.0,0,19.15,0,0,2.99,0
2021,10,1,2,0,0.0,0.0,0.0,0,18.32,0,0,3.44,0
2021,10,1,3,0,0.0,0.0,0.0,0,17.73,0,0,3.77,0
2021,10,1,4,0,0.0,0.0,0.0,0,17.28,0,0,4.12,0
2021,10,1,5,0,2.68,8.07,5.2,0,16.8,0,0,4.41,0
2021,10,1,6,0,155.74,80.38,108.32,0,18.7,0,0,3.99,0
2021,10,1,7,0,341.49,157.02,282.58,0,20.95,0,0,2.06,0
2021,10,1,8,0,513.95,175.7,465.35,0,24.35,0,0,2.43,0
2021,10,1,9,0,571.97,214.16,619.28,0,26.82,0,0,2.99,0
2021,10,1,10,0,515.85,226.18,602.75,0,28.34,0,0,3.11,0
2021,10,1,11,0,434.5,284.82,658.72,0,29.41,0,0,3.02,0
2021,10,1,12,0,432.38,343.06,635.08,0,29.96,0,0,2.87,0
2021,10,1,13,0,342.95,299.65,535.65,0,30.1,0,0,2.86,0
2021,10,1,14,0,434.56,168.91,407.55,0,29.77,0,0,2.92,0
2021,10,1,15,0,306.28,122.08,240.82,0,28.93,0,0,2.97,0
2021,10,1,16,0,174.42,61.86,94.28,0,27.23,0,0,2.96,0
2021,10,1,17,0,0.0,0.0,0.0,0,23.55,0,0,3.44,0
2021,10,1,18,0,0.0,0.0,0.0,0,21.82,0,0,4.25,0
2021,10,1,19,0,0.0,0.0,0.0,0,20.84,0,0,4.67,0
2021,10,1,20,0,0.0,0.0,0.0,0,20.01,0,0,4.52,0
2021,10,1,21,0,0.0,0.0,0.0,0,19.31,0,0,4.17,0
2021,10,1,22,0,0.0,0.0,0.0,0,18.78,0,0,4.01,0
2021,10,1,23,0,0.0,0.0,0.0,0,18.24,0,0,4.4,0
2021,10,2,0,0,0.0,0.0,0.0,0,17.74,0,0,4.68,0
2021,10,2,1,0,0.0,0.0,0.0,0,17.26,0,0,4.52,0
2021,10,2,2,0,0.0,0.0,0.0,0,16.92,0,0,4.45,0
2021,10,2,3,0,0.0,0.0,0.0,0,16.72,0,0,4.49,0
2021,10,2,4,0,0.0,0.0,0.0,0,16.56,0,0,4.43,0
2021,10,2,5,0,2.92,5.48,3.58,0,16.47,0,0,4.31,0
2021,10,2,6,0,76.62,53.91,67.03,0,18.89,0,0,3.52,0
2021,10,2,7,0,142.96,108.38,155.62,0,21.87,0,0,3.43,0
2021,10,2,8,0,10.66,227.76,261.98,0,24.4,0,0,3.74,0
2021,10,2,9,0,44.27,341.59,414.2,0,26.27,0,0,3.53,0
2021,10,2,10,0,63.95,394.29,518.85,0,27.57,0,0,3.35,0
2021,10,2,11,0,68.22,437.72,549.4,0,28.42,0,0,3.22,0
2021,10,2,12,0,78.6,422.09,529.33,0,28.82,0,0,3.12,0
2021,10,2,13,0,54.07,337.04,424.15,0,28.74,0,0,3.02,0
2021,10,2,14,0,79.29,254.47,321.38,0,28.16,0,0,2.99,0
2021,10,2,15,0,24.91,162.25,190.93,0,27.17,0,0,3.02,0
2021,10,2,16,0,13.76,68.6,76.97,0,25.39,0,0,2.98,0
2021,10,2,17,0,0.0,0.0,0.0,0,22.63,0,0,3.58,0
2021,10,2,18,0,0.0,0.0,0.0,0,21.09,0,0,4.32,0
2021,10,2,19,0,0.0,0.0,0.0,0,20.27,0,0,4.88,0
2021,10,2,20,0,0.0,0.0,0.0,0,19.71,0,0,5.12,0
2021,10,2,21,0,0.0,0.0,0.0,0,19.33,0,0,5.18,0
2021,10,2,22,0,0.0,0.0,0.0,0,19.46,0,0,5.47,0
2021,10,2,23,0,0.0,0.0,0.0,0,19.35,0,0,5.15,0
2021,10,3,0,0,0.0,0.0,0.0,0,19.49,0,0,5.44,0
2021,10,3,1,0,0.0,0.0,0.0,0,19.67,0,0,5.35,0
2021,10,3,2,0,0.0,0.0,0.0,0,19.5,0,0,5.25,0
2021,10,3,3,0,0.0,0.0,0.0,0,19.23,0,0,5.23,0
2021,10,3,4,0,0.0,0.0,0.0,0,19.06,0,0,4.98,0
2021,10,3,5,0,0.0,3.15,2.75,0,18.93,0,0,4.5,0
2021,10,3,6,0,6.2,49.58,54.83,0,19.42,0,0,4.03,0
2021,10,3,7,0,12.27,122.7,140.98,0,20.06,0,0,2.9,0
2021,10,3,8,0,35.47,184.58,227.02,0,20.92,0,0,2.33,0
2021,10,3,9,0,28.41,213.28,258.73,0,22.01,0,0,2.49,0
2021,10,3,10,0,1.71,248.06,302.0,0,23.07,0,0,2.89,0
2021,10,3,11,0,57.65,204.57,279.12,0,24.28,0,0,3.34,0
2021,10,3,12,0,23.11,272.62,347.5,0,25.44,0,0,3.55,0
2021,10,3,13,0,22.78,269.09,324.55,0,26.14,0,0,3.54,0
2021,10,3,14,0,42.98,169.02,204.98,0,26.15,0,0,3.48,0
2021,10,3,15,0,16.07,106.13,122.62,0,25.59,0,0,3.45,0
2021,10,3,16,0,3.11,40.75,46.3,0,24.38,0,0,3.24,0
2021,10,3,17,0,0.0,0.0,0.0,0,22.02,0,0,3.58,0
2021,10,3,18,0,0.0,0.0,0.0,0,21.05,0,0,4.1,0
2021,10,3,19,0,0.0,0.0,0.0,0,20.38,0,0,4.32,0
2021,10,3,20,0,0.0,0.0,0.0,0,19.7,0,0,4.24,0
2021,10,3,21,0,0.0,0.0,0.0,0,19.26,0,0,4.19,0
2021,10,3,22,0,0.0,0.0,0.0,0,18.98,0,0,4.37,0
2021,10,3,23,0,0.0,0.0,0.0,0,18.91,0,0,4.5,0
2021,10,4,0,0,0.0,0.0,0.0,0,18.79,0,0,4.47,0
2021,10,4,1,0,0.0,0.0,0.0,0,18.67,0,0,4.34,0
2021,10,4,2,0,0.0,0.0,0.0,0,18.47,0,0,4.33,0
2021,10,4,3,0,0.0,0.0,0.0,0,18.24,0,0,4.29,0
2021,10,4,4,0,0.0,0.0,0.0,0,17.79,0,0,4.04,0
2021,10,4,5,0,0.0,2.72,2.4,0,17.56,0,0,3.98,0
2021,10,4,6,0,20.93,51.09,60.35,0,19.02,0,0,3.48,0
2021,10,4,7,0,42.32,124.53,149.12,0,20.71,0,0,2.93,0
2021,10,4,8,0,75.59,182.71,243.6,0,22.58,0,0,3.74,0
2021,10,4,9,0,36.33,248.61,312.0,0,24.4,0,0,4.0,0
2021,10,4,10,0,94.07,333.55,465.38,0,25.61,0,0,3.95,0
2021,10,4,11,0,192.62,326.63,517.2,0,26.4,0,0,3.77,0
2021,10,4,12,0,276.44,268.92,476.1,0,26.4,0,0,3.61,0
2021,10,4,13,0,26.09,242.05,290.3,0,26.18,0,0,3.65,0
2021,10,4,14,0,0.0,72.85,83.7,0,25.64,0,0,3.88,0
2021,10,4,15,0,0.0,49.55,58.17,0,24.77,0,0,4.08,0
2021,10,4,16,0,0.0,24.46,27.73,0,23.43,0,0,3.89,0
2021,10,4,17,0,0.0,0.0,0.0,0,21.38,0,0,4.44,0
2021,10,4,18,0,0.0,0.0,0.0,0,20.45,0,0,4.59,0
2021,10,4,19,0,0.0,0.0,0.0,0,19.87,0,0,4.33,0
2021,10,4,20,0,0.0,0.0,0.0,0,19.57,0,0,4.07,0
2021,10,4,21,0,0.0,0.0,0.0,0,19.42,0,0,3.76,0
2021,10,4,22,0,0.0,0.0,0.0,0,19.29,0,0,3.71,0
2021,10,4,23,0,0.0,0.0,0.0,0,19.24,0,0,4.13,0
2021,10,5,0,0,0.0,0.0,0.0,0,19.24,0,0,4.49,0
2021,10,5,1,0,0.0,0.0,0.0,0,19.2,0,0,3.88,0
2021,10,5,2,0,0.0,0.0,0.0,0,19.2,0,0,4.23,0
2021,10,5,3,0,0.0,0.0,0.0,0,19.15,0,0,4.41,0
2021,10,5,4,0,0.0,0.0,0.0,0,19.11,0,0,4.77,0
2021,10,5,5,0,0.0,1.17,1.02,0,19.13,0,0,4.81,0
2021,10,5,6,0,0.0,20.28,23.17,0,19.21,0,0,4.15,0
2021,10,5,7,0,0.0,54.55,62.78,0,19.56,0,0,3.57,0
2021,10,5,8,0,0.0,95.04,109.57,0,20.01,0,0,3.05,0
2021,10,5,9,0,0.0,93.99,111.9,0,20.62,0,0,3.36,0
2021,10,5,10,0,27.35,153.25,199.07,0,21.28,0,0,3.94,0
2021,10,5,11,0,46.35,238.16,330.92,0,21.6,0,0,4.17,0
2021,10,5,12,0,21.65,265.98,338.48,0,21.55,0,0,4.52,0
2021,10,5,13,0,18.77,162.01,194.52,0,21.43,0,0,4.75,0
2021,10,5,14,0,0.0,135.54,156.5,0,21.23,0,0,4.68,0
2021,10,5,15,0,0.0,70.67,82.97,0,21.05,0,0,4.84,0
2021,10,5,16,0,0.0,26.41,30.15,0,20.74,0,0,5.35,0
2021,10,5,17,0,0.0,0.0,0.0,0,19.91,0,0,5.99,0
2021,10,5,18,0,0.0,0.0,0.0,0,19.6,0,0,6.21,0
2021,10,5,19,0,0.0,0.0,0.0,0,19.42,0,0,6.14,0
2021,10,5,20,0,0.0,0.0,0.0,0,19.25,0,0,5.97,0
2021,10,5,21,0,0.0,0.0,0.0,0,19.16,0,0,5.05,0
2021,10,5,22,0,0.0,0.0,0.0,0,19.2,0,0,4.64,0
2021,10,5,23,0,0.0,0.0,0.0,0,19.32,0,0,4.86,0
2021,10,6,0,0,0.0,0.0,0.0,0,19.32,0,0,5.08,0
2021,10,6,1,0,0.0,0.0,0.0,0,19.41,0,0,5.36,0
2021,10,6,2,0,0.0,0.0,0.0,0,19.37,0,0,5.31,0
2021,10,6,3,0,0.0,0.0,0.0,0,19.52,0,0,5.64,0
2021,10,6,4,0,0.0,0.0,0.0,0,19.83,0,0,5.87,0
2021,10,6,5,0,0.0,3.03,2.2,0,20.02,0,0,6.14,0
2021,10,6,6,0,3.93,31.5,36.15,0,20.45,0,0,5.93,0
2021,10,6,7,0,10.68,91.72,105.07,0,21.4,0,0,5.76,0
2021,10,6,8,0,30.53,142.08,176.25,0,22.55,0,0,6.5,0
2021,10,6,9,0,25.05,246.56,298.17,0,23.64,0,0,7.01,0
2021,10,6,10,0,62.06,245.97,333.92,0,24.73,0,0,7.24,0
2021,10,6,11,0,74.34,225.55,329.98,0,25.27,0,0,6.92,0
2021,10,6,12,0,21.04,171.5,211.93,0,25.21,0,0,6.7,0
2021,10,6,13,0,42.75,200.58,251.32,0,25.11,0,0,6.6,0
2021,10,6,14,0,202.02,201.06,318.58,0,24.94,0,0,6.26,0
2021,10,6,15,0,165.32,125.14,176.02,0,24.5,0,0,5.6,0
2021,10,6,16,0,99.59,47.46,65.12,0,23.59,0,0,5.11,0
2021,10,6,17,0,0.0,0.0,0.0,0,22.12,0,0,5.37,0
2021,10,6,18,0,0.0,0.0,0.0,0,21.47,0,0,5.7,0
2021,10,6,19,0,0.0,0.0,0.0,0,21.32,0,0,6.11,0
2021,10,6,20,0,0.0,0.0,0.0,0,21.12,0,0,7.18,0
2021,10,6,21,0,0.0,0.0,0.0,0,20.92,0,0,7.15,0
2021,10,6,22,0,0.0,0.0,0.0,0,20.59,0,0,5.47,0
2021,10,6,23,0,0.0,0.0,0.0,0,20.39,0,0,5.05,0
2021,10,7,0,0,0.0,0.0,0.0,0,20.33,0,0,5.05,0
2021,10,7,1,0,0.0,0.0,0.0,0,20.39,0,0,5.32,0
2021,10,7,2,0,0.0,0.0,0.0,0,20.43,0,0,5.41,0
2021,10,7,3,0,0.0,0.0,0.0,0,20.42,0,0,5.32,0
2021,10,7,4,0,0.0,0.0,0.0,0,20.12,0,0,4.87,0
2021,10,7,5,0,6.75,3.93,2.6,0,19.88,0,0,4.26,0
2021,10,7,6,0,100.76,36.67,52.38,0,20.64,0,0,3.54,0
2021,10,7,7,0,209.24,76.82,136.57,0,21.88,0,0,2.45,0
2021,10,7,8,0,145.7,141.64,217.62,0,23.58,0,0,2.34,0
2021,10,7,9,0,44.03,227.35,282.38,0,25.16,0,0,1.78,0
2021,10,7,10,0,34.76,244.67,315.12,0,26.3,0,0,1.9,0
2021,10,7,11,0,153.69,295.05,449.35,0,27.04,0,0,1.99,0
2021,10,7,12,0,31.9,321.37,398.95,0,27.52,0,0,2.07,0
2021,10,7,13,0,94.94,216.13,294.7,0,27.55,0,0,2.14,0
2021,10,7,14,0,197.81,129.31,238.45,0,27.16,0,0,2.19,0
2021,10,7,15,0,190.45,79.41,136.65,0,26.38,0,0,2.14,0
2021,10,7,16,0,81.16,32.58,46.15,0,25.44,0,0,2.18,0
2021,10,7,17,0,0.0,0.0,0.0,0,23.3,0,0,2.28,0
2021,10,7,18,0,0.0,0.0,0.0,0,22.24,0,0,2.79,0
2021,10,7,19,0,0.0,0.0,0.0,0,21.6,0,0,3.51,0
2021,10,7,20,0,0.0,0.0,0.0,0,21.19,0,0,4.09,0
2021,10,7,21,0,0.0,0.0,0.0,0,20.91,0,0,4.05,0
2021,10,7,22,0,0.0,0.0,0.0,0,20.73,0,0,3.93,0
2021,10,7,23,0,0.0,0.0,0.0,0,20.64,0,0,4.12,0
2021,10,8,0,0,0.0,0.0,0.0,0,20.59,0,0,4.13,0
2021,10,8,1,0,0.0,0.0,0.0,0,20.5,0,0,3.98,0
2021,10,8,2,0,0.0,0.0,0.0,0,20.4,0,0,3.44,0
2021,10,8,3,0,0.0,0.0,0.0,0,20.42,0,0,2.09,0
2021,10,8,4,0,0.0,0.0,0.0,0,20.37,0,0,1.38,0
2021,10,8,5,0,3.62,4.68,2.97,0,20.28,0,0,4.14,0
2021,10,8,6,0,197.39,62.29,94.4,0,20.43,0,0,5.2,0
2021,10,8,7,0,394.31,122.11,271.42,0,21.51,0,0,4.92,0
2021,10,8,8,0,598.29,137.82,461.05,0,22.97,0,0,6.17,0
2021,10,8,9,0,664.61,167.64,617.5,0,24.82,0,0,6.48,0
2021,10,8,10,0,717.36,177.59,694.33,0,26.31,0,0,5.6,0
2021,10,8,11,0,717.27,180.32,737.92,0,27.15,0,0,4.77,0
2021,10,8,12,0,695.33,225.59,714.75,0,27.52,0,0,4.14,0
2021,10,8,13,0,717.05,137.22,584.92,0,27.49,0,0,3.77,0
2021,10,8,14,0,728.63,91.51,462.45,0,27.03,0,0,3.56,0
2021,10,8,15,0,575.54,80.27,276.48,0,26.21,0,0,3.51,0
2021,10,8,16,0,301.86,38.96,87.47,0,24.52,0,0,3.83,0
2021,10,8,17,0,0.0,0.0,0.0,0,21.07,0,0,4.22,0
2021,10,8,18,0,0.0,0.0,0.0,0,19.88,0,0,4.55,0
2021,10,8,19,0,0.0,0.0,0.0,0,19.16,0,0,4.57,0
2021,10,8,20,0,0.0,0.0,0.0,0,18.42,0,0,4.73,0
2021,10,8,21,0,0.0,0.0,0.0,0,17.75,0,0,5.12,0
2021,10,8,22,0,0.0,0.0,0.0,0,17.07,0,0,4.71,0
2021,10,8,23,0,0.0,0.0,0.0,0,16.43,0,0,4.59,0
2021,10,9,0,0,0.0,0.0,0.0,0,15.91,0,0,4.95,0
2021,10,9,1,0,0.0,0.0,0.0,0,15.52,0,0,5.11,0
2021,10,9,2,0,0.0,0.0,0.0,0,15.23,0,0,5.08,0
2021,10,9,3,0,0.0,0.0,0.0,0,15.04,0,0,4.92,0
2021,10,9,4,0,0.0,0.0,0.0,0,14.98,0,0,4.61,0
2021,10,9,5,0,0.0,0.0,0.0,0,14.82,0,0,4.43,0
2021,10,9,6,0,240.37,62.42,101.03,0,16.08,0,0,3.67,0
2021,10,9,7,0,443.21,115.42,269.05,0,18.12,0,0,2.21,0
2021,10,9,8,0,624.5,133.38,453.7,0,21.09,0,0,2.58,0
2021,10,9,9,0,862.22,92.7,662.53,0,24.06,0,0,3.88,0
2021,10,9,10,0,881.95,102.69,752.22,0,25.45,0,0,4.16,0
2021,10,9,11,0,792.83,174.08,756.65,0,26.3,0,0,4.17,0
2021,10,9,12,0,766.65,152.88,697.85,0,26.76,0,0,4.07,0
2021,10,9,13,0,794.63,106.05,607.9,0,26.88,0,0,3.97,0
2021,10,9,14,0,741.89,94.12,460.0,0,26.68,0,0,3.72,0
2021,10,9,15,0,615.46,77.0,275.25,0,26.18,0,0,3.32,0
2021,10,9,16,0,277.79,40.42,84.82,0,24.76,0,0,3.02,0
2021,10,9,17,0,0.0,0.0,0.0,0,22.78,0,0,2.4,0
2021,10,9,18,0,0.0,0.0,0.0,0,22.27,0,0,2.23,0
2021,10,9,19,0,0.0,0.0,0.0,0,21.59,0,0,2.35,0
2021,10,9,20,0,0.0,0.0,0.0,0,20.71,0,0,2.57,0
2021,10,9,21,0,0.0,0.0,0.0,0,19.61,0,0,2.9,0
2021,10,9,22,0,0.0,0.0,0.0,0,18.39,0,0,3.59,0
2021,10,9,23,0,0.0,0.0,0.0,0,17.44,0,0,4.69,0
2021,10,10,0,0,0.0,0.0,0.0,0,17.07,0,0,5.38,0
2021,10,10,1,0,0.0,0.0,0.0,0,16.97,0,0,5.52,0
2021,10,10,2,0,0.0,0.0,0.0,0,16.56,0,0,5.1,0
2021,10,10,3,0,0.0,0.0,0.0,0,16.34,0,0,4.89,0
2021,10,10,4,0,0.0,0.0,0.0,0,16.29,0,0,4.57,0
2021,10,10,5,0,0.0,0.0,0.0,0,16.1,0,0,4.41,0
2021,10,10,6,0,360.35,53.92,119.15,0,16.9,0,0,3.8,0
2021,10,10,7,0,623.53,86.08,307.25,0,18.85,0,0,3.98,0
2021,10,10,8,0,730.55,106.86,498.48,0,20.87,0,0,3.66,0
2021,10,10,9,0,863.16,88.49,654.92,0,22.79,0,0,2.83,0
2021,10,10,10,0,883.83,98.03,743.03,0,24.49,0,0,2.38,0
2021,10,10,11,0,926.01,82.34,781.65,0,25.67,0,0,2.24,0
2021,10,10,12,0,921.92,81.96,742.22,0,26.4,0,0,2.23,0
2021,10,10,13,0,864.03,91.37,627.5,0,26.69,0,0,2.28,0
2021,10,10,14,0,832.7,67.95,483.98,0,26.56,0,0,2.26,0
2021,10,10,15,0,730.39,54.38,289.58,0,26.01,0,0,2.14,0
2021,10,10,16,0,380.21,30.3,87.75,0,24.73,0,0,2.18,0
2021,10,10,17,0,0.0,0.0,0.0,0,22.39,0,0,2.05,0
2021,10,10,18,0,0.0,0.0,0.0,0,21.15,0,0,2.49,0
2021,10,10,19,0,0.0,0.0,0.0,0,19.87,0,0,3.05,0
2021,10,10,20,0,0.0,0.0,0.0,0,18.7,0,0,3.56,0
2021,10,10,21,0,0.0,0.0,0.0,0,17.74,0,0,4.03,0
2021,10,10,22,0,0.0,0.0,0.0,0,17.14,0,0,4.24,0
2021,10,10,23,0,0.0,0.0,0.0,0,16.73,0,0,4.11,0
2021,10,11,0,0,0.0,0.0,0.0,0,16.32,0,0,4.02,0
2021,10,11,1,0,0.0,0.0,0.0,0,15.91,0,0,4.07,0
2021,10,11,2,0,0.0,0.0,0.0,0,15.52,0,0,4.2,0
2021,10,11,3,0,0.0,0.0,0.0,0,15.24,0,0,4.3,0
2021,10,11,4,0,0.0,0.0,0.0,0,14.89,0,0,4.32,0
2021,10,11,5,0,0.0,0.0,0.0,0,14.63,0,0,4.43,0
2021,10,11,6,0,388.93,52.43,119.03,0,16.13,0,0,4.12,0
2021,10,11,7,0,499.13,119.57,298.1,0,18.5,0,0,2.66,0
2021,10,11,8,0,605.86,163.34,475.12,0,21.49,0,0,3.9,0
2021,10,11,9,0,506.8,237.72,558.3,0,23.32,0,0,3.57,0
2021,10,11,10,0,179.39,416.46,591.72,0,24.59,0,0,3.3,0
2021,10,11,11,0,400.29,309.78,615.38,0,25.42,0,0,3.18,0
2021,10,11,12,0,589.87,151.53,523.0,0,25.74,0,0,3.08,0
2021,10,11,13,0,359.2,204.25,422.75,0,25.59,0,0,2.94,0
2021,10,11,14,0,449.22,120.18,313.65,0,25.18,0,0,2.92,0
2021,10,11,15,0,376.12,81.02,193.88,0,24.54,0,0,3.19,0
2021,10,11,16,0,181.44,39.97,61.5,0,23.2,0,0,3.77,0
2021,10,11,17,0,0.0,0.0,0.0,0,20.22,0,0,5.02,0
2021,10,11,18,0,0.0,0.0,0.0,0,19.39,0,0,5.82,0
2021,10,11,19,0,0.0,0.0,0.0,0,18.71,0,0,5.74,0
2021,10,11,20,0,0.0,0.0,0.0,0,17.91,0,0,5.33,0
2021,10,11,21,0,0.0,0.0,0.0,0,17.18,0,0,5.06,0
2021,10,11,22,0,0.0,0.0,0.0,0,16.56,0,0,4.84,0
2021,10,11,23,0,0.0,0.0,0.0,0,16.0,0,0,4.7,0
2021,10,12,0,0,0.0,0.0,0.0,0,15.57,0,0,4.74,0
2021,10,12,1,0,0.0,0.0,0.0,0,15.15,0,0,4.59,0
2021,10,12,2,0,0.0,0.0,0.0,0,14.75,0,0,4.36,0
2021,10,12,3,0,0.0,0.0,0.0,0,14.43,0,0,4.26,0
2021,10,12,4,0,0.0,0.0,0.0,0,14.13,0,0,4.15,0
2021,10,12,5,0,0.0,0.0,0.0,0,13.96,0,0,3.97,0
2021,10,12,6,0,38.82,37.05,43.97,0,15.6,0,0,3.44,0
2021,10,12,7,0,56.44,96.1,120.38,0,18.14,0,0,2.4,0
2021,10,12,8,0,37.62,156.28,186.43,0,21.03,0,0,2.38,0
2021,10,12,9,0,220.57,159.71,297.48,0,23.03,0,0,1.82,0
2021,10,12,10,0,286.1,206.7,399.27,0,24.42,0,0,1.14,0
2021,10,12,11,0,143.1,259.74,407.62,0,25.33,0,0,0.53,0
2021,10,12,12,0,94.66,288.11,397.75,0,25.88,0,0,0.24,0
2021,10,12,13,0,130.51,265.19,380.73,0,26.33,0,0,0.55,0
2021,10,12,14,0,252.1,168.93,287.73,0,26.19,0,0,0.84,0
2021,10,12,15,0,264.61,100.38,184.68,0,25.62,0,0,1.13,0
2021,10,12,16,0,177.71,40.83,63.92,0,24.67,0,0,1.49,0
2021,10,12,17,0,0.0,0.0,0.0,0,22.18,0,0,2.09,0
2021,10,12,18,0,0.0,0.0,0.0,0,20.84,0,0,2.54,0
2021,10,12,19,0,0.0,0.0,0.0,0,20.03,0,0,2.6,0
2021,10,12,20,0,0.0,0.0,0.0,0,19.42,0,0,2.49,0
2021,10,12,21,0,0.0,0.0,0.0,0,18.81,0,0,2.51,0
2021,10,12,22,0,0.0,0.0,0.0,0,18.1,0,0,2.76,0
2021,10,12,23,0,0.0,0.0,0.0,0,17.5,0,0,2.83,0
2021,10,13,0,0,0.0,0.0,0.0,0,17.46,0,0,2.18,0
2021,10,13,1,0,0.0,0.0,0.0,0,17.88,0,0,1.21,0
2021,10,13,2,0,0.0,0.0,0.0,0,17.59,0,0,1.06,0
2021,10,13,3,0,0.0,0.0,0.0,0,16.5,0,0,1.65,0
2021,10,13,4,0,0.0,0.0,0.0,0,15.88,0,0,2.03,0
2021,10,13,5,0,0.0,0.0,0.0,0,15.56,0,0,2.19,0
2021,10,13,6,0,200.89,56.31,91.82,0,16.5,0,0,2.28,0
2021,10,13,7,0,413.58,109.41,250.35,0,19.25,0,0,1.43,0
2021,10,13,8,0,476.64,170.69,428.67,0,22.62,0,0,1.34,0
2021,10,13,9,0,572.78,203.26,569.08,0,24.71,0,0,1.7,0
2021,10,13,10,0,558.06,200.72,575.42,0,26.08,0,0,1.74,0
2021,10,13,11,0,730.89,168.59,687.85,0,27.04,0,0,1.51,0
2021,10,13,12,0,617.78,259.28,679.03,0,27.56,0,0,1.34,0
2021,10,13,13,0,642.59,142.27,525.08,0,27.73,0,0,1.36,0
2021,10,13,14,0,603.96,114.92,386.65,0,27.45,0,0,1.57,0
2021,10,13,15,0,446.03,94.03,226.77,0,26.87,0,0,1.74,0
2021,10,13,16,0,156.26,42.8,62.9,0,25.82,0,0,1.59,0
2021,10,13,17,0,0.0,0.0,0.0,0,23.44,0,0,1.84,0
2021,10,13,18,0,0.0,0.0,0.0,0,22.32,0,0,2.18,0
2021,10,13,19,0,0.0,0.0,0.0,0,21.16,0,0,2.52,0
2021,10,13,20,0,0.0,0.0,0.0,0,19.67,0,0,3.22,0
2021,10,13,21,0,0.0,0.0,0.0,0,18.3,0,0,4.03,0
2021,10,13,22,0,0.0,0.0,0.0,0,17.51,0,0,4.42,0
2021,10,13,23,0,0.0,0.0,0.0,0,16.97,0,0,4.23,0
2021,10,14,0,0,0.0,0.0,0.0,0,16.67,0,0,3.77,0
2021,10,14,1,0,0.0,0.0,0.0,0,16.67,0,0,3.17,0
2021,10,14,2,0,0.0,0.0,0.0,0,16.88,0,0,2.63,0
2021,10,14,3,0,0.0,0.0,0.0,0,17.0,0,0,2.25,0
2021,10,14,4,0,0.0,0.0,0.0,0,16.7,0,0,2.29,0
2021,10,14,5,0,0.0,0.0,0.0,0,16.24,0,0,2.51,0
2021,10,14,6,0,176.62,69.33,96.95,0,17.1,0,0,2.46,0
2021,10,14,7,0,396.23,148.76,273.65,0,19.82,0,0,1.46,0
2021,10,14,8,0,552.76,189.83,450.4,0,22.86,0,0,0.3,0
2021,10,14,9,0,640.67,198.98,601.2,0,25.33,0,0,0.62,0
2021,10,14,10,0,791.62,142.26,709.8,0,26.31,0,0,0.8,0
2021,10,14,11,0,748.56,172.27,728.72,0,26.9,0,0,0.84,0
2021,10,14,12,0,767.57,150.36,693.58,0,27.22,0,0,0.97,0
2021,10,14,13,0,791.02,124.0,596.5,0,27.29,0,0,1.22,0
2021,10,14,14,0,664.57,141.04,435.55,0,26.93,0,0,1.48,0
2021,10,14,15,0,452.41,122.58,242.6,0,26.84,0,0,1.64,0
2021,10,14,16,0,73.85,48.58,56.12,0,24.69,0,0,2.16,0
2021,10,14,17,0,0.0,0.0,0.0,0,22.17,0,0,3.17,0
2021,10,14,18,0,0.0,0.0,0.0,0,21.04,0,0,3.8,0
2021,10,14,19,0,0.0,0.0,0.0,0,20.26,0,0,4.13,0
2021,10,14,20,0,0.0,0.0,0.0,0,19.55,0,0,4.28,0
2021,10,14,21,0,0.0,0.0,0.0,0,19.02,0,0,4.12,0
2021,10,14,22,0,0.0,0.0,0.0,0,18.61,0,0,3.82,0
2021,10,14,23,0,0.0,0.0,0.0,0,18.27,0,0,3.54,0
2021,10,15,0,0,0.0,0.0,0.0,0,17.96,0,0,3.22,0
2021,10,15,1,0,0.0,0.0,0.0,0,17.7,0,0,2.89,0
2021,10,15,2,0,0.0,0.0,0.0,0,17.39,0,0,2.62,0
2021,10,15,3,0,0.0,0.0,0.0,0,17.01,0,0,2.46,0
2021,10,15,4,0,0.0,0.0,0.0,0,16.66,0,0,2.37,0
2021,10,15,5,0,0.0,0.0,0.0,0,16.35,0,0,2.3,0
2021,10,15,6,0,367.35,43.54,105.97,0,17.07,0,0,2.12,0
2021,10,15,7,0,643.37,76.33,298.17,0,19.72,0,0,1.19,0
2021,10,15,8,0,813.0,78.29,490.38,0,22.69,0,0,0.91,0
2021,10,15,9,0,879.33,80.35,637.35,0,25.47,0,0,1.19,0
2021,10,15,10,0,908.26,88.84,732.92,0,26.84,0,0,1.21,0
2021,10,15,11,0,907.43,96.31,756.75,0,27.86,0,0,1.22,0
2021,10,15,12,0,825.39,114.6,658.88,0,28.51,0,0,1.25,0
2021,10,15,13,0,716.98,128.65,565.1,0,28.73,0,0,1.31,0
2021,10,15,14,0,654.3,115.48,418.75,0,28.5,0,0,1.37,0
2021,10,15,15,0,538.39,77.82,239.93,0,28.42,0,0,1.67,0
2021,10,15,16,0,265.65,30.51,61.28,0,26.6,0,0,2.15,0
2021,10,15,17,0,0.0,0.0,0.0,0,22.74,0,0,3.48,0
2021,10,15,18,0,0.0,0.0,0.0,0,20.98,0,0,4.88,0
2021,10,15,19,0,0.0,0.0,0.0,0,20.1,0,0,5.82,0
2021,10,15,20,0,0.0,0.0,0.0,0,19.5,0,0,6.19,0
2021,10,15,21,0,0.0,0.0,0.0,0,19.03,0,0,6.17,0
2021,10,15,22,0,0.0,0.0,0.0,0,18.73,0,0,6.08,0
2021,10,15,23,0,0.0,0.0,0.0,0,18.54,0,0,5.7,0
2021,10,16,0,0,0.0,0.0,0.0,0,18.16,0,0,5.29,0
2021,10,16,1,0,0.0,0.0,0.0,0,17.79,0,0,5.07,0
2021,10,16,2,0,0.0,0.0,0.0,0,17.45,0,0,4.95,0
2021,10,16,3,0,0.0,0.0,0.0,0,17.22,0,0,5.02,0
2021,10,16,4,0,0.0,0.0,0.0,0,17.2,0,0,5.16,0
2021,10,16,5,0,0.0,0.0,0.0,0,17.6,0,0,6.27,0
2021,10,16,6,0,23.28,33.04,40.97,0,18.8,0,0,6.76,0
2021,10,16,7,0,49.1,78.8,101.35,0,19.08,0,0,8.5,0
2021,10,16,8,0,106.8,123.87,173.55,0,18.69,0,0,8.92,0
2021,10,16,9,0,102.59,222.54,307.88,0,19.41,0,0,8.83,0
2021,10,16,10,0,536.79,229.09,589.75,0,20.53,0,0,8.81,0
2021,10,16,11,0,816.59,193.11,746.15,0,21.04,0,0,9.0,0
2021,10,16,12,0,973.72,73.15,741.65,0,20.96,0,0,9.07,0
2021,10,16,13,0,957.32,67.59,638.25,0,20.66,0,0,9.0,0
2021,10,16,14,0,901.11,59.05,479.88,0,20.13,0,0,8.83,0
2021,10,16,15,0,788.08,46.6,281.55,0,19.2,0,0,8.69,0
2021,10,16,16,0,429.72,22.76,72.45,0,17.34,0,0,8.76,0
2021,10,16,17,0,0.0,0.0,0.0,0,14.93,0,0,8.84,0
2021,10,16,18,0,0.0,0.0,0.0,0,13.58,0,0,8.42,0
2021,10,16,19,0,0.0,0.0,0.0,0,12.36,0,0,7.72,0
2021,10,16,20,0,0.0,0.0,0.0,0,11.2,0,0,7.11,0
2021,10,16,21,0,0.0,0.0,0.0,0,10.36,0,0,6.55,0
2021,10,16,22,0,0.0,0.0,0.0,0,9.69,0,0,6.13,0
2021,10,16,23,0,0.0,0.0,0.0,0,9.13,0,0,5.9,0
2021,10,17,0,0,0.0,0.0,0.0,0,8.58,0,0,5.63,0
2021,10,17,1,0,0.0,0.0,0.0,0,8.05,0,0,5.33,0
2021,10,17,2,0,0.0,0.0,0.0,0,7.32,0,0,5.02,0
2021,10,17,3,0,0.0,0.0,0.0,0,6.75,0,0,5.12,0
2021,10,17,4,0,0.0,0.0,0.0,0,6.45,0,0,5.01,0
2021,10,17,5,0,0.0,0.0,0.0,0,6.0,0,0,4.96,0
2021,10,17,6,0,497.87,35.21,117.57,0,7.0,0,0,4.49,0
2021,10,17,7,0,851.24,52.21,332.05,0,9.87,0,0,3.44,0
2021,10,17,8,0,942.08,59.38,530.03,0,13.58,0,0,5.02,0
2021,10,17,9,0,989.59,62.71,682.4,0,15.76,0,0,4.5,0
2021,10,17,10,0,1018.79,62.73,776.05,0,17.46,0,0,3.98,0
2021,10,17,11,0,1030.17,61.09,801.78,0,18.77,0,0,4.19,0
2021,10,17,12,0,1024.99,58.28,758.1,0,19.62,0,0,4.68,0
2021,10,17,13,0,983.71,60.04,651.25,0,19.97,0,0,5.17,0
2021,10,17,14,0,919.84,55.73,487.45,0,19.74,0,0,5.57,0
2021,10,17,15,0,807.87,44.45,282.92,0,18.76,0,0,5.8,0
2021,10,17,16,0,419.78,22.97,69.43,0,16.15,0,0,6.41,0
2021,10,17,17,0,0.0,0.0,0.0,0,12.24,0,0,7.28,0
2021,10,17,18,0,0.0,0.0,0.0,0,11.42,0,0,7.22,0
2021,10,17,19,0,0.0,0.0,0.0,0,10.5,0,0,6.53,0
2021,10,17,20,0,0.0,0.0,0.0,0,9.43,0,0,6.29,0
2021,10,17,21,0,0.0,0.0,0.0,0,8.72,0,0,6.34,0
2021,10,17,22,0,0.0,0.0,0.0,0,8.23,0,0,6.3,0
2021,10,17,23,0,0.0,0.0,0.0,0,7.72,0,0,6.12,0
2021,10,18,0,0,0.0,0.0,0.0,0,7.25,0,0,5.92,0
2021,10,18,1,0,0.0,0.0,0.0,0,6.81,0,0,5.76,0
2021,10,18,2,0,0.0,0.0,0.0,0,6.37,0,0,5.61,0
2021,10,18,3,0,0.0,0.0,0.0,0,5.93,0,0,5.39,0
2021,10,18,4,0,0.0,0.0,0.0,0,5.59,0,0,5.35,0
2021,10,18,5,0,0.0,0.0,0.0,0,5.37,0,0,5.42,0
2021,10,18,6,0,512.84,32.56,115.1,0,6.85,0,0,5.05,0
2021,10,18,7,0,850.99,48.17,327.0,0,10.45,0,0,2.78,0
2021,10,18,8,0,937.12,56.51,521.05,0,14.02,0,0,1.81,0
2021,10,18,9,0,985.16,59.8,670.62,0,17.69,0,0,3.07,0
2021,10,18,10,0,1009.92,59.2,761.65,0,19.3,0,0,2.23,0
2021,10,18,11,0,1019.95,58.57,787.17,0,20.55,0,0,1.53,0
2021,10,18,12,0,973.53,79.04,737.95,0,21.32,0,0,1.16,0
2021,10,18,13,0,917.45,87.96,626.95,0,21.72,0,0,1.06,0
2021,10,18,14,0,842.92,79.99,462.65,0,21.54,0,0,0.96,0
2021,10,18,15,0,713.19,61.5,263.9,0,21.55,0,0,0.95,0
2021,10,18,16,0,308.57,27.09,60.6,0,19.52,0,0,1.34,0
2021,10,18,17,0,0.0,0.0,0.0,0,16.31,0,0,2.29,0
2021,10,18,18,0,0.0,0.0,0.0,0,14.9,0,0,2.89,0
2021,10,18,19,0,0.0,0.0,0.0,0,13.63,0,0,3.22,0
2021,10,18,20,0,0.0,0.0,0.0,0,12.81,0,0,3.31,0
2021,10,18,21,0,0.0,0.0,0.0,0,12.43,0,0,3.16,0
2021,10,18,22,0,0.0,0.0,0.0,0,12.27,0,0,2.85,0
2021,10,18,23,0,0.0,0.0,0.0,0,12.13,0,0,2.54,0
2021,10,19,0,0,0.0,0.0,0.0,0,11.55,0,0,2.34,0
2021,10,19,1,0,0.0,0.0,0.0,0,10.96,0,0,2.36,0
2021,10,19,2,0,0.0,0.0,0.0,0,10.68,0,0,2.53,0
2021,10,19,3,0,0.0,0.0,0.0,0,9.84,0,0,2.85,0
2021,10,19,4,0,0.0,0.0,0.0,0,8.81,0,0,3.24,0
2021,10,19,5,0,0.0,0.0,0.0,0,7.83,0,0,3.62,0
2021,10,19,6,0,514.27,30.12,110.72,0,8.31,0,0,3.86,0
2021,10,19,7,0,841.31,47.73,320.73,0,12.26,0,0,2.61,0
2021,10,19,8,0,928.94,57.34,515.25,0,15.25,0,0,1.04,0
2021,10,19,9,0,980.5,60.82,665.22,0,19.54,0,0,0.12,0
2021,10,19,10,0,1015.28,60.24,758.4,0,21.44,0,0,0.72,0
2021,10,19,11,0,1019.57,60.56,784.88,0,22.57,0,0,1.24,0
2021,10,19,12,0,1014.6,58.9,741.92,0,23.27,0,0,1.48,0
2021,10,19,13,0,984.59,57.28,634.4,0,23.51,0,0,1.59,0
2021,10,19,14,0,896.85,61.09,468.6,0,23.25,0,0,1.69,0
2021,10,19,15,0,748.04,54.57,264.5,0,23.23,0,0,1.77,0
2021,10,19,16,0,334.74,25.98,58.88,0,20.58,0,0,2.12,0
2021,10,19,17,0,0.0,0.0,0.0,0,17.4,0,0,2.99,0
2021,10,19,18,0,0.0,0.0,0.0,0,15.35,0,0,3.89,0
2021,10,19,19,0,0.0,0.0,0.0,0,14.37,0,0,4.45,0
2021,10,19,20,0,0.0,0.0,0.0,0,13.78,0,0,4.68,0
2021,10,19,21,0,0.0,0.0,0.0,0,13.19,0,0,4.84,0
2021,10,19,22,0,0.0,0.0,0.0,0,12.37,0,0,4.76,0
2021,10,19,23,0,0.0,0.0,0.0,0,11.82,0,0,4.6,0
2021,10,20,0,0,0.0,0.0,0.0,0,10.84,0,0,4.3,0
2021,10,20,1,0,0.0,0.0,0.0,0,10.61,0,0,3.79,0
2021,10,20,2,0,0.0,0.0,0.0,0,10.82,0,0,3.15,0
2021,10,20,3,0,0.0,0.0,0.0,0,11.34,0,0,2.36,0
2021,10,20,4,0,0.0,0.0,0.0,0,11.43,0,0,1.72,0
2021,10,20,5,0,0.0,0.0,0.0,0,12.01,0,0,1.26,0
2021,10,20,6,0,422.42,34.0,101.18,0,12.47,0,0,1.07,0
2021,10,20,7,0,737.61,60.58,302.88,0,14.8,0,0,0.94,0
2021,10,20,8,0,854.83,73.64,492.1,0,17.07,0,0,0.62,0
2021,10,20,9,0,903.31,85.34,642.8,0,21.28,0,0,1.59,0
2021,10,20,10,0,934.57,122.21,723.53,0,23.06,0,0,1.0,0
2021,10,20,11,0,883.27,134.17,740.38,0,23.95,0,0,0.54,0
2021,10,20,12,0,810.3,168.01,683.8,0,24.69,0,0,0.7,0
2021,10,20,13,0,505.64,235.11,519.33,0,24.96,0,0,1.12,0
2021,10,20,14,0,471.54,187.5,372.58,0,24.53,0,0,1.77,0
2021,10,20,15,0,343.89,121.94,205.93,0,23.83,0,0,2.37,0
2021,10,20,16,0,113.07,35.25,42.15,0,20.61,0,0,3.41,0
2021,10,20,17,0,0.0,0.0,0.0,0,17.36,0,0,4.59,0
2021,10,20,18,0,0.0,0.0,0.0,0,15.92,0,0,5.47,0
2021,10,20,19,0,0.0,0.0,0.0,0,15.44,0,0,6.14,0
2021,10,20,20,0,0.0,0.0,0.0,0,15.12,0,0,5.95,0
2021,10,20,21,0,0.0,0.0,0.0,0,14.65,0,0,5.43,0
2021,10,20,22,0,0.0,0.0,0.0,0,14.28,0,0,5.43,0
2021,10,20,23,0,0.0,0.0,0.0,0,14.05,0,0,5.09,0
2021,10,21,0,0,0.0,0.0,0.0,0,13.92,0,0,4.9,0
2021,10,21,1,0,0.0,0.0,0.0,0,13.86,0,0,4.67,0
2021,10,21,2,0,0.0,0.0,0.0,0,13.82,0,0,4.52,0
2021,10,21,3,0,0.0,0.0,0.0,0,13.83,0,0,4.5,0
2021,10,21,4,0,0.0,0.0,0.0,0,13.92,0,0,4.5,0
2021,10,21,5,0,0.0,0.0,0.0,0,14.25,0,0,4.49,0
2021,10,21,6,0,23.48,44.38,51.67,0,14.98,0,0,4.3,0
2021,10,21,7,0,50.42,125.44,148.93,0,16.36,0,0,3.73,0
2021,10,21,8,0,66.74,204.34,254.02,0,17.37,0,0,2.78,0
2021,10,21,9,0,69.04,264.69,337.98,0,18.56,0,0,2.93,0
2021,10,21,10,0,150.33,283.52,421.85,0,20.23,0,0,3.9,0
2021,10,21,11,0,106.74,293.79,408.12,0,22.4,0,0,5.03,0
2021,10,21,12,0,287.32,229.38,397.4,0,24.78,0,0,5.88,0
2021,10,21,13,0,326.08,146.68,311.77,0,25.56,0,0,6.31,0
2021,10,21,14,0,318.66,115.6,247.3,0,25.33,0,0,6.23,0
2021,10,21,15,0,299.3,73.55,151.12,0,24.33,0,0,5.68,0
2021,10,21,16,0,101.94,27.06,34.58,0,22.33,0,0,5.66,0
2021,10,21,17,0,0.0,0.0,0.0,0,19.62,0,0,6.23,0
2021,10,21,18,0,0.0,0.0,0.0,0,18.83,0,0,6.01,0
2021,10,21,19,0,0.0,0.0,0.0,0,18.08,0,0,5.45,0
2021,10,21,20,0,0.0,0.0,0.0,0,17.57,0,0,5.28,0
2021,10,21,21,0,0.0,0.0,0.0,0,17.22,0,0,5.21,0
2021,10,21,22,0,0.0,0.0,0.0,0,17.31,0,0,6.06,0
2021,10,21,23,0,0.0,0.0,0.0,0,17.27,0,0,5.99,0
2021,10,22,0,0,0.0,0.0,0.0,0,17.16,0,0,5.71,0
2021,10,22,1,0,0.0,0.0,0.0,0,16.94,0,0,5.32,0
2021,10,22,2,0,0.0,0.0,0.0,0,16.17,0,0,4.93,0
2021,10,22,3,0,0.0,0.0,0.0,0,15.43,0,0,5.09,0
2021,10,22,4,0,0.0,0.0,0.0,0,14.85,0,0,5.21,0
2021,10,22,5,0,0.0,0.0,0.0,0,13.94,0,0,5.3,0
2021,10,22,6,0,194.13,49.95,76.07,0,14.34,0,0,5.04,0
2021,10,22,7,0,499.02,103.79,265.12,0,16.71,0,0,3.47,0
2021,10,22,8,0,727.52,110.55,455.4,0,18.44,0,0,3.98,0
2021,10,22,9,0,859.03,95.97,615.53,0,20.45,0,0,4.65,0
2021,10,22,10,0,952.92,74.78,721.4,0,21.84,0,0,4.9,0
2021,10,22,11,0,977.88,67.32,753.22,0,22.82,0,0,4.82,0
2021,10,22,12,0,972.09,67.44,711.2,0,23.45,0,0,4.71,0
2021,10,22,13,0,941.82,65.25,604.72,0,23.63,0,0,4.61,0
2021,10,22,14,0,853.2,63.08,442.75,0,23.32,0,0,4.48,0
2021,10,22,15,0,725.59,46.51,243.68,0,22.25,0,0,4.5,0
2021,10,22,16,0,289.57,21.29,47.15,0,19.2,0,0,4.72,0
2021,10,22,17,0,0.0,0.0,0.0,0,15.57,0,0,5.81,0
2021,10,22,18,0,0.0,0.0,0.0,0,14.38,0,0,6.82,0
2021,10,22,19,0,0.0,0.0,0.0,0,13.57,0,0,6.89,0
2021,10,22,20,0,0.0,0.0,0.0,0,12.69,0,0,6.04,0
2021,10,22,21,0,0.0,0.0,0.0,0,11.7,0,0,5.7,0
2021,10,22,22,0,0.0,0.0,0.0,0,10.89,0,0,5.42,0
2021,10,22,23,0,0.0,0.0,0.0,0,10.23,0,0,5.35,0
2021,10,23,0,0,0.0,0.0,0.0,0,9.69,0,0,5.34,0
2021,10,23,1,0,0.0,0.0,0.0,0,9.22,0,0,5.24,0
2021,10,23,2,0,0.0,0.0,0.0,0,8.87,0,0,5.02,0
2021,10,23,3,0,0.0,0.0,0.0,0,8.53,0,0,4.81,0
2021,10,23,4,0,0.0,0.0,0.0,0,8.27,0,0,4.76,0
2021,10,23,5,0,0.0,0.0,0.0,0,8.02,0,0,4.69,0
2021,10,23,6,0,170.18,34.26,59.46,0,8.68,0,0,4.3,0
2021,10,23,7,0,376.36,81.5,202.54,0,11.2,0,0,3.33,0
2021,10,23,8,0,462.63,123.96,351.93,0,14.29,0,0,3.26,0
2021,10,23,9,0,939.73,68.56,635.97,0,17.23,0,0,2.67,0
2021,10,23,10,0,982.85,65.48,725.95,0,19.83,0,0,2.12,0
2021,10,23,11,0,1000.92,58.87,754.67,0,21.82,0,0,1.64,0
2021,10,23,12,0,995.9,57.37,711.42,0,23.26,0,0,1.61,0
2021,10,23,13,0,949.1,59.02,604.65,0,24.0,0,0,1.51,0
2021,10,23,14,0,890.87,53.83,443.77,0,23.94,0,0,1.25,0
2021,10,23,15,0,770.62,40.24,245.02,0,24.18,0,0,1.28,0
2021,10,23,16,0,339.38,18.47,47.08,0,22.07,0,0,0.97,0
2021,10,23,17,0,0.0,0.0,0.0,0,20.49,0,0,0.92,0
2021,10,23,18,0,0.0,0.0,0.0,0,19.33,0,0,1.27,0
2021,10,23,19,0,0.0,0.0,0.0,0,18.31,0,0,1.48,0
2021,10,23,20,0,0.0,0.0,0.0,0,17.68,0,0,1.34,0
2021,10,23,21,0,0.0,0.0,0.0,0,16.99,0,0,1.31,0
2021,10,23,22,0,0.0,0.0,0.0,0,15.38,0,0,1.82,0
2021,10,23,23,0,0.0,0.0,0.0,0,14.45,0,0,2.31,0
2021,10,24,0,0,0.0,0.0,0.0,0,13.53,0,0,2.53,0
2021,10,24,1,0,0.0,0.0,0.0,0,12.49,0,0,2.85,0
2021,10,24,2,0,0.0,0.0,0.0,0,11.06,0,0,3.65,0
2021,10,24,3,0,0.0,0.0,0.0,0,10.26,0,0,4.27,0
2021,10,24,4,0,0.0,0.0,0.0,0,9.62,0,0,4.64,0
2021,10,24,5,0,0.0,0.0,0.0,0,9.16,0,0,4.97,0
2021,10,24,6,0,284.21,46.33,80.88,0,10.07,0,0,4.96,0
2021,10,24,7,0,479.13,122.11,264.48,0,13.52,0,0,2.79,0
2021,10,24,8,0,508.23,220.63,439.02,0,16.5,0,0,1.43,0
2021,10,24,9,0,537.63,275.29,567.2,0,20.8,0,0,3.33,0
2021,10,24,10,0,1147.94,363.25,644.97,0,22.74,0,0,3.39,0
2021,10,24,11,0,343.18,410.1,596.78,0,23.46,0,0,3.42,0
2021,10,24,12,0,580.13,405.16,586.08,0,23.33,0,0,3.62,0
2021,10,24,13,0,48.96,319.5,376.75,0,22.52,0,0,3.89,0
2021,10,24,14,0,48.41,216.85,256.9,0,21.31,0,0,3.91,0
2021,10,24,15,0,31.83,107.53,127.18,0,19.69,0,0,3.9,0
2021,10,24,16,0,4.94,19.93,20.15,0,17.79,0,0,4.21,0
2021,10,24,17,0,0.0,0.0,0.0,0,16.37,0,0,4.54,0
2021,10,24,18,0,0.0,0.0,0.0,0,15.68,0,0,4.89,0
2021,10,24,19,0,0.0,0.0,0.0,0,15.31,0,0,5.14,0
2021,10,24,20,0,0.0,0.0,0.0,0,15.04,0,0,5.15,0
2021,10,24,21,0,0.0,0.0,0.0,0,14.91,0,0,5.86,0
2021,10,24,22,0,0.0,0.0,0.0,0,14.75,0,0,6.6,0
2021,10,24,23,0,0.0,0.0,0.0,0,14.13,0,0,6.43,0
2021,10,25,0,0,0.0,0.0,0.0,0,13.24,0,0,6.11,0
2021,10,25,1,0,0.0,0.0,0.0,0,12.29,0,0,5.61,0
2021,10,25,2,0,0.0,0.0,0.0,0,11.85,0,0,4.84,0
2021,10,25,3,0,0.0,0.0,0.0,0,11.86,0,0,3.75,0
2021,10,25,4,0,0.0,0.0,0.0,0,11.95,0,0,3.41,0
2021,10,25,5,0,0.0,0.0,0.0,0,11.93,0,0,3.9,0
2021,10,25,6,0,106.31,44.01,58.83,0,13.36,0,0,5.01,0
2021,10,25,7,0,264.88,118.65,201.43,0,16.48,0,0,3.65,0
2021,10,25,8,0,355.62,179.71,346.02,0,19.87,0,0,3.98,0
2021,10,25,9,0,380.66,229.24,459.2,0,23.11,0,0,5.93,0
2021,10,25,10,0,570.89,195.95,584.95,0,24.76,0,0,5.81,0
2021,10,25,11,0,276.28,246.83,443.0,0,25.89,0,0,5.7,0
2021,10,25,12,0,289.67,199.1,403.27,0,26.59,0,0,5.77,0
2021,10,25,13,0,329.59,154.48,339.08,0,26.82,0,0,6.04,0
2021,10,25,14,0,404.83,92.05,253.32,0,26.35,0,0,6.25,0
2021,10,25,15,0,282.8,77.72,145.65,0,25.32,0,0,6.19,0
2021,10,25,16,0,57.68,24.85,27.5,0,23.43,0,0,6.39,0
2021,10,25,17,0,0.0,0.0,0.0,0,20.98,0,0,7.12,0
2021,10,25,18,0,0.0,0.0,0.0,0,20.1,0,0,7.6,0
2021,10,25,19,0,0.0,0.0,0.0,0,19.25,0,0,7.89,0
2021,10,25,20,0,0.0,0.0,0.0,0,17.96,0,0,7.58,0
2021,10,25,21,0,0.0,0.0,0.0,0,16.51,0,0,7.11,0
2021,10,25,22,0,0.0,0.0,0.0,0,15.41,0,0,7.94,0
2021,10,25,23,0,0.0,0.0,0.0,0,13.81,0,0,7.95,0
2021,10,26,0,0,0.0,0.0,0.0,0,12.21,0,0,7.79,0
2021,10,26,1,0,0.0,0.0,0.0,0,10.95,0,0,7.4,0
2021,10,26,2,0,0.0,0.0,0.0,0,10.09,0,0,7.09,0
2021,10,26,3,0,0.0,0.0,0.0,0,9.6,0,0,7.02,0
2021,10,26,4,0,0.0,0.0,0.0,0,9.33,0,0,7.0,0
2021,10,26,5,0,0.0,0.0,0.0,0,9.01,0,0,6.86,0
2021,10,26,6,0,347.64,34.02,78.43,0,9.37,0,0,6.58,0
2021,10,26,7,0,742.81,63.38,279.1,0,11.46,0,0,6.45,0
2021,10,26,8,0,847.82,78.01,472.1,0,13.63,0,0,6.36,0
2021,10,26,9,0,953.23,64.96,626.7,0,15.74,0,0,6.05,0
2021,10,26,10,0,1006.98,55.43,718.28,0,17.64,0,0,5.95,0
2021,10,26,11,0,1019.98,53.86,743.65,0,19.15,0,0,6.09,0
2021,10,26,12,0,1004.6,54.18,700.25,0,20.15,0,0,6.37,0
2021,10,26,13,0,968.01,54.4,593.83,0,20.53,0,0,6.63,0
2021,10,26,14,0,887.17,52.97,432.4,0,20.19,0,0,6.77,0
2021,10,26,15,0,762.8,39.95,233.62,0,19.03,0,0,6.49,0
2021,10,26,16,0,276.19,18.18,39.92,0,16.36,0,0,6.29,0
2021,10,26,17,0,0.0,0.0,0.0,0,12.75,0,0,6.65,0
2021,10,26,18,0,0.0,0.0,0.0,0,11.83,0,0,6.37,0
2021,10,26,19,0,0.0,0.0,0.0,0,10.9,0,0,5.81,0
2021,10,26,20,0,0.0,0.0,0.0,0,10.1,0,0,5.39,0
2021,10,26,21,0,0.0,0.0,0.0,0,9.41,0,0,5.07,0
2021,10,26,22,0,0.0,0.0,0.0,0,8.82,0,0,4.66,0
2021,10,26,23,0,0.0,0.0,0.0,0,8.22,0,0,4.15,0
2021,10,27,0,0,0.0,0.0,0.0,0,7.77,0,0,3.74,0
2021,10,27,1,0,0.0,0.0,0.0,0,7.56,0,0,3.47,0
2021,10,27,2,0,0.0,0.0,0.0,0,7.46,0,0,3.48,0
2021,10,27,3,0,0.0,0.0,0.0,0,7.12,0,0,3.58,0
2021,10,27,4,0,0.0,0.0,0.0,0,7.1,0,0,3.68,0
2021,10,27,5,0,0.0,0.0,0.0,0,6.95,0,0,3.75,0
2021,10,27,6,0,189.02,45.38,69.6,0,7.2,0,0,3.48,0
2021,10,27,7,0,531.69,102.98,257.8,0,9.22,0,0,1.85,0
2021,10,27,8,0,711.02,120.64,446.17,0,11.79,0,0,0.65,0
2021,10,27,9,0,836.04,108.78,600.58,0,15.8,0,0,0.86,0
2021,10,27,10,0,954.28,74.39,704.22,0,18.32,0,0,0.77,0
2021,10,27,11,0,893.57,105.46,721.67,0,20.21,0,0,0.4,0
2021,10,27,12,0,982.61,63.85,689.7,0,21.52,0,0,0.25,0
2021,10,27,13,0,927.99,65.28,580.8,0,22.39,0,0,0.52,0
2021,10,27,14,0,857.03,65.3,420.08,0,22.49,0,0,1.13,0
2021,10,27,15,0,702.72,50.35,223.6,0,22.08,0,0,2.04,0
2021,10,27,16,0,227.27,20.06,36.1,0,18.12,0,0,3.82,0
2021,10,27,17,0,0.0,0.0,0.0,0,13.9,0,0,6.22,0
2021,10,27,18,0,0.0,0.0,0.0,0,13.11,0,0,7.28,0
2021,10,27,19,0,0.0,0.0,0.0,0,12.4,0,0,6.99,0
2021,10,27,20,0,0.0,0.0,0.0,0,11.48,0,0,6.48,0
2021,10,27,21,0,0.0,0.0,0.0,0,10.56,0,0,6.12,0
2021,10,27,22,0,0.0,0.0,0.0,0,10.2,0,0,6.08,0
2021,10,27,23,0,0.0,0.0,0.0,0,10.3,0,0,6.02,0
2021,10,28,0,0,0.0,0.0,0.0,0,10.06,0,0,5.86,0
2021,10,28,1,0,0.0,0.0,0.0,0,10.03,0,0,5.42,0
2021,10,28,2,0,0.0,0.0,0.0,0,9.86,0,0,4.89,0
2021,10,28,3,0,0.0,0.0,0.0,0,9.74,0,0,4.79,0
2021,10,28,4,0,0.0,0.0,0.0,0,9.67,0,0,6.23,0
2021,10,28,5,0,0.0,0.0,0.0,0,10.61,0,0,9.64,0
2021,10,28,6,0,9.61,15.74,17.58,0,11.12,0,0,9.83,0
2021,10,28,7,0,57.23,59.43,74.25,0,12.24,0,0,10.19,0
2021,10,28,8,0,111.31,91.7,128.75,0,14.5,0,0,11.66,0
2021,10,28,9,0,0.0,32.45,37.33,0,16.11,0,0,11.57,0
2021,10,28,10,0,8.72,40.28,49.12,0,17.28,0,0,10.65,0
2021,10,28,11,0,24.43,60.29,76.07,0,18.64,0,0,8.58,0
2021,10,28,12,0,177.82,89.87,174.02,0,20.73,0,0,7.11,0
2021,10,28,13,0,200.61,141.99,230.73,0,21.87,0,0,6.91,0
2021,10,28,14,0,188.13,100.21,172.4,0,21.2,0,0,6.82,0
2021,10,28,15,0,173.2,55.81,97.75,0,19.75,0,0,6.22,0
2021,10,28,16,0,78.18,15.95,18.25,0,17.15,0,0,5.41,0
2021,10,28,17,0,0.0,0.0,0.0,0,14.0,0,0,5.49,0
2021,10,28,18,0,0.0,0.0,0.0,0,13.08,0,0,5.1,0
2021,10,28,19,0,0.0,0.0,0.0,0,12.27,0,0,4.25,0
2021,10,28,20,0,0.0,0.0,0.0,0,11.52,0,0,3.74,0
2021,10,28,21,0,0.0,0.0,0.0,0,11.34,0,0,3.47,0
2021,10,28,22,0,0.0,0.0,0.0,0,11.01,0,0,3.56,0
2021,10,28,23,0,0.0,0.0,0.0,0,10.85,0,0,4.0,0
2021,10,29,0,0,0.0,0.0,0.0,0,10.6,0,0,4.41,0
2021,10,29,1,0,0.0,0.0,0.0,0,10.38,0,0,4.71,0
2021,10,29,2,0,0.0,0.0,0.0,0,10.2,0,0,5.24,0
2021,10,29,3,0,0.0,0.0,0.0,0,9.95,0,0,5.22,0
2021,10,29,4,0,0.0,0.0,0.0,0,9.74,0,0,5.27,0
2021,10,29,5,0,0.0,0.0,0.0,0,9.28,0,0,5.19,0
2021,10,29,6,0,2.92,21.59,23.98,0,9.65,0,0,5.55,0
2021,10,29,7,0,25.08,98.41,115.22,0,10.69,0,0,5.93,0
2021,10,29,8,0,26.08,175.7,206.6,0,11.95,0,0,6.52,0
2021,10,29,9,0,46.38,229.42,280.67,0,13.42,0,0,6.62,0
2021,10,29,10,0,233.48,199.79,293.08,0,14.57,0,0,6.62,0
2021,10,29,11,0,55.63,176.34,231.88,0,15.43,0,0,6.51,0
2021,10,29,12,0,129.32,140.95,198.3,0,15.93,0,0,6.38,0
2021,10,29,13,0,62.72,91.54,126.22,0,15.74,0,0,6.43,0
2021,10,29,14,0,25.13,83.81,101.18,0,14.89,0,0,6.52,0
2021,10,29,15,0,8.59,50.78,58.6,0,13.67,0,0,5.98,0
2021,10,29,16,0,0.0,8.14,8.0,0,12.29,0,0,5.57,0
2021,10,29,17,0,0.0,0.0,0.0,0,10.8,0,0,5.73,0
2021,10,29,18,0,0.0,0.0,0.0,0,9.85,0,0,5.23,0
2021,10,29,19,0,0.0,0.0,0.0,0,9.44,0,0,4.72,0
2021,10,29,20,0,0.0,0.0,0.0,0,9.54,0,0,4.97,0
2021,10,29,21,0,0.0,0.0,0.0,0,9.74,0,0,4.96,0
2021,10,29,22,0,0.0,0.0,0.0,0,9.86,0,0,4.86,0
2021,10,29,23,0,0.0,0.0,0.0,0,9.95,0,0,4.72,0
2021,10,30,0,0,0.0,0.0,0.0,0,10.04,0,0,4.43,0
2021,10,30,1,0,0.0,0.0,0.0,0,9.95,0,0,4.45,0
2021,10,30,2,0,0.0,0.0,0.0,0,9.73,0,0,4.56,0
2021,10,30,3,0,0.0,0.0,0.0,0,9.82,0,0,4.68,0
2021,10,30,4,0,0.0,0.0,0.0,0,10.03,0,0,4.82,0
2021,10,30,5,0,0.0,0.0,0.0,0,10.31,0,0,4.86,0
2021,10,30,6,0,13.03,24.61,27.58,0,10.62,0,0,4.86,0
2021,10,30,7,0,65.63,92.47,111.85,0,11.37,0,0,4.9,0
2021,10,30,8,0,93.64,141.29,183.23,0,12.4,0,0,5.47,0
2021,10,30,9,0,3.52,174.2,201.5,0,13.28,0,0,6.22,0
2021,10,30,10,0,0.0,233.26,276.33,0,14.23,0,0,6.64,0
2021,10,30,11,0,48.3,147.24,194.02,0,15.59,0,0,7.04,0
2021,10,30,12,0,48.83,108.97,150.5,0,15.64,0,0,7.33,0
2021,10,30,13,0,67.63,93.61,127.45,0,15.08,0,0,7.22,0
2021,10,30,14,0,96.81,76.63,110.03,0,14.75,0,0,7.25,0
2021,10,30,15,0,78.74,48.22,67.55,0,14.28,0,0,6.88,0
2021,10,30,16,0,29.84,15.9,15.02,0,13.32,0,0,6.46,0
2021,10,30,17,0,0.0,0.0,0.0,0,12.15,0,0,6.48,0
2021,10,30,18,0,0.0,0.0,0.0,0,11.39,0,0,6.14,0
2021,10,30,19,0,0.0,0.0,0.0,0,10.81,0,0,5.88,0
2021,10,30,20,0,0.0,0.0,0.0,0,10.48,0,0,5.42,0
2021,10,30,21,0,0.0,0.0,0.0,0,10.08,0,0,5.49,0
2021,10,30,22,0,0.0,0.0,0.0,0,9.87,0,0,5.59,0
2021,10,30,23,0,0.0,0.0,0.0,0,9.56,0,0,5.61,0
2021,10,31,0,0,0.0,0.0,0.0,0,9.7,0,0,5.79,0
2021,10,31,1,0,0.0,0.0,0.0,0,9.72,0,0,5.78,0
2021,10,31,2,0,0.0,0.0,0.0,0,9.46,0,0,5.46,0
2021,10,31,3,0,0.0,0.0,0.0,0,8.84,0,0,5.16,0
2021,10,31,4,0,0.0,0.0,0.0,0,8.33,0,0,5.31,0
2021,10,31,5,0,0.0,0.0,0.0,0,8.03,0,0,5.31,0
2021,10,31,6,0,125.28,31.1,41.9,0,8.47,0,0,5.17,0
2021,10,31,7,0,187.51,79.97,131.48,0,11.01,0,0,5.07,0
2021,10,31,8,0,148.9,141.91,199.77,0,13.75,0,0,6.12,0
2021,10,31,9,0,23.78,222.45,260.58,0,15.79,0,0,5.97,0
2021,10,31,10,0,33.22,258.24,315.12,0,17.18,0,0,5.66,0
2021,10,31,11,0,30.67,314.41,376.48,0,18.31,0,0,5.66,0
2021,10,31,12,0,156.0,325.56,461.05,0,19.1,0,0,5.73,0
2021,10,31,13,0,649.17,142.78,488.55,0,19.49,0,0,5.72,0
2021,10,31,14,0,597.65,113.58,342.17,0,19.32,0,0,5.69,0
2021,10,31,15,0,475.91,68.84,175.0,0,18.4,0,0,5.38,0
2021,10,31,16,0,134.48,19.22,24.62,0,15.35,0,0,5.45,0
2021,10,31,17,0,0.0,0.0,0.0,0,11.89,0,0,6.24,0
2021,10,31,18,0,0.0,0.0,0.0,0,11.14,0,0,6.55,0
2021,10,31,19,0,0.0,0.0,0.0,0,10.41,0,0,6.18,0
2021,10,31,20,0,0.0,0.0,0.0,0,9.51,0,0,5.81,0
2021,10,31,21,0,0.0,0.0,0.0,0,8.74,0,0,5.65,0
2021,10,31,22,0,0.0,0.0,0.0,0,8.16,0,0,5.52,0
2021,10,31,23,0,0.0,0.0,0.0,0,7.58,0,0,5.36,0
2021,11,1,0,0,0.0,0.0,0.0,0,7.11,0,0,5.16,0
2021,11,1,1,0,0.0,0.0,0.0,0,6.69,0,0,4.95,0
2021,11,1,2,0,0.0,0.0,0.0,0,6.25,0,0,4.73,0
2021,11,1,3,0,0.0,0.0,0.0,0,5.91,0,0,4.3,0
2021,11,1,4,0,0.0,0.0,0.0,0,5.65,0,0,3.86,0
2021,11,1,5,0,0.0,0.0,0.0,0,5.4,0,0,3.64,0
2021,11,1,6,0,259.52,26.66,56.23,0,5.9,0,0,3.59,0
2021,11,1,7,0,529.36,71.18,227.93,0,9.59,0,0,2.68,0
2021,11,1,8,0,684.36,95.23,407.27,0,13.27,0,0,2.4,0
2021,11,1,9,0,915.05,68.43,588.97,0,16.56,0,0,2.57,0
2021,11,1,10,0,949.2,68.69,675.4,0,18.5,0,0,1.76,0
2021,11,1,11,0,983.6,58.95,702.45,0,19.99,0,0,1.04,0
2021,11,1,12,0,961.07,60.97,659.03,0,20.99,0,0,0.82,0
2021,11,1,13,0,923.1,60.18,553.62,0,21.46,0,0,1.0,0
2021,11,1,14,0,839.28,57.09,395.3,0,21.34,0,0,1.15,0
2021,11,1,15,0,695.53,41.5,202.7,0,20.95,0,0,1.2,0
2021,11,1,16,0,192.2,15.21,26.73,0,18.98,0,0,1.22,0
2021,11,1,17,0,0.0,0.0,0.0,0,17.58,0,0,1.22,0
2021,11,1,18,0,0.0,0.0,0.0,0,16.08,0,0,1.61,0
2021,11,1,19,0,0.0,0.0,0.0,0,14.75,0,0,2.39,0
2021,11,1,20,0,0.0,0.0,0.0,0,12.85,0,0,3.34,0
2021,11,1,21,0,0.0,0.0,0.0,0,11.15,0,0,4.02,0
2021,11,1,22,0,0.0,0.0,0.0,0,9.91,0,0,4.27,0
2021,11,1,23,0,0.0,0.0,0.0,0,9.0,0,0,4.33,0
2021,11,2,0,0,0.0,0.0,0.0,0,8.29,0,0,4.39,0
2021,11,2,1,0,0.0,0.0,0.0,0,7.62,0,0,4.58,0
2021,11,2,2,0,0.0,0.0,0.0,0,7.16,0,0,4.98,0
2021,11,2,3,0,0.0,0.0,0.0,0,6.77,0,0,5.13,0
2021,11,2,4,0,0.0,0.0,0.0,0,6.45,0,0,5.01,0
2021,11,2,5,0,0.0,0.0,0.0,0,6.1,0,0,4.84,0
2021,11,2,6,0,225.13,30.92,55.45,0,6.52,0,0,4.62,0
2021,11,2,7,0,553.44,72.48,232.18,0,9.58,0,0,3.25,0
2021,11,2,8,0,678.54,98.07,392.6,0,12.82,0,0,2.82,0
2021,11,2,9,0,731.22,128.73,525.4,0,16.56,0,0,3.25,0
2021,11,2,10,0,778.4,113.7,604.58,0,19.47,0,0,3.5,0
2021,11,2,11,0,932.02,82.69,690.47,0,20.84,0,0,3.94,0
2021,11,2,12,0,839.39,103.81,627.78,0,21.44,0,0,4.59,0
2021,11,2,13,0,851.94,100.31,531.92,0,21.39,0,0,5.25,0
2021,11,2,14,0,759.98,83.47,375.6,0,20.62,0,0,5.67,0
2021,11,2,15,0,563.77,57.74,188.9,0,18.95,0,0,5.76,0
2021,11,2,16,0,124.08,16.53,22.77,0,15.7,0,0,6.31,0
2021,11,2,17,0,0.0,0.0,0.0,0,12.78,0,0,7.08,0
2021,11,2,18,0,0.0,0.0,0.0,0,12.09,0,0,6.34,0
2021,11,2,19,0,0.0,0.0,0.0,0,11.1,0,0,5.75,0
2021,11,2,20,0,0.0,0.0,0.0,0,10.26,0,0,5.61,0
2021,11,2,21,0,0.0,0.0,0.0,0,9.42,0,0,5.48,0
2021,11,2,22,0,0.0,0.0,0.0,0,8.64,0,0,5.4,0
2021,11,2,23,0,0.0,0.0,0.0,0,7.99,0,0,5.38,0
2021,11,3,0,0,0.0,0.0,0.0,0,7.46,0,0,5.19,0
2021,11,3,1,0,0.0,0.0,0.0,0,6.86,0,0,4.98,0
2021,11,3,2,0,0.0,0.0,0.0,0,6.3,0,0,4.64,0
2021,11,3,3,0,0.0,0.0,0.0,0,5.92,0,0,4.26,0
2021,11,3,4,0,0.0,0.0,0.0,0,5.8,0,0,4.14,0
2021,11,3,5,0,0.0,0.0,0.0,0,5.43,0,0,4.11,0
2021,11,3,6,0,52.56,35.76,39.7,0,5.7,0,0,4.04,0
2021,11,3,7,0,308.92,113.78,194.4,0,8.18,0,0,4.3,0
2021,11,3,8,0,478.73,138.86,343.05,0,10.66,0,0,5.18,0
2021,11,3,9,0,587.83,165.94,489.45,0,12.79,0,0,4.43,0
2021,11,3,10,0,416.93,219.68,468.17,0,14.56,0,0,3.73,0
2021,11,3,11,0,375.3,244.42,471.02,0,15.9,0,0,3.28,0
2021,11,3,12,0,530.01,148.63,355.17,0,16.77,0,0,2.97,0
2021,11,3,13,0,296.73,164.94,336.38,0,16.98,0,0,2.56,0
2021,11,3,14,0,163.25,150.49,216.35,0,16.58,0,0,2.49,0
2021,11,3,15,0,88.86,85.52,109.6,0,15.54,0,0,2.82,0
2021,11,3,16,0,7.29,13.59,11.98,0,13.36,0,0,3.86,0
2021,11,3,17,0,0.0,0.0,0.0,0,11.33,0,0,5.46,0
2021,11,3,18,0,0.0,0.0,0.0,0,10.5,0,0,5.49,0
2021,11,3,19,0,0.0,0.0,0.0,0,9.44,0,0,4.89,0
2021,11,3,20,0,0.0,0.0,0.0,0,9.0,0,0,4.33,0
2021,11,3,21,0,0.0,0.0,0.0,0,8.67,0,0,4.06,0
2021,11,3,22,0,0.0,0.0,0.0,0,8.31,0,0,4.14,0
2021,11,3,23,0,0.0,0.0,0.0,0,7.91,0,0,4.3,0
2021,11,4,0,0,0.0,0.0,0.0,0,7.6,0,0,4.12,0
2021,11,4,1,0,0.0,0.0,0.0,0,7.62,0,0,4.75,0
2021,11,4,2,0,0.0,0.0,0.0,0,7.57,0,0,4.78,0
2021,11,4,3,0,0.0,0.0,0.0,0,7.34,0,0,4.04,0
2021,11,4,4,0,0.0,0.0,0.0,0,7.21,0,0,3.56,0
2021,11,4,5,0,0.0,0.0,0.0,0,7.19,0,0,4.33,0
2021,11,4,6,0,0.0,15.35,15.73,0,7.18,0,0,4.21,0
2021,11,4,7,0,0.23,40.71,46.45,0,7.41,0,0,4.13,0
2021,11,4,8,0,13.03,65.71,77.57,0,7.54,0,0,4.11,0
2021,11,4,9,0,92.11,93.79,139.23,0,7.72,0,0,4.1,0
2021,11,4,10,0,45.93,113.0,154.9,0,8.19,0,0,3.94,0
2021,11,4,11,0,44.11,144.39,183.82,0,8.74,0,0,3.51,0
2021,11,4,12,0,76.17,86.45,127.4,0,9.51,0,0,3.21,0
2021,11,4,13,0,33.99,122.68,153.12,0,10.2,0,0,3.13,0
2021,11,4,14,0,12.66,122.32,141.6,0,10.36,0,0,3.26,0
2021,11,4,15,0,5.34,59.73,69.6,0,10.02,0,0,3.39,0
2021,11,4,16,0,0.0,7.9,7.68,0,9.24,0,0,3.5,0
2021,11,4,17,0,0.0,0.0,0.0,0,8.5,0,0,3.73,0
2021,11,4,18,0,0.0,0.0,0.0,0,8.06,0,0,4.09,0
2021,11,4,19,0,0.0,0.0,0.0,0,7.61,0,0,3.95,0
2021,11,4,20,0,0.0,0.0,0.0,0,7.31,0,0,4.19,0
2021,11,4,21,0,0.0,0.0,0.0,0,7.02,0,0,4.04,0
2021,11,4,22,0,0.0,0.0,0.0,0,6.68,0,0,4.31,0
2021,11,4,23,0,0.0,0.0,0.0,0,6.21,0,0,4.02,0
2021,11,5,0,0,0.0,0.0,0.0,0,5.92,0,0,3.62,0
2021,11,5,1,0,0.0,0.0,0.0,0,5.3,0,0,3.57,0
2021,11,5,2,0,0.0,0.0,0.0,0,5.08,0,0,3.52,0
2021,11,5,3,0,0.0,0.0,0.0,0,5.05,0,0,3.92,0
2021,11,5,4,0,0.0,0.0,0.0,0,4.91,0,0,3.97,0
2021,11,5,5,0,0.0,0.0,0.0,0,4.79,0,0,4.02,0
2021,11,5,6,0,10.19,26.41,26.95,0,4.78,0,0,4.18,0
2021,11,5,7,0,23.86,113.7,135.02,0,5.53,0,0,4.31,0
2021,11,5,8,0,24.66,223.87,263.67,0,6.8,0,0,4.85,0
2021,11,5,9,0,48.97,319.88,373.5,0,7.86,0,0,5.64,0
2021,11,5,10,0,34.85,368.59,435.1,0,9.02,0,0,5.82,0
2021,11,5,11,0,64.2,376.63,453.67,0,10.22,0,0,5.7,0
2021,11,5,12,0,13.8,319.55,376.2,0,10.91,0,0,5.57,0
2021,11,5,13,0,47.92,276.11,327.55,0,11.03,0,0,5.6,0
2021,11,5,14,0,29.52,185.78,217.45,0,10.69,0,0,5.65,0
2021,11,5,15,0,27.11,85.81,102.0,0,9.93,0,0,5.43,0
2021,11,5,16,0,2.38,10.85,10.57,0,8.3,0,0,5.42,0
2021,11,5,17,0,0.0,0.0,0.0,0,6.96,0,0,5.37,0
2021,11,5,18,0,0.0,0.0,0.0,0,6.31,0,0,5.04,0
2021,11,5,19,0,0.0,0.0,0.0,0,5.84,0,0,4.96,0
2021,11,5,20,0,0.0,0.0,0.0,0,5.37,0,0,4.94,0
2021,11,5,21,0,0.0,0.0,0.0,0,5.3,0,0,5.05,0
2021,11,5,22,0,0.0,0.0,0.0,0,5.32,0,0,5.05,0
2021,11,5,23,0,0.0,0.0,0.0,0,5.13,0,0,5.13,0
2021,11,6,0,0,0.0,0.0,0.0,0,4.95,0,0,5.32,0
2021,11,6,1,0,0.0,0.0,0.0,0,4.76,0,0,5.43,0
2021,11,6,2,0,0.0,0.0,0.0,0,4.47,0,0,5.28,0
2021,11,6,3,0,0.0,0.0,0.0,0,4.18,0,0,5.4,0
2021,11,6,4,0,0.0,0.0,0.0,0,4.06,0,0,5.68,0
2021,11,6,5,0,0.0,0.0,0.0,0,3.91,0,0,5.53,0
2021,11,6,6,0,56.33,31.03,32.75,0,3.9,0,0,5.21,0
2021,11,6,7,0,177.68,123.56,169.7,0,5.5,0,0,4.54,0
2021,11,6,8,0,329.0,199.47,320.98,0,6.82,0,0,5.55,0
2021,11,6,9,0,430.62,234.65,452.92,0,7.95,0,0,6.0,0
2021,11,6,10,0,688.55,202.65,611.25,0,8.91,0,0,5.31,0
2021,11,6,11,0,510.6,294.39,597.42,0,9.72,0,0,4.93,0
2021,11,6,12,0,422.92,286.03,526.2,0,10.47,0,0,4.91,0
2021,11,6,13,0,288.72,270.52,423.73,0,11.21,0,0,4.86,0
2021,11,6,14,0,189.74,216.12,287.55,0,11.8,0,0,4.49,0
2021,11,6,15,0,98.6,109.97,137.77,0,11.5,0,0,4.45,0
2021,11,6,16,0,13.72,17.41,14.65,0,8.89,0,0,4.73,0
2021,11,6,17,0,0.0,0.0,0.0,0,6.93,0,0,5.52,0
2021,11,6,18,0,0.0,0.0,0.0,0,6.63,0,0,6.39,0
2021,11,6,19,0,0.0,0.0,0.0,0,6.99,0,0,6.53,0
2021,11,6,20,0,0.0,0.0,0.0,0,6.73,0,0,5.88,0
2021,11,6,21,0,0.0,0.0,0.0,0,6.21,0,0,5.55,0
2021,11,6,22,0,0.0,0.0,0.0,0,5.81,0,0,5.27,0
2021,11,6,23,0,0.0,0.0,0.0,0,5.47,0,0,5.04,0
2021,11,7,0,0,0.0,0.0,0.0,0,5.16,0,0,5.07,0
2021,11,7,1,0,0.0,0.0,0.0,0,4.83,0,0,5.21,0
2021,11,7,2,0,0.0,0.0,0.0,0,4.26,0,0,5.26,0
2021,11,7,3,0,0.0,0.0,0.0,0,3.35,0,0,5.21,0
2021,11,7,4,0,0.0,0.0,0.0,0,2.73,0,0,5.28,0
2021,11,7,5,0,0.0,0.0,0.0,0,2.16,0,0,5.16,0
2021,11,7,6,0,364.98,21.64,54.55,0,1.98,0,0,4.74,0
2021,11,7,7,0,814.78,42.46,257.4,0,4.47,0,0,2.98,0
2021,11,7,8,0,934.59,52.14,447.0,0,7.94,0,0,1.82,0
2021,11,7,9,0,994.32,55.39,592.33,0,12.7,0,0,1.83,0
2021,11,7,10,0,1020.37,55.73,680.92,0,16.21,0,0,2.02,0
2021,11,7,11,0,1026.09,55.24,703.58,0,18.07,0,0,2.02,0
2021,11,7,12,0,1007.85,54.83,658.85,0,19.07,0,0,2.33,0
2021,11,7,13,0,978.01,52.14,552.83,0,19.45,0,0,2.94,0
2021,11,7,14,0,895.92,49.31,392.7,0,19.27,0,0,3.51,0
2021,11,7,15,0,734.8,37.85,195.68,0,18.02,0,0,4.21,0
2021,11,7,16,0,202.16,11.84,21.33,0,12.97,0,0,5.69,0
2021,11,7,17,0,0.0,0.0,0.0,0,9.92,0,0,7.62,0
2021,11,7,18,0,0.0,0.0,0.0,0,9.69,0,0,8.09,0
2021,11,7,19,0,0.0,0.0,0.0,0,8.67,0,0,7.33,0
2021,11,7,20,0,0.0,0.0,0.0,0,7.6,0,0,6.91,0
2021,11,7,21,0,0.0,0.0,0.0,0,6.7,0,0,6.58,0
2021,11,7,22,0,0.0,0.0,0.0,0,5.93,0,0,6.34,0
2021,11,7,23,0,0.0,0.0,0.0,0,5.36,0,0,6.1,0
2021,11,8,0,0,0.0,0.0,0.0,0,4.86,0,0,5.96,0
2021,11,8,1,0,0.0,0.0,0.0,0,4.35,0,0,5.92,0
2021,11,8,2,0,0.0,0.0,0.0,0,3.89,0,0,5.85,0
2021,11,8,3,0,0.0,0.0,0.0,0,3.49,0,0,5.76,0
2021,11,8,4,0,0.0,0.0,0.0,0,3.1,0,0,5.69,0
2021,11,8,5,0,0.0,0.0,0.0,0,2.83,0,0,5.66,0
2021,11,8,6,0,219.86,21.33,40.6,0,3.2,0,0,5.57,0
2021,11,8,7,0,499.49,67.15,201.48,0,7.63,0,0,3.96,0
2021,11,8,8,0,661.03,97.18,379.3,0,11.08,0,0,1.93,0
2021,11,8,9,0,958.96,62.81,578.2,0,15.38,0,0,1.78,0
2021,11,8,10,0,990.02,63.2,666.33,0,19.22,0,0,2.3,0
2021,11,8,11,0,1006.39,59.32,694.0,0,20.95,0,0,1.76,0
2021,11,8,12,0,990.24,59.62,650.22,0,21.9,0,0,1.68,0
2021,11,8,13,0,955.46,57.04,543.6,0,22.28,0,0,1.71,0
2021,11,8,14,0,868.26,53.39,383.62,0,22.42,0,0,1.81,0
2021,11,8,15,0,701.13,40.17,188.85,0,21.33,0,0,1.81,0
2021,11,8,16,0,175.54,11.87,19.5,0,19.08,0,0,1.29,0
2021,11,8,17,0,0.0,0.0,0.0,0,17.93,0,0,0.9,0
2021,11,8,18,0,0.0,0.0,0.0,0,16.97,0,0,0.98,0
2021,11,8,19,0,0.0,0.0,0.0,0,16.01,0,0,1.17,0
2021,11,8,20,0,0.0,0.0,0.0,0,15.04,0,0,1.43,0
2021,11,8,21,0,0.0,0.0,0.0,0,13.3,0,0,1.89,0
2021,11,8,22,0,0.0,0.0,0.0,0,11.88,0,0,2.53,0
2021,11,8,23,0,0.0,0.0,0.0,0,10.58,0,0,3.09,0
2021,11,9,0,0,0.0,0.0,0.0,0,9.4,0,0,3.52,0
2021,11,9,1,0,0.0,0.0,0.0,0,8.28,0,0,3.95,0
2021,11,9,2,0,0.0,0.0,0.0,0,7.14,0,0,4.43,0
2021,11,9,3,0,0.0,0.0,0.0,0,6.52,0,0,4.53,0
2021,11,9,4,0,0.0,0.0,0.0,0,6.58,0,0,4.12,0
2021,11,9,5,0,0.0,0.0,0.0,0,6.97,0,0,3.54,0
2021,11,9,6,0,214.1,20.56,38.64,0,7.41,0,0,3.13,0
2021,11,9,7,0,494.78,66.45,197.82,0,10.49,0,0,2.75,0
2021,11,9,8,0,659.01,96.55,375.4,0,13.69,0,0,1.38,0
2021,11,9,9,0,966.32,56.99,571.97,0,17.28,0,0,0.66,0
2021,11,9,10,0,995.21,56.83,658.22,0,22.11,0,0,1.34,0
2021,11,9,11,0,996.87,56.86,681.53,0,23.93,0,0,1.26,0
2021,11,9,12,0,995.9,54.01,637.85,0,24.82,0,0,1.14,0
2021,11,9,13,0,875.58,90.92,520.47,0,25.15,0,0,1.11,0
2021,11,9,14,0,653.8,114.69,346.7,0,25.57,0,0,1.2,0
2021,11,9,15,0,392.59,84.6,160.43,0,23.89,0,0,1.72,0
2021,11,9,16,0,60.73,16.78,14.73,0,18.65,0,0,3.51,0
2021,11,9,17,0,0.0,0.0,0.0,0,14.8,0,0,5.02,0
2021,11,9,18,0,0.0,0.0,0.0,0,13.94,0,0,5.76,0
2021,11,9,19,0,0.0,0.0,0.0,0,13.17,0,0,6.05,0
2021,11,9,20,0,0.0,0.0,0.0,0,12.4,0,0,6.02,0
2021,11,9,21,0,0.0,0.0,0.0,0,11.71,0,0,5.85,0
2021,11,9,22,0,0.0,0.0,0.0,0,11.05,0,0,5.51,0
2021,11,9,23,0,0.0,0.0,0.0,0,10.33,0,0,5.42,0
2021,11,10,0,0,0.0,0.0,0.0,0,9.92,0,0,5.39,0
2021,11,10,1,0,0.0,0.0,0.0,0,9.82,0,0,5.33,0
2021,11,10,2,0,0.0,0.0,0.0,0,9.59,0,0,5.11,0
2021,11,10,3,0,0.0,0.0,0.0,0,9.21,0,0,4.81,0
2021,11,10,4,0,0.0,0.0,0.0,0,8.92,0,0,4.63,0
2021,11,10,5,0,0.0,0.0,0.0,0,8.7,0,0,4.2,0
2021,11,10,6,0,87.29,34.35,36.7,0,9.14,0,0,3.57,0
2021,11,10,7,0,424.85,102.73,211.23,0,11.61,0,0,2.94,0
2021,11,10,8,0,638.08,127.26,388.83,0,14.47,0,0,1.5,0
2021,11,10,9,0,849.01,103.44,542.67,0,17.82,0,0,0.85,0
2021,11,10,10,0,907.06,91.64,639.2,0,21.77,0,0,1.45,0
2021,11,10,11,0,956.81,75.9,671.42,0,23.28,0,0,1.45,0
2021,11,10,12,0,958.75,68.18,629.9,0,24.07,0,0,1.69,0
2021,11,10,13,0,909.58,69.0,522.9,0,24.23,0,0,2.11,0
2021,11,10,14,0,788.59,65.42,362.73,0,23.74,0,0,2.72,0
2021,11,10,15,0,590.42,46.58,173.55,0,22.15,0,0,3.41,0
2021,11,10,16,0,107.37,12.27,16.15,0,16.63,0,0,5.01,0
2021,11,10,17,0,0.0,0.0,0.0,0,13.64,0,0,6.12,0
2021,11,10,18,0,0.0,0.0,0.0,0,12.65,0,0,6.15,0
2021,11,10,19,0,0.0,0.0,0.0,0,11.76,0,0,5.85,0
2021,11,10,20,0,0.0,0.0,0.0,0,11.01,0,0,5.91,0
2021,11,10,21,0,0.0,0.0,0.0,0,10.75,0,0,6.11,0
2021,11,10,22,0,0.0,0.0,0.0,0,11.13,0,0,5.93,0
2021,11,10,23,0,0.0,0.0,0.0,0,11.35,0,0,5.57,0
2021,11,11,0,0,0.0,0.0,0.0,0,11.16,0,0,5.33,0
2021,11,11,1,0,0.0,0.0,0.0,0,10.98,0,0,5.0,0
2021,11,11,2,0,0.0,0.0,0.0,0,10.69,0,0,4.69,0
2021,11,11,3,0,0.0,0.0,0.0,0,10.45,0,0,4.34,0
2021,11,11,4,0,0.0,0.0,0.0,0,10.06,0,0,4.33,0
2021,11,11,5,0,0.0,0.0,0.0,0,10.38,0,0,5.0,0
2021,11,11,6,0,31.14,17.37,17.33,0,10.65,0,0,5.46,0
2021,11,11,7,0,124.41,52.48,80.53,0,13.44,0,0,4.43,0
2021,11,11,8,0,164.35,98.14,160.95,0,16.15,0,0,4.54,0
2021,11,11,9,0,141.85,150.63,221.0,0,19.0,0,0,5.75,0
2021,11,11,10,0,89.75,191.82,262.62,0,20.97,0,0,6.27,0
2021,11,11,11,0,180.54,247.29,385.33,0,22.16,0,0,6.59,0
2021,11,11,12,0,431.75,231.99,467.12,0,22.81,0,0,6.97,0
2021,11,11,13,0,506.91,155.93,383.98,0,23.09,0,0,7.28,0
2021,11,11,14,0,270.66,173.96,264.08,0,22.51,0,0,6.76,0
2021,11,11,15,0,103.18,86.51,111.25,0,21.21,0,0,5.77,0
2021,11,11,16,0,7.68,11.39,9.43,0,18.69,0,0,6.31,0
2021,11,11,17,0,0.0,0.0,0.0,0,17.19,0,0,6.92,0
2021,11,11,18,0,0.0,0.0,0.0,0,16.63,0,0,6.07,0
2021,11,11,19,0,0.0,0.0,0.0,0,16.43,0,0,5.78,0
2021,11,11,20,0,0.0,0.0,0.0,0,16.54,0,0,4.94,0
2021,11,11,21,0,0.0,0.0,0.0,0,16.51,0,0,5.01,0
2021,11,11,22,0,0.0,0.0,0.0,0,15.61,0,0,7.06,0
2021,11,11,23,0,0.0,0.0,0.0,0,13.17,0,0,7.23,0
2021,11,12,0,0,0.0,0.0,0.0,0,11.16,0,0,6.88,0
2021,11,12,1,0,0.0,0.0,0.0,0,9.99,0,0,6.62,0
2021,11,12,2,0,0.0,0.0,0.0,0,9.15,0,0,6.26,0
2021,11,12,3,0,0.0,0.0,0.0,0,8.47,0,0,5.74,0
2021,11,12,4,0,0.0,0.0,0.0,0,7.63,0,0,4.9,0
2021,11,12,5,0,0.0,0.0,0.0,0,6.59,0,0,4.0,0
2021,11,12,6,0,266.98,20.82,42.0,0,6.3,0,0,3.41,0
2021,11,12,7,0,803.84,38.4,235.93,0,9.23,0,0,3.31,0
2021,11,12,8,0,928.47,48.38,423.38,0,11.45,0,0,2.51,0
2021,11,12,9,0,993.36,49.9,568.22,0,14.8,0,0,2.57,0
2021,11,12,10,0,1018.94,51.41,657.67,0,17.43,0,0,2.73,0
2021,11,12,11,0,1027.43,51.59,681.12,0,19.28,0,0,3.17,0
2021,11,12,12,0,1019.72,49.38,638.53,0,20.41,0,0,3.32,0
2021,11,12,13,0,979.08,49.23,532.7,0,20.88,0,0,3.16,0
2021,11,12,14,0,904.45,45.75,373.48,0,20.75,0,0,3.02,0
2021,11,12,15,0,719.66,35.24,179.02,0,19.56,0,0,3.13,0
2021,11,12,16,0,133.02,10.65,16.23,0,15.07,0,0,3.54,0
2021,11,12,17,0,0.0,0.0,0.0,0,12.1,0,0,4.85,0
2021,11,12,18,0,0.0,0.0,0.0,0,10.66,0,0,5.77,0
2021,11,12,19,0,0.0,0.0,0.0,0,9.72,0,0,6.03,0
2021,11,12,20,0,0.0,0.0,0.0,0,9.09,0,0,6.19,0
2021,11,12,21,0,0.0,0.0,0.0,0,8.6,0,0,6.27,0
2021,11,12,22,0,0.0,0.0,0.0,0,7.99,0,0,6.1,0
2021,11,12,23,0,0.0,0.0,0.0,0,7.42,0,0,6.05,0
2021,11,13,0,0,0.0,0.0,0.0,0,7.31,0,0,6.04,0
2021,11,13,1,0,0.0,0.0,0.0,0,6.73,0,0,5.76,0
2021,11,13,2,0,0.0,0.0,0.0,0,6.42,0,0,5.65,0
2021,11,13,3,0,0.0,0.0,0.0,0,5.98,0,0,5.15,0
2021,11,13,4,0,0.0,0.0,0.0,0,5.47,0,0,5.04,0
2021,11,13,5,0,0.0,0.0,0.0,0,5.08,0,0,5.25,0
2021,11,13,6,0,219.35,20.15,36.78,0,5.04,0,0,5.49,0
2021,11,13,7,0,722.22,45.15,221.38,0,7.52,0,0,5.36,0
2021,11,13,8,0,870.2,59.6,408.8,0,9.59,0,0,6.31,0
2021,11,13,9,0,956.06,60.49,557.53,0,11.17,0,0,6.33,0
2021,11,13,10,0,1009.38,57.83,650.08,0,12.33,0,0,5.96,0
2021,11,13,11,0,1018.49,57.26,677.38,0,13.26,0,0,5.63,0
2021,11,13,12,0,1016.6,53.28,638.05,0,13.84,0,0,5.62,0
2021,11,13,13,0,980.05,52.21,534.1,0,13.94,0,0,5.63,0
2021,11,13,14,0,909.89,47.18,375.75,0,13.5,0,0,5.75,0
2021,11,13,15,0,486.41,55.67,150.24,0,12.36,0,0,6.07,0
2021,11,13,16,0,79.55,11.23,13.08,0,9.43,0,0,6.6,0
2021,11,13,17,0,0.0,0.0,0.0,0,6.72,0,0,6.89,0
2021,11,13,18,0,0.0,0.0,0.0,0,5.63,0,0,5.97,0
2021,11,13,19,0,0.0,0.0,0.0,0,4.13,0,0,5.61,0
2021,11,13,20,0,0.0,0.0,0.0,0,3.3,0,0,5.63,0
2021,11,13,21,0,0.0,0.0,0.0,0,2.74,0,0,5.52,0
2021,11,13,22,0,0.0,0.0,0.0,0,2.08,0,0,5.26,0
2021,11,13,23,0,0.0,0.0,0.0,0,1.48,0,0,5.16,0
2021,11,14,0,0,0.0,0.0,0.0,0,0.96,0,0,5.03,0
2021,11,14,1,0,0.0,0.0,0.0,0,0.48,0,0,4.88,0
2021,11,14,2,0,0.0,0.0,0.0,0,0.02,0,0,4.72,0
2021,11,14,3,0,0.0,0.0,0.0,0,-0.35,0,0,4.59,0
2021,11,14,4,0,0.0,0.0,0.0,0,-0.73,0,0,4.26,0
2021,11,14,5,0,0.0,0.0,0.0,0,-1.16,0,0,4.04,0
2021,11,14,6,0,250.83,17.9,36.8,0,-0.96,0,0,4.25,0
2021,11,14,7,0,735.31,41.79,220.65,0,1.82,0,0,2.87,0
2021,11,14,8,0,878.93,53.9,404.5,0,5.47,0,0,2.66,0
2021,11,14,9,0,947.14,58.65,547.47,0,9.74,0,0,3.26,0
2021,11,14,10,0,988.81,57.98,634.92,0,11.84,0,0,3.42,0
2021,11,14,11,0,994.63,56.58,658.88,0,13.46,0,0,4.33,0
2021,11,14,12,0,982.26,54.05,616.42,0,14.78,0,0,4.94,0
2021,11,14,13,0,925.08,56.97,508.42,0,15.55,0,0,5.29,0
2021,11,14,14,0,828.43,54.4,350.52,0,15.54,0,0,5.52,0
2021,11,14,15,0,629.74,40.36,163.32,0,14.56,0,0,5.49,0
2021,11,14,16,0,96.13,10.37,13.4,0,10.59,0,0,6.33,0
2021,11,14,17,0,0.0,0.0,0.0,0,8.43,0,0,7.56,0
2021,11,14,18,0,0.0,0.0,0.0,0,8.26,0,0,7.15,0
2021,11,14,19,0,0.0,0.0,0.0,0,7.04,0,0,6.67,0
2021,11,14,20,0,0.0,0.0,0.0,0,6.25,0,0,6.7,0
2021,11,14,21,0,0.0,0.0,0.0,0,5.73,0,0,6.56,0
2021,11,14,22,0,0.0,0.0,0.0,0,5.68,0,0,6.97,0
2021,11,14,23,0,0.0,0.0,0.0,0,4.95,0,0,6.0,0
2021,11,15,0,0,0.0,0.0,0.0,0,4.28,0,0,5.67,0
2021,11,15,1,0,0.0,0.0,0.0,0,3.7,0,0,5.54,0
2021,11,15,2,0,0.0,0.0,0.0,0,3.14,0,0,5.38,0
2021,11,15,3,0,0.0,0.0,0.0,0,2.7,0,0,5.28,0
2021,11,15,4,0,0.0,0.0,0.0,0,2.57,0,0,5.15,0
2021,11,15,5,0,0.0,0.0,0.0,0,2.18,0,0,5.17,0
2021,11,15,6,0,223.9,18.49,33.67,0,1.96,0,0,5.31,0
2021,11,15,7,0,706.66,43.68,212.6,0,4.84,0,0,3.83,0
2021,11,15,8,0,866.66,57.69,396.25,0,8.29,0,0,4.55,0
2021,11,15,9,0,943.7,61.38,540.42,0,11.1,0,0,4.76,0
2021,11,15,10,0,961.68,70.6,624.62,0,13.17,0,0,4.21,0
2021,11,15,11,0,994.67,55.85,654.67,0,14.81,0,0,3.98,0
2021,11,15,12,0,969.85,57.44,612.83,0,15.95,0,0,3.91,0
2021,11,15,13,0,940.64,52.39,509.62,0,16.5,0,0,3.75,0
2021,11,15,14,0,861.14,47.69,354.35,0,16.39,0,0,3.68,0
2021,11,15,15,0,687.07,36.49,165.68,0,15.44,0,0,3.42,0
2021,11,15,16,0,112.02,9.48,13.3,0,12.31,0,0,2.87,0
2021,11,15,17,0,0.0,0.0,0.0,0,11.31,0,0,2.5,0
2021,11,15,18,0,0.0,0.0,0.0,0,10.36,0,0,2.86,0
2021,11,15,19,0,0.0,0.0,0.0,0,8.67,0,0,3.95,0
2021,11,15,20,0,0.0,0.0,0.0,0,7.33,0,0,4.84,0
2021,11,15,21,0,0.0,0.0,0.0,0,6.62,0,0,5.27,0
2021,11,15,22,0,0.0,0.0,0.0,0,5.92,0,0,5.73,0
2021,11,15,23,0,0.0,0.0,0.0,0,5.43,0,0,6.12,0
2021,11,16,0,0,0.0,0.0,0.0,0,4.97,0,0,5.88,0
2021,11,16,1,0,0.0,0.0,0.0,0,4.49,0,0,5.38,0
2021,11,16,2,0,0.0,0.0,0.0,0,4.21,0,0,5.06,0
2021,11,16,3,0,0.0,0.0,0.0,0,3.96,0,0,4.99,0
2021,11,16,4,0,0.0,0.0,0.0,0,3.87,0,0,5.04,0
2021,11,16,5,0,0.0,0.0,0.0,0,3.88,0,0,5.03,0
2021,11,16,6,0,129.55,19.21,23.5,0,4.19,0,0,4.95,0
2021,11,16,7,0,410.48,63.58,154.3,0,7.93,0,0,3.98,0
2021,11,16,8,0,502.45,111.89,301.98,0,11.31,0,0,2.65,0
2021,11,16,9,0,597.3,133.78,425.15,0,15.85,0,0,3.04,0
2021,11,16,10,0,645.29,151.43,517.62,0,19.78,0,0,3.75,0
2021,11,16,11,0,747.51,128.36,580.83,0,21.53,0,0,3.25,0
2021,11,16,12,0,648.28,184.61,538.88,0,22.3,0,0,3.23,0
2021,11,16,13,0,626.41,154.36,443.77,0,22.49,0,0,3.42,0
2021,11,16,14,0,561.85,103.92,303.1,0,22.14,0,0,3.65,0
2021,11,16,15,0,439.41,54.84,139.6,0,20.73,0,0,3.97,0
2021,11,16,16,0,51.02,9.99,10.5,0,16.37,0,0,5.01,0
2021,11,16,17,0,0.0,0.0,0.0,0,13.95,0,0,6.16,0
2021,11,16,18,0,0.0,0.0,0.0,0,13.16,0,0,6.64,0
2021,11,16,19,0,0.0,0.0,0.0,0,12.24,0,0,6.22,0
2021,11,16,20,0,0.0,0.0,0.0,0,11.31,0,0,5.74,0
2021,11,16,21,0,0.0,0.0,0.0,0,10.6,0,0,5.51,0
2021,11,16,22,0,0.0,0.0,0.0,0,9.88,0,0,5.38,0
2021,11,16,23,0,0.0,0.0,0.0,0,9.19,0,0,5.36,0
2021,11,17,0,0,0.0,0.0,0.0,0,8.48,0,0,5.44,0
2021,11,17,1,0,0.0,0.0,0.0,0,7.71,0,0,5.38,0
2021,11,17,2,0,0.0,0.0,0.0,0,6.95,0,0,5.11,0
2021,11,17,3,0,0.0,0.0,0.0,0,6.41,0,0,4.67,0
2021,11,17,4,0,0.0,0.0,0.0,0,6.1,0,0,4.22,0
2021,11,17,5,0,0.0,0.0,0.0,0,6.1,0,0,3.74,0
2021,11,17,6,0,182.15,17.26,28.9,0,6.51,0,0,3.25,0
2021,11,17,7,0,695.48,44.69,201.27,0,9.79,0,0,2.42,0
2021,11,17,8,0,821.52,63.48,382.15,0,12.94,0,0,1.05,0
2021,11,17,9,0,889.65,72.54,524.12,0,17.05,0,0,2.65,0
2021,11,17,10,0,963.66,60.39,616.42,0,20.05,0,0,3.83,0
2021,11,17,11,0,975.91,64.47,641.75,0,21.38,0,0,3.87,0
2021,11,17,12,0,956.89,61.2,603.75,0,22.2,0,0,3.98,0
2021,11,17,13,0,919.38,57.24,502.45,0,22.44,0,0,4.14,0
2021,11,17,14,0,858.93,49.01,348.65,0,21.95,0,0,4.34,0
2021,11,17,15,0,674.6,37.48,161.55,0,20.1,0,0,4.61,0
2021,11,17,16,0,106.77,9.16,12.32,0,15.29,0,0,5.64,0
2021,11,17,17,0,0.0,0.0,0.0,0,12.97,0,0,6.36,0
2021,11,17,18,0,0.0,0.0,0.0,0,12.28,0,0,6.3,0
2021,11,17,19,0,0.0,0.0,0.0,0,11.66,0,0,5.96,0
2021,11,17,20,0,0.0,0.0,0.0,0,11.06,0,0,5.8,0
2021,11,17,21,0,0.0,0.0,0.0,0,10.64,0,0,5.78,0
2021,11,17,22,0,0.0,0.0,0.0,0,10.22,0,0,5.89,0
2021,11,17,23,0,0.0,0.0,0.0,0,9.77,0,0,5.99,0
2021,11,18,0,0,0.0,0.0,0.0,0,9.42,0,0,5.62,0
2021,11,18,1,0,0.0,0.0,0.0,0,9.14,0,0,4.7,0
2021,11,18,2,0,0.0,0.0,0.0,0,9.19,0,0,3.98,0
2021,11,18,3,0,0.0,0.0,0.0,0,9.25,0,0,3.64,0
2021,11,18,4,0,0.0,0.0,0.0,0,9.08,0,0,3.77,0
2021,11,18,5,0,0.0,0.0,0.0,0,8.88,0,0,3.95,0
2021,11,18,6,0,165.88,16.64,26.35,0,8.9,0,0,4.07,0
2021,11,18,7,0,514.43,58.43,170.57,0,12.67,0,0,3.55,0
2021,11,18,8,0,576.75,109.13,324.25,0,15.93,0,0,2.18,0
2021,11,18,9,0,565.14,173.07,448.7,0,19.94,0,0,4.65,0
2021,11,18,10,0,692.56,112.09,467.88,0,22.38,0,0,5.58,0
2021,11,18,11,0,465.4,213.83,479.83,0,23.57,0,0,5.55,0
2021,11,18,12,0,385.59,300.23,487.85,0,24.25,0,0,5.44,0
2021,11,18,13,0,182.11,223.93,322.77,0,24.37,0,0,5.37,0
2021,11,18,14,0,363.82,75.65,186.7,0,23.83,0,0,5.3,0
2021,11,18,15,0,269.16,39.41,85.53,0,21.97,0,0,5.57,0
2021,11,18,16,0,27.15,7.9,6.82,0,18.67,0,0,7.16,0
2021,11,18,17,0,0.0,0.0,0.0,0,16.08,0,0,8.76,0
2021,11,18,18,0,0.0,0.0,0.0,0,14.07,0,0,7.84,0
2021,11,18,19,0,0.0,0.0,0.0,0,12.55,0,0,6.85,0
2021,11,18,20,0,0.0,0.0,0.0,0,11.72,0,0,7.08,0
2021,11,18,21,0,0.0,0.0,0.0,0,10.57,0,0,7.93,0
2021,11,18,22,0,0.0,0.0,0.0,0,8.99,0,0,7.69,0
2021,11,18,23,0,0.0,0.0,0.0,0,7.36,0,0,7.0,0
2021,11,19,0,0,0.0,0.0,0.0,0,5.98,0,0,6.53,0
2021,11,19,1,0,0.0,0.0,0.0,0,4.7,0,0,6.34,0
2021,11,19,2,0,0.0,0.0,0.0,0,3.39,0,0,6.32,0
2021,11,19,3,0,0.0,0.0,0.0,0,2.45,0,0,6.15,0
2021,11,19,4,0,0.0,0.0,0.0,0,1.75,0,0,5.9,0
2021,11,19,5,0,0.0,0.0,0.0,0,1.05,0,0,5.65,0
2021,11,19,6,0,276.03,13.5,32.1,0,0.57,0,0,5.39,0
2021,11,19,7,0,806.88,36.76,218.75,0,3.3,0,0,4.1,0
2021,11,19,8,0,945.98,48.48,409.48,0,6.58,0,0,4.1,0
2021,11,19,9,0,1027.45,49.28,558.75,0,9.92,0,0,4.15,0
2021,11,19,10,0,1048.41,52.01,650.78,0,12.63,0,0,3.71,0
2021,11,19,11,0,1074.32,49.04,676.75,0,14.75,0,0,3.41,0
2021,11,19,12,0,1057.25,49.79,636.25,0,16.22,0,0,3.14,0
2021,11,19,13,0,1007.88,49.12,530.53,0,16.95,0,0,2.98,0
2021,11,19,14,0,954.46,42.93,370.38,0,16.93,0,0,2.83,0
2021,11,19,15,0,764.85,34.51,173.12,0,15.52,0,0,2.84,0
2021,11,19,16,0,79.55,8.93,10.4,0,10.9,0,0,3.64,0
2021,11,19,17,0,0.0,0.0,0.0,0,8.04,0,0,4.75,0
2021,11,19,18,0,0.0,0.0,0.0,0,6.81,0,0,5.4,0
2021,11,19,19,0,0.0,0.0,0.0,0,5.82,0,0,5.8,0
2021,11,19,20,0,0.0,0.0,0.0,0,5.2,0,0,6.19,0
2021,11,19,21,0,0.0,0.0,0.0,0,4.64,0,0,6.37,0
2021,11,19,22,0,0.0,0.0,0.0,0,3.78,0,0,6.33,0
2021,11,19,23,0,0.0,0.0,0.0,0,3.1,0,0,6.32,0
2021,11,20,0,0,0.0,0.0,0.0,0,2.52,0,0,6.23,0
2021,11,20,1,0,0.0,0.0,0.0,0,1.84,0,0,6.11,0
2021,11,20,2,0,0.0,0.0,0.0,0,1.21,0,0,6.03,0
2021,11,20,3,0,0.0,0.0,0.0,0,0.7,0,0,6.1,0
2021,11,20,4,0,0.0,0.0,0.0,0,0.24,0,0,6.23,0
2021,11,20,5,0,0.0,0.0,0.0,0,-0.22,0,0,6.32,0
2021,11,20,6,0,200.18,14.68,27.48,0,-0.48,0,0,6.39,0
2021,11,20,7,0,739.01,40.75,205.23,0,2.08,0,0,5.42,0
2021,11,20,8,0,876.29,56.9,388.2,0,5.24,0,0,7.36,0
2021,11,20,9,0,948.04,65.2,529.6,0,8.09,0,0,6.96,0
2021,11,20,10,0,976.71,63.66,619.97,0,10.42,0,0,5.68,0
2021,11,20,11,0,998.78,60.49,643.8,0,12.32,0,0,4.65,0
2021,11,20,12,0,975.08,61.17,601.67,0,13.63,0,0,3.95,0
2021,11,20,13,0,918.21,60.13,498.83,0,14.35,0,0,3.46,0
2021,11,20,14,0,857.18,52.55,342.4,0,14.34,0,0,3.34,0
2021,11,20,15,0,622.24,36.12,154.62,0,13.17,0,0,3.67,0
2021,11,20,16,0,83.75,8.19,10.73,0,8.44,0,0,5.2,0
2021,11,20,17,0,0.0,0.0,0.0,0,6.4,0,0,6.97,0
2021,11,20,18,0,0.0,0.0,0.0,0,6.54,0,0,6.44,0
2021,11,20,19,0,0.0,0.0,0.0,0,5.6,0,0,5.72,0
2021,11,20,20,0,0.0,0.0,0.0,0,5.22,0,0,5.32,0
2021,11,20,21,0,0.0,0.0,0.0,0,4.36,0,0,5.01,0
2021,11,20,22,0,0.0,0.0,0.0,0,3.52,0,0,4.97,0
2021,11,20,23,0,0.0,0.0,0.0,0,3.04,0,0,5.01,0
2021,11,21,0,0,0.0,0.0,0.0,0,2.8,0,0,4.94,0
2021,11,21,1,0,0.0,0.0,0.0,0,2.76,0,0,4.75,0
2021,11,21,2,0,0.0,0.0,0.0,0,2.79,0,0,4.44,0
2021,11,21,3,0,0.0,0.0,0.0,0,2.87,0,0,4.08,0
2021,11,21,4,0,0.0,0.0,0.0,0,2.64,0,0,4.07,0
2021,11,21,5,0,0.0,0.0,0.0,0,2.71,0,0,4.23,0
2021,11,21,6,0,88.33,14.54,17.02,0,2.53,0,0,4.06,0
2021,11,21,7,0,352.02,54.73,126.22,0,5.18,0,0,2.75,0
2021,11,21,8,0,434.3,89.27,248.05,0,8.12,0,0,1.85,0
2021,11,21,9,0,506.83,124.47,350.48,0,11.86,0,0,1.92,0
2021,11,21,10,0,572.16,170.46,460.23,0,14.75,0,0,2.18,0
2021,11,21,11,0,659.04,164.89,542.22,0,16.87,0,0,2.43,0
2021,11,21,12,0,563.63,195.56,498.55,0,18.21,0,0,2.78,0
2021,11,21,13,0,422.05,209.4,395.77,0,19.22,0,0,3.21,0
2021,11,21,14,0,299.21,161.43,256.05,0,19.48,0,0,3.57,0
2021,11,21,15,0,128.56,86.85,113.0,0,17.99,0,0,3.81,0
2021,11,21,16,0,5.19,8.69,6.75,0,14.47,0,0,5.09,0
2021,11,21,17,0,0.0,0.0,0.0,0,13.36,0,0,5.89,0
2021,11,21,18,0,0.0,0.0,0.0,0,12.85,0,0,5.67,0
2021,11,21,19,0,0.0,0.0,0.0,0,12.27,0,0,5.26,0
2021,11,21,20,0,0.0,0.0,0.0,0,11.86,0,0,5.21,0
2021,11,21,21,0,0.0,0.0,0.0,0,11.66,0,0,5.64,0
2021,11,21,22,0,0.0,0.0,0.0,0,11.77,0,0,5.81,0
2021,11,21,23,0,0.0,0.0,0.0,0,11.73,0,0,5.5,0
2021,11,22,0,0,0.0,0.0,0.0,0,11.66,0,0,5.3,0
2021,11,22,1,0,0.0,0.0,0.0,0,11.78,0,0,5.07,0
2021,11,22,2,0,0.0,0.0,0.0,0,11.75,0,0,4.71,0
2021,11,22,3,0,0.0,0.0,0.0,0,11.66,0,0,4.42,0
2021,11,22,4,0,0.0,0.0,0.0,0,11.58,0,0,4.86,0
2021,11,22,5,0,0.0,0.0,0.0,0,11.04,0,0,5.27,0
2021,11,22,6,0,6.04,11.65,9.73,0,11.43,0,0,6.55,0
2021,11,22,7,0,91.8,95.53,116.47,0,11.19,0,0,6.42,0
2021,11,22,8,0,226.54,149.32,234.45,0,11.11,0,0,6.24,0
2021,11,22,9,0,378.68,184.4,358.12,0,11.97,0,0,6.54,0
2021,11,22,10,0,650.29,155.4,515.53,0,14.21,0,0,7.03,0
2021,11,22,11,0,742.92,152.45,578.5,0,16.03,0,0,7.31,0
2021,11,22,12,0,936.95,71.44,588.45,0,16.56,0,0,7.76,0
2021,11,22,13,0,905.87,61.94,490.73,0,16.3,0,0,8.28,0
2021,11,22,14,0,857.49,50.31,338.7,0,15.41,0,0,8.47,0
2021,11,22,15,0,642.69,35.36,153.62,0,13.93,0,0,8.52,0
2021,11,22,16,0,98.06,7.25,10.43,0,11.33,0,0,8.54,0
2021,11,22,17,0,0.0,0.0,0.0,0,9.17,0,0,8.64,0
2021,11,22,18,0,0.0,0.0,0.0,0,8.1,0,0,8.53,0
2021,11,22,19,0,0.0,0.0,0.0,0,6.86,0,0,8.34,0
2021,11,22,20,0,0.0,0.0,0.0,0,5.63,0,0,8.07,0
2021,11,22,21,0,0.0,0.0,0.0,0,4.52,0,0,7.84,0
2021,11,22,22,0,0.0,0.0,0.0,0,3.48,0,0,7.47,0
2021,11,22,23,0,0.0,0.0,0.0,0,2.23,0,0,6.66,0
2021,11,23,0,0,0.0,0.0,0.0,0,1.17,0,0,6.17,0
2021,11,23,1,0,0.0,0.0,0.0,0,0.3,0,0,5.71,0
2021,11,23,2,0,0.0,0.0,0.0,0,-0.51,0,0,5.38,0
2021,11,23,3,0,0.0,0.0,0.0,0,-1.16,0,0,5.3,0
2021,11,23,4,0,0.0,0.0,0.0,0,-1.77,0,0,5.11,0
2021,11,23,5,0,0.0,0.0,0.0,0,-2.36,0,0,4.8,0
2021,11,23,6,0,173.53,14.37,23.52,0,-2.74,0,0,4.55,0
2021,11,23,7,0,676.0,50.22,190.18,0,-0.51,0,0,3.42,0
2021,11,23,8,0,895.34,70.42,371.4,0,2.77,0,0,3.26,0
2021,11,23,9,0,924.54,95.55,511.6,0,6.34,0,0,2.99,0
2021,11,23,10,0,971.88,115.24,600.9,0,9.62,0,0,2.65,0
2021,11,23,11,0,710.99,222.47,598.12,0,11.74,0,0,2.52,0
2021,11,23,12,0,676.51,181.05,581.65,0,12.79,0,0,2.85,0
2021,11,23,13,0,1017.67,150.2,482.0,0,13.17,0,0,3.26,0
2021,11,23,14,0,766.27,120.87,331.6,0,12.91,0,0,3.53,0
2021,11,23,15,0,424.38,73.52,145.95,0,11.66,0,0,3.68,0
2021,11,23,16,0,60.79,10.1,9.62,0,7.34,0,0,4.22,0
2021,11,23,17,0,0.0,0.0,0.0,0,4.73,0,0,5.32,0
2021,11,23,18,0,0.0,0.0,0.0,0,3.33,0,0,6.08,0
2021,11,23,19,0,0.0,0.0,0.0,0,2.38,0,0,6.23,0
2021,11,23,20,0,0.0,0.0,0.0,0,1.52,0,0,5.93,0
2021,11,23,21,0,0.0,0.0,0.0,0,0.8,0,0,5.21,0
2021,11,23,22,0,0.0,0.0,0.0,0,0.33,0,0,4.41,0
2021,11,23,23,0,0.0,0.0,0.0,0,-0.12,0,0,3.94,0
2021,11,24,0,0,0.0,0.0,0.0,0,-0.6,0,0,3.9,0
2021,11,24,1,0,0.0,0.0,0.0,0,-1.05,0,0,4.02,0
2021,11,24,2,0,0.0,0.0,0.0,0,-1.47,0,0,4.06,0
2021,11,24,3,0,0.0,0.0,0.0,0,-1.79,0,0,4.08,0
2021,11,24,4,0,0.0,0.0,0.0,0,-2.12,0,0,4.2,0
2021,11,24,5,0,0.0,0.0,0.0,0,-2.46,0,0,4.43,0
2021,11,24,6,0,109.72,13.19,17.39,0,-2.52,0,0,4.6,0
2021,11,24,7,0,468.6,58.06,156.45,0,0.88,0,0,3.5,0
2021,11,24,8,0,634.06,87.41,321.19,0,4.02,0,0,1.62,0
2021,11,24,9,0,965.1,50.55,517.83,0,8.57,0,0,2.98,0
2021,11,24,10,0,1004.17,52.9,606.78,0,11.79,0,0,3.57,0
2021,11,24,11,0,877.57,142.12,604.58,0,13.33,0,0,3.33,0
2021,11,24,12,0,658.97,243.89,536.75,0,14.26,0,0,3.04,0
2021,11,24,13,0,798.23,150.6,465.05,0,14.62,0,0,2.89,0
2021,11,24,14,0,771.54,99.7,318.17,0,14.29,0,0,3.02,0
2021,11,24,15,0,495.47,59.79,140.07,0,12.8,0,0,3.44,0
2021,11,24,16,0,52.72,10.31,9.18,0,7.88,0,0,4.6,0
2021,11,24,17,0,0.0,0.0,0.0,0,5.48,0,0,5.64,0
2021,11,24,18,0,0.0,0.0,0.0,0,4.56,0,0,6.25,0
2021,11,24,19,0,0.0,0.0,0.0,0,4.43,0,0,6.42,0
2021,11,24,20,0,0.0,0.0,0.0,0,4.09,0,0,6.34,0
2021,11,24,21,0,0.0,0.0,0.0,0,2.94,0,0,6.06,0
2021,11,24,22,0,0.0,0.0,0.0,0,2.61,0,0,5.49,0
2021,11,24,23,0,0.0,0.0,0.0,0,2.16,0,0,5.06,0
2021,11,25,0,0,0.0,0.0,0.0,0,1.34,0,0,4.91,0
2021,11,25,1,0,0.0,0.0,0.0,0,0.86,0,0,4.69,0
2021,11,25,2,0,0.0,0.0,0.0,0,0.62,0,0,4.35,0
2021,11,25,3,0,0.0,0.0,0.0,0,0.56,0,0,4.08,0
2021,11,25,4,0,0.0,0.0,0.0,0,0.59,0,0,3.83,0
2021,11,25,5,0,0.0,0.0,0.0,0,0.62,0,0,3.67,0
2021,11,25,6,0,114.0,14.87,18.9,0,0.69,0,0,3.79,0
2021,11,25,7,0,586.2,53.96,175.38,0,3.59,0,0,3.55,0
2021,11,25,8,0,844.91,64.85,354.2,0,6.63,0,0,2.04,0
2021,11,25,9,0,918.9,67.73,497.05,0,10.85,0,0,2.81,0
2021,11,25,10,0,958.26,67.57,587.5,0,15.0,0,0,4.51,0
2021,11,25,11,0,923.21,82.89,607.47,0,16.77,0,0,4.14,0
2021,11,25,12,0,957.52,98.46,565.83,0,17.89,0,0,4.2,0
2021,11,25,13,0,814.57,110.62,454.92,0,18.39,0,0,4.45,0
2021,11,25,14,0,666.92,103.55,302.15,0,18.1,0,0,4.73,0
2021,11,25,15,0,386.16,64.56,126.12,0,16.45,0,0,4.64,0
2021,11,25,16,0,21.68,9.37,6.97,0,11.81,0,0,5.79,0
2021,11,25,17,0,0.0,0.0,0.0,0,10.3,0,0,7.09,0
2021,11,25,18,0,0.0,0.0,0.0,0,10.0,0,0,6.79,0
2021,11,25,19,0,0.0,0.0,0.0,0,9.84,0,0,6.15,0
2021,11,25,20,0,0.0,0.0,0.0,0,10.1,0,0,5.57,0
2021,11,25,21,0,0.0,0.0,0.0,0,9.94,0,0,4.96,0
2021,11,25,22,0,0.0,0.0,0.0,0,10.03,0,0,4.61,0
2021,11,25,23,0,0.0,0.0,0.0,0,10.17,0,0,4.64,0
2021,11,26,0,0,0.0,0.0,0.0,0,10.21,0,0,5.55,0
2021,11,26,1,0,0.0,0.0,0.0,0,9.72,0,0,7.26,0
2021,11,26,2,0,0.0,0.0,0.0,0,8.19,0,0,7.89,0
2021,11,26,3,0,0.0,0.0,0.0,0,6.71,0,0,7.91,0
2021,11,26,4,0,0.0,0.0,0.0,0,5.5,0,0,8.27,0
2021,11,26,5,0,0.0,0.0,0.0,0,4.48,0,0,8.02,0
2021,11,26,6,0,116.95,11.55,15.05,0,3.66,0,0,7.55,0
2021,11,26,7,0,591.14,43.81,160.8,0,3.63,0,0,7.26,0
2021,11,26,8,0,843.47,55.99,336.15,0,4.73,0,0,7.49,0
2021,11,26,9,0,921.9,62.24,477.5,0,6.57,0,0,7.33,0
2021,11,26,10,0,987.95,56.92,584.3,0,8.5,0,0,7.12,0
2021,11,26,11,0,1025.49,51.02,637.28,0,10.04,0,0,7.59,0
2021,11,26,12,0,1022.32,49.12,598.88,0,10.98,0,0,7.87,0
2021,11,26,13,0,991.04,45.12,498.23,0,11.21,0,0,7.71,0
2021,11,26,14,0,929.72,39.69,344.65,0,10.79,0,0,7.5,0
2021,11,26,15,0,717.31,30.92,156.1,0,9.67,0,0,7.11,0
2021,11,26,16,0,118.56,7.62,10.12,0,6.66,0,0,6.99,0
2021,11,26,17,0,0.0,0.0,0.0,0,4.32,0,0,6.98,0
2021,11,26,18,0,0.0,0.0,0.0,0,3.31,0,0,6.71,0
2021,11,26,19,0,0.0,0.0,0.0,0,2.43,0,0,6.41,0
2021,11,26,20,0,0.0,0.0,0.0,0,1.61,0,0,6.18,0
2021,11,26,21,0,0.0,0.0,0.0,0,0.94,0,0,6.08,0
2021,11,26,22,0,0.0,0.0,0.0,0,0.39,0,0,6.03,0
2021,11,26,23,0,0.0,0.0,0.0,0,-0.09,0,0,5.95,0
2021,11,27,0,0,0.0,0.0,0.0,0,-0.56,0,0,5.8,0
2021,11,27,1,0,0.0,0.0,0.0,0,-0.98,0,0,5.58,0
2021,11,27,2,0,0.0,0.0,0.0,0,-1.32,0,0,5.39,0
2021,11,27,3,0,0.0,0.0,0.0,0,-1.57,0,0,5.27,0
2021,11,27,4,0,0.0,0.0,0.0,0,-1.82,0,0,5.07,0
2021,11,27,5,0,0.0,0.0,0.0,0,-2.17,0,0,4.97,0
2021,11,27,6,0,160.34,11.61,17.77,0,-2.34,0,0,4.89,0
2021,11,27,7,0,700.58,39.48,178.38,0,0.78,0,0,3.35,0
2021,11,27,8,0,890.21,49.37,361.02,0,3.92,0,0,1.61,0
2021,11,27,9,0,943.62,55.61,505.42,0,8.28,0,0,1.05,0
2021,11,27,10,0,978.23,58.52,595.22,0,12.2,0,0,1.3,0
2021,11,27,11,0,1016.67,56.78,622.38,0,15.0,0,0,1.82,0
2021,11,27,12,0,962.22,64.41,583.17,0,16.21,0,0,2.34,0
2021,11,27,13,0,943.21,64.02,482.9,0,16.64,0,0,2.93,0
2021,11,27,14,0,777.42,83.54,325.52,0,16.31,0,0,3.56,0
2021,11,27,15,0,472.83,67.21,138.48,0,13.94,0,0,4.12,0
2021,11,27,16,0,24.06,10.91,7.85,0,9.73,0,0,4.94,0
2021,11,27,17,0,0.0,0.0,0.0,0,8.58,0,0,5.66,0
2021,11,27,18,0,0.0,0.0,0.0,0,8.13,0,0,6.18,0
2021,11,27,19,0,0.0,0.0,0.0,0,7.76,0,0,6.31,0
2021,11,27,20,0,0.0,0.0,0.0,0,7.27,0,0,6.04,0
2021,11,27,21,0,0.0,0.0,0.0,0,6.64,0,0,5.79,0
2021,11,27,22,0,0.0,0.0,0.0,0,6.14,0,0,5.73,0
2021,11,27,23,0,0.0,0.0,0.0,0,5.56,0,0,5.46,0
2021,11,28,0,0,0.0,0.0,0.0,0,5.17,0,0,5.27,0
2021,11,28,1,0,0.0,0.0,0.0,0,4.78,0,0,5.14,0
2021,11,28,2,0,0.0,0.0,0.0,0,4.51,0,0,5.19,0
2021,11,28,3,0,0.0,0.0,0.0,0,3.46,0,0,5.43,0
2021,11,28,4,0,0.0,0.0,0.0,0,3.02,0,0,5.59,0
2021,11,28,5,0,0.0,0.0,0.0,0,2.49,0,0,5.68,0
2021,11,28,6,0,11.27,12.18,10.35,0,1.85,0,0,5.61,0
2021,11,28,7,0,28.11,79.53,92.25,0,4.62,0,0,4.24,0
2021,11,28,8,0,37.11,162.09,195.4,0,7.23,0,0,3.11,0
2021,11,28,9,0,30.31,226.87,273.88,0,10.61,0,0,3.86,0
2021,11,28,10,0,9.25,281.72,326.35,0,12.23,0,0,3.82,0
2021,11,28,11,0,10.1,216.99,251.95,0,11.83,0,0,3.34,0
2021,11,28,12,0,31.53,240.67,282.77,0,12.57,0,0,3.77,0
2021,11,28,13,0,181.68,172.85,250.38,0,13.42,0,0,4.33,0
2021,11,28,14,0,259.48,121.3,196.85,0,13.76,0,0,4.67,0
2021,11,28,15,0,252.02,60.16,99.55,0,12.87,0,0,4.57,0
2021,11,28,16,0,28.05,9.22,7.12,0,8.35,0,0,5.69,0
2021,11,28,17,0,0.0,0.0,0.0,0,6.73,0,0,7.19,0
2021,11,28,18,0,0.0,0.0,0.0,0,6.73,0,0,7.66,0
2021,11,28,19,0,0.0,0.0,0.0,0,6.35,0,0,7.43,0
2021,11,28,20,0,0.0,0.0,0.0,0,5.67,0,0,7.14,0
2021,11,28,21,0,0.0,0.0,0.0,0,4.94,0,0,6.73,0
2021,11,28,22,0,0.0,0.0,0.0,0,4.05,0,0,6.61,0
2021,11,28,23,0,0.0,0.0,0.0,0,3.28,0,0,6.58,0
2021,11,29,0,0,0.0,0.0,0.0,0,2.68,0,0,6.67,0
2021,11,29,1,0,0.0,0.0,0.0,0,2.04,0,0,6.48,0
2021,11,29,2,0,0.0,0.0,0.0,0,1.28,0,0,6.22,0
2021,11,29,3,0,0.0,0.0,0.0,0,0.47,0,0,6.05,0
2021,11,29,4,0,0.0,0.0,0.0,0,-0.11,0,0,6.11,0
2021,11,29,5,0,0.0,0.0,0.0,0,-0.68,0,0,5.93,0
2021,11,29,6,0,107.9,11.77,13.57,0,-1.25,0,0,5.81,0
2021,11,29,7,0,609.96,43.06,159.52,0,0.8,0,0,5.04,0
2021,11,29,8,0,871.81,51.23,344.6,0,3.64,0,0,5.87,0
2021,11,29,9,0,968.76,51.47,507.17,0,6.42,0,0,5.34,0
2021,11,29,10,0,1012.13,52.71,597.47,0,8.78,0,0,4.7,0
2021,11,29,11,0,1011.12,56.59,623.67,0,10.59,0,0,4.39,0
2021,11,29,12,0,997.59,55.28,586.42,0,11.8,0,0,4.59,0
2021,11,29,13,0,919.05,65.95,483.88,0,12.33,0,0,4.94,0
2021,11,29,14,0,852.81,54.57,331.3,0,12.12,0,0,5.14,0
2021,11,29,15,0,632.82,36.69,145.82,0,10.76,0,0,4.96,0
2021,11,29,16,0,71.52,8.05,8.77,0,5.85,0,0,5.44,0
2021,11,29,17,0,0.0,0.0,0.0,0,3.73,0,0,6.38,0
2021,11,29,18,0,0.0,0.0,0.0,0,3.09,0,0,6.73,0
2021,11,29,19,0,0.0,0.0,0.0,0,2.41,0,0,6.39,0
2021,11,29,20,0,0.0,0.0,0.0,0,1.61,0,0,5.62,0
2021,11,29,21,0,0.0,0.0,0.0,0,1.13,0,0,4.87,0
2021,11,29,22,0,0.0,0.0,0.0,0,1.03,0,0,4.19,0
2021,11,29,23,0,0.0,0.0,0.0,0,1.31,0,0,3.51,0
2021,11,30,0,0,0.0,0.0,0.0,0,1.7,0,0,2.91,0
2021,11,30,1,0,0.0,0.0,0.0,0,1.61,0,0,2.51,0
2021,11,30,2,0,0.0,0.0,0.0,0,1.48,0,0,2.71,0
2021,11,30,3,0,0.0,0.0,0.0,0,0.55,0,0,3.59,0
2021,11,30,4,0,0.0,0.0,0.0,0,-0.41,0,0,4.61,0
2021,11,30,5,0,0.0,0.0,0.0,0,-0.82,0,0,5.07,0
2021,11,30,6,0,97.07,11.01,13.93,0,-0.9,0,0,5.06,0
2021,11,30,7,0,656.96,40.66,162.18,0,2.78,0,0,4.38,0
2021,11,30,8,0,856.14,52.03,341.02,0,6.4,0,0,2.16,0
2021,11,30,9,0,920.39,57.59,484.35,0,10.31,0,0,2.35,0
2021,11,30,10,0,954.97,61.74,574.8,0,14.76,0,0,5.09,0
2021,11,30,11,0,975.29,58.76,604.22,0,16.63,0,0,5.13,0
2021,11,30,12,0,960.77,58.85,568.15,0,17.73,0,0,5.03,0
2021,11,30,13,0,926.66,53.02,471.08,0,18.24,0,0,4.92,0
2021,11,30,14,0,848.86,47.0,322.6,0,18.0,0,0,4.64,0
2021,11,30,15,0,454.3,48.0,126.46,0,15.81,0,0,4.11,0
2021,11,30,16,0,69.97,8.04,8.02,0,11.38,0,0,4.18,0
2021,11,30,17,0,0.0,0.0,0.0,0,9.55,0,0,4.51,0
2021,11,30,18,0,0.0,0.0,0.0,0,8.44,0,0,4.88,0
2021,11,30,19,0,0.0,0.0,0.0,0,7.58,0,0,5.2,0
2021,11,30,20,0,0.0,0.0,0.0,0,6.75,0,0,5.55,0
2021,11,30,21,0,0.0,0.0,0.0,0,6.05,0,0,5.83,0
2021,11,30,22,0,0.0,0.0,0.0,0,5.52,0,0,6.02,0
2021,11,30,23,0,0.0,0.0,0.0,0,5.07,0,0,5.95,0
2021,12,1,0,0,0.0,0.0,0.0,0,4.67,0,0,5.67,0
2021,12,1,1,0,0.0,0.0,0.0,0,4.29,0,0,5.35,0
2021,12,1,2,0,0.0,0.0,0.0,0,3.92,0,0,5.08,0
2021,12,1,3,0,0.0,0.0,0.0,0,3.9,0,0,4.76,0
2021,12,1,4,0,0.0,0.0,0.0,0,4.08,0,0,4.22,0
2021,12,1,5,0,0.0,0.0,0.0,0,4.67,0,0,3.59,0
2021,12,1,6,0,30.51,11.91,9.82,0,5.22,0,0,3.16,0
2021,12,1,7,0,389.97,67.47,140.4,0,7.07,0,0,2.7,0
2021,12,1,8,0,708.29,82.74,318.65,0,10.29,0,0,1.6,0
2021,12,1,9,0,899.34,58.64,473.6,0,13.79,0,0,1.2,0
2021,12,1,10,0,932.47,63.68,562.83,0,18.09,0,0,3.12,0
2021,12,1,11,0,929.43,68.96,588.8,0,19.83,0,0,3.77,0
2021,12,1,12,0,698.28,146.89,524.78,0,20.45,0,0,4.39,0
2021,12,1,13,0,592.59,183.66,412.5,0,19.98,0,0,4.91,0
2021,12,1,14,0,484.97,133.63,272.0,0,18.43,0,0,5.1,0
2021,12,1,15,0,362.25,60.5,120.3,0,15.86,0,0,5.49,0
2021,12,1,16,0,39.64,8.69,7.2,0,12.94,0,0,6.23,0
2021,12,1,17,0,0.0,0.0,0.0,0,10.58,0,0,6.63,0
2021,12,1,18,0,0.0,0.0,0.0,0,9.5,0,0,6.83,0
2021,12,1,19,0,0.0,0.0,0.0,0,8.73,0,0,6.71,0
2021,12,1,20,0,0.0,0.0,0.0,0,7.96,0,0,6.43,0
2021,12,1,21,0,0.0,0.0,0.0,0,7.05,0,0,6.08,0
2021,12,1,22,0,0.0,0.0,0.0,0,6.48,0,0,6.15,0
2021,12,1,23,0,0.0,0.0,0.0,0,6.14,0,0,5.91,0
2021,12,2,0,0,0.0,0.0,0.0,0,5.72,0,0,5.85,0
2021,12,2,1,0,0.0,0.0,0.0,0,5.52,0,0,5.95,0
2021,12,2,2,0,0.0,0.0,0.0,0,5.38,0,0,5.99,0
2021,12,2,3,0,0.0,0.0,0.0,0,5.32,0,0,6.07,0
2021,12,2,4,0,0.0,0.0,0.0,0,5.34,0,0,5.98,0
2021,12,2,5,0,0.0,0.0,0.0,0,5.33,0,0,5.85,0
2021,12,2,6,0,67.49,10.28,11.48,0,5.33,0,0,5.46,0
2021,12,2,7,0,545.45,45.41,148.2,0,8.12,0,0,4.42,0
2021,12,2,8,0,745.55,70.3,320.08,0,11.37,0,0,3.03,0
2021,12,2,9,0,835.74,81.8,456.0,0,15.24,0,0,3.64,0
2021,12,2,10,0,875.06,94.91,541.62,0,18.7,0,0,5.41,0
2021,12,2,11,0,913.74,76.88,582.17,0,20.51,0,0,5.47,0
2021,12,2,12,0,921.98,65.35,552.0,0,21.56,0,0,5.38,0
2021,12,2,13,0,882.81,58.18,457.73,0,22.0,0,0,5.47,0
2021,12,2,14,0,798.42,50.94,312.85,0,21.66,0,0,5.44,0
2021,12,2,15,0,583.01,37.49,136.82,0,19.49,0,0,5.38,0
2021,12,2,16,0,68.2,7.81,7.85,0,14.48,0,0,6.07,0
2021,12,2,17,0,0.0,0.0,0.0,0,12.69,0,0,6.41,0
2021,12,2,18,0,0.0,0.0,0.0,0,11.79,0,0,6.57,0
2021,12,2,19,0,0.0,0.0,0.0,0,11.09,0,0,6.66,0
2021,12,2,20,0,0.0,0.0,0.0,0,10.47,0,0,6.78,0
2021,12,2,21,0,0.0,0.0,0.0,0,10.02,0,0,7.0,0
2021,12,2,22,0,0.0,0.0,0.0,0,9.76,0,0,6.9,0
2021,12,2,23,0,0.0,0.0,0.0,0,9.14,0,0,6.35,0
2021,12,3,0,0,0.0,0.0,0.0,0,8.54,0,0,6.03,0
2021,12,3,1,0,0.0,0.0,0.0,0,8.1,0,0,5.84,0
2021,12,3,2,0,0.0,0.0,0.0,0,7.74,0,0,5.79,0
2021,12,3,3,0,0.0,0.0,0.0,0,7.48,0,0,5.84,0
2021,12,3,4,0,0.0,0.0,0.0,0,7.22,0,0,5.82,0
2021,12,3,5,0,0.0,0.0,0.0,0,7.01,0,0,5.76,0
2021,12,3,6,0,77.46,9.84,11.25,0,6.85,0,0,5.71,0
2021,12,3,7,0,635.63,40.83,153.75,0,9.62,0,0,4.49,0
2021,12,3,8,0,857.46,50.02,332.4,0,12.41,0,0,2.31,0
2021,12,3,9,0,921.47,55.28,475.15,0,15.82,0,0,1.32,0
2021,12,3,10,0,958.56,63.5,563.92,0,20.64,0,0,2.26,0
2021,12,3,11,0,1012.47,69.4,592.3,0,23.04,0,0,2.76,0
2021,12,3,12,0,919.83,70.28,552.25,0,24.0,0,0,3.27,0
2021,12,3,13,0,870.66,78.33,452.1,0,24.25,0,0,3.39,0
2021,12,3,14,0,699.11,87.09,300.8,0,23.7,0,0,3.43,0
2021,12,3,15,0,387.87,64.15,127.07,0,21.02,0,0,3.52,0
2021,12,3,16,0,26.17,10.41,7.22,0,16.6,0,0,4.27,0
2021,12,3,17,0,0.0,0.0,0.0,0,14.41,0,0,5.13,0
2021,12,3,18,0,0.0,0.0,0.0,0,13.68,0,0,5.72,0
2021,12,3,19,0,0.0,0.0,0.0,0,13.29,0,0,5.87,0
2021,12,3,20,0,0.0,0.0,0.0,0,12.53,0,0,5.82,0
2021,12,3,21,0,0.0,0.0,0.0,0,11.88,0,0,5.96,0
2021,12,3,22,0,0.0,0.0,0.0,0,11.26,0,0,6.05,0
2021,12,3,23,0,0.0,0.0,0.0,0,10.49,0,0,5.99,0
2021,12,4,0,0,0.0,0.0,0.0,0,9.68,0,0,5.9,0
2021,12,4,1,0,0.0,0.0,0.0,0,9.42,0,0,5.71,0
2021,12,4,2,0,0.0,0.0,0.0,0,8.66,0,0,5.46,0
2021,12,4,3,0,0.0,0.0,0.0,0,8.73,0,0,5.43,0
2021,12,4,4,0,0.0,0.0,0.0,0,9.21,0,0,5.54,0
2021,12,4,5,0,0.0,0.0,0.0,0,9.43,0,0,5.43,0
2021,12,4,6,0,9.85,10.1,7.78,0,9.35,0,0,5.23,0
2021,12,4,7,0,40.82,71.03,85.07,0,11.16,0,0,4.67,0
2021,12,4,8,0,90.45,150.75,188.25,0,12.76,0,0,2.96,0
2021,12,4,9,0,116.02,221.23,283.62,0,14.32,0,0,1.6,0
2021,12,4,10,0,142.95,246.98,341.38,0,16.47,0,0,1.63,0
2021,12,4,11,0,118.78,258.07,348.48,0,19.18,0,0,2.67,0
2021,12,4,12,0,25.07,263.29,305.98,0,20.56,0,0,2.8,0
2021,12,4,13,0,72.65,188.9,235.75,0,21.33,0,0,2.99,0
2021,12,4,14,0,196.01,119.06,179.5,0,21.46,0,0,3.06,0
2021,12,4,15,0,204.81,55.15,88.65,0,19.93,0,0,2.8,0
2021,12,4,16,0,19.73,8.79,6.45,0,17.2,0,0,2.68,0
2021,12,4,17,0,0.0,0.0,0.0,0,16.18,0,0,2.69,0
2021,12,4,18,0,0.0,0.0,0.0,0,15.28,0,0,2.75,0
2021,12,4,19,0,0.0,0.0,0.0,0,14.39,0,0,2.8,0
2021,12,4,20,0,0.0,0.0,0.0,0,13.7,0,0,2.76,0
2021,12,4,21,0,0.0,0.0,0.0,0,13.17,0,0,2.65,0
2021,12,4,22,0,0.0,0.0,0.0,0,12.81,0,0,2.44,0
2021,12,4,23,0,0.0,0.0,0.0,0,12.51,0,0,2.16,0
2021,12,5,0,0,0.0,0.0,0.0,0,12.04,0,0,1.84,0
2021,12,5,1,0,0.0,0.0,0.0,0,11.75,0,0,1.62,0
2021,12,5,2,0,0.0,0.0,0.0,0,11.15,0,0,1.66,0
2021,12,5,3,0,0.0,0.0,0.0,0,10.74,0,0,1.75,0
2021,12,5,4,0,0.0,0.0,0.0,0,10.62,0,0,1.92,0
2021,12,5,5,0,0.0,0.0,0.0,0,10.1,0,0,2.25,0
2021,12,5,6,0,11.93,6.38,5.05,0,9.44,0,0,2.75,0
2021,12,5,7,0,116.67,35.49,54.12,0,11.16,0,0,2.94,0
2021,12,5,8,0,147.67,67.65,110.47,0,13.66,0,0,2.01,0
2021,12,5,9,0,133.66,88.24,145.1,0,16.32,0,0,1.99,0
2021,12,5,10,0,135.28,103.91,166.6,0,19.28,0,0,3.18,0
2021,12,5,11,0,111.3,159.22,225.68,0,20.47,0,0,3.89,0
2021,12,5,12,0,137.31,137.88,212.18,0,20.96,0,0,4.3,0
2021,12,5,13,0,155.59,108.06,172.23,0,20.89,0,0,4.41,0
2021,12,5,14,0,176.47,72.38,122.25,0,20.18,0,0,4.21,0
2021,12,5,15,0,134.26,31.54,55.28,0,18.78,0,0,4.05,0
2021,12,5,16,0,12.78,5.77,4.12,0,15.89,0,0,5.03,0
2021,12,5,17,0,0.0,0.0,0.0,0,14.33,0,0,5.87,0
2021,12,5,18,0,0.0,0.0,0.0,0,13.81,0,0,6.23,0
2021,12,5,19,0,0.0,0.0,0.0,0,13.39,0,0,6.13,0
2021,12,5,20,0,0.0,0.0,0.0,0,12.93,0,0,5.75,0
2021,12,5,21,0,0.0,0.0,0.0,0,12.19,0,0,5.39,0
2021,12,5,22,0,0.0,0.0,0.0,0,11.88,0,0,5.21,0
2021,12,5,23,0,0.0,0.0,0.0,0,11.24,0,0,4.87,0
2021,12,6,0,0,0.0,0.0,0.0,0,11.01,0,0,4.77,0
2021,12,6,1,0,0.0,0.0,0.0,0,10.96,0,0,4.6,0
2021,12,6,2,0,0.0,0.0,0.0,0,10.81,0,0,4.28,0
2021,12,6,3,0,0.0,0.0,0.0,0,10.44,0,0,4.01,0
2021,12,6,4,0,0.0,0.0,0.0,0,10.05,0,0,4.22,0
2021,12,6,5,0,0.0,0.0,0.0,0,9.99,0,0,4.25,0
2021,12,6,6,0,4.59,7.05,5.12,0,10.18,0,0,4.59,0
2021,12,6,7,0,13.25,53.35,61.45,0,12.06,0,0,4.34,0
2021,12,6,8,0,16.83,114.54,135.85,0,13.08,0,0,3.67,0
2021,12,6,9,0,21.12,165.49,198.02,0,14.31,0,0,4.96,0
2021,12,6,10,0,45.65,79.5,101.95,0,15.98,0,0,6.37,0
2021,12,6,11,0,35.65,54.82,72.2,0,17.18,0,0,7.12,0
2021,12,6,12,0,0.0,65.76,75.93,0,17.91,0,0,7.1,0
2021,12,6,13,0,37.7,35.82,50.47,0,18.15,0,0,6.56,0
2021,12,6,14,0,0.0,73.31,83.82,0,18.06,0,0,6.05,0
2021,12,6,15,0,0.0,33.06,37.47,0,17.62,0,0,5.72,0
2021,12,6,16,0,0.0,3.58,3.12,0,17.0,0,0,5.38,0
2021,12,6,17,0,0.0,0.0,0.0,0,15.28,0,0,7.8,0
2021,12,6,18,0,0.0,0.0,0.0,0,12.04,0,0,7.71,0
2021,12,6,19,0,0.0,0.0,0.0,0,10.14,0,0,6.95,0
2021,12,6,20,0,0.0,0.0,0.0,0,9.39,0,0,6.28,0
2021,12,6,21,0,0.0,0.0,0.0,0,8.86,0,0,5.97,0
2021,12,6,22,0,0.0,0.0,0.0,0,8.05,0,0,5.82,0
2021,12,6,23,0,0.0,0.0,0.0,0,6.78,0,0,5.54,0
2021,12,7,0,0,0.0,0.0,0.0,0,5.27,0,0,5.22,0
2021,12,7,1,0,0.0,0.0,0.0,0,4.16,0,0,4.91,0
2021,12,7,2,0,0.0,0.0,0.0,0,3.36,0,0,4.83,0
2021,12,7,3,0,0.0,0.0,0.0,0,2.72,0,0,4.44,0
2021,12,7,4,0,0.0,0.0,0.0,0,2.41,0,0,4.11,0
2021,12,7,5,0,0.0,0.0,0.0,0,2.12,0,0,3.73,0
2021,12,7,6,0,24.38,9.29,7.05,0,1.95,0,0,3.6,0
2021,12,7,7,0,268.28,47.79,90.22,0,3.23,0,0,3.03,0
2021,12,7,8,0,276.65,85.98,175.32,0,5.76,0,0,2.9,0
2021,12,7,9,0,219.59,147.49,234.65,0,8.51,0,0,2.99,0
2021,12,7,10,0,75.7,212.17,277.08,0,10.41,0,0,2.37,0
2021,12,7,11,0,120.11,215.79,266.15,0,11.67,0,0,2.07,0
2021,12,7,12,0,80.96,172.35,214.3,0,12.74,0,0,2.01,0
2021,12,7,13,0,45.69,151.07,184.57,0,12.83,0,0,1.74,0
2021,12,7,14,0,30.05,105.36,122.62,0,11.93,0,0,1.16,0
2021,12,7,15,0,13.92,48.03,55.72,0,10.92,0,0,0.81,0
2021,12,7,16,0,1.74,5.8,4.2,0,9.75,0,0,1.6,0
2021,12,7,17,0,0.0,0.0,0.0,0,8.9,0,0,3.55,0
2021,12,7,18,0,0.0,0.0,0.0,0,8.27,0,0,4.23,0
2021,12,7,19,0,0.0,0.0,0.0,0,8.31,0,0,3.32,0
2021,12,7,20,0,0.0,0.0,0.0,0,8.35,0,0,2.85,0
2021,12,7,21,0,0.0,0.0,0.0,0,8.02,0,0,3.22,0
2021,12,7,22,0,0.0,0.0,0.0,0,7.86,0,0,3.61,0
2021,12,7,23,0,0.0,0.0,0.0,0,7.85,0,0,3.8,0
2021,12,8,0,0,0.0,0.0,0.0,0,8.04,0,0,3.72,0
2021,12,8,1,0,0.0,0.0,0.0,0,8.17,0,0,3.61,0
2021,12,8,2,0,0.0,0.0,0.0,0,8.21,0,0,3.86,0
2021,12,8,3,0,0.0,0.0,0.0,0,8.28,0,0,4.01,0
2021,12,8,4,0,0.0,0.0,0.0,0,8.21,0,0,3.56,0
2021,12,8,5,0,0.0,0.0,0.0,0,8.06,0,0,3.53,0
2021,12,8,6,0,0.0,3.66,3.2,0,7.79,0,0,3.39,0
2021,12,8,7,0,0.77,38.06,43.15,0,8.33,0,0,3.04,0
2021,12,8,8,0,7.43,95.85,110.35,0,8.84,0,0,3.81,0
2021,12,8,9,0,31.09,163.39,194.12,0,9.22,0,0,4.3,0
2021,12,8,10,0,51.0,164.95,207.02,0,10.11,0,0,4.38,0
2021,12,8,11,0,47.5,139.02,180.27,0,11.72,0,0,4.57,0
2021,12,8,12,0,18.31,170.61,199.93,0,13.17,0,0,5.27,0
2021,12,8,13,0,105.23,173.99,234.18,0,14.0,0,0,5.68,0
2021,12,8,14,0,167.15,100.15,151.02,0,13.9,0,0,5.69,0
2021,12,8,15,0,195.93,39.87,70.15,0,12.67,0,0,5.17,0
2021,12,8,16,0,35.79,7.39,6.03,0,8.24,0,0,5.11,0
2021,12,8,17,0,0.0,0.0,0.0,0,6.33,0,0,5.82,0
2021,12,8,18,0,0.0,0.0,0.0,0,5.56,0,0,6.02,0
2021,12,8,19,0,0.0,0.0,0.0,0,4.85,0,0,5.95,0
2021,12,8,20,0,0.0,0.0,0.0,0,4.2,0,0,5.74,0
2021,12,8,21,0,0.0,0.0,0.0,0,3.58,0,0,5.26,0
2021,12,8,22,0,0.0,0.0,0.0,0,3.1,0,0,4.75,0
2021,12,8,23,0,0.0,0.0,0.0,0,2.84,0,0,4.44,0
2021,12,9,0,0,0.0,0.0,0.0,0,2.58,0,0,4.19,0
2021,12,9,1,0,0.0,0.0,0.0,0,2.13,0,0,4.17,0
2021,12,9,2,0,0.0,0.0,0.0,0,1.63,0,0,4.53,0
2021,12,9,3,0,0.0,0.0,0.0,0,1.21,0,0,5.2,0
2021,12,9,4,0,0.0,0.0,0.0,0,0.79,0,0,5.7,0
2021,12,9,5,0,0.0,0.0,0.0,0,1.59,0,0,5.42,0
2021,12,9,6,0,7.59,6.95,5.07,0,1.49,0,0,4.56,0
2021,12,9,7,0,28.16,65.51,72.2,0,3.27,0,0,3.7,0
2021,12,9,8,0,40.41,154.66,179.75,0,5.83,0,0,3.16,0
2021,12,9,9,0,51.05,229.92,280.75,0,8.76,0,0,4.15,0
2021,12,9,10,0,60.39,275.45,340.08,0,10.77,0,0,4.63,0
2021,12,9,11,0,28.15,257.5,298.75,0,12.36,0,0,5.05,0
2021,12,9,12,0,12.7,286.17,332.45,0,13.28,0,0,5.02,0
2021,12,9,13,0,37.86,234.96,278.0,0,13.6,0,0,4.86,0
2021,12,9,14,0,75.03,150.25,179.4,0,13.4,0,0,4.86,0
2021,12,9,15,0,6.13,65.6,75.2,0,12.23,0,0,4.64,0
2021,12,9,16,0,0.0,6.1,5.32,0,9.06,0,0,5.51,0
2021,12,9,17,0,0.0,0.0,0.0,0,8.09,0,0,5.8,0
2021,12,9,18,0,0.0,0.0,0.0,0,7.24,0,0,5.28,0
2021,12,9,19,0,0.0,0.0,0.0,0,6.51,0,0,4.92,0
2021,12,9,20,0,0.0,0.0,0.0,0,5.78,0,0,4.63,0
2021,12,9,21,0,0.0,0.0,0.0,0,6.1,0,0,4.29,0
2021,12,9,22,0,0.0,0.0,0.0,0,6.45,0,0,3.5,0
2021,12,9,23,0,0.0,0.0,0.0,0,6.57,0,0,3.15,0
2021,12,10,0,0,0.0,0.0,0.0,0,6.63,0,0,3.45,0
2021,12,10,1,0,0.0,0.0,0.0,0,6.73,0,0,3.35,0
2021,12,10,2,0,0.0,0.0,0.0,0,6.96,0,0,3.45,0
2021,12,10,3,0,0.0,0.0,0.0,0,7.35,0,0,3.82,0
2021,12,10,4,0,0.0,0.0,0.0,0,7.25,0,0,3.51,0
2021,12,10,5,0,0.0,0.0,0.0,0,7.06,0,0,3.66,0
2021,12,10,6,0,3.92,4.29,3.12,0,7.09,0,0,4.17,0
2021,12,10,7,0,182.82,29.76,46.05,0,7.61,0,0,3.94,0
2021,12,10,8,0,298.2,48.72,107.12,0,8.88,0,0,3.4,0
2021,12,10,9,0,11.21,82.65,97.4,0,11.05,0,0,3.04,0
2021,12,10,10,0,195.53,85.95,172.93,0,12.86,0,0,2.73,0
2021,12,10,11,0,330.85,84.32,238.3,0,14.53,0,0,3.01,0
2021,12,10,12,0,292.6,69.76,197.2,0,15.93,0,0,3.33,0
2021,12,10,13,0,0.28,84.17,97.22,0,16.91,0,0,3.62,0
2021,12,10,14,0,141.67,75.23,100.32,0,17.73,0,0,3.67,0
2021,12,10,15,0,55.07,39.99,47.72,0,17.23,0,0,3.72,0
2021,12,10,16,0,0.0,4.35,3.8,0,15.26,0,0,5.23,0
2021,12,10,17,0,0.0,0.0,0.0,0,15.21,0,0,5.87,0
2021,12,10,18,0,0.0,0.0,0.0,0,14.88,0,0,5.6,0
2021,12,10,19,0,0.0,0.0,0.0,0,14.59,0,0,5.42,0
2021,12,10,20,0,0.0,0.0,0.0,0,14.61,0,0,5.88,0
2021,12,10,21,0,0.0,0.0,0.0,0,15.33,0,0,6.88,0
2021,12,10,22,0,0.0,0.0,0.0,0,15.92,0,0,7.19,0
2021,12,10,23,0,0.0,0.0,0.0,0,16.44,0,0,7.36,0
2021,12,11,0,0,0.0,0.0,0.0,0,16.37,0,0,7.11,0
2021,12,11,1,0,0.0,0.0,0.0,0,16.24,0,0,6.96,0
2021,12,11,2,0,0.0,0.0,0.0,0,15.99,0,0,6.93,0
2021,12,11,3,0,0.0,0.0,0.0,0,15.98,0,0,7.11,0
2021,12,11,4,0,0.0,0.0,0.0,0,15.82,0,0,6.95,0
2021,12,11,5,0,0.0,0.0,0.0,0,15.73,0,0,6.99,0
2021,12,11,6,0,4.16,5.73,4.18,0,15.89,0,0,7.22,0
2021,12,11,7,0,32.66,47.18,52.5,0,16.67,0,0,7.47,0
2021,12,11,8,0,25.17,109.76,126.88,0,17.45,0,0,7.77,0
2021,12,11,9,0,20.11,153.06,183.8,0,18.34,0,0,8.77,0
2021,12,11,10,0,41.22,196.64,234.57,0,19.36,0,0,9.77,0
2021,12,11,11,0,39.72,215.18,262.77,0,20.39,0,0,9.86,0
2021,12,11,12,0,33.19,243.21,286.77,0,20.98,0,0,9.55,0
2021,12,11,13,0,25.18,189.85,229.82,0,21.12,0,0,9.3,0
2021,12,11,14,0,22.16,131.74,150.95,0,20.96,0,0,8.91,0
2021,12,11,15,0,11.57,60.41,69.32,0,20.39,0,0,7.67,0
2021,12,11,16,0,0.0,4.21,3.67,0,18.37,0,0,8.42,0
2021,12,11,17,0,0.0,0.0,0.0,0,12.84,0,0,9.87,0
2021,12,11,18,0,0.0,0.0,0.0,0,10.16,0,0,6.63,0
2021,12,11,19,0,0.0,0.0,0.0,0,10.06,0,0,4.77,0
2021,12,11,20,0,0.0,0.0,0.0,0,10.24,0,0,4.31,0
2021,12,11,21,0,0.0,0.0,0.0,0,10.04,0,0,3.97,0
2021,12,11,22,0,0.0,0.0,0.0,0,9.55,0,0,4.63,0
2021,12,11,23,0,0.0,0.0,0.0,0,9.06,0,0,5.42,0
2021,12,12,0,0,0.0,0.0,0.0,0,8.18,0,0,6.54,0
2021,12,12,1,0,0.0,0.0,0.0,0,7.01,0,0,6.18,0
2021,12,12,2,0,0.0,0.0,0.0,0,5.98,0,0,5.51,0
2021,12,12,3,0,0.0,0.0,0.0,0,4.31,0,0,5.42,0
2021,12,12,4,0,0.0,0.0,0.0,0,2.85,0,0,5.35,0
2021,12,12,5,0,0.0,0.0,0.0,0,1.71,0,0,4.94,0
2021,12,12,6,0,49.19,7.38,6.47,0,0.78,0,0,4.43,0
2021,12,12,7,0,545.41,41.92,135.8,0,2.2,0,0,3.54,0
2021,12,12,8,0,824.7,60.09,317.65,0,4.85,0,0,3.74,0
2021,12,12,9,0,919.44,66.1,466.83,0,7.73,0,0,3.48,0
2021,12,12,10,0,966.01,69.95,562.75,0,10.29,0,0,3.05,0
2021,12,12,11,0,985.48,65.93,599.2,0,12.1,0,0,2.49,0
2021,12,12,12,0,959.97,68.45,566.65,0,13.23,0,0,2.2,0
2021,12,12,13,0,922.29,64.77,473.5,0,13.75,0,0,2.06,0
2021,12,12,14,0,838.53,56.97,325.65,0,13.55,0,0,2.02,0
2021,12,12,15,0,602.37,42.18,145.1,0,12.3,0,0,2.23,0
2021,12,12,16,0,75.49,9.06,9.15,0,8.7,0,0,3.06,0
2021,12,12,17,0,0.0,0.0,0.0,0,6.54,0,0,4.14,0
2021,12,12,18,0,0.0,0.0,0.0,0,5.45,0,0,5.03,0
2021,12,12,19,0,0.0,0.0,0.0,0,4.6,0,0,5.71,0
2021,12,12,20,0,0.0,0.0,0.0,0,3.94,0,0,6.1,0
2021,12,12,21,0,0.0,0.0,0.0,0,3.29,0,0,6.24,0
2021,12,12,22,0,0.0,0.0,0.0,0,2.61,0,0,6.15,0
2021,12,12,23,0,0.0,0.0,0.0,0,1.92,0,0,5.97,0
2021,12,13,0,0,0.0,0.0,0.0,0,1.28,0,0,5.81,0
2021,12,13,1,0,0.0,0.0,0.0,0,0.7,0,0,5.66,0
2021,12,13,2,0,0.0,0.0,0.0,0,0.15,0,0,5.54,0
2021,12,13,3,0,0.0,0.0,0.0,0,-0.37,0,0,5.37,0
2021,12,13,4,0,0.0,0.0,0.0,0,-0.8,0,0,5.29,0
2021,12,13,5,0,0.0,0.0,0.0,0,-1.15,0,0,5.23,0
2021,12,13,6,0,70.34,6.56,6.35,0,-1.46,0,0,5.09,0
2021,12,13,7,0,630.75,34.83,136.95,0,1.39,0,0,3.97,0
2021,12,13,8,0,876.46,47.16,320.98,0,4.56,0,0,1.84,0
2021,12,13,9,0,954.37,55.36,469.85,0,8.42,0,0,1.69,0
2021,12,13,10,0,992.36,57.06,565.85,0,11.95,0,0,1.67,0
2021,12,13,11,0,1018.8,53.56,602.1,0,13.59,0,0,1.03,0
2021,12,13,12,0,1007.95,51.78,571.8,0,14.62,0,0,0.83,0
2021,12,13,13,0,972.85,50.23,479.52,0,14.99,0,0,0.81,0
2021,12,13,14,0,322.23,89.42,197.36,0,14.71,0,0,0.85,0
2021,12,13,15,0,208.16,48.07,83.79,0,13.56,0,0,1.03,0
2021,12,13,16,0,31.66,7.86,6.3,0,11.43,0,0,1.52,0
2021,12,13,17,0,0.0,0.0,0.0,0,10.07,0,0,1.92,0
2021,12,13,18,0,0.0,0.0,0.0,0,8.72,0,0,2.23,0
2021,12,13,19,0,0.0,0.0,0.0,0,7.54,0,0,2.48,0
2021,12,13,20,0,0.0,0.0,0.0,0,6.72,0,0,2.67,0
2021,12,13,21,0,0.0,0.0,0.0,0,6.02,0,0,2.72,0
2021,12,13,22,0,0.0,0.0,0.0,0,5.56,0,0,2.55,0
2021,12,13,23,0,0.0,0.0,0.0,0,5.93,0,0,2.2,0
2021,12,14,0,0,0.0,0.0,0.0,0,5.83,0,0,1.88,0
2021,12,14,1,0,0.0,0.0,0.0,0,5.29,0,0,1.91,0
2021,12,14,2,0,0.0,0.0,0.0,0,4.54,0,0,2.19,0
2021,12,14,3,0,0.0,0.0,0.0,0,3.81,0,0,2.36,0
2021,12,14,4,0,0.0,0.0,0.0,0,2.62,0,0,2.55,0
2021,12,14,5,0,0.0,0.0,0.0,0,1.84,0,0,3.0,0
2021,12,14,6,0,90.62,5.61,6.32,0,0.9,0,0,3.59,0
2021,12,14,7,0,654.99,32.53,137.0,0,2.65,0,0,3.88,0
2021,12,14,8,0,900.08,43.2,322.05,0,6.92,0,0,2.26,0
2021,12,14,9,0,964.71,51.57,471.15,0,10.12,0,0,0.92,0
2021,12,14,10,0,1010.89,51.61,567.85,0,14.05,0,0,1.4,0
2021,12,14,11,0,1023.65,52.58,602.75,0,16.43,0,0,1.22,0
2021,12,14,12,0,1012.13,50.72,572.28,0,17.86,0,0,1.09,0
2021,12,14,13,0,977.0,49.04,480.02,0,18.52,0,0,1.64,0
2021,12,14,14,0,917.54,41.89,333.98,0,18.39,0,0,2.38,0
2021,12,14,15,0,700.61,32.56,152.6,0,15.54,0,0,3.23,0
2021,12,14,16,0,110.2,8.3,10.3,0,10.8,0,0,4.44,0
2021,12,14,17,0,0.0,0.0,0.0,0,8.49,0,0,5.29,0
2021,12,14,18,0,0.0,0.0,0.0,0,7.2,0,0,5.83,0
2021,12,14,19,0,0.0,0.0,0.0,0,6.18,0,0,6.08,0
2021,12,14,20,0,0.0,0.0,0.0,0,5.3,0,0,6.24,0
2021,12,14,21,0,0.0,0.0,0.0,0,4.66,0,0,6.52,0
2021,12,14,22,0,0.0,0.0,0.0,0,3.92,0,0,6.65,0
2021,12,14,23,0,0.0,0.0,0.0,0,3.4,0,0,6.52,0
2021,12,15,0,0,0.0,0.0,0.0,0,3.14,0,0,6.35,0
2021,12,15,1,0,0.0,0.0,0.0,0,3.02,0,0,5.84,0
2021,12,15,2,0,0.0,0.0,0.0,0,2.66,0,0,5.61,0
2021,12,15,3,0,0.0,0.0,0.0,0,2.68,0,0,5.36,0
2021,12,15,4,0,0.0,0.0,0.0,0,2.5,0,0,5.33,0
2021,12,15,5,0,0.0,0.0,0.0,0,3.04,0,0,5.94,0
2021,12,15,6,0,40.39,4.17,3.53,0,3.94,0,0,5.66,0
2021,12,15,7,0,172.88,33.94,61.6,0,5.64,0,0,5.09,0
2021,12,15,8,0,233.66,100.21,160.95,0,7.62,0,0,4.63,0
2021,12,15,9,0,177.57,177.14,254.6,0,10.36,0,0,4.36,0
2021,12,15,10,0,265.29,182.39,332.1,0,12.78,0,0,4.35,0
2021,12,15,11,0,72.14,228.56,292.67,0,14.97,0,0,4.27,0
2021,12,15,12,0,11.37,222.71,258.95,0,16.43,0,0,4.03,0
2021,12,15,13,0,102.99,198.54,253.6,0,17.06,0,0,4.01,0
2021,12,15,14,0,414.13,73.45,173.95,0,16.96,0,0,4.06,0
2021,12,15,15,0,336.74,45.26,94.12,0,15.46,0,0,4.14,0
2021,12,15,16,0,29.92,9.63,7.7,0,11.27,0,0,5.35,0
2021,12,15,17,0,0.0,0.0,0.0,0,9.94,0,0,6.33,0
2021,12,15,18,0,0.0,0.0,0.0,0,9.73,0,0,6.23,0
2021,12,15,19,0,0.0,0.0,0.0,0,9.15,0,0,5.96,0
2021,12,15,20,0,0.0,0.0,0.0,0,8.73,0,0,5.97,0
2021,12,15,21,0,0.0,0.0,0.0,0,8.88,0,0,6.01,0
2021,12,15,22,0,0.0,0.0,0.0,0,8.99,0,0,5.93,0
2021,12,15,23,0,0.0,0.0,0.0,0,9.02,0,0,5.69,0
2021,12,16,0,0,0.0,0.0,0.0,0,8.51,0,0,5.57,0
2021,12,16,1,0,0.0,0.0,0.0,0,7.66,0,0,5.5,0
2021,12,16,2,0,0.0,0.0,0.0,0,6.96,0,0,5.22,0
2021,12,16,3,0,0.0,0.0,0.0,0,6.54,0,0,4.73,0
2021,12,16,4,0,0.0,0.0,0.0,0,6.36,0,0,4.6,0
2021,12,16,5,0,0.0,0.0,0.0,0,6.24,0,0,4.63,0
2021,12,16,6,0,13.11,4.5,3.25,0,6.28,0,0,4.66,0
2021,12,16,7,0,110.17,44.82,62.42,0,8.92,0,0,3.78,0
2021,12,16,8,0,199.15,95.47,143.25,0,11.57,0,0,2.08,0
2021,12,16,9,0,393.9,155.09,276.42,0,14.46,0,0,2.29,0
2021,12,16,10,0,266.93,266.32,347.25,0,17.01,0,0,2.79,0
2021,12,16,11,0,58.55,274.77,340.75,0,18.79,0,0,2.98,0
2021,12,16,12,0,412.41,145.82,265.17,0,19.51,0,0,2.99,0
2021,12,16,13,0,331.6,119.36,223.98,0,19.74,0,0,3.04,0
2021,12,16,14,0,259.81,87.96,155.8,0,19.51,0,0,3.17,0
2021,12,16,15,0,148.42,46.78,69.5,0,18.38,0,0,3.47,0
2021,12,16,16,0,14.65,8.04,5.88,0,15.09,0,0,4.74,0
2021,12,16,17,0,0.0,0.0,0.0,0,13.75,0,0,5.58,0
2021,12,16,18,0,0.0,0.0,0.0,0,13.03,0,0,5.33,0
2021,12,16,19,0,0.0,0.0,0.0,0,12.48,0,0,5.1,0
2021,12,16,20,0,0.0,0.0,0.0,0,12.1,0,0,4.94,0
2021,12,16,21,0,0.0,0.0,0.0,0,11.98,0,0,4.75,0
2021,12,16,22,0,0.0,0.0,0.0,0,11.57,0,0,4.65,0
2021,12,16,23,0,0.0,0.0,0.0,0,11.18,0,0,4.61,0
2021,12,17,0,0,0.0,0.0,0.0,0,11.02,0,0,4.72,0
2021,12,17,1,0,0.0,0.0,0.0,0,10.85,0,0,4.53,0
2021,12,17,2,0,0.0,0.0,0.0,0,10.57,0,0,4.17,0
2021,12,17,3,0,0.0,0.0,0.0,0,10.31,0,0,3.9,0
2021,12,17,4,0,0.0,0.0,0.0,0,10.27,0,0,3.62,0
2021,12,17,5,0,0.0,0.0,0.0,0,10.54,0,0,3.27,0
2021,12,17,6,0,0.0,0.0,0.0,0,10.86,0,0,3.07,0
2021,12,17,7,0,196.79,35.77,46.55,0,12.71,0,0,2.83,0
2021,12,17,8,0,131.51,95.28,130.68,0,14.95,0,0,1.74,0
2021,12,17,9,0,92.9,169.18,212.73,0,16.94,0,0,1.91,0
2021,12,17,10,0,107.18,212.24,285.98,0,18.92,0,0,2.39,0
2021,12,17,11,0,117.12,252.49,310.85,0,20.33,0,0,2.65,0
2021,12,17,12,0,31.5,253.86,298.73,0,21.0,0,0,2.97,0
2021,12,17,13,0,18.74,201.81,236.3,0,20.98,0,0,3.11,0
2021,12,17,14,0,7.2,130.97,154.02,0,20.42,0,0,3.04,0
2021,12,17,15,0,16.52,63.15,72.8,0,18.53,0,0,2.88,0
2021,12,17,16,0,0.0,5.65,5.28,0,16.06,0,0,3.49,0
2021,12,17,17,0,0.0,0.0,0.0,0,15.04,0,0,3.9,0
2021,12,17,18,0,0.0,0.0,0.0,0,14.67,0,0,3.73,0
2021,12,17,19,0,0.0,0.0,0.0,0,14.29,0,0,3.64,0
2021,12,17,20,0,0.0,0.0,0.0,0,13.95,0,0,3.72,0
2021,12,17,21,0,0.0,0.0,0.0,0,13.69,0,0,3.92,0
2021,12,17,22,0,0.0,0.0,0.0,0,13.59,0,0,4.4,0
2021,12,17,23,0,0.0,0.0,0.0,0,13.9,0,0,4.96,0
2021,12,18,0,0,0.0,0.0,0.0,0,14.19,0,0,4.94,0
2021,12,18,1,0,0.0,0.0,0.0,0,14.27,0,0,5.06,0
2021,12,18,2,0,0.0,0.0,0.0,0,13.78,0,0,4.92,0
2021,12,18,3,0,0.0,0.0,0.0,0,13.48,0,0,4.94,0
2021,12,18,4,0,0.0,0.0,0.0,0,13.25,0,0,4.92,0
2021,12,18,5,0,0.0,0.0,0.0,0,12.76,0,0,4.99,0
2021,12,18,6,0,0.0,0.0,0.0,0,13.14,0,0,5.13,0
2021,12,18,7,0,7.13,36.99,42.45,0,14.82,0,0,5.04,0
2021,12,18,8,0,23.33,79.65,93.43,0,16.16,0,0,5.02,0
2021,12,18,9,0,16.73,89.13,106.22,0,17.55,0,0,6.11,0
2021,12,18,10,0,3.66,43.81,51.05,0,18.15,0,0,5.92,0
2021,12,18,11,0,8.31,83.76,97.97,0,18.38,0,0,5.44,0
2021,12,18,12,0,0.0,73.94,85.38,0,18.63,0,0,5.12,0
2021,12,18,13,0,0.0,61.69,71.25,0,18.84,0,0,4.6,0
2021,12,18,14,0,8.99,35.88,42.33,0,18.6,0,0,4.2,0
2021,12,18,15,0,0.0,16.76,19.15,0,17.58,0,0,4.11,0
2021,12,18,16,0,0.0,2.11,1.98,0,16.29,0,0,4.37,0
2021,12,18,17,0,0.0,0.0,0.0,0,15.85,0,0,4.73,0
2021,12,18,18,0,0.0,0.0,0.0,0,15.71,0,0,4.93,0
2021,12,18,19,0,0.0,0.0,0.0,0,15.59,0,0,4.79,0
2021,12,18,20,0,0.0,0.0,0.0,0,15.33,0,0,4.35,0
2021,12,18,21,0,0.0,0.0,0.0,0,15.1,0,0,3.95,0
2021,12,18,22,0,0.0,0.0,0.0,0,15.0,0,0,3.46,0
2021,12,18,23,0,0.0,0.0,0.0,0,15.16,0,0,2.8,0
2021,12,19,0,0,0.0,0.0,0.0,0,15.11,0,0,2.68,0
2021,12,19,1,0,0.0,0.0,0.0,0,14.98,0,0,3.38,0
2021,12,19,2,0,0.0,0.0,0.0,0,14.8,0,0,4.73,0
2021,12,19,3,0,0.0,0.0,0.0,0,13.92,0,0,5.86,0
2021,12,19,4,0,0.0,0.0,0.0,0,12.3,0,0,6.26,0
2021,12,19,5,0,0.0,0.0,0.0,0,10.7,0,0,6.53,0
2021,12,19,6,0,0.0,0.0,0.0,0,9.68,0,0,6.25,0
2021,12,19,7,0,8.11,52.63,61.1,0,9.31,0,0,6.04,0
2021,12,19,8,0,15.44,127.03,147.52,0,9.27,0,0,6.21,0
2021,12,19,9,0,41.89,201.45,238.05,0,9.17,0,0,6.54,0
2021,12,19,10,0,256.13,193.3,323.55,0,9.86,0,0,6.38,0
2021,12,19,11,0,207.99,306.99,436.92,0,12.21,0,0,6.66,0
2021,12,19,12,0,686.18,110.63,433.15,0,14.18,0,0,7.13,0
2021,12,19,13,0,609.27,108.18,367.05,0,14.74,0,0,7.53,0
2021,12,19,14,0,529.81,82.5,256.4,0,14.11,0,0,7.75,0
2021,12,19,15,0,385.31,52.52,122.4,0,12.3,0,0,7.6,0
2021,12,19,16,0,44.06,9.62,9.0,0,9.43,0,0,7.53,0
2021,12,19,17,0,0.0,0.0,0.0,0,7.19,0,0,6.96,0
2021,12,19,18,0,0.0,0.0,0.0,0,5.8,0,0,6.67,0
2021,12,19,19,0,0.0,0.0,0.0,0,4.64,0,0,6.18,0
2021,12,19,20,0,0.0,0.0,0.0,0,3.58,0,0,5.6,0
2021,12,19,21,0,0.0,0.0,0.0,0,2.93,0,0,5.27,0
2021,12,19,22,0,0.0,0.0,0.0,0,2.66,0,0,4.76,0
2021,12,19,23,0,0.0,0.0,0.0,0,3.47,0,0,5.11,0
2021,12,20,0,0,0.0,0.0,0.0,0,3.9,0,0,5.81,0
2021,12,20,1,0,0.0,0.0,0.0,0,3.7,0,0,5.27,0
2021,12,20,2,0,0.0,0.0,0.0,0,3.64,0,0,4.88,0
2021,12,20,3,0,0.0,0.0,0.0,0,3.33,0,0,5.23,0
2021,12,20,4,0,0.0,0.0,0.0,0,2.98,0,0,5.34,0
2021,12,20,5,0,0.0,0.0,0.0,0,2.55,0,0,5.41,0
2021,12,20,6,0,0.0,0.0,0.0,0,2.33,0,0,5.9,0
2021,12,20,7,0,1.63,57.89,66.12,0,3.22,0,0,5.97,0
2021,12,20,8,0,0.0,125.71,144.9,0,4.58,0,0,6.62,0
2021,12,20,9,0,0.32,204.45,234.98,0,5.43,0,0,6.09,0
2021,12,20,10,0,0.5,235.9,272.0,0,6.25,0,0,5.35,0
2021,12,20,11,0,24.95,288.16,336.42,0,7.11,0,0,5.05,0
2021,12,20,12,0,1.26,257.35,297.33,0,7.66,0,0,4.76,0
2021,12,20,13,0,10.17,211.89,250.4,0,7.69,0,0,4.12,0
2021,12,20,14,0,5.3,136.58,160.4,0,7.19,0,0,4.17,0
2021,12,20,15,0,17.38,59.82,67.47,0,6.13,0,0,4.2,0
2021,12,20,16,0,0.0,6.56,6.12,0,4.77,0,0,4.79,0
2021,12,20,17,0,0.0,0.0,0.0,0,4.08,0,0,4.17,0
2021,12,20,18,0,0.0,0.0,0.0,0,3.94,0,0,4.78,0
2021,12,20,19,0,0.0,0.0,0.0,0,3.66,0,0,4.53,0
2021,12,20,20,0,0.0,0.0,0.0,0,3.4,0,0,4.26,0
2021,12,20,21,0,0.0,0.0,0.0,0,3.23,0,0,3.97,0
2021,12,20,22,0,0.0,0.0,0.0,0,3.02,0,0,3.69,0
2021,12,20,23,0,0.0,0.0,0.0,0,2.9,0,0,4.0,0
2021,12,21,0,0,0.0,0.0,0.0,0,2.77,0,0,3.83,0
2021,12,21,1,0,0.0,0.0,0.0,0,2.93,0,0,3.62,0
2021,12,21,2,0,0.0,0.0,0.0,0,2.97,0,0,3.8,0
2021,12,21,3,0,0.0,0.0,0.0,0,2.93,0,0,4.13,0
2021,12,21,4,0,0.0,0.0,0.0,0,2.75,0,0,4.25,0
2021,12,21,5,0,0.0,0.0,0.0,0,2.84,0,0,4.74,0
2021,12,21,6,0,0.0,0.0,0.0,0,2.83,0,0,4.36,0
2021,12,21,7,0,3.3,18.6,21.35,0,3.43,0,0,3.94,0
2021,12,21,8,0,20.48,60.53,71.85,0,4.36,0,0,3.04,0
2021,12,21,9,0,35.04,111.16,133.2,0,4.99,0,0,2.83,0
2021,12,21,10,0,19.49,131.36,158.52,0,5.52,0,0,3.53,0
2021,12,21,11,0,18.42,121.26,142.9,0,6.53,0,0,3.38,0
2021,12,21,12,0,18.14,194.71,227.7,0,7.09,0,0,3.01,0
2021,12,21,13,0,118.25,138.82,186.05,0,7.48,0,0,3.05,0
2021,12,21,14,0,124.21,83.88,116.45,0,7.38,0,0,3.18,0
2021,12,21,15,0,64.35,38.35,48.6,0,6.86,0,0,3.14,0
2021,12,21,16,0,7.61,6.62,5.25,0,5.53,0,0,3.36,0
2021,12,21,17,0,0.0,0.0,0.0,0,4.79,0,0,3.63,0
2021,12,21,18,0,0.0,0.0,0.0,0,4.38,0,0,4.02,0
2021,12,21,19,0,0.0,0.0,0.0,0,3.54,0,0,4.45,0
2021,12,21,20,0,0.0,0.0,0.0,0,2.8,0,0,4.82,0
2021,12,21,21,0,0.0,0.0,0.0,0,2.32,0,0,5.45,0
2021,12,21,22,0,0.0,0.0,0.0,0,2.42,0,0,5.64,0
2021,12,21,23,0,0.0,0.0,0.0,0,2.12,0,0,5.61,0
2021,12,22,0,0,0.0,0.0,0.0,0,1.51,0,0,5.92,0
2021,12,22,1,0,0.0,0.0,0.0,0,1.57,0,0,5.95,0
2021,12,22,2,0,0.0,0.0,0.0,0,2.06,0,0,6.01,0
2021,12,22,3,0,0.0,0.0,0.0,0,2.12,0,0,5.77,0
2021,12,22,4,0,0.0,0.0,0.0,0,2.2,0,0,5.83,0
2021,12,22,5,0,0.0,0.0,0.0,0,1.09,0,0,5.77,0
2021,12,22,6,0,0.0,0.0,0.0,0,0.99,0,0,5.89,0
2021,12,22,7,0,481.53,37.86,119.38,0,2.42,0,0,6.15,0
2021,12,22,8,0,762.67,58.55,293.17,0,4.54,0,0,6.39,0
2021,12,22,9,0,910.58,59.51,446.9,0,7.32,0,0,7.04,0
2021,12,22,10,0,971.1,60.0,551.22,0,9.73,0,0,7.78,0
2021,12,22,11,0,1010.32,55.94,596.53,0,11.02,0,0,8.12,0
2021,12,22,12,0,315.65,149.81,326.4,0,11.48,0,0,8.34,0
2021,12,22,13,0,980.28,50.43,485.77,0,11.44,0,0,8.15,0
2021,12,22,14,0,916.84,44.8,343.62,0,10.9,0,0,7.8,0
2021,12,22,15,0,722.5,36.19,163.73,0,9.56,0,0,7.53,0
2021,12,22,16,0,37.53,8.69,8.21,0,6.19,0,0,7.82,0
2021,12,22,17,0,0.0,0.0,0.0,0,4.43,0,0,7.58,0
2021,12,22,18,0,0.0,0.0,0.0,0,3.14,0,0,6.88,0
2021,12,22,19,0,0.0,0.0,0.0,0,2.17,0,0,6.43,0
2021,12,22,20,0,0.0,0.0,0.0,0,1.45,0,0,6.24,0
2021,12,22,21,0,0.0,0.0,0.0,0,0.78,0,0,6.08,0
2021,12,22,22,0,0.0,0.0,0.0,0,0.02,0,0,5.78,0
2021,12,22,23,0,0.0,0.0,0.0,0,-0.7,0,0,5.52,0
2021,12,23,0,0,0.0,0.0,0.0,0,-1.35,0,0,5.21,0
2021,12,23,1,0,0.0,0.0,0.0,0,-1.85,0,0,4.71,0
2021,12,23,2,0,0.0,0.0,0.0,0,-2.03,0,0,4.41,0
2021,12,23,3,0,0.0,0.0,0.0,0,-2.1,0,0,4.39,0
2021,12,23,4,0,0.0,0.0,0.0,0,-2.24,0,0,4.46,0
2021,12,23,5,0,0.0,0.0,0.0,0,-2.3,0,0,4.41,0
2021,12,23,6,0,0.0,0.0,0.0,0,-2.14,0,0,4.08,0
2021,12,23,7,0,581.28,30.6,125.38,0,0.59,0,0,3.24,0
2021,12,23,8,0,849.39,45.43,300.1,0,3.92,0,0,1.32,0
2021,12,23,9,0,943.38,52.47,452.27,0,7.46,0,0,1.38,0
2021,12,23,10,0,994.31,51.63,553.1,0,10.73,0,0,2.44,0
2021,12,23,11,0,1007.19,52.87,591.55,0,12.61,0,0,2.27,0
2021,12,23,12,0,995.38,51.81,566.03,0,13.85,0,0,2.55,0
2021,12,23,13,0,968.7,48.18,479.02,0,14.36,0,0,2.98,0
2021,12,23,14,0,897.39,44.38,338.0,0,14.11,0,0,3.47,0
2021,12,23,15,0,688.37,37.41,160.0,0,11.94,0,0,4.16,0
2021,12,23,16,0,103.75,9.97,12.9,0,7.39,0,0,5.06,0
2021,12,23,17,0,0.0,0.0,0.0,0,5.64,0,0,5.92,0
2021,12,23,18,0,0.0,0.0,0.0,0,4.89,0,0,6.45,0
2021,12,23,19,0,0.0,0.0,0.0,0,4.28,0,0,6.65,0
2021,12,23,20,0,0.0,0.0,0.0,0,3.64,0,0,6.58,0
2021,12,23,21,0,0.0,0.0,0.0,0,3.07,0,0,6.51,0
2021,12,23,22,0,0.0,0.0,0.0,0,2.68,0,0,6.42,0
2021,12,23,23,0,0.0,0.0,0.0,0,2.46,0,0,6.3,0
2021,12,24,0,0,0.0,0.0,0.0,0,1.97,0,0,6.03,0
2021,12,24,1,0,0.0,0.0,0.0,0,1.07,0,0,5.78,0
2021,12,24,2,0,0.0,0.0,0.0,0,0.51,0,0,5.69,0
2021,12,24,3,0,0.0,0.0,0.0,0,0.12,0,0,5.45,0
2021,12,24,4,0,0.0,0.0,0.0,0,-0.2,0,0,5.3,0
2021,12,24,5,0,0.0,0.0,0.0,0,-0.37,0,0,5.33,0
2021,12,24,6,0,0.0,0.0,0.0,0,-0.37,0,0,5.59,0
2021,12,24,7,0,273.83,45.71,92.22,0,2.83,0,0,4.88,0
2021,12,24,8,0,479.52,77.49,218.43,0,6.29,0,0,3.13,0
2021,12,24,9,0,492.76,154.88,349.7,0,9.94,0,0,3.12,0
2021,12,24,10,0,557.34,162.79,422.85,0,13.85,0,0,5.02,0
2021,12,24,11,0,579.85,170.97,453.3,0,15.47,0,0,4.88,0
2021,12,24,12,0,442.9,197.1,412.48,0,16.06,0,0,4.99,0
2021,12,24,13,0,679.63,120.67,402.1,0,16.29,0,0,5.25,0
2021,12,24,14,0,620.67,88.44,288.55,0,15.91,0,0,5.38,0
2021,12,24,15,0,504.62,50.67,140.75,0,14.21,0,0,5.79,0
2021,12,24,16,0,71.59,10.7,12.4,0,10.1,0,0,6.93,0
2021,12,24,17,0,0.0,0.0,0.0,0,9.04,0,0,7.32,0
2021,12,24,18,0,0.0,0.0,0.0,0,8.61,0,0,6.47,0
2021,12,24,19,0,0.0,0.0,0.0,0,7.77,0,0,6.22,0
2021,12,24,20,0,0.0,0.0,0.0,0,7.24,0,0,6.13,0
2021,12,24,21,0,0.0,0.0,0.0,0,6.76,0,0,5.96,0
2021,12,24,22,0,0.0,0.0,0.0,0,6.45,0,0,5.98,0
2021,12,24,23,0,0.0,0.0,0.0,0,6.35,0,0,5.92,0
2021,12,25,0,0,0.0,0.0,0.0,0,6.6,0,0,5.88,0
2021,12,25,1,0,0.0,0.0,0.0,0,6.92,0,0,5.85,0
2021,12,25,2,0,0.0,0.0,0.0,0,7.03,0,0,5.77,0
2021,12,25,3,0,0.0,0.0,0.0,0,6.85,0,0,5.68,0
2021,12,25,4,0,0.0,0.0,0.0,0,6.59,0,0,5.72,0
2021,12,25,5,0,0.0,0.0,0.0,0,6.65,0,0,5.86,0
2021,12,25,6,0,0.0,0.0,0.0,0,6.92,0,0,5.98,0
2021,12,25,7,0,38.13,47.5,55.17,0,9.03,0,0,5.69,0
2021,12,25,8,0,108.53,116.33,155.75,0,12.87,0,0,7.84,0
2021,12,25,9,0,178.16,167.79,239.62,0,15.94,0,0,8.16,0
2021,12,25,10,0,125.84,218.22,304.52,0,18.0,0,0,8.86,0
2021,12,25,11,0,188.45,218.67,327.58,0,19.28,0,0,9.16,0
2021,12,25,12,0,194.48,243.66,355.65,0,20.1,0,0,9.22,0
2021,12,25,13,0,201.94,208.84,288.88,0,20.46,0,0,8.87,0
2021,12,25,14,0,200.47,135.12,200.52,0,20.14,0,0,8.21,0
2021,12,25,15,0,160.85,66.57,93.68,0,18.95,0,0,7.72,0
2021,12,25,16,0,18.92,10.58,8.5,0,16.65,0,0,7.67,0
2021,12,25,17,0,0.0,0.0,0.0,0,15.58,0,0,7.34,0
2021,12,25,18,0,0.0,0.0,0.0,0,14.71,0,0,6.74,0
2021,12,25,19,0,0.0,0.0,0.0,0,14.48,0,0,7.13,0
2021,12,25,20,0,0.0,0.0,0.0,0,14.59,0,0,7.04,0
2021,12,25,21,0,0.0,0.0,0.0,0,14.42,0,0,6.82,0
2021,12,25,22,0,0.0,0.0,0.0,0,14.53,0,0,6.76,0
2021,12,25,23,0,0.0,0.0,0.0,0,14.3,0,0,6.17,0
2021,12,26,0,0,0.0,0.0,0.0,0,14.37,0,0,6.24,0
2021,12,26,1,0,0.0,0.0,0.0,0,14.34,0,0,5.85,0
2021,12,26,2,0,0.0,0.0,0.0,0,14.21,0,0,6.06,0
2021,12,26,3,0,0.0,0.0,0.0,0,14.3,0,0,5.64,0
2021,12,26,4,0,0.0,0.0,0.0,0,14.06,0,0,5.62,0
2021,12,26,5,0,0.0,0.0,0.0,0,13.72,0,0,5.27,0
2021,12,26,6,0,0.0,0.0,0.0,0,13.26,0,0,5.07,0
2021,12,26,7,0,218.97,44.93,77.0,0,14.81,0,0,4.24,0
2021,12,26,8,0,392.32,98.09,212.2,0,16.89,0,0,2.9,0
2021,12,26,9,0,460.4,157.56,346.92,0,19.25,0,0,2.72,0
2021,12,26,10,0,674.54,120.58,459.73,0,21.08,0,0,2.69,0
2021,12,26,11,0,736.9,109.34,507.12,0,22.29,0,0,2.85,0
2021,12,26,12,0,619.07,124.88,419.25,0,22.86,0,0,3.09,0
2021,12,26,13,0,415.04,129.62,316.77,0,22.92,0,0,3.1,0
2021,12,26,14,0,505.78,67.92,230.7,0,22.54,0,0,3.03,0
2021,12,26,15,0,359.46,49.27,115.47,0,21.15,0,0,2.69,0
2021,12,26,16,0,34.99,11.68,11.18,0,18.48,0,0,3.19,0
2021,12,26,17,0,0.0,0.0,0.0,0,17.34,0,0,3.88,0
2021,12,26,18,0,0.0,0.0,0.0,0,16.51,0,0,4.44,0
2021,12,26,19,0,0.0,0.0,0.0,0,15.84,0,0,4.58,0
2021,12,26,20,0,0.0,0.0,0.0,0,14.94,0,0,5.02,0
2021,12,26,21,0,0.0,0.0,0.0,0,14.35,0,0,5.56,0
2021,12,26,22,0,0.0,0.0,0.0,0,13.86,0,0,5.85,0
2021,12,26,23,0,0.0,0.0,0.0,0,13.4,0,0,5.71,0
2021,12,27,0,0,0.0,0.0,0.0,0,12.97,0,0,5.61,0
2021,12,27,1,0,0.0,0.0,0.0,0,12.58,0,0,5.6,0
2021,12,27,2,0,0.0,0.0,0.0,0,12.26,0,0,5.65,0
2021,12,27,3,0,0.0,0.0,0.0,0,12.07,0,0,5.74,0
2021,12,27,4,0,0.0,0.0,0.0,0,11.91,0,0,5.55,0
2021,12,27,5,0,0.0,0.0,0.0,0,11.62,0,0,5.36,0
2021,12,27,6,0,0.0,0.0,0.0,0,11.46,0,0,5.36,0
2021,12,27,7,0,23.68,20.33,25.08,0,13.79,0,0,4.86,0
2021,12,27,8,0,29.55,67.94,79.93,0,16.17,0,0,4.41,0
2021,12,27,9,0,26.96,109.35,131.1,0,18.36,0,0,6.02,0
2021,12,27,10,0,32.96,139.1,170.32,0,20.29,0,0,7.83,0
2021,12,27,11,0,25.17,159.48,188.12,0,21.29,0,0,7.67,0
2021,12,27,12,0,23.0,194.69,228.5,0,21.92,0,0,7.46,0
2021,12,27,13,0,64.7,155.66,195.68,0,22.02,0,0,7.48,0
2021,12,27,14,0,90.95,105.48,138.55,0,21.52,0,0,7.39,0
2021,12,27,15,0,82.52,53.99,67.9,0,20.14,0,0,7.07,0
2021,12,27,16,0,14.93,10.36,8.18,0,17.21,0,0,6.97,0
2021,12,27,17,0,0.0,0.0,0.0,0,16.33,0,0,6.4,0
2021,12,27,18,0,0.0,0.0,0.0,0,15.69,0,0,5.58,0
2021,12,27,19,0,0.0,0.0,0.0,0,15.45,0,0,5.21,0
2021,12,27,20,0,0.0,0.0,0.0,0,15.12,0,0,4.99,0
2021,12,27,21,0,0.0,0.0,0.0,0,14.72,0,0,4.74,0
2021,12,27,22,0,0.0,0.0,0.0,0,14.7,0,0,4.6,0
2021,12,27,23,0,0.0,0.0,0.0,0,14.72,0,0,4.84,0
2021,12,28,0,0,0.0,0.0,0.0,0,14.85,0,0,5.18,0
2021,12,28,1,0,0.0,0.0,0.0,0,14.89,0,0,5.38,0
2021,12,28,2,0,0.0,0.0,0.0,0,15.03,0,0,5.56,0
2021,12,28,3,0,0.0,0.0,0.0,0,15.06,0,0,5.69,0
2021,12,28,4,0,0.0,0.0,0.0,0,14.98,0,0,5.63,0
2021,12,28,5,0,0.0,0.0,0.0,0,14.47,0,0,5.88,0
2021,12,28,6,0,0.0,0.0,0.0,0,14.7,0,0,5.95,0
2021,12,28,7,0,85.98,28.37,40.12,0,16.14,0,0,5.69,0
2021,12,28,8,0,167.35,66.75,104.03,0,17.85,0,0,5.03,0
2021,12,28,9,0,180.55,90.09,152.2,0,19.78,0,0,5.2,0
2021,12,28,10,0,38.29,113.95,141.8,0,21.51,0,0,6.23,0
2021,12,28,11,0,54.53,141.01,180.62,0,21.74,0,0,7.15,0
2021,12,28,12,0,131.05,191.54,273.33,0,22.03,0,0,7.86,0
2021,12,28,13,0,156.87,167.33,231.65,0,22.43,0,0,8.01,0
2021,12,28,14,0,185.31,108.1,165.02,0,22.37,0,0,7.14,0
2021,12,28,15,0,142.64,58.66,87.72,0,21.21,0,0,6.55,0
2021,12,28,16,0,34.75,11.09,9.95,0,18.69,0,0,6.98,0
2021,12,28,17,0,0.0,0.0,0.0,0,17.49,0,0,6.68,0
2021,12,28,18,0,0.0,0.0,0.0,0,16.65,0,0,5.88,0
2021,12,28,19,0,0.0,0.0,0.0,0,16.16,0,0,5.76,0
2021,12,28,20,0,0.0,0.0,0.0,0,15.93,0,0,5.93,0
2021,12,28,21,0,0.0,0.0,0.0,0,15.86,0,0,6.34,0
2021,12,28,22,0,0.0,0.0,0.0,0,16.17,0,0,7.13,0
2021,12,28,23,0,0.0,0.0,0.0,0,16.67,0,0,7.2,0
2021,12,29,0,0,0.0,0.0,0.0,0,16.9,0,0,7.58,0
2021,12,29,1,0,0.0,0.0,0.0,0,17.17,0,0,7.55,0
2021,12,29,2,0,0.0,0.0,0.0,0,16.97,0,0,6.95,0
2021,12,29,3,0,0.0,0.0,0.0,0,16.99,0,0,6.78,0
2021,12,29,4,0,0.0,0.0,0.0,0,17.12,0,0,6.86,0
2021,12,29,5,0,0.0,0.0,0.0,0,17.61,0,0,7.15,0
2021,12,29,6,0,0.0,0.0,0.0,0,17.85,0,0,7.33,0
2021,12,29,7,0,12.04,37.71,42.92,0,18.14,0,0,7.27,0
2021,12,29,8,0,59.82,81.6,99.75,0,18.98,0,0,6.53,0
2021,12,29,9,0,98.66,123.92,168.68,0,19.85,0,0,5.8,0
2021,12,29,10,0,190.81,126.74,203.57,0,20.57,0,0,6.06,0
2021,12,29,11,0,27.08,150.97,184.15,0,21.46,0,0,6.19,0
2021,12,29,12,0,60.12,185.73,241.07,0,22.32,0,0,5.9,0
2021,12,29,13,0,338.88,145.71,263.02,0,22.95,0,0,5.55,0
2021,12,29,14,0,225.04,110.59,177.2,0,22.78,0,0,4.51,0
2021,12,29,15,0,147.36,64.53,90.15,0,21.69,0,0,4.32,0
2021,12,29,16,0,14.12,12.03,9.85,0,19.54,0,0,5.33,0
2021,12,29,17,0,0.0,0.0,0.0,0,18.42,0,0,5.19,0
2021,12,29,18,0,0.0,0.0,0.0,0,17.81,0,0,5.12,0
2021,12,29,19,0,0.0,0.0,0.0,0,17.94,0,0,5.66,0
2021,12,29,20,0,0.0,0.0,0.0,0,18.07,0,0,6.03,0
2021,12,29,21,0,0.0,0.0,0.0,0,18.35,0,0,6.82,0
2021,12,29,22,0,0.0,0.0,0.0,0,18.65,0,0,7.37,0
2021,12,29,23,0,0.0,0.0,0.0,0,19.14,0,0,7.86,0
2021,12,30,0,0,0.0,0.0,0.0,0,19.12,0,0,7.53,0
2021,12,30,1,0,0.0,0.0,0.0,0,19.02,0,0,7.37,0
2021,12,30,2,0,0.0,0.0,0.0,0,18.84,0,0,7.0,0
2021,12,30,3,0,0.0,0.0,0.0,0,18.64,0,0,6.68,0
2021,12,30,4,0,0.0,0.0,0.0,0,18.51,0,0,6.51,0
2021,12,30,5,0,0.0,0.0,0.0,0,18.36,0,0,5.87,0
2021,12,30,6,0,0.0,0.0,0.0,0,18.16,0,0,5.74,0
2021,12,30,7,0,11.65,30.78,36.67,0,18.57,0,0,5.36,0
2021,12,30,8,0,19.09,74.91,87.88,0,19.23,0,0,5.01,0
2021,12,30,9,0,18.46,109.72,134.07,0,19.79,0,0,4.12,0
2021,12,30,10,0,4.17,125.59,145.4,0,20.15,0,0,3.41,0
2021,12,30,11,0,33.63,115.34,145.23,0,20.32,0,0,3.59,0
2021,12,30,12,0,1.93,32.52,37.65,0,20.49,0,0,3.93,0
2021,12,30,13,0,13.39,157.18,182.62,0,20.59,0,0,4.04,0
2021,12,30,14,0,24.62,111.2,132.75,0,20.37,0,0,3.85,0
2021,12,30,15,0,27.87,54.67,63.88,0,19.87,0,0,3.76,0
2021,12,30,16,0,6.54,9.57,7.72,0,19.06,0,0,4.14,0
2021,12,30,17,0,0.0,0.0,0.0,0,18.67,0,0,4.59,0
2021,12,30,18,0,0.0,0.0,0.0,0,18.72,0,0,4.9,0
2021,12,30,19,0,0.0,0.0,0.0,0,18.65,0,0,5.16,0
2021,12,30,20,0,0.0,0.0,0.0,0,18.26,0,0,5.06,0
2021,12,30,21,0,0.0,0.0,0.0,0,17.47,0,0,4.64,0
2021,12,30,22,0,0.0,0.0,0.0,0,16.34,0,0,4.11,0
2021,12,30,23,0,0.0,0.0,0.0,0,15.23,0,0,3.26,0
2021,12,31,0,0,0.0,0.0,0.0,0,14.93,0,0,2.41,0
2021,12,31,1,0,0.0,0.0,0.0,0,15.15,0,0,1.28,0
2021,12,31,2,0,0.0,0.0,0.0,0,15.51,0,0,0.22,0
2021,12,31,3,0,0.0,0.0,0.0,0,14.68,0,0,1.52,0
2021,12,31,4,0,0.0,0.0,0.0,0,14.3,0,0,2.28,0
2021,12,31,5,0,0.0,0.0,0.0,0,14.62,0,0,2.2,0
2021,12,31,6,0,0.0,0.0,0.0,0,14.84,0,0,2.68,0
2021,12,31,7,0,11.68,29.75,34.53,0,16.17,0,0,3.09,0
2021,12,31,8,0,25.83,73.67,86.55,0,17.86,0,0,3.17,0
2021,12,31,9,0,36.56,112.69,141.45,0,19.81,0,0,3.75,0
2021,12,31,10,0,68.18,105.1,143.32,0,21.88,0,0,5.0,0
2021,12,31,11,0,51.21,124.86,152.62,0,23.37,0,0,6.22,0
2021,12,31,12,0,94.88,123.49,176.2,0,23.94,0,0,6.65,0
2021,12,31,13,0,189.38,123.77,193.38,0,23.97,0,0,6.57,0
2021,12,31,14,0,125.62,115.65,153.8,0,23.25,0,0,5.46,0
2021,12,31,15,0,52.51,62.26,71.6,0,22.28,0,0,5.55,0
2021,12,31,16,0,5.41,7.98,7.65,0,20.26,0,0,6.51,0
2021,12,31,17,0,0.0,0.0,0.0,0,19.27,0,0,6.3,0
2021,12,31,18,0,0.0,0.0,0.0,0,18.55,0,0,5.54,0
2021,12,31,19,0,0.0,0.0,0.0,0,18.17,0,0,5.48,0
2021,12,31,20,0,0.0,0.0,0.0,0,17.92,0,0,5.63,0
2021,12,31,21,0,0.0,0.0,0.0,0,17.54,0,0,5.43,0
2021,12,31,22,0,0.0,0.0,0.0,0,17.53,0,0,5.66,0
2021,12,31,23,0,0.0,0.0,0.0,0,17.99,0,0,6.49,0
